# Blender 4.5.3 LTS
# www.blender.org
mtllib Untitled.mtl
o Object006_Material_#294_0
v -49.359985 74.522911 303.736969
v -49.359985 74.522911 307.555847
v -74.555267 71.945091 307.555847
v -49.359985 74.522911 307.555847
v -49.359985 81.414246 307.555847
v -77.474831 78.187416 307.555847
v -49.359985 81.414246 307.555847
v -49.359985 81.414246 303.736969
v -77.474831 78.187416 303.736969
v -49.359985 81.414246 303.736969
v -49.359985 74.522911 303.736969
v -74.555260 71.945091 303.736969
v -6.241289 81.862106 303.177795
v -6.241285 44.744995 303.177795
v -13.464283 44.744995 303.177795
v -13.464283 81.862106 303.177795
v -6.241285 75.128731 310.400757
v -13.464283 75.128731 310.400757
v -13.464283 52.041740 310.400757
v -6.241289 52.041740 310.400757
v -13.464283 44.744995 303.177795
v -6.241285 44.744995 303.177795
v -6.241285 75.128731 310.400757
v -6.241289 52.041740 310.400757
v -6.241285 44.744995 303.177795
v -6.241289 81.862106 303.177795
v -6.241289 81.862106 303.177795
v -13.464283 81.862106 303.177795
v -13.464283 52.041740 310.400757
v -13.464283 75.128731 310.400757
v -13.464283 81.862106 303.177795
v -13.464283 44.744995 303.177795
v -32.058502 81.862122 303.177795
v -32.058502 44.744987 303.177795
v -39.281502 44.744987 303.177795
v -39.281502 81.862122 303.177795
v -32.058502 75.128738 310.400757
v -39.281502 75.128731 310.400757
v -39.281502 52.041740 310.400757
v -32.058502 52.041740 310.400757
v -39.281502 44.744987 303.177795
v -32.058502 44.744987 303.177795
v -32.058502 75.128738 310.400757
v -32.058502 52.041740 310.400757
v -32.058502 44.744987 303.177795
v -32.058502 81.862122 303.177795
v -32.058502 81.862122 303.177795
v -39.281502 81.862122 303.177795
v -39.281502 52.041740 310.400757
v -39.281502 75.128731 310.400757
v -39.281502 81.862122 303.177795
v -39.281502 44.744987 303.177795
v -57.485607 79.064011 303.177795
v -57.485607 41.946896 303.177795
v -64.708603 41.946896 303.177734
v -64.708603 79.064011 303.177795
v -57.485607 72.330635 310.400757
v -64.708603 72.330635 310.400757
v -64.708603 49.243645 310.400726
v -57.485607 49.243645 310.400757
v -64.708603 41.946896 303.177734
v -57.485607 41.946896 303.177795
v -57.485607 72.330635 310.400757
v -57.485607 49.243645 310.400757
v -57.485607 41.946896 303.177795
v -57.485607 79.064011 303.177795
v -57.485607 79.064011 303.177795
v -64.708603 79.064011 303.177795
v -64.708603 49.243645 310.400726
v -64.708603 72.330635 310.400757
v -64.708603 79.064011 303.177795
v -64.708603 41.946896 303.177734
v -84.705467 100.444580 306.733704
v -82.850060 93.520065 306.733704
v -80.205963 93.520065 297.511902
v -82.415634 101.766617 297.511902
v -89.774574 105.513680 306.733704
v -84.705467 100.444580 306.733704
v -82.415634 101.766617 297.511902
v -88.452530 107.803535 297.511902
v -96.699089 107.369102 306.733704
v -96.699089 110.013176 297.511871
v -103.623611 105.513680 306.733704
v -104.945648 107.803520 297.511902
v -108.692703 100.444580 306.733704
v -110.982552 101.766617 297.511902
v -110.548126 93.520065 306.733704
v -108.692703 100.444580 306.733704
v -110.982552 101.766617 297.511902
v -113.192207 93.520065 297.511902
v -108.692703 86.595535 306.733673
v -110.982552 85.273499 297.511902
v -103.623611 81.526443 306.733673
v -104.945656 79.236595 297.511902
v -96.699097 79.671021 306.733673
v -103.623611 81.526443 306.733673
v -104.945656 79.236595 297.511902
v -96.699097 77.026932 297.511902
v -89.774582 81.526428 306.733673
v -88.452545 79.236588 297.511902
v -84.705475 86.595528 306.733673
v -89.774582 81.526428 306.733673
v -88.452545 79.236588 297.511902
v -82.415634 85.273476 297.511902
v -82.850060 93.520065 306.733704
v -84.705467 100.444580 306.733704
v -86.240829 99.558136 306.733704
v -89.774574 105.513680 306.733704
v -90.661011 103.978325 306.733704
v -96.699089 107.369102 306.733704
v -96.699089 105.596214 306.733704
v -103.623611 105.513680 306.733704
v -102.737175 103.978325 306.733704
v -108.692703 100.444580 306.733704
v -107.157356 99.558144 306.733704
v -110.548126 93.520065 306.733704
v -108.775253 93.520065 306.733704
v -108.692703 86.595535 306.733673
v -107.157356 87.481972 306.733673
v -103.623611 81.526443 306.733673
v -102.737175 83.061790 306.733673
v -96.699097 79.671021 306.733673
v -96.699097 81.443893 306.733673
v -89.774582 81.526428 306.733673
v -90.661018 83.061783 306.733673
v -84.705475 86.595528 306.733673
v -86.240829 87.481964 306.733673
v -84.622925 93.520065 306.733704
v -54.955414 64.701401 314.861267
v -63.213547 64.701393 308.860168
v -63.213547 56.790836 308.860168
v -54.955414 56.790836 314.861267
v -0.106087 74.522919 303.737000
v -0.106087 74.522919 307.555847
v -0.106087 74.522919 307.555847
v -0.106087 81.414246 307.555847
v -0.106087 81.414246 307.555847
v -0.106087 81.414246 303.737000
v -0.106087 81.414246 303.737000
v -0.106087 74.522919 303.737000
v -0.106087 56.790836 308.860168
v -0.106087 56.790836 314.861267
v -54.955414 56.790836 314.861267
v -63.213547 56.790836 308.860168
v -0.106087 56.790836 314.861267
v -0.106087 64.701401 314.861267
v -54.955414 64.701401 314.861267
v -0.106087 64.701401 314.861267
v -0.106087 64.701393 308.860199
v -63.213547 64.701393 308.860168
v -0.106087 64.701393 308.860199
v -0.106087 56.790836 308.860168
v -63.213547 56.790836 308.860168
v -63.213547 64.701393 308.860168
v -89.496971 26.236153 310.485779
v -89.496971 26.236149 323.901581
v -108.276672 26.236153 319.810516
v -89.496971 30.690407 328.355835
v -89.496971 44.530098 328.355835
v -108.276672 44.530094 324.264771
v -89.496971 48.984348 323.901581
v -89.496971 48.984352 310.485779
v -108.276672 48.984356 306.394714
v -89.496971 48.984352 310.485779
v -89.496971 26.236153 310.485779
v -108.276672 26.236153 306.394714
v -89.496971 30.690407 328.355835
v -108.276672 30.690407 324.264771
v -89.496971 44.530098 328.355835
v -108.276672 48.984356 319.810516
v -53.859283 25.289955 322.977295
v -53.859283 25.289955 328.961243
v -64.271133 25.289955 328.961243
v -64.271133 25.289955 322.977295
v -53.859283 59.339523 322.977295
v -64.271133 59.339523 322.977295
v -64.271133 59.339523 328.961243
v -53.859283 59.339523 328.961243
v -53.859283 54.911621 333.389160
v -64.271133 54.911621 333.389160
v -64.271133 29.717861 333.389160
v -53.859283 29.717861 333.389160
v -53.859283 59.339523 322.977295
v -53.859283 59.339523 328.961243
v -53.859283 54.911621 333.389160
v -53.859283 29.717861 333.389160
v -53.859283 25.289955 328.961243
v -53.859283 25.289955 322.977295
v -64.271133 59.339523 322.977295
v -53.859283 59.339523 322.977295
v -53.859283 25.289955 322.977295
v -64.271133 25.289955 322.977295
v -64.271133 29.717861 333.389160
v -64.271133 54.911621 333.389160
v -64.271133 59.339523 328.961243
v -64.271133 59.339523 322.977295
v -64.271133 25.289955 322.977295
v -64.271133 25.289955 328.961243
v -64.271133 29.717861 333.389160
v -53.859283 29.717861 333.389160
v -53.859283 54.911621 333.389160
v -64.271133 54.911621 333.389160
v -0.106087 26.236149 310.485779
v -0.106087 26.236149 323.901611
v -0.106087 30.690411 328.355835
v -0.106087 44.530102 328.355835
v -0.106087 48.984352 323.901611
v -0.106087 48.984352 310.485779
v -0.106087 48.984352 310.485779
v -0.106087 26.236149 310.485779
v -0.106087 30.690411 328.355835
v -0.106087 44.530102 328.355835
v -108.276672 26.236061 -376.601562
v -89.496971 26.236057 -380.692627
v -89.496971 26.236065 -367.276825
v -108.276672 44.530006 -381.055817
v -89.496971 44.530003 -385.146942
v -89.496971 30.690311 -385.146912
v -108.276672 48.984268 -363.185760
v -89.496971 48.984264 -367.276825
v -89.496971 48.984261 -380.692627
v -108.276672 26.236065 -363.185760
v -89.496971 26.236065 -367.276825
v -89.496971 48.984264 -367.276825
v -108.276672 30.690319 -381.055817
v -89.496971 30.690311 -385.146912
v -108.276672 48.984268 -376.601562
v -89.496971 44.530003 -385.146942
v -64.271133 25.289860 -385.752319
v -53.859280 25.289860 -385.752319
v -53.859280 25.289860 -379.768372
v -64.271133 25.289860 -379.768372
v -64.271133 59.339424 -385.752319
v -64.271133 59.339424 -379.768372
v -53.859280 59.339424 -379.768372
v -53.859280 59.339424 -385.752319
v -64.271133 29.717762 -390.180267
v -64.271133 54.911522 -390.180267
v -53.859280 54.911522 -390.180267
v -53.859280 29.717762 -390.180267
v -53.859280 59.339424 -379.768372
v -53.859280 25.289860 -379.768372
v -53.859280 25.289860 -385.752319
v -53.859280 29.717762 -390.180267
v -53.859280 54.911522 -390.180267
v -53.859280 59.339424 -385.752319
v -53.859280 25.289860 -379.768372
v -53.859280 59.339424 -379.768372
v -64.271133 59.339424 -379.768372
v -64.271133 25.289860 -379.768372
v -64.271133 29.717762 -390.180267
v -64.271133 25.289860 -385.752319
v -64.271133 25.289860 -379.768372
v -64.271133 59.339424 -379.768372
v -64.271133 59.339424 -385.752319
v -64.271133 54.911522 -390.180267
v -64.271133 29.717762 -390.180267
v -53.859280 29.717762 -390.180267
v -53.859280 54.911522 -390.180267
v -64.271133 54.911522 -390.180267
v -0.106087 26.236057 -380.692657
v -0.106087 26.236061 -367.276825
v -0.106087 44.530006 -385.146912
v -0.106087 30.690315 -385.146912
v -0.106087 48.984264 -367.276825
v -0.106087 48.984264 -380.692657
v -0.106087 26.236061 -367.276825
v -0.106087 48.984264 -367.276825
v -0.106087 30.690315 -385.146912
v -0.106087 44.530006 -385.146912
v 74.343094 71.945091 307.555847
v 49.147812 74.522911 307.555847
v 49.147812 74.522911 303.736969
v 77.262657 78.187416 307.555847
v 49.147812 81.414246 307.555847
v 49.147812 74.522911 307.555847
v 77.262657 78.187416 303.736969
v 49.147812 81.414246 303.736969
v 49.147812 81.414246 307.555847
v 74.343086 71.945091 303.736969
v 49.147812 74.522911 303.736969
v 49.147812 81.414246 303.736969
v 6.029117 81.862106 303.177795
v 13.252110 81.862106 303.177795
v 13.252110 44.744995 303.177795
v 6.029112 44.744995 303.177795
v 6.029112 75.128731 310.400757
v 6.029117 52.041740 310.400757
v 13.252110 52.041740 310.400757
v 13.252110 75.128731 310.400757
v 6.029112 44.744995 303.177795
v 13.252110 44.744995 303.177795
v 6.029112 75.128731 310.400757
v 6.029117 81.862106 303.177795
v 6.029112 44.744995 303.177795
v 6.029117 52.041740 310.400757
v 13.252110 81.862106 303.177795
v 6.029117 81.862106 303.177795
v 13.252110 52.041740 310.400757
v 13.252110 44.744995 303.177795
v 13.252110 81.862106 303.177795
v 13.252110 75.128731 310.400757
v 31.846329 81.862122 303.177795
v 39.069328 81.862122 303.177795
v 39.069328 44.744987 303.177795
v 31.846329 44.744987 303.177795
v 31.846329 75.128738 310.400757
v 31.846329 52.041740 310.400757
v 39.069328 52.041740 310.400757
v 39.069328 75.128731 310.400757
v 31.846329 44.744987 303.177795
v 39.069328 44.744987 303.177795
v 31.846329 75.128738 310.400757
v 31.846329 81.862122 303.177795
v 31.846329 44.744987 303.177795
v 31.846329 52.041740 310.400757
v 39.069328 81.862122 303.177795
v 31.846329 81.862122 303.177795
v 39.069328 52.041740 310.400757
v 39.069328 44.744987 303.177795
v 39.069328 81.862122 303.177795
v 39.069328 75.128731 310.400757
v 57.273430 79.064011 303.177795
v 64.496422 79.064011 303.177795
v 64.496422 41.946896 303.177734
v 57.273430 41.946896 303.177795
v 57.273430 72.330635 310.400757
v 57.273430 49.243645 310.400757
v 64.496422 49.243645 310.400726
v 64.496422 72.330635 310.400757
v 57.273430 41.946896 303.177795
v 64.496422 41.946896 303.177734
v 57.273430 72.330635 310.400757
v 57.273430 79.064011 303.177795
v 57.273430 41.946896 303.177795
v 57.273430 49.243645 310.400757
v 64.496422 79.064011 303.177795
v 57.273430 79.064011 303.177795
v 64.496422 49.243645 310.400726
v 64.496422 41.946896 303.177734
v 64.496422 79.064011 303.177795
v 64.496422 72.330635 310.400757
v 84.493294 100.444580 306.733704
v 82.203461 101.766617 297.511902
v 79.993790 93.520065 297.511902
v 82.637886 93.520065 306.733704
v 89.562401 105.513680 306.733704
v 88.240356 107.803535 297.511902
v 82.203461 101.766617 297.511902
v 84.493294 100.444580 306.733704
v 96.486923 107.369102 306.733704
v 96.486923 110.013176 297.511871
v 103.411438 105.513680 306.733704
v 104.733475 107.803520 297.511902
v 108.480530 100.444580 306.733704
v 110.770378 101.766617 297.511902
v 110.335953 93.520065 306.733704
v 112.980034 93.520065 297.511902
v 110.770378 101.766617 297.511902
v 108.480530 100.444580 306.733704
v 108.480530 86.595535 306.733673
v 110.770378 85.273499 297.511902
v 103.411438 81.526443 306.733673
v 104.733482 79.236595 297.511902
v 96.486923 79.671021 306.733673
v 96.486923 77.026932 297.511902
v 104.733482 79.236595 297.511902
v 103.411438 81.526443 306.733673
v 89.562408 81.526428 306.733673
v 88.240372 79.236588 297.511902
v 84.493301 86.595528 306.733673
v 82.203461 85.273476 297.511902
v 88.240372 79.236588 297.511902
v 89.562408 81.526428 306.733673
v 86.028656 99.558136 306.733704
v 84.493294 100.444580 306.733704
v 82.637886 93.520065 306.733704
v 90.448837 103.978325 306.733704
v 89.562401 105.513680 306.733704
v 96.486916 105.596214 306.733704
v 96.486923 107.369102 306.733704
v 102.525002 103.978325 306.733704
v 103.411438 105.513680 306.733704
v 106.945183 99.558144 306.733704
v 108.480530 100.444580 306.733704
v 108.563080 93.520065 306.733704
v 110.335953 93.520065 306.733704
v 106.945183 87.481972 306.733673
v 108.480530 86.595535 306.733673
v 102.525002 83.061790 306.733673
v 103.411438 81.526443 306.733673
v 96.486923 81.443893 306.733673
v 96.486923 79.671021 306.733673
v 90.448845 83.061783 306.733673
v 89.562408 81.526428 306.733673
v 86.028656 87.481964 306.733673
v 84.493301 86.595528 306.733673
v 84.410751 93.520065 306.733704
v 54.743240 64.701401 314.861267
v 54.743240 56.790836 314.861267
v 63.001373 56.790836 308.860168
v 63.001373 64.701393 308.860168
v 63.001373 56.790836 308.860168
v 54.743240 56.790836 314.861267
v 54.743240 64.701401 314.861267
v 63.001373 64.701393 308.860168
v 63.001373 64.701393 308.860168
v 63.001373 56.790836 308.860168
v 108.064499 26.236153 319.810516
v 89.284798 26.236149 323.901581
v 89.284798 26.236153 310.485779
v 108.064499 44.530094 324.264771
v 89.284790 44.530098 328.355835
v 89.284798 30.690407 328.355835
v 108.064499 48.984356 306.394714
v 89.284798 48.984352 310.485779
v 89.284798 48.984348 323.901581
v 108.064499 26.236153 306.394714
v 89.284798 26.236153 310.485779
v 89.284798 48.984352 310.485779
v 108.064499 30.690407 324.264771
v 89.284798 30.690407 328.355835
v 108.064499 48.984356 319.810516
v 89.284790 44.530098 328.355835
v 53.647110 25.289955 322.977295
v 64.058960 25.289955 322.977295
v 64.058960 25.289955 328.961243
v 53.647110 25.289955 328.961243
v 53.647110 59.339523 322.977295
v 53.647110 59.339523 328.961243
v 64.058960 59.339523 328.961243
v 64.058960 59.339523 322.977295
v 53.647110 54.911621 333.389160
v 53.647110 29.717861 333.389160
v 64.058960 29.717861 333.389160
v 64.058960 54.911621 333.389160
v 53.647110 59.339523 322.977295
v 53.647110 25.289955 322.977295
v 53.647110 25.289955 328.961243
v 53.647110 29.717861 333.389160
v 53.647110 54.911621 333.389160
v 53.647110 59.339523 328.961243
v 64.058960 59.339523 322.977295
v 64.058960 25.289955 322.977295
v 53.647110 25.289955 322.977295
v 53.647110 59.339523 322.977295
v 64.058960 29.717861 333.389160
v 64.058960 25.289955 328.961243
v 64.058960 25.289955 322.977295
v 64.058960 59.339523 322.977295
v 64.058960 59.339523 328.961243
v 64.058960 54.911621 333.389160
v 64.058960 29.717861 333.389160
v 53.647110 29.717861 333.389160
v 53.647110 54.911621 333.389160
v 64.058960 54.911621 333.389160
v 89.284798 26.236065 -367.276825
v 89.284798 26.236057 -380.692627
v 108.064499 26.236061 -376.601562
v 89.284798 30.690311 -385.146912
v 89.284790 44.530003 -385.146942
v 108.064499 44.530006 -381.055817
v 89.284798 48.984261 -380.692627
v 89.284798 48.984264 -367.276825
v 108.064499 48.984268 -363.185760
v 89.284798 48.984264 -367.276825
v 89.284798 26.236065 -367.276825
v 108.064499 26.236065 -363.185760
v 89.284798 30.690311 -385.146912
v 108.064499 30.690319 -381.055817
v 89.284790 44.530003 -385.146942
v 108.064499 48.984268 -376.601562
v 64.058960 25.289860 -385.752319
v 64.058960 25.289860 -379.768372
v 53.647106 25.289860 -379.768372
v 53.647106 25.289860 -385.752319
v 64.058960 59.339424 -385.752319
v 53.647106 59.339424 -385.752319
v 53.647106 59.339424 -379.768372
v 64.058960 59.339424 -379.768372
v 64.058960 29.717762 -390.180267
v 53.647106 29.717762 -390.180267
v 53.647106 54.911522 -390.180267
v 64.058960 54.911522 -390.180267
v 53.647106 54.911522 -390.180267
v 53.647106 29.717762 -390.180267
v 53.647106 25.289860 -385.752319
v 53.647106 25.289860 -379.768372
v 53.647106 59.339424 -379.768372
v 53.647106 59.339424 -385.752319
v 53.647106 25.289860 -379.768372
v 64.058960 25.289860 -379.768372
v 64.058960 59.339424 -379.768372
v 53.647106 59.339424 -379.768372
v 64.058960 59.339424 -385.752319
v 64.058960 59.339424 -379.768372
v 64.058960 25.289860 -379.768372
v 64.058960 25.289860 -385.752319
v 64.058960 29.717762 -390.180267
v 64.058960 54.911522 -390.180267
v 53.647106 29.717762 -390.180267
v 64.058960 29.717762 -390.180267
v 64.058960 54.911522 -390.180267
v 53.647106 54.911522 -390.180267
v -0.106087 182.233109 -116.116371
v -48.259235 181.909943 -108.157135
v -46.344200 184.062775 -40.087906
v -0.106087 15.449809 -112.845612
v 120.250069 15.449809 -112.845612
v 120.250069 15.449819 -40.081272
v 46.132027 184.062775 -40.087906
v 82.477859 180.628876 -40.087906
v 48.047062 181.909943 -108.157135
v -0.106087 15.449819 -40.081268
v -120.462242 15.449819 -40.081272
v -38.503563 113.479851 256.943481
v -42.659397 120.523621 193.029999
v -78.454933 109.667412 249.397812
v -123.750801 104.001541 26.356869
v -123.750771 104.490219 99.035370
v -118.283073 112.203110 26.356869
v 123.538628 104.001541 26.356869
v 118.070900 112.203110 26.356869
v 123.538597 104.490219 99.035370
v 83.725899 115.273811 202.658020
v 42.447224 120.523621 193.029999
v 78.242760 109.667412 249.397812
v -127.699753 48.148811 -215.715439
v -0.106087 48.148811 -215.715439
v -0.106087 49.773281 -192.933243
v 126.946060 58.225830 -112.872025
v 125.579132 91.058601 -113.879082
v 127.157364 59.691818 -40.081276
v -46.264935 123.878212 139.541397
v -24.948723 123.847389 151.093231
v -0.106087 123.946785 154.757065
v -83.938072 115.273811 202.658020
v -27.101549 116.231239 -321.517426
v -54.215649 119.057556 -268.160767
v -0.106087 119.921555 -264.454834
v -118.084991 110.156013 -173.603073
v -108.377808 115.465256 -172.211365
v -115.826591 109.839027 -275.609558
v 117.872818 110.156013 -173.603073
v 115.614418 109.839027 -275.609558
v 108.165642 115.465256 -172.211365
v 54.003475 119.057556 -268.160767
v 53.831787 115.293541 -321.517426
v 26.889376 116.231239 -321.517426
v 125.592308 92.115219 100.224007
v 127.157349 60.127693 101.425865
v 125.585732 91.983116 26.356871
v -0.106087 47.528149 248.288452
v -0.106087 26.608150 257.678741
v -125.018646 26.608150 257.678741
v -127.158234 58.225830 -112.872025
v -127.369537 59.691818 -40.081276
v -125.791306 91.058601 -113.879082
v -126.722435 44.292347 -237.705231
v -127.818542 64.155846 230.221222
v -127.911003 67.550064 217.423523
v -0.106087 67.550064 217.423523
v -125.804482 92.115219 100.224007
v -125.797905 91.983116 26.356871
v -127.369522 60.127693 101.425865
v 126.206482 75.276154 -174.179276
v 125.651779 75.540276 -275.609528
v 125.334831 92.220810 -275.609528
v -0.106087 65.949875 -367.427979
v -0.106087 45.158188 -367.956543
v -22.168722 43.493309 -367.966553
v -0.106087 49.957867 290.462006
v -0.106087 72.840073 289.087616
v -37.387157 72.775803 288.203064
v -127.818542 64.155846 230.221222
v -126.075211 73.215904 250.956284
v -127.911003 67.550064 217.423523
v 125.559258 47.528152 285.439880
v 127.196960 47.528149 248.288452
v 123.855553 71.063156 290.524628
v 48.023724 49.955521 289.831146
v 37.174984 72.775803 288.203064
v -125.547005 92.220810 -275.609528
v -125.863953 75.540276 -275.609528
v -126.418663 75.276154 -174.179276
v -20.097403 62.716217 -367.420715
v -125.679016 39.458614 139.686783
v -0.106087 39.458614 139.686768
v -0.106087 50.261993 152.180588
v 125.044235 37.120937 -40.081272
v 102.859734 47.501057 298.831940
v 118.467064 76.042229 293.113281
v 74.315857 77.310089 301.856293
v 84.115501 113.761597 250.956284
v 99.620598 117.591660 250.956284
v 87.258774 117.050163 202.671188
v -103.071907 47.501057 298.831940
v -74.528030 77.310089 301.856293
v -118.679237 76.042229 293.113281
v -84.327675 113.761597 250.956284
v -87.470947 117.050163 202.671188
v -99.832771 117.591660 250.956284
v 117.872772 112.718231 97.331665
v 108.165604 118.476532 95.000618
v 116.802971 112.440880 202.684509
v -118.084946 112.718231 97.331665
v -117.015144 112.440880 202.684509
v -108.377769 118.476532 95.000618
v -127.184608 50.261993 152.180588
v -125.256409 37.120937 -40.081272
v 104.842972 104.318283 297.933228
v 87.760483 104.299591 297.933228
v 83.576561 94.055786 297.933228
v 14.659263 101.469009 301.533386
v -0.106087 101.725555 301.735199
v -0.106087 86.363159 306.689728
v -82.690033 180.628876 -40.087906
v 83.270279 176.970551 54.480938
v -54.043961 115.293541 -321.517426
v -107.167259 74.259186 -363.647858
v -107.677849 53.458038 -363.647858
v -116.685074 75.064812 -359.197113
v 52.880882 84.157875 -367.124664
v 93.866669 83.015480 -364.390839
v 53.858208 46.511124 -366.804352
v 120.619911 75.685539 -349.912537
v 124.502800 75.540268 -325.320923
v 120.302948 53.458042 -350.216278
v 116.327606 25.868469 -349.912537
v 116.182343 53.458038 -358.813995
v 118.691673 25.736408 -321.517212
v 119.497307 25.459064 -279.915039
v -0.106087 25.459064 -279.915039
v -116.539780 25.868469 -349.912537
v -120.515121 53.458042 -350.216278
v -116.394516 53.458038 -358.813995
v -118.903847 25.736408 -321.517212
v -0.106087 25.736408 -321.517212
v -74.904427 102.654465 277.555359
v -73.011856 92.477097 296.554993
v -39.199139 110.493088 278.677887
v -83.788734 94.055786 297.933228
v -87.972656 104.299591 297.933228
v -105.055145 104.318283 297.933228
v -0.106087 68.091560 202.684509
v 127.778053 68.091560 202.684509
v 127.698830 67.550064 217.423523
v 125.863037 73.215904 250.956284
v 127.698830 67.550064 217.423523
v 127.513908 74.298874 202.684509
v 100.479103 153.712860 -172.779358
v 104.612915 146.528244 -153.298874
v 108.165642 115.465256 -172.211365
v 99.858376 167.369003 -108.157127
v 92.396385 174.289520 -108.157127
v 98.715950 170.703812 -40.130806
v -53.093056 84.157875 -367.124664
v -54.070381 46.511124 -366.804352
v -94.078842 83.015480 -364.390839
v -97.250984 99.801659 -363.647858
v -101.436073 106.035385 -363.647858
v -91.274681 100.871414 -357.546265
v -125.877098 76.332764 202.684509
v -124.120560 76.174278 250.956284
v -125.012039 91.725601 202.684509
v -105.334831 84.052841 297.933228
v 125.664925 76.332764 202.684509
v 124.799866 91.725601 202.684509
v 123.908386 76.174278 250.956284
v 105.122658 84.052841 297.933228
v 24.828995 117.767746 232.528046
v -0.106087 118.017647 230.912994
v -0.106087 113.943939 257.127441
v -0.106087 121.629318 192.822571
v -108.377808 115.465256 -172.211365
v -104.825096 146.528244 -153.298874
v -100.691277 153.712860 -172.779358
v -51.547806 166.101089 -198.757599
v -50.200684 174.315872 -168.777603
v -0.106087 172.829437 -177.653778
v -49.210083 47.501057 307.502380
v -54.532528 26.608158 303.520447
v -0.106087 26.200829 305.208282
v -121.281029 47.501053 293.839661
v -111.705917 26.608154 295.094238
v 111.493744 26.608154 295.094238
v 121.068863 47.501053 293.839661
v -0.106087 47.501057 308.108978
v 116.880226 99.801659 -363.647858
v 123.010384 100.382759 -321.517212
v 118.044258 89.249199 -363.647858
v 87.846588 107.408913 -348.393707
v 53.435577 109.799385 -350.031433
v 87.823471 113.401642 -321.545898
v 38.291389 113.479851 256.943481
v 74.692253 102.654465 277.555359
v 38.986965 110.493088 278.677887
v 72.799683 92.477097 296.554993
v -0.106087 36.922817 -157.974167
v -0.106087 15.449803 -157.353470
v -120.462265 15.449803 -157.353485
v 124.410316 37.002068 -112.858826
v 120.250069 15.449809 -112.845612
v 123.882042 36.949230 -147.831116
v -92.714249 107.052315 -348.142792
v -101.436073 106.035385 -363.647858
v -95.355659 112.295525 -321.517426
v -120.832085 75.685539 -349.912537
v -124.714973 75.540268 -325.320923
v -128.056335 55.174980 -275.609528
v -126.722435 44.292347 -237.705231
v -127.699753 48.148811 -215.715439
v -124.780998 38.613304 -277.167877
v -122.364098 36.777519 -321.517212
v 82.609947 178.132751 -108.157135
v -83.482452 176.970551 54.480938
v -127.409134 47.528149 248.288452
v -125.771439 47.528152 285.439880
v -124.067734 71.063156 290.524628
v -127.409134 47.528149 248.288452
v -124.622490 37.002068 -112.858826
v -124.094215 36.949230 -147.831116
v -120.462242 15.449809 -112.845612
v -125.546989 36.922817 -157.974167
v -102.804359 118.185966 202.684509
v -112.663086 103.438141 305.657166
v -116.077454 102.416740 300.218719
v -115.070419 94.034714 305.657166
v 102.592186 118.185966 202.684509
v 112.450912 103.438141 305.657166
v 114.858246 94.034714 305.657166
v 115.865280 102.416740 300.218719
v 103.794083 116.601059 -212.360886
v 107.980743 112.559685 -275.609558
v 103.794083 116.601059 -212.360886
v -104.006256 116.601059 -212.360886
v -108.192917 112.559685 -275.609558
v -104.006256 116.601059 -212.360886
v -108.276672 48.984356 306.394714
v -108.276672 30.690407 324.264771
v 108.064499 30.690407 324.264771
v 108.064499 48.984356 306.394714
v -108.276672 30.690319 -381.055817
v -108.276672 48.984268 -363.185760
v 108.064499 48.984268 -363.185760
v 108.064499 30.690319 -381.055817
v 129.851624 56.984360 -174.185898
v 127.487579 48.148811 -215.715439
v 127.844162 55.174980 -275.609528
v 124.568825 38.613304 -277.167877
v 122.151924 36.777519 -321.517212
v 26.572409 104.146774 -360.768768
v -0.106087 102.421280 -362.142090
v -0.106087 109.579674 -352.806396
v -88.058762 107.408913 -348.393707
v -88.035637 113.401642 -321.545898
v -53.647751 109.799385 -350.031433
v 92.502075 107.052315 -348.142792
v 95.143486 112.295525 -321.517426
v 101.223900 106.035385 -363.647858
v 99.283562 98.892326 -363.648224
v 100.863426 98.256424 -355.773071
v 99.604080 91.277649 -355.773804
v 111.493744 26.608154 295.094238
v 122.865036 26.608154 282.428741
v 121.068863 47.501053 293.839661
v 82.372169 26.608154 300.680878
v -0.106087 26.608154 282.428741
v 122.865036 26.608154 282.428741
v -38.367077 78.168541 305.184448
v -37.387157 72.775803 288.203064
v -0.106087 72.840073 289.087616
v 74.315857 77.310089 301.856293
v 72.057953 71.977646 285.258881
v 90.596909 49.930508 283.091400
v 115.650330 89.330750 -363.647095
v 113.970299 89.391197 -355.771271
v 112.955055 98.594810 -355.770782
v 100.859673 84.148804 -355.774323
v 99.281357 83.489304 -363.648956
v 97.909538 91.278053 -363.648651
v -118.679237 76.042229 293.113281
v -113.125099 85.001076 305.657166
v -118.729858 92.346367 297.040131
v -108.492790 79.837112 305.657166
v -118.679237 76.042229 293.113281
v -96.529068 78.912621 305.657166
v 118.467064 76.042229 293.113281
v 118.517685 92.346367 297.040131
v 112.912926 85.001076 305.657166
v 108.280617 79.837112 305.657166
v 96.316895 78.912621 305.657166
v 118.467064 76.042229 293.113281
v -90.809082 49.930508 283.091400
v -72.270126 71.977646 285.258881
v -74.528030 77.310089 301.856293
v -113.167229 98.594810 -355.770782
v -114.182472 89.391197 -355.771271
v -115.862503 89.330750 -363.647095
v -117.092400 99.801659 -363.647858
v -118.256432 89.249199 -363.647858
v -123.222557 100.382759 -321.517212
v -119.801941 105.467484 -321.517212
v -119.828331 106.735359 -275.609528
v -123.433868 101.029907 -275.609528
v -118.084991 110.156013 -173.603073
v 119.616158 106.735359 -275.609528
v 117.872818 110.156013 -173.603073
v 123.221695 101.029907 -275.609528
v 119.589767 105.467484 -321.517212
v -100.070549 167.369003 -108.157127
v -98.928123 170.703812 -40.130806
v -92.608559 174.289520 -108.157127
v -93.414185 171.555664 -131.586472
v -95.051872 166.484207 -155.768661
v -101.166733 163.512604 -126.026306
v 46.052757 123.878212 139.541397
v -82.584343 26.608154 300.680878
v -0.106087 26.200829 305.208282
v -111.705917 26.608154 295.094238
v -121.281029 47.501053 293.839661
v -123.077209 26.608154 282.428741
v -99.816254 91.277649 -355.773804
v -101.075600 98.256424 -355.773071
v -99.495735 98.892326 -363.648224
v -111.340347 78.474831 -363.648102
v -114.847473 83.687691 -363.647491
v -113.272156 84.330307 -355.771912
v 96.486916 86.762505 306.127899
v 102.339119 90.141281 306.127899
v 90.634712 90.141273 306.127899
v -96.699089 86.762505 306.127899
v -90.846886 90.141273 306.127899
v -102.551292 90.141281 306.127899
v 77.532387 94.034714 305.657166
v 73.417770 84.309845 302.292206
v 79.818146 85.001076 305.657166
v 38.154903 78.168541 305.184448
v -0.106087 78.236633 306.125305
v -74.528030 77.310089 301.856293
v -77.744560 94.034714 305.657166
v -80.030319 85.001076 305.657166
v -73.629944 84.309845 302.292206
v -43.029213 177.459229 82.130310
v -0.106087 184.846008 57.080303
v -43.742397 181.513840 57.063282
v -0.106087 177.886215 82.859459
v 42.817039 177.459229 82.130310
v 49.988510 174.315872 -168.777603
v 83.389160 170.525497 -163.824890
v 51.335632 166.101089 -198.757599
v -0.106087 178.923782 -146.406570
v -83.601334 170.525497 -163.824890
v -88.065369 91.415176 -363.793060
v -88.058762 101.109146 -357.757507
v -53.079849 93.356606 -366.064636
v -53.410023 103.341148 -359.804657
v 43.530224 181.513840 57.063282
v 128.227173 49.773281 -192.933243
v 126.114029 48.360138 -151.370605
v 72.799683 92.477097 296.554993
v 75.715813 102.958214 293.601959
v 74.692253 102.654465 277.555359
v -73.011856 92.477097 296.554993
v -74.904427 102.654465 277.555359
v -75.927986 102.958214 293.601959
v 97.038811 99.801659 -363.647858
v 91.062508 100.871414 -357.546265
v 101.223900 106.035385 -363.647858
v -0.106087 102.421280 -362.142090
v 26.572409 104.146774 -360.768768
v 26.400719 94.083000 -367.134460
v -48.235897 49.955521 289.831146
v -49.210083 47.501057 307.502380
v -0.106087 47.501057 308.108978
v -103.071907 47.501057 298.831940
v 101.614845 112.084297 295.015015
v 92.105774 112.150330 295.001831
v 101.040352 110.182472 303.025177
v 115.046440 111.410721 250.956284
v -101.827019 112.084297 295.015015
v -101.252525 110.182472 303.025177
v -92.317947 112.150330 295.001831
v -115.258614 111.410721 250.956284
v 82.768433 175.464905 -134.980682
v 93.202011 171.555664 -131.586472
v 100.954559 163.512604 -126.026306
v 94.839699 166.484207 -155.768661
v -96.699089 100.277603 306.127899
v 96.486916 100.277603 306.127899
v 48.023724 49.955521 289.831146
v -0.106087 49.957867 290.462006
v 102.859734 47.501057 298.831940
v 125.334816 36.922817 -157.974167
v 125.334816 36.949230 -149.165054
v 120.250084 15.449803 -157.353485
v 128.332794 47.396034 -153.232834
v 127.025307 43.592392 -160.708038
v 129.732758 55.095734 -163.257034
v 106.686462 26.093002 -361.666748
v 106.686462 26.093002 -361.666748
v 116.327606 25.868469 -349.912537
v -0.106087 25.868469 -349.912537
v 106.955086 74.259186 -363.647858
v 116.472900 75.064812 -359.197113
v 107.465675 53.458038 -363.647858
v 113.059982 84.330307 -355.771912
v 114.635300 83.687691 -363.647491
v 111.128174 78.474831 -363.648102
v -0.106087 110.329079 295.761017
v 38.154903 85.353188 305.131653
v 38.154903 78.168541 305.184448
v 38.154903 93.673653 298.561188
v -103.966591 119.929283 107.567146
v 125.329712 48.984257 -369.522095
v 125.329712 48.984257 -356.106293
v 125.329712 26.236053 -356.106293
v -125.541893 26.236053 -356.106293
v -125.541893 48.984257 -356.106293
v -125.541885 48.984257 -369.522095
v 125.329712 26.236137 299.315247
v 125.329712 48.984344 299.315247
v 125.329712 48.984344 312.731049
v -125.541885 48.984344 312.731049
v -125.541893 48.984344 299.315247
v -125.541893 26.236137 299.315247
v 102.781723 104.102875 -363.647614
v 114.573677 99.091057 -363.646820
v -114.785851 99.091057 -363.646820
v -102.993896 104.102875 -363.647614
v -106.898636 26.093002 -361.666748
v -0.106087 26.093002 -361.666748
v -106.898636 26.093002 -361.666748
v 87.793747 115.729385 -277.643372
v 98.524490 114.831306 -275.609558
v -126.326202 48.360138 -151.370605
v -128.241211 49.145958 -174.185883
v -128.439331 49.773281 -192.933243
v 111.612587 110.010788 294.777283
v 117.727470 102.786530 293.575439
v 123.267853 91.369026 250.956284
v -111.824760 110.010788 294.777283
v -117.939644 102.786530 293.575439
v -123.480026 91.369026 250.956284
v -98.121712 91.278053 -363.648651
v -99.493530 83.489304 -363.648956
v -101.071846 84.148804 -355.774323
v -38.367077 85.353188 305.131653
v -38.367077 78.168541 305.184448
v -38.367077 93.673653 298.561188
v -127.726082 74.298874 202.684509
v 127.910133 65.978416 184.617142
v -0.106087 65.978416 184.617142
v -0.106087 60.127701 168.768646
v 103.754417 119.929283 107.567146
v 74.343094 71.945091 307.555847
v 93.865051 53.718494 303.015686
v 94.282669 60.961853 303.015686
v -94.088173 47.657280 303.015686
v -0.106087 46.761868 306.782501
v -0.106087 52.823185 306.782074
v 77.262657 78.187416 303.736969
v 94.282669 60.961853 299.196808
v 93.865044 53.718494 299.196838
v -94.077225 53.718494 299.196838
v -0.106087 52.823185 302.963196
v -0.106087 46.761868 302.963623
v 96.317650 81.314438 305.657166
v 96.314156 83.289192 297.933228
v 87.590828 84.051659 297.933228
v 83.576561 94.055786 297.933228
v 79.999550 94.046280 305.657166
v 81.994820 86.160690 305.657166
v -82.822121 178.132751 -108.157135
v -82.980606 175.464905 -134.980682
v 108.064499 26.236065 -363.185760
v 125.329712 26.236053 -369.522095
v -125.541885 26.236141 312.731049
v -108.276672 26.236153 306.394714
v -108.276672 26.236065 -363.185760
v -125.541885 26.236053 -369.522095
v 125.329712 26.236141 312.731049
v 108.064499 26.236153 306.394714
v -85.348816 101.256172 297.933228
v -83.788734 94.055786 297.933228
v -80.211723 94.046280 305.657166
v -105.055145 104.318283 297.933228
v -96.568459 105.772865 297.933228
v -96.577713 107.764549 305.657166
v 85.136642 101.256172 297.933228
v 96.365540 107.764549 305.657166
v 96.356285 105.772865 297.933228
v 104.842972 104.318283 297.933228
v -107.107727 106.155846 305.657166
v -107.733147 87.052307 297.933228
v -109.056808 93.948380 297.933228
v -112.610703 93.987335 305.657166
v 112.398529 93.987335 305.657166
v 108.844635 93.948380 297.933228
v 107.520973 87.052307 297.933228
v 106.895554 106.155846 305.657166
v -110.917992 86.126770 305.657166
v -107.351242 82.150658 305.657166
v -96.529823 81.314438 305.657166
v -96.526329 83.289192 297.933228
v 110.705818 86.126770 305.657166
v 107.139069 82.150658 305.657166
v -87.803001 84.051659 297.933228
v -82.206993 86.160690 305.657166
v 91.828461 172.876434 62.934444
v 97.599937 169.680237 55.107117
v 91.617157 177.274307 -40.087902
v 108.165604 118.476532 95.000618
v 97.599937 169.680237 55.107117
v 91.828461 172.876434 62.934444
v -92.040634 172.876434 62.934452
v -97.812111 169.680237 55.107124
v -108.377769 118.476532 95.000618
v -92.040634 172.876434 62.934452
v -91.829330 177.274307 -40.087902
v -97.812111 169.680237 55.107124
v 102.737518 156.473221 -141.570999
v 94.839699 166.484207 -155.768661
v 100.954559 163.512604 -126.026306
v -102.949692 156.473221 -141.570999
v -101.166733 163.512604 -126.026306
v -95.051872 166.484207 -155.768661
v 120.250069 15.449819 -40.081272
v -0.106087 14.604590 128.024918
v 122.521652 14.604590 128.024918
v -0.106087 47.845055 -166.822952
v -0.106087 43.592392 -160.708038
v -127.237480 43.592392 -160.708038
v 127.778122 47.845055 -166.822952
v -125.018646 26.608150 257.678741
v -123.077209 26.608154 282.428741
v -125.018646 26.608150 257.678741
v -0.106087 26.608150 257.678741
v 124.806480 26.608150 257.678741
v -108.377792 116.435982 -98.674446
v -108.377777 117.829353 26.356867
v -108.377792 117.208611 -40.081284
v -118.283073 112.203110 26.356869
v 108.165604 117.829353 26.356867
v 118.070900 112.203110 26.356869
v 108.165619 117.208611 -40.081284
v 108.165619 116.435982 -98.674446
v 127.329018 57.050442 241.367920
v 127.606369 64.155846 230.221222
v -0.106087 64.155846 230.221222
v 127.606369 64.155846 230.221222
v 127.329018 57.050442 241.367920
v -86.150352 26.159027 -364.083710
v -0.106087 26.268932 -366.448853
v 84.310394 46.497425 -364.998260
v 100.944016 77.026070 -363.601624
v 119.497307 25.459064 -279.915039
v 118.691673 25.736408 -321.517212
v -0.106087 38.296341 -256.802612
v 48.997910 47.501057 307.502380
v 54.320354 26.608158 303.520447
v 87.853195 91.415176 -363.793060
v 52.867676 93.356606 -366.064636
v 87.846588 101.109146 -357.757507
v 127.619591 60.127701 168.768646
v 126.351700 67.682129 165.189514
v 125.968704 73.797005 182.702179
v -0.106087 82.053993 306.097260
v -125.546989 36.922817 -157.974167
v -120.462265 15.449803 -157.353485
v -125.546989 36.949230 -149.165054
v -128.544983 47.396034 -153.232834
v -129.944946 55.095734 -163.257034
v -127.237480 43.592392 -160.708038
v -95.214470 165.649796 52.922630
v -104.406067 121.190269 89.409195
v -104.465401 120.624489 26.312012
v 104.253227 120.624489 26.312012
v 104.193893 121.190269 89.409195
v 95.002296 165.649796 52.922623
v -76.680779 102.416740 300.007324
v -77.744560 94.034714 305.657166
v -91.915138 110.175873 303.018524
v -81.488144 110.076843 294.737732
v 77.532387 94.034714 305.657166
v 76.468605 102.416740 300.007324
v 81.275970 110.076843 294.737732
v 91.702965 110.175873 303.018524
v 93.875999 47.657280 303.015686
v 123.327362 55.452328 -321.517212
v 124.700897 54.039165 -321.517212
v -124.913071 54.039165 -321.517212
v -123.539536 55.452328 -321.517212
v 102.513222 78.913383 -363.602844
v 103.618347 80.242867 -355.728333
v 107.071671 78.653313 -355.774261
v 113.970299 89.391197 -355.771271
v 103.618347 80.242867 -355.728333
v 103.878845 102.747917 -355.772034
v -114.182472 89.391197 -355.771271
v -104.091019 102.747917 -355.772034
v -103.830521 80.242867 -355.728333
v -107.283844 78.653313 -355.774261
v -103.830521 80.242867 -355.728333
v -102.725395 78.913383 -363.602844
v 87.717545 88.457039 303.704712
v 91.423920 84.750671 303.704712
v 96.486916 83.394051 303.704712
v 96.486923 81.443893 306.733673
v 102.525002 83.061790 306.733673
v -91.636093 84.750671 303.704712
v -87.929718 88.457039 303.704712
v -102.737175 83.061790 306.733673
v -96.699097 81.443893 306.733673
v -96.699089 83.394051 303.704712
v -124.886658 38.296341 -256.802612
v -119.709480 25.459064 -279.915039
v -119.709480 25.459064 -279.915039
v -118.903847 25.736408 -321.517212
v -122.733826 14.604590 128.024918
v -120.462242 15.449819 -40.081272
v -126.563873 67.682129 165.189514
v -126.180878 73.797005 182.702179
v -127.831764 60.127701 168.768646
v -128.122314 65.978416 184.617142
v -127.633644 66.018044 165.929230
v -88.005920 115.729385 -277.643372
v -98.736664 114.831306 -275.609558
v -77.474831 78.187416 303.736969
v -74.555267 71.945091 307.555847
v -94.494843 60.961853 303.015686
v 83.389091 47.501057 304.431732
v 82.372169 26.608154 300.680878
v 48.997910 47.501057 307.502380
v 83.389091 47.501057 304.431732
v -122.958336 104.001572 202.684509
v -121.254623 103.446854 250.956284
v 122.746162 104.001572 202.684509
v 121.042450 103.446854 250.956284
v -108.021240 110.776718 -321.517426
v -107.167259 108.306999 -363.647858
v 107.809067 110.776718 -321.517426
v 106.955086 108.306999 -363.647858
v -128.241211 49.145958 -174.185883
v -130.063812 56.984360 -174.185898
v -128.439331 49.773281 -192.933243
v -94.088165 47.657280 299.196808
v -94.494843 60.961853 299.196808
v -94.077232 53.718494 303.015686
v -103.966591 119.929283 107.567146
v 103.754417 119.929283 107.567146
v -82.577034 49.939075 286.615875
v -83.601273 47.501057 304.431732
v -72.270126 71.977646 285.258881
v -82.577034 49.939075 286.615875
v -48.235897 49.955521 289.831146
v -84.522568 46.497425 -364.998260
v -101.156181 77.026070 -363.601624
v -53.911896 26.225063 -365.483612
v 93.875992 47.657280 299.196808
v -53.410023 103.341148 -359.804657
v -0.106087 92.256256 -367.202942
v -26.612892 94.083000 -367.134460
v 107.022179 76.837929 -363.648895
v -107.234352 76.837929 -363.648895
v 74.315857 77.310089 301.856293
v 74.315857 77.310089 301.856293
v 84.450424 79.837112 305.657166
v 84.802338 162.271042 -191.916397
v 84.914894 155.909561 -192.178696
v 51.013798 159.920212 -199.221222
v -51.225971 159.920212 -199.221222
v -85.127068 155.909561 -192.178696
v -85.014511 162.271042 -191.916397
v 120.897171 76.055420 287.434174
v 120.408516 91.065269 291.251099
v 123.855553 71.063156 290.524628
v -124.067734 71.063156 290.524628
v -121.109344 76.055420 287.434174
v -120.620689 91.065269 291.251099
v 108.280617 79.837112 305.657166
v 114.858246 94.034714 305.657166
v 112.398529 93.987335 305.657166
v 110.705818 86.126770 305.657166
v -108.492790 79.837112 305.657166
v -110.917992 86.126770 305.657166
v -112.610703 93.987335 305.657166
v -115.070419 94.034714 305.657166
v -26.903437 110.631439 -350.770996
v 26.691263 110.631439 -350.770996
v 127.619591 60.127701 168.768646
v 127.421471 66.018044 165.929230
v 127.910133 65.978416 184.617142
v 127.778053 68.091560 202.684509
v 81.991425 102.240700 305.657166
v 79.818146 103.438141 305.657166
v -80.030319 103.438141 305.657166
v -82.203598 102.240700 305.657166
v 127.170547 60.127701 154.663513
v 126.972435 50.261993 152.180588
v 125.334778 39.458614 128.038116
v -112.853218 102.733276 -363.646637
v -110.054420 105.140060 -363.646637
v -109.269501 103.622986 -355.770447
v 109.057327 103.622986 -355.770447
v 109.842247 105.140060 -363.646637
v 112.641045 102.733276 -363.646637
v -125.038544 89.625618 -323.413147
v 124.826378 89.625618 -323.413147
v -86.573090 93.520065 303.704712
v -87.929710 98.583061 303.704712
v -90.846878 96.898834 306.127899
v -93.320320 99.372261 306.127899
v -91.636086 102.289436 303.704712
v 90.634705 96.898834 306.127899
v 87.717537 98.583061 303.704712
v 86.360916 93.520065 303.704712
v 91.423912 102.289436 303.704712
v 93.108147 99.372261 306.127899
v -90.661011 103.978325 306.733704
v -96.699089 105.596214 306.733704
v -96.699089 103.646065 303.704712
v -106.825096 93.520065 303.704712
v -105.468468 98.583061 303.704712
v -107.157356 99.558144 306.733704
v 106.945183 99.558144 306.733704
v 105.256294 98.583061 303.704712
v 106.612923 93.520065 303.704712
v 96.486916 103.646065 303.704712
v 96.486916 105.596214 306.733704
v 90.448837 103.978325 306.733704
v 83.449142 167.146240 65.891602
v 83.811760 174.725357 66.011703
v 42.817039 177.459229 82.130310
v 91.828461 172.876434 62.934444
v 88.200096 166.812149 64.940781
v 98.448250 120.310219 105.112785
v -43.029213 177.459229 82.130310
v -84.023933 174.725357 66.011688
v -83.661316 167.146240 65.891602
v -98.660423 120.310219 105.112785
v -88.412277 166.812149 64.940796
v -92.040634 172.876434 62.934452
v -84.662598 79.837112 305.657166
v -74.528030 77.310089 301.856293
v 20.301056 110.139992 292.931305
v -0.106087 110.329079 295.761017
v -20.513229 110.139992 292.931305
v -0.106087 111.100372 279.091064
v -14.871436 101.469009 301.533386
v -14.871436 101.469009 301.533386
v 91.062508 100.871414 -357.546265
v 53.197849 103.341148 -359.804657
v 108.563080 93.520065 306.733704
v 106.945183 87.481972 306.733673
v 105.256294 88.457047 303.704712
v 101.549927 84.750671 303.704712
v -101.762100 84.750671 303.704712
v -105.468468 88.457047 303.704712
v -107.157356 87.481972 306.733673
v -108.775253 93.520065 306.733704
v -83.601273 47.501057 304.431732
v -103.071907 47.501057 298.831940
v -98.928123 170.703812 -40.130806
v -100.070549 167.369003 -108.157127
v -96.139336 163.083710 -107.704086
v -98.873543 152.703369 -139.619308
v -97.156479 159.369370 -124.890755
v 96.944305 159.369370 -124.890755
v 98.661369 152.703369 -139.619308
v 95.927170 163.083710 -107.704086
v 99.858376 167.369003 -108.157127
v 98.715950 170.703812 -40.130806
v 110.035545 79.834900 -355.772949
v 110.035545 79.834900 -355.772949
v -110.247719 79.834900 -355.772949
v -110.247719 79.834900 -355.772949
v -0.106087 177.886215 82.859459
v -0.106087 170.525223 82.967766
v 42.267193 170.066132 82.213196
v -42.479366 170.066132 82.213196
v 121.208466 44.530079 318.875183
v 108.064499 44.530094 324.264771
v -108.276672 44.530094 324.264771
v -121.420639 44.530079 318.875183
v 108.064499 44.530006 -381.055817
v 121.208466 44.529991 -375.666229
v -121.420639 44.529991 -375.666229
v -108.276672 44.530006 -381.055817
v -110.636139 108.703308 302.147003
v -96.577713 110.186951 305.657135
v -108.334740 108.390800 305.657166
v -107.107727 106.155846 305.657166
v 110.423965 108.703308 302.147003
v 106.895554 106.155846 305.657166
v 108.122566 108.390800 305.657166
v 96.365540 110.186951 305.657135
v 116.472900 75.064812 -359.197113
v 112.686256 76.543991 -363.647858
v 116.880226 82.777740 -363.647858
v -117.092400 82.777740 -363.647858
v -116.685074 75.064812 -359.197113
v -112.898430 76.543991 -363.647858
v 121.208466 30.690304 -375.666229
v 121.208466 30.690392 318.875183
v -121.420639 30.690392 318.875183
v -121.420639 30.690304 -375.666229
v -0.106087 184.345581 -39.898586
v -87.929718 88.457039 303.704712
v -91.636093 84.750671 303.704712
v -90.661018 83.061783 306.733673
v -86.240829 87.481964 306.733673
v -84.622925 93.520065 306.733704
v -86.573090 93.520065 303.704712
v 86.360916 93.520065 303.704712
v 84.410751 93.520065 306.733704
v 86.028656 87.481964 306.733673
v 90.448845 83.061783 306.733673
v 91.423920 84.750671 303.704712
v 87.717545 88.457039 303.704712
v 111.319008 101.678085 -355.770477
v 107.119255 105.822098 -363.646942
v 107.236961 104.078934 -355.770935
v 103.878845 102.747917 -355.772034
v -104.091019 102.747917 -355.772034
v -107.449135 104.078934 -355.770935
v -107.331429 105.822098 -363.646942
v -111.531181 101.678085 -355.770477
v -82.729607 108.703308 302.146820
v -85.980515 106.145584 305.657166
v 82.517433 108.703308 302.146820
v 85.768341 106.145584 305.657166
v 100.423897 143.457352 -150.525772
v 103.053909 118.420181 -165.752747
v -103.266075 118.420181 -165.752747
v -100.636070 143.457352 -150.525772
v -127.382721 60.127701 154.663513
v -125.546951 39.458614 128.038116
v -127.184608 50.261993 152.180588
v -26.784582 104.146774 -360.768768
v -0.106087 116.126411 -318.474854
v -0.106087 44.292347 -237.705231
v 124.674484 38.296341 -256.802612
v 126.510262 44.292347 -237.705231
v 94.800064 158.890121 -185.048584
v 91.086548 153.872681 -187.995590
v 94.800064 158.890121 -185.048584
v 98.233932 117.287827 -230.533783
v -95.012238 158.890121 -185.048584
v -98.446106 117.287827 -230.533783
v -95.012238 158.890121 -185.048584
v -91.298721 153.872681 -187.995590
v -0.106087 160.538589 -200.025772
v -0.106087 166.731628 -199.574478
v 51.335632 166.101089 -198.757599
v -51.547806 166.101089 -198.757599
v -0.106087 46.761868 306.782501
v -94.088173 47.657280 303.015686
v -94.088165 47.657280 299.196808
v -94.494843 60.961853 299.196808
v -94.494843 60.961853 303.015686
v -77.474831 78.187416 307.555847
v 77.262657 78.187416 307.555847
v 94.282669 60.961853 303.015686
v 94.282669 60.961853 299.196808
v 93.875992 47.657280 299.196808
v 93.875999 47.657280 303.015686
v -127.026176 57.222076 -162.358917
v -127.158234 59.255966 -174.185898
v -126.194160 57.169235 -275.609528
v 126.814003 57.222076 -162.358917
v 126.946060 59.255966 -174.185898
v 125.981987 57.169235 -275.609528
v 103.114700 119.313271 -98.759445
v 108.165619 117.208611 -40.081284
v 103.088501 120.034088 -43.756866
v 94.883751 166.221527 -43.799789
v -95.095932 166.221527 -43.799789
v -103.300682 120.034088 -43.756866
v -108.377792 117.208611 -40.081284
v -103.326874 119.313271 -98.759445
v 121.042450 103.446854 250.956284
v 122.746162 104.001572 202.684509
v -121.254623 103.446854 250.956284
v -122.958336 104.001572 202.684509
v -127.990295 47.845055 -166.822952
v -127.990295 47.845055 -166.822952
v -75.927986 102.958214 293.601959
v 75.715813 102.958214 293.601959
v -91.274681 100.871414 -357.546265
v -88.058762 101.109146 -357.757507
v -127.990227 68.091560 202.684509
v -127.858177 72.027267 183.151184
v 91.423912 102.289436 303.704712
v 87.717537 98.583061 303.704712
v -87.929710 98.583061 303.704712
v -91.636086 102.289436 303.704712
v -96.699089 103.646065 303.704712
v -103.456642 93.520065 306.127899
v -102.551292 96.898834 306.127899
v -105.468468 98.583061 303.704712
v 105.256294 98.583061 303.704712
v 102.339119 96.898834 306.127899
v 103.244469 93.520065 306.127899
v 96.486916 103.646065 303.704712
v -26.744871 121.197174 192.897949
v -0.106087 49.145958 -174.185883
v 128.029053 49.145958 -174.185883
v 87.846588 101.109146 -357.757507
v 53.197849 103.341148 -359.804657
v 77.049797 117.208580 -268.160706
v -77.261971 117.208580 -268.160706
v 83.811760 174.725357 66.011703
v -84.023933 174.725357 66.011688
v -127.541191 57.050442 241.367920
v -0.106087 57.050442 241.367920
v -127.541191 57.050442 241.367920
v -48.972416 179.361099 -137.384354
v 48.760242 179.361099 -137.384354
v -0.106087 26.268932 -366.448853
v -53.911896 26.225063 -365.483612
v 53.699722 26.225063 -365.483612
v 85.938171 26.159027 -364.083710
v 14.659263 101.469009 301.533386
v 111.493744 26.608154 295.094238
v -82.584343 26.608154 300.680878
v -111.705917 26.608154 295.094238
v 82.364861 49.939075 286.615875
v 72.057953 71.977646 285.258881
v 82.364861 49.939075 286.615875
v -125.692215 37.345474 101.425865
v -125.692230 37.226608 26.356878
v -122.879112 15.027211 101.478699
v -127.369537 59.916344 26.356874
v 125.480042 37.345474 101.425865
v 122.666931 15.027211 101.478699
v 125.480057 37.226608 26.356878
v 127.157364 59.916344 26.356874
v -105.468468 88.457047 303.704712
v -101.762100 84.750671 303.704712
v -100.077866 87.667847 306.127899
v -93.320320 87.667847 306.127899
v 93.108147 87.667847 306.127899
v 99.865692 87.667847 306.127899
v 101.549927 84.750671 303.704712
v 105.256294 88.457047 303.704712
v -0.106087 52.823185 302.963196
v -94.077225 53.718494 299.196838
v -94.077232 53.718494 303.015686
v -94.077232 53.718494 303.015686
v -94.077225 53.718494 299.196838
v -74.555260 71.945091 303.736969
v 93.865051 53.718494 303.015686
v 93.865044 53.718494 299.196838
v 74.343086 71.945091 303.736969
v 93.865044 53.718494 299.196838
v 93.865051 53.718494 303.015686
v -114.737740 104.239227 -363.647858
v -118.256432 89.249199 -363.647858
v -117.092400 99.801659 -363.647858
v -114.785851 99.091057 -363.646820
v 114.573677 99.091057 -363.646820
v 116.880226 99.801659 -363.647858
v 118.044258 89.249199 -363.647858
v 114.525566 104.239227 -363.647858
v 93.026985 120.589645 123.686371
v -93.239159 120.589645 123.686371
v 102.781723 104.102875 -363.647614
v 99.283562 98.892326 -363.648224
v 106.955086 108.306999 -363.647858
v -107.167259 108.306999 -363.647858
v -102.993896 104.102875 -363.647614
v -99.495735 98.892326 -363.648224
v 37.174984 72.775803 288.203064
v -106.825096 93.520065 303.704712
v 106.612923 93.520065 303.704712
v 94.055046 117.557640 -227.646866
v 87.324883 118.278358 -242.710663
v -94.267227 117.557640 -227.646866
v -87.537056 118.278358 -242.710663
v 116.182343 53.458038 -358.813995
v 106.686462 26.093002 -361.666748
v -106.898636 26.093002 -361.666748
v -116.394516 53.458038 -358.813995
v -86.150352 26.159027 -364.083710
v -125.586624 92.801949 -174.179276
v -123.750816 102.311012 -173.954742
v 125.374443 92.801949 -174.179276
v 123.538643 102.311012 -173.954742
v -120.462257 15.449803 -148.583862
v -120.462257 15.449803 -148.583862
v -120.462265 15.449803 -157.353485
v -0.106087 15.449803 -157.353470
v -0.106087 15.449803 -148.583862
v 120.250084 15.449803 -148.583862
v -103.266075 118.420181 -165.752747
v 103.053909 118.420181 -165.752747
v -119.828331 106.735359 -275.609528
v -119.801941 105.467484 -321.517212
v -114.941727 108.861687 -321.517242
v -111.174644 107.303268 -363.647888
v 119.616158 106.735359 -275.609528
v 110.962479 107.303268 -363.647888
v 114.729553 108.861687 -321.517242
v 119.589767 105.467484 -321.517212
v 96.317650 81.314438 305.657166
v 96.316895 78.912621 305.657166
v 108.280617 79.837112 305.657166
v -108.492790 79.837112 305.657166
v -96.529068 78.912621 305.657166
v -96.529823 81.314438 305.657166
v 110.272545 102.291771 305.657166
v 112.450912 103.438141 305.657166
v 110.272545 102.291771 305.657166
v -110.484718 102.291771 305.657166
v -112.663086 103.438141 305.657166
v -110.484718 102.291771 305.657166
v -95.012238 158.890121 -185.048584
v 94.800064 158.890121 -185.048584
v 95.501610 91.283104 -363.647858
v -95.713783 91.283104 -363.647858
v -80.030319 103.438141 305.657166
v -82.203598 102.240700 305.657166
v -96.577713 107.764549 305.657166
v -85.980515 106.145584 305.657166
v -84.820671 108.390800 305.657166
v 81.991425 102.240700 305.657166
v 79.818146 103.438141 305.657166
v 84.608498 108.390800 305.657166
v 85.768341 106.145584 305.657166
v 96.365540 107.764549 305.657166
v 85.142151 87.114120 297.933228
v 87.590828 84.051659 297.933228
v -87.803001 84.051659 297.933228
v -85.354324 87.114120 297.933228
v 96.129684 166.634033 -36.658703
v -96.341858 166.634033 -36.658703
v -73.629944 84.309845 302.292206
v -73.629944 84.309845 302.292206
v 73.417770 84.309845 302.292206
v 73.417770 84.309845 302.292206
v -107.368011 101.349236 297.933228
v -109.056808 93.948380 297.933228
v 108.844635 93.948380 297.933228
v 107.155838 101.349236 297.933228
v -97.706429 115.927574 285.466339
v 97.494255 115.927574 285.466339
v 114.635300 83.687691 -363.647491
v 116.880226 82.777740 -363.647858
v 112.686256 76.543991 -363.647858
v 115.650330 89.330750 -363.647095
v -115.862503 89.330750 -363.647095
v -112.898430 76.543991 -363.647858
v -117.092400 82.777740 -363.647858
v -114.847473 83.687691 -363.647491
v -25.041168 117.767746 232.528046
v 19.885229 62.716217 -367.420715
v 33.499512 46.511124 -367.543915
v 24.736549 123.847389 151.093231
v -0.106087 52.823185 306.782074
v -0.106087 46.761868 302.963623
v 107.119255 105.822098 -363.646942
v 110.962479 107.303268 -363.647888
v -111.174644 107.303268 -363.647888
v -107.331429 105.822098 -363.646942
v -111.531181 101.678085 -355.770477
v -109.269501 103.622986 -355.770447
v 111.319008 101.678085 -355.770477
v 109.057327 103.622986 -355.770447
v 127.646004 72.027267 183.151184
v -107.167259 74.259186 -363.647858
v -116.685074 75.064812 -359.197113
v -112.898430 76.543991 -363.647858
v -111.340347 78.474831 -363.648102
v -110.247719 79.834900 -355.772949
v 106.955086 74.259186 -363.647858
v 112.686256 76.543991 -363.647858
v 116.472900 75.064812 -359.197113
v 110.035545 79.834900 -355.772949
v 111.128174 78.474831 -363.648102
v 84.802338 162.271042 -191.916397
v -85.014511 162.271042 -191.916397
v 98.448250 120.310219 105.112785
v 90.658661 121.002831 117.365799
v 103.754417 119.929283 107.567146
v -103.966591 119.929283 107.567146
v -90.870834 121.002831 117.365799
v -98.660423 120.310219 105.112785
v 110.423965 108.703308 302.147003
v 115.865280 102.416740 300.218719
v -110.636139 108.703308 302.147003
v -116.077454 102.416740 300.218719
v 96.486916 83.394051 303.704712
v -96.699089 83.394051 303.704712
v 99.865692 99.372261 306.127899
v 101.549919 102.289436 303.704712
v 101.549919 102.289436 303.704712
v -101.762093 102.289436 303.704712
v -101.762093 102.289436 303.704712
v -100.077866 99.372261 306.127899
v -91.298721 153.872681 -187.995590
v 91.086548 153.872681 -187.995590
v -110.054420 105.140060 -363.646637
v -112.853218 102.733276 -363.646637
v -114.737740 104.239227 -363.647858
v 114.525566 104.239227 -363.647858
v 112.641045 102.733276 -363.646637
v 109.842247 105.140060 -363.646637
v -104.499870 120.042633 -36.615467
v 104.287697 120.042633 -36.615467
v -86.240829 99.558136 306.733704
v -90.661011 103.978325 306.733704
v -91.636086 102.289436 303.704712
v 91.423912 102.289436 303.704712
v 90.448837 103.978325 306.733704
v 86.028656 99.558136 306.733704
v 86.028656 87.481964 306.733673
v -86.240829 87.481964 306.733673
v -102.737175 103.978325 306.733704
v 102.525002 103.978325 306.733704
v 125.329712 26.236137 299.315247
v 125.329712 26.236141 312.731049
v 125.329712 26.236137 299.315247
v 125.329712 26.236053 -369.522095
v 125.329712 26.236053 -356.106293
v 125.329712 26.236053 -356.106293
v -125.541893 26.236053 -356.106293
v -125.541893 26.236053 -356.106293
v -125.541885 26.236053 -369.522095
v -125.541893 26.236137 299.315247
v -125.541885 26.236141 312.731049
v -125.541893 26.236137 299.315247
v -89.941544 93.520065 306.127899
v 89.729370 93.520065 306.127899
v 85.142151 87.114120 297.933228
v 81.994820 86.160690 305.657166
v 85.592560 82.150009 305.657166
v 85.592560 82.150009 305.657166
v 81.994820 86.160690 305.657166
v -82.206993 86.160690 305.657166
v -85.804733 82.150009 305.657166
v -85.804733 82.150009 305.657166
v -82.206993 86.160690 305.657166
v -85.354324 87.114120 297.933228
v 104.116211 47.657276 297.549744
v -104.328392 47.657276 297.549744
v 102.859734 47.501057 298.831940
v -99.816254 91.277649 -355.773804
v 99.604080 91.277649 -355.773804
v 30.326523 83.728653 -366.563293
v -0.106087 83.825775 -366.746216
v 126.523407 60.127701 151.771255
v -126.735580 60.127701 151.771255
v 121.108521 15.449826 26.356884
v -121.320694 15.449826 26.356884
v -0.106087 15.449826 26.356884
v -0.106087 15.027211 101.478691
v -123.750816 102.311012 -173.954742
v -123.433868 101.029907 -275.609528
v 123.538643 102.311012 -173.954742
v 123.221695 101.029907 -275.609528
v 53.385464 119.517677 -245.323303
v 54.056305 119.942436 -251.493439
v -0.106087 120.514488 -252.263474
v 70.220375 118.823448 -243.149841
v 71.423592 119.176445 -249.208542
v -54.268478 119.942436 -251.493439
v -71.635765 119.176445 -249.208542
v -70.432549 118.823448 -243.149841
v -53.597637 119.517677 -245.323303
v 121.208466 44.530079 318.875183
v 121.208466 44.530079 318.875183
v 125.329712 48.984344 312.731049
v 125.329712 48.984257 -369.522095
v 121.208466 44.529991 -375.666229
v 121.208466 44.529991 -375.666229
v -125.541885 48.984344 312.731049
v -121.420639 44.530079 318.875183
v -121.420639 44.530079 318.875183
v -121.420639 44.529991 -375.666229
v -125.541885 48.984257 -369.522095
v -121.420639 44.529991 -375.666229
v -98.446106 117.287827 -230.533783
v 98.233932 117.287827 -230.533783
v -102.993896 104.102875 -363.647614
v 102.781723 104.102875 -363.647614
v -124.886658 38.296341 -256.802612
v 107.139069 82.150658 305.657166
v 112.912926 85.001076 305.657166
v -113.125099 85.001076 305.657166
v -107.351242 82.150658 305.657166
v -80.211723 94.046280 305.657166
v 79.999550 94.046280 305.657166
v -87.972656 104.299591 297.933228
v -96.568459 105.772865 297.933228
v 96.356285 105.772865 297.933228
v 87.760483 104.299591 297.933228
v -30.538696 83.728653 -366.563293
v -122.879112 15.027211 101.478699
v -121.320694 15.449826 26.356884
v 121.208466 30.690392 318.875183
v 121.208466 30.690392 318.875183
v -121.420639 30.690392 318.875183
v -121.420639 30.690392 318.875183
v 121.208466 30.690304 -375.666229
v 121.208466 30.690304 -375.666229
v -121.420639 30.690304 -375.666229
v -121.420639 30.690304 -375.666229
v -127.831764 60.127701 168.768646
v 84.608498 108.390800 305.657166
v -84.820671 108.390800 305.657166
v -95.012238 158.890121 -185.048584
v 94.800064 158.890121 -185.048584
v 117.727470 102.786530 293.575439
v -117.939644 102.786530 293.575439
v -108.377777 118.278397 79.211563
v -118.084946 112.718231 97.331665
v 108.165604 118.278397 79.211563
v 117.872772 112.718231 97.331665
v -104.499870 120.042633 -36.615467
v 104.287697 120.042633 -36.615467
v 125.329712 48.984257 -356.106293
v 125.329712 48.984344 299.315247
v -125.541893 48.984344 299.315247
v -125.541893 48.984257 -356.106293
v 104.116211 47.657280 301.368652
v 104.116211 47.657280 301.368652
v -104.328392 47.657280 301.368652
v -104.328392 47.657280 301.368652
v 125.329712 48.984257 -356.106293
v 125.329712 48.984344 299.315247
v -125.541893 48.984257 -356.106293
v -125.541893 48.984344 299.315247
v 87.717545 88.457039 303.704712
v -87.929718 88.457039 303.704712
v 105.256294 88.457047 303.704712
v -105.468468 88.457047 303.704712
v -101.762093 102.289436 303.704712
v 101.549919 102.289436 303.704712
v -99.493530 83.489304 -363.648956
v -98.121712 91.278053 -363.648651
v 97.909538 91.278053 -363.648651
v 99.281357 83.489304 -363.648956
v -110.484718 102.291771 305.657166
v -107.368011 101.349236 297.933228
v 107.155838 101.349236 297.933228
v 110.272545 102.291771 305.657166
v -0.106087 112.377434 268.560669
v -97.250984 82.555328 -363.647858
v -107.234352 76.837929 -363.648895
v -102.725395 78.913383 -363.602844
v 102.513222 78.913383 -363.602844
v 107.022179 76.837929 -363.648895
v 97.038811 82.555328 -363.647858
v 38.154903 85.353188 305.131653
v -38.367077 85.353188 305.131653
v -86.185555 116.178429 -272.849274
v 85.973381 116.178429 -272.849274
v -90.809082 49.930508 283.091400
v -90.809082 49.930508 283.091400
v 90.596909 49.930508 283.091400
v 90.596909 49.930508 283.091400
v -0.106087 120.092369 -246.092361
v -107.733147 87.052307 297.933228
v -105.334831 84.052841 297.933228
v -107.733147 87.052307 297.933228
v -110.917992 86.126770 305.657166
v 110.705818 86.126770 305.657166
v 107.520973 87.052307 297.933228
v 105.122658 84.052841 297.933228
v 107.520973 87.052307 297.933228
v 111.128174 78.474831 -363.648102
v -111.340347 78.474831 -363.648102
v 102.525002 103.978325 306.733704
v -102.737175 103.978325 306.733704
v -107.157356 87.481972 306.733673
v 106.945183 87.481972 306.733673
v 125.466843 39.458614 139.686783
v 122.521652 14.604590 128.024918
v -125.679016 39.458614 139.686783
v -122.733826 14.604590 128.024918
v -33.711685 46.511124 -367.543915
v -82.203598 102.240700 305.657166
v 81.991425 102.240700 305.657166
v -0.106087 166.731628 -199.574478
v -26.784582 104.146774 -360.768768
v 85.136642 101.256172 297.933228
v 85.136642 101.256172 297.933228
v -85.348816 101.256172 297.933228
v -85.348816 101.256172 297.933228
v -101.071846 84.148804 -355.774323
v -103.830521 80.242867 -355.728333
v 103.618347 80.242867 -355.728333
v 100.859673 84.148804 -355.774323
v -102.725395 78.913383 -363.602844
v 102.513222 78.913383 -363.602844
v 103.878845 102.747917 -355.772034
v 100.863426 98.256424 -355.773071
v -101.075600 98.256424 -355.773071
v -104.091019 102.747917 -355.772034
v 26.532698 121.197174 192.897949
v -84.662598 79.837112 305.657166
v 84.450424 79.837112 305.657166
v -104.328392 47.657276 297.549744
v -104.328392 47.657280 301.368652
v -104.328392 47.657276 297.549744
v 104.116211 47.657276 297.549744
v 104.116211 47.657280 301.368652
v 104.116211 47.657276 297.549744
v -116.539780 25.868469 -349.912537
v 85.938171 26.159027 -364.083710
v 53.699722 26.225063 -365.483612
v 85.303436 118.282814 -237.293839
v -85.515610 118.282814 -237.293839
v -54.532528 26.608158 303.520447
v 54.320354 26.608158 303.520447
v 44.877468 123.700279 132.273972
v -0.106087 124.314095 133.180099
v -0.106087 124.572701 140.530975
v -45.089642 123.700279 132.273972
v -107.283844 78.653313 -355.774261
v 107.071671 78.653313 -355.774261
v -114.737740 104.239227 -363.647858
v 114.525566 104.239227 -363.647858
v -85.354324 87.114120 297.933228
v 85.142151 87.114120 297.933228
v 82.517433 108.703308 302.146820
v 84.608498 108.390800 305.657166
v -82.729607 108.703308 302.146820
v -84.820671 108.390800 305.657166
v -107.368011 101.349236 297.933228
v 107.155838 101.349236 297.933228
v 96.314156 83.289192 297.933228
v -96.526329 83.289192 297.933228
v -113.272156 84.330307 -355.771912
v 113.059982 84.330307 -355.771912
v 21.956549 43.493309 -367.966553
v 108.122566 108.390800 305.657166
v 112.450912 103.438141 305.657166
v -108.334740 108.390800 305.657166
v -112.663086 103.438141 305.657166
v 117.727531 111.027672 -102.134697
v 118.070908 111.714447 -40.081284
v 118.070908 111.714447 -40.081284
v 123.538628 103.526062 -40.081284
v 117.727531 111.027672 -102.134697
v -118.283081 111.714447 -40.081284
v -117.939705 111.027672 -102.134697
v -123.750801 103.526062 -40.081284
v -117.939705 111.027672 -102.134697
v -118.283081 111.714447 -40.081284
v 112.955055 98.594810 -355.770782
v -113.167229 98.594810 -355.770782
v 109.842247 105.140060 -363.646637
v -110.054420 105.140060 -363.646637
v -96.577713 110.186951 305.657135
v 96.365540 110.186951 305.657135
v 76.468605 102.416740 300.007324
v -76.680779 102.416740 300.007324
v 122.561287 14.604589 118.251686
v -0.106087 14.604589 118.251686
v -122.773460 14.604589 118.251686
v 107.236961 104.078934 -355.770935
v 109.057327 103.622986 -355.770447
v -107.449135 104.078934 -355.770935
v -109.269501 103.622986 -355.770447
v 104.206390 121.064240 79.161324
v -104.418564 121.064240 79.161324
v 123.538643 102.911934 -107.668457
v 123.538628 103.526062 -40.081284
v 125.585732 91.520866 -40.081280
v 123.538643 102.911934 -107.668457
v -123.750816 102.911934 -107.668457
v -125.797905 91.520866 -40.081280
v -123.750816 102.911934 -107.668457
v -123.750801 103.526062 -40.081284
v -122.773460 14.604589 118.251686
v -0.106087 78.236633 306.125305
v -82.115570 116.706703 -270.049377
v 81.903397 116.706703 -270.049377
v 103.088501 120.034088 -43.756866
v -103.300682 120.034088 -43.756866
v -120.462242 15.449809 -112.845612
v 104.193893 121.190269 89.409195
v -104.406067 121.190269 89.409195
v 124.806480 26.608150 257.678741
v 124.806480 26.608150 257.678741
v 126.510262 44.292347 -237.705231
v 127.487579 48.148811 -215.715439
v 127.778122 47.845055 -166.822952
v 127.025307 43.592392 -160.708038
v 124.674484 38.296341 -256.802612
v 125.466843 39.458614 139.686783
v -128.122314 65.978416 184.617142
v -127.990227 68.091560 202.684509
v 128.227173 49.773281 -192.933243
v 128.029053 49.145958 -174.185883
v 125.334816 36.922817 -157.974167
v 120.250084 15.449803 -157.353485
v 127.196960 47.528149 248.288452
v 120.250084 15.449803 -148.583862
v 121.108521 15.449826 26.356884
v 122.666931 15.027211 101.478699
v 122.561287 14.604589 118.251686
v 120.250084 15.449803 -157.353485
v 126.972435 50.261993 152.180588
v -87.891090 31.156410 251.032455
v -87.888741 49.137756 247.896393
v -115.488213 49.151615 247.899017
v -115.486488 31.170105 251.035034
v -87.881569 65.120979 238.867599
v -115.493462 65.128174 238.870377
v -87.881569 65.120979 238.867599
v -87.869225 77.246170 225.038712
v -115.502510 77.253792 225.041748
v -115.493462 65.128174 238.870377
v -87.851212 84.080856 208.084290
v -115.515709 84.089081 208.087738
v -87.827232 84.800171 190.058990
v -115.533287 84.809158 190.063034
v -87.797935 79.316887 173.147476
v -115.554779 79.326714 173.152359
v -87.766495 68.292213 159.393478
v -115.577858 68.302864 159.399384
v -87.766495 68.292213 159.393478
v -87.740395 53.056667 150.441635
v -115.597023 53.067924 150.448502
v -115.577858 68.302864 159.399384
v -87.729927 35.449413 147.339355
v -115.604721 35.460896 147.346634
v -87.740395 17.595016 150.441650
v -115.597023 17.606274 150.448517
v -87.766502 1.646107 159.393494
v -115.577858 1.656758 159.399384
v -87.766502 1.646107 159.393494
v -87.797935 0.926547 173.147491
v -115.554771 0.926546 173.152359
v -115.577858 1.656758 159.399384
v -87.827225 0.926548 190.058990
v -115.533287 0.926548 190.063034
v -87.851204 0.926551 208.084290
v -115.515709 0.926551 208.087723
v -87.869217 0.926553 225.038712
v -115.502510 0.926553 225.041733
v -87.881569 0.926555 238.867615
v -115.493462 0.926555 238.870377
v -87.888741 13.676055 247.896362
v -115.488213 13.689918 247.899017
v -87.888741 13.676055 247.896362
v -115.488213 13.689918 247.899017
v -87.797935 0.926547 173.147491
v -87.766502 1.646107 159.393494
v -87.740395 17.595016 150.441650
v -87.851204 0.926551 208.084290
v -87.729927 35.449413 147.339355
v -87.740395 53.056667 150.441635
v -87.766495 68.292213 159.393478
v -87.797935 79.316887 173.147476
v -87.827232 84.800171 190.058990
v -87.851212 84.080856 208.084290
v -87.869225 77.246170 225.038712
v -87.881569 65.120979 238.867599
v -87.888741 49.137756 247.896393
v -87.891090 31.156410 251.032455
v -87.881569 0.926555 238.867615
v -87.888741 13.676055 247.896362
v -119.776047 31.451317 247.340576
v -115.486488 31.170105 251.035034
v -115.488213 49.151615 247.899017
v -119.778336 48.044048 244.428238
v -115.493462 65.128174 238.870377
v -119.785263 62.860771 236.043579
v -119.797134 74.122406 223.201385
v -119.814285 80.470276 207.456772
v -119.836815 81.138275 190.717361
v -119.863853 76.045456 175.010971
v -119.892212 65.805992 162.234360
v -115.577858 68.302864 159.399384
v -115.597023 53.067924 150.448502
v -119.915237 51.655621 153.915634
v -115.604721 35.460896 147.346634
v -119.924332 35.302326 151.031830
v -115.597023 17.606274 150.448517
v -119.915222 18.719250 153.915634
v -115.577858 1.656758 159.399384
v -119.892204 3.905862 162.234344
v -119.863846 0.926546 175.010956
v -119.836815 0.926549 190.717331
v -119.814278 0.926550 207.456741
v -119.797119 0.926553 223.201355
v -119.785263 0.960601 236.043594
v -115.493462 0.926555 238.870377
v -119.778320 15.107629 244.428223
v -115.488213 13.689918 247.899017
v -87.729935 35.449383 -165.128693
v -87.740410 53.056644 -168.230972
v -115.597038 53.067898 -168.237839
v -115.604729 35.460869 -165.135925
v -87.766502 68.292191 -177.182785
v -115.577858 68.302834 -177.188705
v -87.766502 68.292191 -177.182785
v -87.797935 79.316864 -190.936783
v -115.554779 79.326691 -190.941666
v -115.577858 68.302834 -177.188705
v -87.827232 84.800140 -207.848328
v -115.533279 84.809120 -207.852356
v -87.851212 84.080803 -225.873627
v -115.515694 84.089035 -225.877075
v -87.869209 77.246124 -242.828049
v -115.502495 77.253738 -242.831100
v -87.881554 65.120926 -256.656952
v -115.493446 65.128113 -256.659729
v -87.881554 65.120926 -256.656952
v -87.888718 49.137703 -265.685638
v -115.488182 49.151566 -265.688293
v -115.493446 65.128113 -256.659729
v -87.891068 31.156368 -268.821686
v -115.486465 31.170059 -268.824310
v -87.888718 13.676047 -265.685638
v -115.488182 13.689910 -265.688293
v -87.888718 13.676047 -265.685638
v -87.881546 0.926476 -256.656952
v -115.493439 0.926476 -256.659729
v -115.488182 13.689910 -265.688293
v -87.869202 0.926478 -242.828064
v -115.502487 0.926478 -242.831085
v -87.851196 0.926480 -225.873611
v -115.515694 0.926480 -225.877060
v -87.827232 0.926483 -207.848312
v -115.533272 0.926483 -207.852371
v -87.797928 0.926485 -190.936798
v -115.554779 0.926485 -190.941681
v -87.766502 1.646046 -177.182770
v -115.577858 1.656693 -177.188690
v -87.766502 1.646046 -177.182770
v -87.740410 17.594948 -168.230957
v -115.597038 17.606201 -168.237823
v -115.577858 1.656693 -177.188690
v -87.766502 1.646046 -177.182770
v -87.797928 0.926485 -190.936798
v -87.827232 0.926483 -207.848312
v -87.869202 0.926478 -242.828064
v -87.881546 0.926476 -256.656952
v -87.888718 13.676047 -265.685638
v -87.891068 31.156368 -268.821686
v -87.888718 49.137703 -265.685638
v -87.881554 65.120926 -256.656952
v -87.869209 77.246124 -242.828049
v -87.851212 84.080803 -225.873627
v -87.827232 84.800140 -207.848328
v -87.797935 79.316864 -190.936783
v -87.766502 68.292191 -177.182785
v -87.740410 53.056644 -168.230972
v -87.729935 35.449383 -165.128693
v -87.740410 17.594948 -168.230957
v -119.924339 35.302299 -168.821106
v -115.604729 35.460869 -165.135925
v -115.597038 53.067898 -168.237839
v -119.915237 51.655598 -171.704941
v -115.577858 68.302834 -177.188705
v -119.892227 65.805969 -180.023697
v -119.863853 76.045425 -192.800308
v -119.836815 81.138245 -208.506683
v -119.814262 80.470238 -225.246063
v -119.797112 74.122368 -240.990707
v -119.785240 62.860733 -253.832870
v -115.493446 65.128113 -256.659729
v -115.488182 49.151566 -265.688293
v -119.778305 48.043995 -262.217499
v -115.486465 31.170059 -268.824310
v -119.776024 31.451271 -265.129822
v -115.488182 13.689910 -265.688293
v -119.778305 15.107623 -262.217499
v -115.493439 0.926476 -256.659729
v -119.785240 0.960583 -253.832901
v -119.797104 0.926478 -240.990692
v -119.814262 0.926481 -225.246109
v -119.836800 0.926483 -208.506699
v -119.863853 0.926485 -192.800293
v -119.892212 3.905797 -180.023682
v -115.577858 1.656693 -177.188690
v -115.597038 17.606201 -168.237823
v -119.915237 18.719181 -171.704956
v -119.798271 10.696326 -242.770569
v -119.792564 20.595322 -248.633667
v -119.855675 4.878907 182.294708
v -119.837395 0.926549 193.283936
v -113.564819 3.455628 193.832596
v -117.893044 46.378326 184.400681
v -117.893044 21.574982 184.400681
v -117.860725 16.292751 208.825394
v -117.885208 50.480675 -207.317429
v -117.855232 45.197895 -231.753494
v -117.885208 17.063206 -207.317429
v -119.785240 62.860733 -253.832870
v -117.860725 49.710213 208.825409
v -119.785263 62.860771 236.043579
v -119.797134 74.122406 223.201385
v -119.807800 61.888046 216.001175
v -113.579269 49.490932 -198.657394
v -113.584297 42.466953 -194.515671
v -113.591454 45.015347 -188.203644
v -119.814278 0.926550 207.456741
v -119.797119 0.926553 223.201355
v -119.807793 3.533806 216.001175
v -113.538406 32.169827 229.811462
v -113.539497 21.772003 227.961044
v -119.792587 20.595337 230.844360
v -113.574883 60.522354 183.846359
v -113.564827 63.760094 193.832596
v -119.837395 66.796577 193.283936
v -119.855675 63.233116 182.294708
v -119.873306 56.068871 173.348267
v -113.584419 54.012299 175.715317
v -113.594078 34.617119 168.574677
v -113.591454 45.015377 170.414337
v -119.886505 46.168278 167.516678
v -119.837395 0.926549 193.283936
v -119.855675 4.878907 182.294708
v -119.863846 0.926546 175.010956
v -117.898529 27.511314 -198.845291
v -119.785240 0.960583 -253.832901
v -119.797104 0.926478 -240.990692
v -119.807785 3.533780 -233.790482
v -119.798271 54.008415 -242.770584
v -119.807785 61.888000 -233.790497
v -119.797112 74.122368 -240.990707
v -119.892227 65.805969 -180.023697
v -119.863853 76.045425 -192.800308
v -119.855675 63.233093 -200.084015
v -119.855675 4.878856 -200.084061
v -119.873306 12.756721 -191.137604
v -113.584419 14.651301 -193.504654
v -113.574875 7.491451 -201.635696
v -113.564812 3.455589 -211.621902
v -119.837387 0.926483 -211.073288
v -119.792587 20.595337 230.844360
v -119.798286 10.696355 224.981216
v -119.785263 0.960601 236.043594
v -113.546730 17.297031 -235.285187
v -113.543968 24.320312 -239.442871
v -113.539482 21.771988 -245.750366
v -119.873299 12.756776 173.348267
v -119.886505 23.122395 167.516678
v -119.886513 23.122337 -185.306000
v -119.873306 56.068836 -191.137558
v -119.873306 56.068871 173.348267
v -119.855675 63.233116 182.294708
v -119.863853 76.045456 175.010971
v -119.798286 54.008461 224.981232
v -119.807800 61.888046 216.001175
v -113.548203 59.298309 214.474380
v -113.564575 57.101177 195.015701
v -113.557335 56.769306 203.319702
v -113.555672 63.334953 204.470505
v -113.564568 10.019985 195.015701
v -113.557335 9.688115 203.319702
v -117.867981 14.252639 202.524155
v -119.821007 0.926551 204.991226
v -119.807793 3.533806 216.001175
v -113.548195 6.267438 214.474380
v -119.798286 54.008461 224.981232
v -113.548187 59.298264 -232.263672
v -113.555656 63.334908 -222.259827
v -119.820992 66.329346 -222.780548
v -119.873306 56.068836 -191.137558
v -119.855675 63.233093 -200.084015
v -113.574875 60.522324 -201.635712
v -119.886505 46.168278 167.516678
v -117.893044 21.574940 -202.189987
v -113.572243 13.170877 -205.008011
v -117.855225 20.394550 -231.753494
v -117.876442 14.520244 195.822037
v -113.586128 34.348873 175.288620
v -113.584297 26.115864 176.726349
v -117.898529 27.511368 181.055954
v -113.551247 53.617844 -228.917114
v -113.546730 48.027096 -235.285187
v -117.851837 26.063438 -235.108429
v -119.790672 32.036942 -250.670166
v -119.792564 43.641205 -248.633667
v -119.886513 46.168243 -185.305969
v -119.891472 34.725975 -183.282471
v -113.591454 45.015347 -188.203644
v -113.594078 34.617085 -186.363983
v -119.891472 34.725975 -183.282471
v -113.543053 32.438198 223.097656
v -113.543983 40.671482 221.653534
v -117.851860 39.261063 217.319168
v -117.876450 52.521168 195.822052
v -117.867989 52.253571 202.524155
v -117.850716 32.615734 218.484467
v -113.546738 17.297062 217.495895
v -113.543983 24.320335 221.653534
v -117.851852 26.063454 217.319168
v -113.591454 24.071800 -188.203644
v -113.584419 14.651301 -193.504654
v -119.873306 12.756721 -191.137604
v -113.579269 18.760857 -198.657394
v -119.873306 12.756721 -191.137604
v -119.855675 4.878856 -200.084061
v -119.863853 0.926485 -192.800293
v -117.900513 34.156509 179.894730
v -113.584412 14.651351 175.715332
v -113.591454 24.071857 170.414337
v -119.886505 23.122395 167.516678
v -113.579277 18.760902 180.868103
v -113.572250 13.170917 187.218689
v -117.885216 17.063251 189.528107
v -113.543968 40.671436 -239.442871
v -113.543037 32.438152 -240.886993
v -117.850693 32.615692 -236.273743
v -119.807785 61.888000 -233.790497
v -119.798271 54.008415 -242.770584
v -113.542747 52.137173 -240.423050
v -117.860710 49.710171 -226.614700
v -117.893044 46.378300 -202.189987
v -119.807785 3.533780 -233.790482
v -119.820999 0.926481 -222.780533
v -113.555656 3.030444 -222.259811
v -113.548180 6.267408 -232.263687
v -113.542747 12.776221 -240.423096
v -119.798271 10.696326 -242.770569
v -119.792587 43.641247 230.844360
v -119.836815 81.138245 -208.506683
v -119.814262 80.470238 -225.246063
v -119.820992 66.329346 -222.780548
v -117.898529 40.708916 -198.845291
v -113.584297 26.115810 -194.515671
v -113.586128 34.348843 -193.077927
v -117.900513 34.156475 -197.684036
v -113.542770 52.137211 222.633743
v -113.539497 42.715549 227.961044
v -119.792587 43.641247 230.844360
v -113.546745 48.027138 217.495895
v -113.551262 53.617886 211.127823
v -119.837395 66.796577 193.283936
v -119.821007 66.329391 204.991226
v -119.814285 80.470276 207.456772
v -119.836815 81.138275 190.717361
v -119.873299 12.756776 173.348267
v -113.574883 7.491499 183.846375
v -119.798286 10.696355 224.981216
v -113.542770 12.776254 222.633743
v -113.539482 42.715504 -245.750366
v -113.542747 52.137173 -240.423050
v -119.798271 54.008415 -242.770584
v -119.792564 43.641205 -248.633667
v -119.790672 32.036942 -250.670166
v -113.538383 32.169777 -247.600769
v -119.886513 46.168243 -185.305969
v -113.584419 54.012264 -193.504669
v -119.837395 66.796547 -211.073242
v -119.837395 66.796547 -211.073242
v -119.790695 32.036991 232.880875
v -119.790695 32.036991 232.880875
v -119.891472 34.726006 165.493179
v -119.891472 34.726006 165.493179
v -119.821007 66.329391 204.991226
v -113.555672 63.334953 204.470505
v -113.548203 59.298309 214.474380
v -119.807800 61.888046 216.001175
v -119.792564 20.595322 -248.633667
v -119.798271 10.696326 -242.770569
v -113.542747 12.776221 -240.423096
v -113.539482 21.771988 -245.750366
v -115.493439 0.926476 -256.659729
v -119.785240 0.960583 -253.832901
v -119.778305 15.107623 -262.217499
v -113.579277 49.490963 180.868103
v -113.584297 42.466984 176.726349
v -117.898529 40.708950 181.055954
v -113.564827 63.760094 193.832596
v -113.574883 60.522354 183.846359
v -113.572250 54.573421 187.218674
v -113.557320 9.688073 -221.108994
v -113.564568 10.019946 -212.805008
v -117.876442 14.520204 -213.611343
v -113.542747 12.776221 -240.423096
v -113.548180 6.267408 -232.263687
v -113.551247 12.215348 -228.917099
v -113.584419 54.012264 -193.504669
v -113.574875 60.522324 -201.635712
v -113.572243 54.573391 -205.008026
v -113.564568 57.101139 -212.804993
v -113.557327 56.769264 -221.109009
v -117.867973 52.253529 -220.313477
v -117.855247 20.394581 213.964188
v -117.867973 14.252604 -220.313461
v -117.876442 52.521133 -213.611359
v -113.548195 6.267438 214.474380
v -113.542770 12.776254 222.633743
v -113.564819 3.455628 193.832596
v -119.886513 23.122337 -185.306000
v -113.591454 45.015377 170.414337
v -113.594078 34.617119 168.574677
v -113.584419 54.012299 175.715317
v -113.564812 3.455589 -211.621902
v -113.574875 7.491451 -201.635696
v -113.555656 3.030444 -222.259811
v -113.555656 63.334908 -222.259827
v -113.548187 59.298264 -232.263672
v -113.564819 63.760063 -211.621918
v -113.539497 21.772003 227.961044
v -113.538406 32.169827 229.811462
v -113.591454 24.071800 -188.203644
v -113.594078 34.617085 -186.363983
v -113.539482 42.715504 -245.750366
v -113.538383 32.169777 -247.600769
v -119.892212 65.805992 162.234360
v -113.574883 7.491499 183.846375
v -113.584412 14.651351 175.715332
v -113.591454 24.071857 170.414337
v -113.584419 14.651301 -193.504654
v -113.548203 59.298309 214.474380
v -113.542770 52.137211 222.633743
v -113.539497 42.715549 227.961044
v -113.542747 52.137173 -240.423050
v -117.855247 45.197941 213.964203
v -117.851845 39.261024 -235.108429
v -119.892204 3.905862 162.234344
v -113.564819 63.760063 -211.621918
v -113.555664 3.030478 204.470505
v -113.555664 3.030478 204.470505
v -119.798286 10.696355 224.981216
v -119.892212 3.905797 -180.023682
v -119.837395 0.926549 193.283936
v -119.821007 0.926551 204.991226
v -119.821007 0.926551 204.991226
v -119.873306 56.068871 173.348267
v -119.873306 56.068836 -191.137558
v -113.584419 54.012264 -193.504669
v -119.837387 0.926483 -211.073288
v -119.820999 0.926481 -222.780533
v -119.873299 12.756776 173.348267
v -113.551262 12.215381 211.127823
v -119.837387 0.926483 -211.073288
v -119.836800 0.926483 -208.506699
v -113.542770 12.776254 222.633743
v -113.584419 54.012299 175.715317
v -113.584412 14.651351 175.715332
v -117.860710 16.292717 -226.614700
v -117.885216 50.480705 189.528107
v -119.820999 0.926481 -222.780533
v -119.785263 0.960601 236.043594
v 87.888741 49.137756 247.896393
v 87.891090 31.156410 251.032455
v 115.488213 49.151615 247.899017
v 115.486488 31.170105 251.035034
v 87.881569 65.120979 238.867599
v 115.493462 65.128174 238.870377
v 87.869225 77.246170 225.038712
v 87.881569 65.120979 238.867599
v 115.502510 77.253792 225.041748
v 115.493462 65.128174 238.870377
v 87.851212 84.080856 208.084290
v 115.515709 84.089081 208.087738
v 87.827232 84.800171 190.058990
v 115.533287 84.809158 190.063034
v 87.797935 79.316887 173.147476
v 115.554779 79.326714 173.152359
v 87.766495 68.292213 159.393478
v 115.577858 68.302864 159.399384
v 87.740395 53.056667 150.441635
v 87.766495 68.292213 159.393478
v 115.597023 53.067924 150.448502
v 115.577858 68.302864 159.399384
v 87.729927 35.449413 147.339355
v 115.604721 35.460896 147.346634
v 87.740395 17.595016 150.441650
v 115.597023 17.606274 150.448517
v 87.766502 1.646107 159.393494
v 115.577858 1.656758 159.399384
v 87.797935 0.926547 173.147491
v 87.766502 1.646107 159.393494
v 115.554771 0.926546 173.152359
v 115.577858 1.656758 159.399384
v 87.827225 0.926548 190.058990
v 115.533287 0.926548 190.063034
v 87.851204 0.926551 208.084290
v 115.515709 0.926551 208.087723
v 87.869217 0.926553 225.038712
v 115.502510 0.926553 225.041733
v 87.881569 0.926555 238.867615
v 115.493462 0.926555 238.870377
v 87.888741 13.676055 247.896362
v 115.488213 13.689918 247.899017
v 87.888741 13.676055 247.896362
v 115.488213 13.689918 247.899017
v 87.766502 1.646107 159.393494
v 87.797935 0.926547 173.147491
v 87.740395 17.595016 150.441650
v 87.851204 0.926551 208.084290
v 87.729927 35.449413 147.339355
v 87.740395 53.056667 150.441635
v 87.766495 68.292213 159.393478
v 87.797935 79.316887 173.147476
v 87.827232 84.800171 190.058990
v 87.851212 84.080856 208.084290
v 87.869225 77.246170 225.038712
v 87.881569 65.120979 238.867599
v 87.888741 49.137756 247.896393
v 87.891090 31.156410 251.032455
v 87.881569 0.926555 238.867615
v 87.888741 13.676055 247.896362
v 115.486488 31.170105 251.035034
v 119.776047 31.451317 247.340576
v 115.488213 49.151615 247.899017
v 119.778336 48.044048 244.428238
v 115.493462 65.128174 238.870377
v 119.785263 62.860771 236.043579
v 119.797134 74.122406 223.201385
v 119.814285 80.470276 207.456772
v 119.836815 81.138275 190.717361
v 119.863853 76.045456 175.010971
v 115.577858 68.302864 159.399384
v 119.892212 65.805992 162.234360
v 115.597023 53.067924 150.448502
v 119.915237 51.655621 153.915634
v 115.604721 35.460896 147.346634
v 119.924332 35.302326 151.031830
v 115.597023 17.606274 150.448517
v 119.915222 18.719250 153.915634
v 115.577858 1.656758 159.399384
v 119.892204 3.905862 162.234344
v 119.863846 0.926546 175.010956
v 119.836815 0.926549 190.717331
v 119.814278 0.926550 207.456741
v 119.797119 0.926553 223.201355
v 115.493462 0.926555 238.870377
v 119.785263 0.960601 236.043594
v 115.488213 13.689918 247.899017
v 119.778320 15.107629 244.428223
v 87.740410 53.056644 -168.230972
v 87.729935 35.449383 -165.128693
v 115.597038 53.067898 -168.237839
v 115.604729 35.460869 -165.135925
v 87.766502 68.292191 -177.182785
v 115.577858 68.302834 -177.188705
v 87.797935 79.316864 -190.936783
v 87.766502 68.292191 -177.182785
v 115.554779 79.326691 -190.941666
v 115.577858 68.302834 -177.188705
v 87.827232 84.800140 -207.848328
v 115.533279 84.809120 -207.852356
v 87.851212 84.080803 -225.873627
v 115.515694 84.089035 -225.877075
v 87.869209 77.246124 -242.828049
v 115.502495 77.253738 -242.831100
v 87.881554 65.120926 -256.656952
v 115.493446 65.128113 -256.659729
v 87.888718 49.137703 -265.685638
v 87.881554 65.120926 -256.656952
v 115.488182 49.151566 -265.688293
v 115.493446 65.128113 -256.659729
v 87.891068 31.156368 -268.821686
v 115.486465 31.170059 -268.824310
v 87.888718 13.676047 -265.685638
v 115.488182 13.689910 -265.688293
v 87.881546 0.926476 -256.656952
v 87.888718 13.676047 -265.685638
v 115.493439 0.926476 -256.659729
v 115.488182 13.689910 -265.688293
v 87.869202 0.926478 -242.828064
v 115.502487 0.926478 -242.831085
v 87.851196 0.926480 -225.873611
v 115.515694 0.926480 -225.877060
v 87.827232 0.926483 -207.848312
v 115.533272 0.926483 -207.852371
v 87.797928 0.926485 -190.936798
v 115.554779 0.926485 -190.941681
v 87.766502 1.646046 -177.182770
v 115.577858 1.656693 -177.188690
v 87.740410 17.594948 -168.230957
v 87.766502 1.646046 -177.182770
v 115.597038 17.606201 -168.237823
v 115.577858 1.656693 -177.188690
v 87.797928 0.926485 -190.936798
v 87.766502 1.646046 -177.182770
v 87.827232 0.926483 -207.848312
v 87.881546 0.926476 -256.656952
v 87.869202 0.926478 -242.828064
v 87.888718 13.676047 -265.685638
v 87.891068 31.156368 -268.821686
v 87.888718 49.137703 -265.685638
v 87.881554 65.120926 -256.656952
v 87.869209 77.246124 -242.828049
v 87.851212 84.080803 -225.873627
v 87.827232 84.800140 -207.848328
v 87.797935 79.316864 -190.936783
v 87.766502 68.292191 -177.182785
v 87.740410 53.056644 -168.230972
v 87.729935 35.449383 -165.128693
v 87.740410 17.594948 -168.230957
v 115.604729 35.460869 -165.135925
v 119.924339 35.302299 -168.821106
v 115.597038 53.067898 -168.237839
v 119.915237 51.655598 -171.704941
v 115.577858 68.302834 -177.188705
v 119.892227 65.805969 -180.023697
v 119.863853 76.045425 -192.800308
v 119.836815 81.138245 -208.506683
v 119.814262 80.470238 -225.246063
v 119.797112 74.122368 -240.990707
v 115.493446 65.128113 -256.659729
v 119.785240 62.860733 -253.832870
v 115.488182 49.151566 -265.688293
v 119.778305 48.043995 -262.217499
v 115.486465 31.170059 -268.824310
v 119.776024 31.451271 -265.129822
v 115.488182 13.689910 -265.688293
v 119.778305 15.107623 -262.217499
v 115.493439 0.926476 -256.659729
v 119.785240 0.960583 -253.832901
v 119.797104 0.926478 -240.990692
v 119.814262 0.926481 -225.246109
v 119.836800 0.926483 -208.506699
v 119.863853 0.926485 -192.800293
v 115.577858 1.656693 -177.188690
v 119.892212 3.905797 -180.023682
v 115.597038 17.606201 -168.237823
v 119.915237 18.719181 -171.704956
v 119.792564 20.595322 -248.633667
v 119.798271 10.696326 -242.770569
v 119.837395 0.926549 193.283936
v 119.855675 4.878907 182.294708
v 113.564819 3.455628 193.832596
v 117.893044 21.574982 184.400681
v 117.893044 46.378326 184.400681
v 117.860725 16.292751 208.825394
v 117.855232 45.197895 -231.753494
v 117.885208 50.480675 -207.317429
v 117.885208 17.063206 -207.317429
v 119.785240 62.860733 -253.832870
v 117.860725 49.710213 208.825409
v 119.797134 74.122406 223.201385
v 119.785263 62.860771 236.043579
v 119.807800 61.888046 216.001175
v 113.584297 42.466953 -194.515671
v 113.579269 49.490932 -198.657394
v 113.591454 45.015347 -188.203644
v 119.797119 0.926553 223.201355
v 119.814278 0.926550 207.456741
v 119.807793 3.533806 216.001175
v 113.539497 21.772003 227.961044
v 113.538406 32.169827 229.811462
v 119.792587 20.595337 230.844360
v 113.564827 63.760094 193.832596
v 113.574883 60.522354 183.846359
v 119.837395 66.796577 193.283936
v 119.873306 56.068871 173.348267
v 119.855675 63.233116 182.294708
v 113.584419 54.012299 175.715317
v 113.591454 45.015377 170.414337
v 113.594078 34.617119 168.574677
v 119.886505 46.168278 167.516678
v 119.855675 4.878907 182.294708
v 119.837395 0.926549 193.283936
v 119.863846 0.926546 175.010956
v 117.898529 27.511314 -198.845291
v 119.797104 0.926478 -240.990692
v 119.785240 0.960583 -253.832901
v 119.807785 3.533780 -233.790482
v 119.807785 61.888000 -233.790497
v 119.798271 54.008415 -242.770584
v 119.797112 74.122368 -240.990707
v 119.863853 76.045425 -192.800308
v 119.892227 65.805969 -180.023697
v 119.855675 63.233093 -200.084015
v 119.873306 12.756721 -191.137604
v 119.855675 4.878856 -200.084061
v 113.584419 14.651301 -193.504654
v 113.564812 3.455589 -211.621902
v 113.574875 7.491451 -201.635696
v 119.837387 0.926483 -211.073288
v 119.798286 10.696355 224.981216
v 119.792587 20.595337 230.844360
v 119.785263 0.960601 236.043594
v 113.543968 24.320312 -239.442871
v 113.546730 17.297031 -235.285187
v 113.539482 21.771988 -245.750366
v 119.886505 23.122395 167.516678
v 119.873299 12.756776 173.348267
v 119.886513 23.122337 -185.306000
v 119.873306 56.068836 -191.137558
v 119.855675 63.233116 182.294708
v 119.873306 56.068871 173.348267
v 119.863853 76.045456 175.010971
v 119.807800 61.888046 216.001175
v 119.798286 54.008461 224.981232
v 113.548203 59.298309 214.474380
v 113.557335 56.769306 203.319702
v 113.564575 57.101177 195.015701
v 113.555672 63.334953 204.470505
v 113.557335 9.688115 203.319702
v 113.564568 10.019985 195.015701
v 117.867981 14.252639 202.524155
v 119.807793 3.533806 216.001175
v 119.821007 0.926551 204.991226
v 113.548195 6.267438 214.474380
v 119.798286 54.008461 224.981232
v 113.555656 63.334908 -222.259827
v 113.548187 59.298264 -232.263672
v 119.820992 66.329346 -222.780548
v 119.855675 63.233093 -200.084015
v 119.873306 56.068836 -191.137558
v 113.574875 60.522324 -201.635712
v 119.886505 46.168278 167.516678
v 117.893044 21.574940 -202.189987
v 113.572243 13.170877 -205.008011
v 117.855225 20.394550 -231.753494
v 117.876442 14.520244 195.822037
v 113.584297 26.115864 176.726349
v 113.586128 34.348873 175.288620
v 117.898529 27.511368 181.055954
v 113.546730 48.027096 -235.285187
v 113.551247 53.617844 -228.917114
v 117.851837 26.063438 -235.108429
v 119.792564 43.641205 -248.633667
v 119.790672 32.036942 -250.670166
v 119.891472 34.725975 -183.282471
v 119.886513 46.168243 -185.305969
v 113.594078 34.617085 -186.363983
v 113.591454 45.015347 -188.203644
v 119.891472 34.725975 -183.282471
v 113.543983 40.671482 221.653534
v 113.543053 32.438198 223.097656
v 117.851860 39.261063 217.319168
v 117.867989 52.253571 202.524155
v 117.876450 52.521168 195.822052
v 117.850716 32.615734 218.484467
v 113.543983 24.320335 221.653534
v 113.546738 17.297062 217.495895
v 117.851852 26.063454 217.319168
v 113.584419 14.651301 -193.504654
v 113.591454 24.071800 -188.203644
v 119.873306 12.756721 -191.137604
v 113.579269 18.760857 -198.657394
v 119.855675 4.878856 -200.084061
v 119.873306 12.756721 -191.137604
v 119.863853 0.926485 -192.800293
v 117.900513 34.156509 179.894730
v 113.591454 24.071857 170.414337
v 113.584412 14.651351 175.715332
v 119.886505 23.122395 167.516678
v 113.572250 13.170917 187.218689
v 113.579277 18.760902 180.868103
v 117.885216 17.063251 189.528107
v 113.543037 32.438152 -240.886993
v 113.543968 40.671436 -239.442871
v 117.850693 32.615692 -236.273743
v 119.798271 54.008415 -242.770584
v 119.807785 61.888000 -233.790497
v 113.542747 52.137173 -240.423050
v 117.860710 49.710171 -226.614700
v 117.893044 46.378300 -202.189987
v 119.820999 0.926481 -222.780533
v 119.807785 3.533780 -233.790482
v 113.555656 3.030444 -222.259811
v 113.542747 12.776221 -240.423096
v 113.548180 6.267408 -232.263687
v 119.798271 10.696326 -242.770569
v 119.792587 43.641247 230.844360
v 119.814262 80.470238 -225.246063
v 119.836815 81.138245 -208.506683
v 119.820992 66.329346 -222.780548
v 117.898529 40.708916 -198.845291
v 113.586128 34.348843 -193.077927
v 113.584297 26.115810 -194.515671
v 117.900513 34.156475 -197.684036
v 113.539497 42.715549 227.961044
v 113.542770 52.137211 222.633743
v 119.792587 43.641247 230.844360
v 113.551262 53.617886 211.127823
v 113.546745 48.027138 217.495895
v 119.821007 66.329391 204.991226
v 119.837395 66.796577 193.283936
v 119.814285 80.470276 207.456772
v 119.836815 81.138275 190.717361
v 119.873299 12.756776 173.348267
v 113.574883 7.491499 183.846375
v 119.798286 10.696355 224.981216
v 113.542770 12.776254 222.633743
v 113.542747 52.137173 -240.423050
v 113.539482 42.715504 -245.750366
v 119.798271 54.008415 -242.770584
v 119.790672 32.036942 -250.670166
v 119.792564 43.641205 -248.633667
v 113.538383 32.169777 -247.600769
v 119.886513 46.168243 -185.305969
v 113.584419 54.012264 -193.504669
v 119.837395 66.796547 -211.073242
v 119.837395 66.796547 -211.073242
v 119.790695 32.036991 232.880875
v 119.790695 32.036991 232.880875
v 119.891472 34.726006 165.493179
v 119.891472 34.726006 165.493179
v 119.821007 66.329391 204.991226
v 113.548203 59.298309 214.474380
v 113.555672 63.334953 204.470505
v 119.807800 61.888046 216.001175
v 119.798271 10.696326 -242.770569
v 119.792564 20.595322 -248.633667
v 113.542747 12.776221 -240.423096
v 113.539482 21.771988 -245.750366
v 119.785240 0.960583 -253.832901
v 115.493439 0.926476 -256.659729
v 119.778305 15.107623 -262.217499
v 113.584297 42.466984 176.726349
v 113.579277 49.490963 180.868103
v 117.898529 40.708950 181.055954
v 113.574883 60.522354 183.846359
v 113.564827 63.760094 193.832596
v 113.572250 54.573421 187.218674
v 113.564568 10.019946 -212.805008
v 113.557320 9.688073 -221.108994
v 117.876442 14.520204 -213.611343
v 113.548180 6.267408 -232.263687
v 113.542747 12.776221 -240.423096
v 113.551247 12.215348 -228.917099
v 113.574875 60.522324 -201.635712
v 113.584419 54.012264 -193.504669
v 113.572243 54.573391 -205.008026
v 113.557327 56.769264 -221.109009
v 113.564568 57.101139 -212.804993
v 117.867973 52.253529 -220.313477
v 117.855247 20.394581 213.964188
v 117.867973 14.252604 -220.313461
v 117.876442 52.521133 -213.611359
v 113.542770 12.776254 222.633743
v 113.548195 6.267438 214.474380
v 113.564819 3.455628 193.832596
v 119.886513 23.122337 -185.306000
v 113.594078 34.617119 168.574677
v 113.591454 45.015377 170.414337
v 113.584419 54.012299 175.715317
v 113.574875 7.491451 -201.635696
v 113.564812 3.455589 -211.621902
v 113.555656 3.030444 -222.259811
v 113.548187 59.298264 -232.263672
v 113.555656 63.334908 -222.259827
v 113.564819 63.760063 -211.621918
v 113.538406 32.169827 229.811462
v 113.539497 21.772003 227.961044
v 113.591454 24.071800 -188.203644
v 113.594078 34.617085 -186.363983
v 113.539482 42.715504 -245.750366
v 113.538383 32.169777 -247.600769
v 119.892212 65.805992 162.234360
v 113.574883 7.491499 183.846375
v 113.584412 14.651351 175.715332
v 113.591454 24.071857 170.414337
v 113.584419 14.651301 -193.504654
v 113.548203 59.298309 214.474380
v 113.542770 52.137211 222.633743
v 113.539497 42.715549 227.961044
v 113.542747 52.137173 -240.423050
v 117.855247 45.197941 213.964203
v 117.851845 39.261024 -235.108429
v 119.892204 3.905862 162.234344
v 113.564819 63.760063 -211.621918
v 113.555664 3.030478 204.470505
v 113.555664 3.030478 204.470505
v 119.798286 10.696355 224.981216
v 119.892212 3.905797 -180.023682
v 119.837395 0.926549 193.283936
v 119.821007 0.926551 204.991226
v 119.821007 0.926551 204.991226
v 119.873306 56.068871 173.348267
v 119.873306 56.068836 -191.137558
v 113.584419 54.012264 -193.504669
v 119.820999 0.926481 -222.780533
v 119.837387 0.926483 -211.073288
v 119.873299 12.756776 173.348267
v 113.551262 12.215381 211.127823
v 119.837387 0.926483 -211.073288
v 119.836800 0.926483 -208.506699
v 113.542770 12.776254 222.633743
v 113.584419 54.012299 175.715317
v 113.584412 14.651351 175.715332
v 117.860710 16.292717 -226.614700
v 117.885216 50.480705 189.528107
v 119.820999 0.926481 -222.780533
v 119.785263 0.960601 236.043594
v -104.418564 121.064240 79.161324
v 104.206390 121.064240 79.161324
v 104.253227 120.624489 26.312012
v -104.465401 120.624489 26.312012
v 104.287697 120.042633 -36.615467
v -104.499870 120.042633 -36.615467
v -104.465401 120.624489 26.312012
v 104.253227 120.624489 26.312012
v -104.406067 121.190269 89.409195
v 104.193893 121.190269 89.409195
v 104.206390 121.064240 79.161324
v -104.418564 121.064240 79.161324
v -103.300682 120.034088 -43.756866
v 103.088501 120.034088 -43.756866
v 103.114700 119.313271 -98.759445
v -103.326874 119.313271 -98.759445
v 103.053909 118.420181 -165.752747
v -103.266075 118.420181 -165.752747
v -103.326874 119.313271 -98.759445
v 103.114700 119.313271 -98.759445
v 91.086548 153.872681 -187.995590
v 94.055046 117.557640 -227.646866
v 103.053909 118.420181 -165.752747
v 100.423897 143.457352 -150.525772
v -91.298721 153.872681 -187.995590
v -100.636070 143.457352 -150.525772
v -103.266075 118.420181 -165.752747
v -94.267227 117.557640 -227.646866
v -96.139336 163.083710 -107.704086
v 95.927170 163.083710 -107.704086
v 94.883751 166.221527 -43.799789
v -95.095932 166.221527 -43.799789
v -96.341858 166.634033 -36.658703
v 96.129684 166.634033 -36.658703
v 95.002296 165.649796 52.922623
v -95.214470 165.649796 52.922630
v 96.129684 166.634033 -36.658703
v 94.883751 166.221527 -43.799789
v 103.088501 120.034088 -43.756866
v 104.287697 120.042633 -36.615467
v -104.499870 120.042633 -36.615467
v -103.300682 120.034088 -43.756866
v -95.095932 166.221527 -43.799789
v -96.341858 166.634033 -36.658703
v -103.300682 120.034088 -43.756866
v -104.499870 120.042633 -36.615467
v 104.287697 120.042633 -36.615467
v 103.088501 120.034088 -43.756866
v -53.597637 119.517677 -245.323303
v -70.432549 118.823448 -243.149841
v -85.515610 118.282814 -237.293839
v -85.515610 118.282814 -237.293839
v -94.267227 117.557640 -227.646866
v -103.266075 118.420181 -165.752747
v -53.597637 119.517677 -245.323303
v -85.515610 118.282814 -237.293839
v -103.266075 118.420181 -165.752747
v -103.266075 118.420181 -165.752747
v 103.053909 118.420181 -165.752747
v 94.055046 117.557640 -227.646866
v -53.597637 119.517677 -245.323303
v -103.266075 118.420181 -165.752747
v 94.055046 117.557640 -227.646866
v 94.055046 117.557640 -227.646866
v 85.303436 118.282814 -237.293839
v 70.220375 118.823448 -243.149841
v -53.597637 119.517677 -245.323303
v 94.055046 117.557640 -227.646866
v 70.220375 118.823448 -243.149841
v -53.597637 119.517677 -245.323303
v 70.220375 118.823448 -243.149841
v 53.385464 119.517677 -245.323303
v -0.106087 120.092369 -246.092361
v -53.597637 119.517677 -245.323303
v 53.385464 119.517677 -245.323303
v -88.412277 166.812149 64.940796
v -98.660423 120.310219 105.112785
v -104.406067 121.190269 89.409195
v -95.214470 165.649796 52.922630
v 88.200096 166.812149 64.940781
v 95.002296 165.649796 52.922623
v 104.193893 121.190269 89.409195
v 98.448250 120.310219 105.112785
v 104.193893 121.190269 89.409195
v -104.406067 121.190269 89.409195
v -98.660423 120.310219 105.112785
v -98.660423 120.310219 105.112785
v -90.870834 121.002831 117.365799
v -45.089642 123.700279 132.273972
v -45.089642 123.700279 132.273972
v -0.106087 124.314095 133.180099
v 44.877468 123.700279 132.273972
v -98.660423 120.310219 105.112785
v -45.089642 123.700279 132.273972
v 44.877468 123.700279 132.273972
v 104.193893 121.190269 89.409195
v -98.660423 120.310219 105.112785
v 44.877468 123.700279 132.273972
v 104.193893 121.190269 89.409195
v 44.877468 123.700279 132.273972
v 90.658661 121.002831 117.365799
v 98.448250 120.310219 105.112785
v 104.193893 121.190269 89.409195
v 90.658661 121.002831 117.365799
v -0.106087 170.525223 82.967766
v -42.479366 170.066132 82.213196
v -83.661316 167.146240 65.891602
v -83.661316 167.146240 65.891602
v -88.412277 166.812149 64.940796
v -95.214470 165.649796 52.922630
v -0.106087 170.525223 82.967766
v -83.661316 167.146240 65.891602
v -95.214470 165.649796 52.922630
v -95.214470 165.649796 52.922630
v 95.002296 165.649796 52.922623
v 88.200096 166.812149 64.940781
v -0.106087 170.525223 82.967766
v -95.214470 165.649796 52.922630
v 88.200096 166.812149 64.940781
v -0.106087 170.525223 82.967766
v 88.200096 166.812149 64.940781
v 83.449142 167.146240 65.891602
v -0.106087 170.525223 82.967766
v 83.449142 167.146240 65.891602
v 42.267193 170.066132 82.213196
v 96.129684 166.634033 -36.658703
v -96.341858 166.634033 -36.658703
v -95.095932 166.221527 -43.799789
v -95.095932 166.221527 -43.799789
v 94.883751 166.221527 -43.799789
v 96.129684 166.634033 -36.658703
v 100.423897 143.457352 -150.525772
v 98.661369 152.703369 -139.619308
v 84.914894 155.909561 -192.178696
v 91.086548 153.872681 -187.995590
v -100.636070 143.457352 -150.525772
v -91.298721 153.872681 -187.995590
v -85.127068 155.909561 -192.178696
v -98.873543 152.703369 -139.619308
v -97.156479 159.369370 -124.890755
v -98.873543 152.703369 -139.619308
v -85.127068 155.909561 -192.178696
v -51.225971 159.920212 -199.221222
v 96.944305 159.369370 -124.890755
v 51.013798 159.920212 -199.221222
v 84.914894 155.909561 -192.178696
v 98.661369 152.703369 -139.619308
v 96.944305 159.369370 -124.890755
v 95.927170 163.083710 -107.704086
v -96.139336 163.083710 -107.704086
v -96.139336 163.083710 -107.704086
v -97.156479 159.369370 -124.890755
v -51.225971 159.920212 -199.221222
v -96.139336 163.083710 -107.704086
v -51.225971 159.920212 -199.221222
v -0.106087 160.538589 -200.025772
v 96.944305 159.369370 -124.890755
v -96.139336 163.083710 -107.704086
v -0.106087 160.538589 -200.025772
v 51.013798 159.920212 -199.221222
v 96.944305 159.369370 -124.890755
v -0.106087 160.538589 -200.025772
vn 0.0510 -0.9987 -0.0000
vn 0.3963 -0.9181 -0.0000
vn -0.0000 -0.0000 1.0000
vn -0.0883 -0.0413 0.9952
vn -0.0571 0.9984 -0.0000
vn -0.4551 0.8905 -0.0000
vn -0.0000 -0.0000 -1.0000
vn 0.0794 0.0372 -0.9961
vn -0.0000 0.3988 0.9170
vn -0.0000 -0.3803 0.9248
vn -0.0000 -0.7035 0.7107
vn 1.0000 -0.0000 -0.0000
vn -0.0000 0.7315 0.6819
vn -1.0000 -0.0000 -0.0000
vn 0.8325 0.4806 0.2756
vn 0.9613 -0.0000 0.2756
vn 0.4806 0.8325 0.2756
vn 0.8325 0.4807 0.2756
vn -0.0000 0.9613 0.2756
vn -0.4806 0.8325 0.2756
vn -0.8325 0.4807 0.2756
vn -0.9613 -0.0000 0.2756
vn -0.8325 0.4806 0.2756
vn -0.8325 -0.4806 0.2756
vn -0.4807 -0.8325 0.2756
vn -0.0000 -0.9613 0.2756
vn -0.4806 -0.8325 0.2756
vn 0.4806 -0.8325 0.2756
vn 0.8325 -0.4806 0.2756
vn 0.4807 -0.8325 0.2756
vn -0.3575 -0.2064 0.9108
vn -0.2064 -0.3576 0.9108
vn -0.0000 -0.4129 0.9108
vn 0.2065 -0.3575 0.9108
vn 0.3576 -0.2064 0.9108
vn 0.4129 -0.0000 0.9108
vn 0.3576 0.2064 0.9108
vn 0.2064 0.3576 0.9108
vn -0.0000 0.4129 0.9108
vn -0.2065 0.3575 0.9108
vn -0.3576 0.2064 0.9108
vn -0.4129 -0.0000 0.9108
vn -0.3091 -0.0000 0.9510
vn -0.5879 -0.0000 0.8090
vn -0.0000 -1.0000 -0.0000
vn -0.0000 1.0000 -0.0000
vn -0.0457 -0.9138 0.4035
vn -0.1275 -0.9110 0.3922
vn -0.0975 -0.3725 0.9229
vn -0.0975 0.3726 0.9229
vn -0.2726 0.3658 0.8899
vn -0.0457 0.9138 0.4035
vn 0.1070 -0.0000 -0.9943
vn 0.2973 -0.0000 -0.9548
vn -0.0976 -0.3726 0.9228
vn -0.2726 -0.3658 0.8899
vn -0.1275 0.9110 0.3922
vn -0.0000 -0.9239 0.3827
vn -0.0000 0.9239 0.3827
vn -0.0000 0.3827 0.9239
vn -0.0000 -0.3827 0.9239
vn -0.1275 -0.9110 -0.3922
vn -0.0457 -0.9138 -0.4035
vn -0.2726 0.3658 -0.8899
vn -0.0975 0.3726 -0.9229
vn -0.0975 -0.3725 -0.9229
vn -0.0457 0.9138 -0.4035
vn 0.2973 -0.0000 0.9548
vn 0.1070 -0.0000 0.9943
vn -0.2726 -0.3658 -0.8899
vn -0.0975 -0.3726 -0.9229
vn -0.1275 0.9110 -0.3922
vn -0.0976 0.3726 -0.9228
vn -0.0000 -0.9239 -0.3827
vn -0.0000 0.9239 -0.3827
vn -0.0000 -0.3827 -0.9239
vn -0.0000 0.3827 -0.9239
vn -0.0001 -0.3827 -0.9239
vn 0.0001 0.3827 -0.9239
vn -0.3963 -0.9181 -0.0000
vn -0.0510 -0.9987 -0.0000
vn 0.0883 -0.0413 0.9952
vn 0.4551 0.8905 -0.0000
vn 0.0571 0.9984 -0.0000
vn -0.0794 0.0372 -0.9961
vn 0.3575 -0.2064 0.9108
vn 0.2064 -0.3575 0.9108
vn -0.2064 0.3575 0.9108
vn 0.3575 0.2064 0.9108
vn 0.3091 -0.0000 0.9510
vn 0.5879 -0.0000 0.8090
vn 0.1275 -0.9110 0.3922
vn 0.0457 -0.9138 0.4035
vn 0.2726 0.3658 0.8899
vn 0.0975 0.3726 0.9229
vn 0.0976 -0.3725 0.9229
vn 0.0457 0.9138 0.4035
vn -0.2973 -0.0000 -0.9548
vn -0.1070 -0.0000 -0.9943
vn 0.2726 -0.3658 0.8899
vn 0.0975 -0.3726 0.9229
vn 0.1275 0.9110 0.3922
vn 0.0976 0.3726 0.9228
vn 0.0457 -0.9138 -0.4035
vn 0.1275 -0.9110 -0.3922
vn 0.0975 -0.3725 -0.9229
vn 0.0975 0.3726 -0.9229
vn 0.2726 0.3658 -0.8899
vn 0.0457 0.9138 -0.4035
vn -0.1070 -0.0000 0.9943
vn -0.2973 -0.0000 0.9548
vn 0.0976 -0.3726 -0.9228
vn 0.2726 -0.3658 -0.8899
vn 0.0975 0.3726 -0.9228
vn 0.1275 0.9110 -0.3922
vn -0.0000 0.9976 -0.0693
vn -0.0612 0.9965 -0.0574
vn -0.0566 0.9984 -0.0045
vn 0.0566 0.9984 -0.0045
vn 0.2212 0.9752 0.0016
vn 0.0612 0.9965 -0.0574
vn -0.0902 0.9849 0.1475
vn -0.0775 0.9933 0.0858
vn 0.2639 0.9580 0.1120
vn -0.9293 0.3693 -0.0024
vn -0.9270 0.3751 0.0038
vn -0.6814 0.7319 -0.0058
vn 0.9293 0.3693 -0.0024
vn 0.6814 0.7319 -0.0058
vn 0.9270 0.3751 0.0038
vn -0.1867 0.9803 0.0646
vn 0.0775 0.9933 0.0858
vn -0.2639 0.9580 0.1120
vn -0.0000 -0.9927 0.1209
vn -0.0000 -0.9925 0.1221
vn -0.0000 -0.9998 0.0189
vn 0.9993 -0.0362 -0.0015
vn 0.9943 0.1064 -0.0019
vn 0.9998 -0.0211 -0.0019
vn -0.0540 0.9983 0.0228
vn -0.0173 0.9990 0.0412
vn -0.0000 0.9987 0.0515
vn 0.1867 0.9803 0.0646
vn -0.0078 0.9915 -0.1297
vn -0.0442 0.9970 -0.0633
vn -0.0000 0.9985 -0.0555
vn -0.6612 0.7502 -0.0102
vn -0.7703 0.6364 0.0403
vn -0.4820 0.8758 -0.0247
vn 0.6611 0.7502 -0.0102
vn 0.4820 0.8758 -0.0247
vn 0.7703 0.6364 0.0403
vn 0.0442 0.9970 -0.0633
vn 0.0466 0.9907 -0.1281
vn 0.0078 0.9915 -0.1297
vn 0.9943 0.1064 0.0042
vn 0.9999 -0.0119 0.0062
vn 0.9941 0.1087 -0.0005
vn -0.0000 -0.5014 -0.8652
vn -0.0000 -0.4095 -0.9123
vn -0.9993 -0.0362 -0.0015
vn -0.9998 -0.0211 -0.0019
vn -0.9943 0.1064 -0.0019
vn -0.0000 -0.9723 0.2339
vn -0.0000 -0.9163 -0.4004
vn -0.0000 -0.9891 -0.1470
vn -0.0000 -0.9891 -0.1474
vn -0.9943 0.1064 0.0042
vn -0.9941 0.1087 -0.0005
vn -0.9999 -0.0119 0.0062
vn 0.9989 0.0454 0.0076
vn 0.9998 0.0114 -0.0184
vn 0.9916 0.1286 -0.0115
vn -0.0000 0.0330 -0.9995
vn -0.0000 -0.0319 -0.9995
vn -0.0076 -0.0649 -0.9979
vn -0.0000 0.0661 0.9978
vn -0.0000 0.0600 0.9982
vn -0.0410 0.0865 0.9954
vn -0.9947 0.0935 0.0428
vn -0.9455 0.3212 0.0539
vn -0.9945 0.0995 0.0329
vn 0.9636 -0.0664 0.2589
vn 0.9986 -0.0070 0.0530
vn 0.8200 0.2407 0.5193
vn 0.0614 0.0976 0.9933
vn 0.0410 0.0865 0.9954
vn -0.9916 0.1286 -0.0115
vn -0.9998 0.0114 -0.0184
vn -0.9989 0.0454 0.0076
vn -0.0045 0.0294 -0.9996
vn -0.0000 -0.6145 0.7889
vn -0.0000 -0.6038 0.7971
vn -0.0000 -0.8111 0.5849
vn 0.9879 -0.1550 -0.0071
vn 0.2593 0.0003 0.9658
vn 0.6979 -0.0830 0.7114
vn -0.0508 -0.1807 0.9822
vn -0.4115 0.9101 0.0486
vn 0.0749 0.9951 0.0650
vn -0.2718 0.9622 0.0187
vn -0.2593 0.0003 0.9658
vn 0.0508 -0.1807 0.9822
vn -0.6979 -0.0830 0.7114
vn 0.4115 0.9101 0.0486
vn 0.2718 0.9622 0.0187
vn -0.0749 0.9951 0.0650
vn 0.6818 0.7315 0.0018
vn 0.7097 0.7040 0.0268
vn 0.6231 0.7817 0.0261
vn -0.6818 0.7315 0.0018
vn -0.6231 0.7817 0.0261
vn -0.7097 0.7040 0.0268
vn -0.0000 -0.8132 0.5820
vn -0.9879 -0.1550 -0.0071
vn 0.1219 0.4902 0.8631
vn -0.0000 0.4443 0.8959
vn -0.0000 0.0838 0.9965
vn -0.2212 0.9752 0.0016
vn 0.2435 0.9657 0.0896
vn -0.0466 0.9907 -0.1281
vn -0.1452 -0.0551 -0.9879
vn -0.2797 -0.0379 -0.9593
vn -0.7644 -0.2269 -0.6035
vn 0.0280 0.0616 -0.9977
vn 0.1597 0.1168 -0.9802
vn 0.0470 -0.0327 -0.9984
vn 0.9690 0.0633 -0.2387
vn 0.9950 -0.0253 -0.0965
vn 0.9547 -0.0741 -0.2883
vn 0.9076 -0.1889 -0.3750
vn 0.7332 -0.0713 -0.6763
vn -0.0000 -1.0000 -0.0057
vn -0.0000 -0.9646 0.2639
vn -0.0000 -0.9689 0.2476
vn -0.9076 -0.1889 -0.3750
vn -0.9547 -0.0741 -0.2883
vn -0.7332 -0.0713 -0.6763
vn 0.4137 0.8801 0.2331
vn 0.5288 0.5904 0.6098
vn -0.1669 0.9323 0.3208
vn -0.0000 -0.9992 0.0398
vn -0.0000 -0.9992 0.0402
vn 0.9455 0.3212 0.0539
vn 0.9945 0.0995 0.0329
vn 0.9183 0.3959 -0.0058
vn 0.9104 0.3837 -0.1549
vn 0.9682 -0.0581 0.2434
vn 0.7703 0.6364 0.0404
vn 0.9962 0.0761 0.0417
vn 0.5292 0.8468 -0.0547
vn 0.9621 0.2718 -0.0214
vn -0.0280 0.0616 -0.9977
vn -0.0470 -0.0327 -0.9984
vn -0.1597 0.1168 -0.9802
vn 0.3965 0.1709 -0.9020
vn 0.3161 0.5578 -0.7674
vn 0.2555 0.6753 -0.6918
vn -0.9275 0.3739 0.0044
vn -0.9493 0.3093 0.0567
vn -0.9937 0.1100 0.0211
vn 0.9275 0.3739 0.0044
vn 0.9937 0.1100 0.0211
vn 0.9493 0.3093 0.0567
vn 0.0443 0.9913 0.1237
vn -0.0000 0.9924 0.1228
vn -0.0000 0.9890 0.1478
vn -0.0000 0.9971 0.0757
vn -0.7703 0.6364 0.0404
vn -0.9682 -0.0581 0.2434
vn -0.9104 0.3837 -0.1549
vn -0.1201 0.6241 -0.7720
vn -0.0771 0.9743 -0.2115
vn -0.0000 0.9724 -0.2334
vn -0.0554 -0.1695 0.9840
vn -0.0711 -0.1692 0.9830
vn -0.0000 -0.1465 0.9892
vn -0.6181 -0.0636 0.7835
vn -0.4424 -0.1794 0.8787
vn 0.4424 -0.1794 0.8787
vn 0.6181 -0.0636 0.7835
vn -0.0000 -0.1349 0.9909
vn 0.6654 0.2112 -0.7159
vn 0.9264 0.3691 -0.0749
vn 0.6807 -0.0193 -0.7323
vn 0.0874 0.9152 -0.3933
vn 0.0582 0.9231 -0.3801
vn 0.1024 0.9857 -0.1338
vn 0.0902 0.9849 0.1475
vn -0.4137 0.8801 0.2331
vn 0.1669 0.9323 0.3208
vn -0.5288 0.5904 0.6098
vn -0.0000 -0.2074 -0.9782
vn -0.0000 -0.0289 -0.9996
vn 0.9873 -0.1591 -0.0050
vn 0.9826 -0.1855 -0.0047
vn 0.9236 -0.1315 0.3601
vn 0.1069 0.9454 -0.3077
vn -0.1115 0.9882 -0.1047
vn -0.9690 0.0633 -0.2387
vn -0.9950 -0.0253 -0.0965
vn -0.9602 0.2759 -0.0434
vn -0.9840 -0.1777 -0.0164
vn -0.9826 -0.1848 -0.0161
vn -0.9623 -0.2711 -0.0224
vn -0.9725 -0.2164 -0.0858
vn 0.2391 0.9689 -0.0639
vn -0.2435 0.9657 0.0896
vn -0.0000 -0.5048 -0.8633
vn -0.9636 -0.0664 0.2589
vn -0.8200 0.2407 0.5194
vn -0.9986 -0.0070 0.0530
vn -0.9873 -0.1591 -0.0050
vn -0.9236 -0.1315 0.3601
vn -0.9826 -0.1855 -0.0047
vn -0.0000 -0.2336 -0.9723
vn -0.1578 0.9873 0.0209
vn -0.5076 0.2781 0.8155
vn -0.8647 0.3672 0.3426
vn -0.5908 0.0023 0.8068
vn 0.1578 0.9873 0.0209
vn 0.5076 0.2781 0.8155
vn 0.5908 0.0024 0.8068
vn 0.8647 0.3672 0.3426
vn 0.7304 0.6704 -0.1309
vn 0.2860 0.9576 -0.0348
vn -0.7304 0.6704 -0.1309
vn -0.2860 0.9576 -0.0348
vn -0.7304 0.6704 -0.1310
vn 0.9330 0.3583 0.0327
vn 0.9826 -0.1848 -0.0161
vn 0.9602 0.2759 -0.0434
vn 0.9623 -0.2711 -0.0224
vn 0.9725 -0.2164 -0.0858
vn 0.0252 0.7022 -0.7115
vn -0.0000 0.6377 -0.7703
vn -0.0000 0.9119 -0.4105
vn -0.0874 0.9152 -0.3933
vn -0.1024 0.9857 -0.1338
vn -0.0582 0.9231 -0.3801
vn -0.1069 0.9454 -0.3077
vn 0.1115 0.9882 -0.1047
vn -0.3161 0.5578 -0.7674
vn 0.9059 -0.3669 -0.2114
vn 0.9059 -0.3670 -0.2114
vn 0.9776 -0.0021 -0.2104
vn 0.4425 -0.1794 0.8786
vn 0.9176 -0.2057 0.3401
vn 0.0005 -1.0000 -0.0000
vn -0.0000 -1.0000 -0.0077
vn -0.0049 -0.9531 0.3028
vn -0.0046 -0.9532 0.3024
vn -0.0000 -0.9533 0.3021
vn -0.3484 -0.8710 0.3463
vn -0.4072 -0.8522 0.3287
vn -0.6603 -0.6502 0.3758
vn -0.9774 0.0333 -0.2087
vn -0.9774 0.0333 -0.2088
vn -0.9343 -0.2879 -0.2102
vn 0.9023 0.3753 -0.2123
vn 0.9027 0.3744 -0.2122
vn 0.9776 -0.0020 -0.2104
vn -0.4999 -0.1958 0.8437
vn -0.9337 0.0153 0.3576
vn -0.1889 -0.5605 0.8063
vn -0.6979 -0.0831 0.7114
vn -0.0173 -0.6070 0.7945
vn 0.9337 0.0153 0.3576
vn 0.4999 -0.1958 0.8437
vn 0.1889 -0.5605 0.8064
vn 0.0173 -0.6070 0.7945
vn 0.6979 -0.0831 0.7114
vn 0.6603 -0.6502 0.3758
vn 0.4072 -0.8522 0.3287
vn 0.3484 -0.8710 0.3463
vn 0.9343 -0.2879 -0.2102
vn 0.9774 0.0333 -0.2088
vn 0.9774 0.0333 -0.2087
vn -0.6654 0.2112 -0.7159
vn -0.6807 -0.0193 -0.7323
vn -0.9264 0.3691 -0.0749
vn -0.7177 0.6935 -0.0633
vn -0.7397 0.6727 -0.0151
vn -0.9217 0.3877 -0.0106
vn -0.6612 0.7501 -0.0102
vn 0.7397 0.6727 -0.0151
vn 0.6612 0.7501 -0.0102
vn 0.9217 0.3877 -0.0106
vn 0.7177 0.6935 -0.0633
vn -0.9962 0.0761 0.0417
vn -0.9621 0.2718 -0.0214
vn -0.5292 0.8468 -0.0547
vn -0.5716 0.8137 -0.1056
vn -0.6607 0.7348 -0.1534
vn -0.9939 0.0432 0.1020
vn 0.0540 0.9983 0.0228
vn -0.0005 -1.0000 -0.0000
vn -0.0000 -0.9999 -0.0160
vn -0.4425 -0.1794 0.8786
vn -0.9176 -0.2057 0.3401
vn -0.9776 -0.0021 -0.2104
vn -0.9059 -0.3670 -0.2114
vn -0.9059 -0.3669 -0.2114
vn 0.6130 0.7599 -0.2163
vn 0.9058 0.3673 -0.2112
vn 0.9059 0.3671 -0.2112
vn -0.0000 -0.3516 0.9362
vn 0.3045 -0.1758 0.9362
vn -0.3045 -0.1758 0.9362
vn -0.5221 0.0913 0.8480
vn -0.2753 0.1083 0.9552
vn -0.2518 -0.1554 0.9552
vn 0.0049 -0.9531 0.3028
vn -0.0000 -0.9533 0.3020
vn 0.5221 0.0912 0.8480
vn 0.2518 -0.1554 0.9552
vn 0.2753 0.1083 0.9552
vn -0.1879 0.6050 0.7738
vn -0.0000 0.9924 0.1232
vn -0.0990 0.9903 0.0977
vn -0.0000 0.6128 0.7902
vn 0.1879 0.6050 0.7737
vn 0.0771 0.9743 -0.2115
vn 0.2966 0.9316 -0.2100
vn 0.1201 0.6241 -0.7720
vn -0.0000 0.9889 -0.1484
vn -0.2966 0.9316 -0.2100
vn -0.0636 0.3210 -0.9450
vn -0.0860 0.6971 -0.7118
vn -0.0495 0.3208 -0.9459
vn -0.0668 0.6964 -0.7146
vn 0.0990 0.9903 0.0977
vn 0.9840 -0.1775 -0.0170
vn 0.9489 0.0717 0.3073
vn -0.5287 0.5904 0.6098
vn -0.8801 0.4639 0.1015
vn -0.4137 0.8801 0.2330
vn 0.5287 0.5905 0.6098
vn 0.4137 0.8800 0.2332
vn 0.8801 0.4639 0.1016
vn -0.3965 0.1709 -0.9020
vn -0.2555 0.6753 -0.6918
vn 0.0252 0.7021 -0.7116
vn 0.0218 0.2558 -0.9665
vn -0.0071 0.9906 0.1369
vn -0.0070 0.9905 0.1372
vn -0.0000 0.9905 0.1378
vn 0.6418 -0.6550 0.3989
vn 0.1531 0.9667 0.2052
vn -0.1356 0.9702 0.2010
vn 0.1053 0.9691 0.2232
vn 0.6024 0.7958 0.0620
vn -0.1531 0.9667 0.2052
vn -0.1053 0.9691 0.2232
vn 0.1356 0.9702 0.2010
vn -0.6024 0.7958 0.0620
vn 0.2543 0.9587 -0.1271
vn 0.5716 0.8137 -0.1056
vn 0.9938 0.0432 0.1020
vn 0.6607 0.7348 -0.1534
vn -0.0000 0.3516 0.9362
vn 0.0071 0.9906 0.1369
vn -0.0000 0.9904 0.1379
vn -0.6418 -0.6550 0.3989
vn 0.9677 -0.2521 -0.0077
vn 0.8883 -0.1258 0.4416
vn 0.9731 -0.2302 0.0002
vn 0.9176 0.1048 0.3835
vn 0.9678 -0.2483 -0.0426
vn 0.9212 0.3346 0.1986
vn 0.4326 -0.1236 -0.8931
vn -0.0000 -0.9998 -0.0195
vn -0.0000 -1.0000 -0.0097
vn -0.0000 -0.9999 -0.0119
vn 0.1452 -0.0551 -0.9879
vn 0.7643 -0.2270 -0.6035
vn 0.2797 -0.0379 -0.9593
vn -0.9059 0.3671 -0.2112
vn -0.9058 0.3673 -0.2112
vn -0.6130 0.7599 -0.2163
vn -0.0000 0.8728 0.4881
vn 0.1033 0.2907 0.9512
vn 0.0534 0.0038 0.9986
vn 0.2090 0.6584 0.7231
vn -0.2989 0.9338 0.1968
vn 0.6965 0.6562 -0.2906
vn 0.7991 0.6012 -0.0000
vn 0.7991 -0.6012 -0.0000
vn -0.7991 -0.6012 -0.0000
vn -0.7991 0.6012 -0.0000
vn -0.6965 0.6562 -0.2905
vn 0.6965 0.6562 0.2905
vn -0.6965 0.6562 0.2906
vn 0.6129 -0.7600 -0.2161
vn -0.9343 -0.2878 -0.2102
vn 0.9343 -0.2878 -0.2102
vn -0.6129 -0.7600 -0.2161
vn -0.0000 -0.9996 -0.0278
vn -0.4326 -0.1236 -0.8931
vn 0.0993 0.9936 -0.0539
vn 0.1630 0.9854 -0.0496
vn -0.9489 0.0717 0.3073
vn -0.0000 -0.9947 -0.1030
vn -0.0000 -0.9998 0.0185
vn 0.5156 0.8434 0.1511
vn 0.8944 0.4112 0.1761
vn 0.9925 0.1093 0.0547
vn -0.5156 0.8434 0.1511
vn -0.8944 0.4111 0.1762
vn -0.9925 0.1093 0.0547
vn -0.9776 -0.0020 -0.2104
vn -0.9027 0.3744 -0.2122
vn -0.9023 0.3753 -0.2123
vn -0.1033 0.2907 0.9512
vn -0.0534 0.0038 0.9986
vn -0.2090 0.6584 0.7231
vn -0.9183 0.3959 -0.0058
vn -0.0000 -0.9726 0.2325
vn -0.0000 -0.9725 0.2329
vn -0.0000 -0.9026 0.4305
vn 0.2989 0.9338 0.1968
vn 0.0911 -0.0369 0.9952
vn 0.1327 -0.0052 0.9911
vn 0.1975 -0.0183 0.9801
vn -0.0995 0.0002 0.9950
vn -0.0000 0.0001 1.0000
vn -0.0856 0.0326 -0.9958
vn -0.2231 0.0119 -0.9747
vn -0.0473 0.0047 -0.9989
vn 0.0476 0.0047 -0.9989
vn -0.0000 -0.0001 -1.0000
vn 0.0027 0.9682 0.2500
vn 0.0031 0.9682 0.2501
vn 0.4199 0.8510 0.3152
vn 0.9099 0.0103 0.4148
vn 0.9097 0.0089 0.4152
vn 0.8189 0.4193 0.3920
vn -0.2391 0.9689 -0.0639
vn -0.2543 0.9587 -0.1271
vn 0.6965 -0.6561 -0.2905
vn -0.6965 -0.6561 0.2905
vn -0.6965 -0.6561 -0.2906
vn 0.6965 -0.6561 0.2906
vn -0.8170 -0.4247 0.3901
vn -0.9099 0.0103 0.4148
vn -0.9097 0.0089 0.4152
vn 0.4611 -0.8298 0.3144
vn 0.0053 -0.9671 0.2544
vn 0.0045 -0.9672 0.2541
vn 0.8159 -0.4245 0.3925
vn -0.0045 -0.9672 0.2541
vn -0.0053 -0.9671 0.2544
vn -0.4611 -0.8298 0.3144
vn 0.4781 -0.8135 0.3312
vn 0.8283 0.3977 0.3946
vn 0.9107 -0.0228 0.4124
vn 0.9102 -0.0212 0.4136
vn -0.9102 -0.0212 0.4136
vn -0.9107 -0.0228 0.4124
vn -0.8283 0.3977 0.3947
vn -0.4781 -0.8135 0.3312
vn 0.8308 0.4050 0.3818
vn 0.4423 0.8381 0.3194
vn -0.0027 0.9682 0.2500
vn -0.0031 0.9682 0.2501
vn -0.8299 0.4048 0.3840
vn -0.4423 0.8381 0.3194
vn -0.4199 0.8510 0.3152
vn -0.8185 0.4192 0.3929
vn 0.4835 0.7211 0.4963
vn 0.9269 0.3754 -0.0062
vn 0.5184 0.8551 -0.0020
vn -0.4835 0.7210 0.4963
vn -0.9269 0.3754 -0.0062
vn -0.4835 0.7211 0.4963
vn -0.5184 0.8551 -0.0020
vn 0.9846 -0.0038 0.1750
vn 0.6608 0.7347 -0.1534
vn -0.9846 -0.0038 0.1750
vn -0.9938 0.0432 0.1020
vn -0.6608 0.7347 -0.1534
vn 0.9769 -0.2135 -0.0096
vn -0.0000 -0.8440 0.5363
vn -0.0000 -0.8331 0.5531
vn -0.0000 -0.9244 -0.3814
vn -0.0000 -0.6257 -0.7800
vn -0.0000 -0.6507 -0.7593
vn 0.9706 -0.2383 -0.0339
vn -0.9926 -0.1085 0.0548
vn 0.9926 -0.1085 0.0548
vn -0.4917 0.8707 -0.0113
vn -0.5383 0.8427 -0.0074
vn -0.6423 0.7659 -0.0288
vn -0.6813 0.7320 -0.0058
vn 0.5383 0.8427 -0.0074
vn 0.6813 0.7320 -0.0058
vn 0.6423 0.7659 -0.0288
vn 0.4917 0.8707 -0.0113
vn 0.9971 0.0474 0.0592
vn 0.9947 0.0935 0.0428
vn -0.0000 -0.9158 -0.4017
vn -0.0000 -0.7297 -0.6838
vn -0.0000 -0.9996 -0.0276
vn -0.0000 -0.9993 -0.0368
vn 0.0679 -0.0212 -0.9975
vn 0.0349 0.0124 -0.9993
vn 0.9341 -0.3565 -0.0172
vn 0.9508 -0.3041 -0.0584
vn -0.0000 -0.9189 0.3946
vn 0.0554 -0.1695 0.9840
vn 0.0711 -0.1692 0.9830
vn 0.0636 0.3210 -0.9450
vn 0.0495 0.3208 -0.9459
vn 0.0859 0.6971 -0.7118
vn -0.0000 -0.9032 0.4292
vn 0.9629 0.2497 -0.1024
vn 0.9300 0.3614 -0.0665
vn -0.0000 -0.0607 0.9982
vn -0.9677 -0.2521 -0.0077
vn -0.9731 -0.2302 0.0002
vn -0.8883 -0.1258 0.4416
vn -0.9176 0.1048 0.3835
vn -0.9212 0.3346 0.1986
vn -0.9678 -0.2483 -0.0426
vn -0.8674 -0.4217 -0.2641
vn -0.8423 0.2632 -0.4703
vn -0.5815 0.8135 -0.0069
vn 0.5815 0.8135 -0.0069
vn 0.8423 0.2632 -0.4703
vn 0.8674 -0.4217 -0.2641
vn 0.8544 0.4305 0.2910
vn 0.5221 0.0913 0.8480
vn 0.1108 0.9698 0.2173
vn 0.5298 0.8342 0.1531
vn -0.8544 0.4305 0.2910
vn -0.5298 0.8342 0.1531
vn -0.1108 0.9698 0.2173
vn 0.0995 0.0002 0.9950
vn 0.9347 0.3448 -0.0862
vn 0.9470 0.3015 -0.1107
vn -0.9470 0.3015 -0.1107
vn -0.9347 0.3448 -0.0862
vn 0.6242 0.7512 -0.2146
vn 0.6243 0.7511 -0.2145
vn 0.0256 0.9741 -0.2246
vn -0.0025 -0.0006 -1.0000
vn -0.0006 0.0027 -1.0000
vn 0.0003 -0.0007 -1.0000
vn 0.0025 -0.0006 -1.0000
vn -0.0003 -0.0007 -1.0000
vn 0.0006 0.0027 -1.0000
vn -0.0256 0.9741 -0.2246
vn -0.6243 0.7511 -0.2145
vn -0.6242 0.7512 -0.2145
vn -0.5057 -0.2920 0.8118
vn -0.2920 -0.5057 0.8118
vn -0.0000 0.8408 0.5413
vn -0.2064 0.3576 0.9108
vn 0.2920 -0.5057 0.8118
vn 0.5057 -0.2920 0.8118
vn 0.2065 0.3575 0.9108
vn -0.0000 -0.9226 0.3858
vn -0.9341 -0.3565 -0.0172
vn -0.9508 -0.3041 -0.0584
vn -0.9769 -0.2135 -0.0096
vn -0.9629 0.2497 -0.1024
vn -0.9300 0.3614 -0.0665
vn -0.9995 0.0148 -0.0289
vn -0.9992 0.0390 -0.0119
vn -0.9576 0.2577 -0.1292
vn -0.0993 0.9936 -0.0539
vn -0.1630 0.9854 -0.0496
vn 0.0856 0.0326 -0.9958
vn -0.0911 -0.0369 0.9952
vn -0.1975 -0.0183 0.9801
vn 0.1555 -0.1572 0.9753
vn 0.1379 -0.1782 0.9743
vn 0.0070 0.9905 0.1372
vn 0.0245 0.9906 0.1345
vn -0.9247 0.3800 0.0222
vn -0.9144 0.4007 0.0568
vn 0.9247 0.3800 0.0222
vn 0.9144 0.4007 0.0567
vn -0.1969 0.9789 -0.0548
vn 0.0179 0.7251 -0.6884
vn 0.1969 0.9789 -0.0548
vn -0.0178 0.7251 -0.6884
vn -0.9740 -0.2265 -0.0024
vn -0.9330 0.3583 0.0327
vn -0.9840 -0.1775 -0.0170
vn 0.0979 0.0023 -0.9952
vn 0.2231 0.0119 -0.9747
vn -0.1327 -0.0052 0.9911
vn -0.2988 0.9338 0.1969
vn 0.2988 0.9338 0.1969
vn -0.0303 0.9912 0.1288
vn -0.0245 0.9906 0.1345
vn -0.1280 0.1239 0.9840
vn -0.2793 0.1886 0.9415
vn -0.0614 0.0976 0.9933
vn -0.0679 -0.0212 -0.9975
vn -0.0349 0.0124 -0.9993
vn -0.0001 -0.9988 -0.0483
vn -0.0979 0.0023 -0.9952
vn -0.0668 0.6963 -0.7147
vn -0.0000 0.1917 -0.9815
vn -0.0218 0.2558 -0.9665
vn 0.0232 0.9741 -0.2247
vn -0.0232 0.9741 -0.2247
vn -0.1002 -0.4004 0.9109
vn 0.3977 0.5700 -0.7190
vn 0.4213 0.0468 -0.9057
vn 0.1126 0.0674 -0.9914
vn -0.1126 0.0674 -0.9914
vn -0.4213 0.0468 -0.9057
vn -0.3977 0.5700 -0.7190
vn 0.9318 0.3039 0.1984
vn 0.9778 0.0650 0.1991
vn 0.8200 0.2406 0.5194
vn -0.8199 0.2407 0.5194
vn -0.9318 0.3039 0.1984
vn -0.9778 0.0650 0.1991
vn 0.1889 -0.5605 0.8063
vn 0.5908 0.0023 0.8068
vn -0.1890 -0.5604 0.8064
vn -0.5908 0.0024 0.8068
vn -0.0148 0.9292 -0.3692
vn 0.0148 0.9292 -0.3692
vn 0.9995 0.0148 -0.0289
vn 0.9576 0.2577 -0.1292
vn 0.9992 0.0390 -0.0119
vn 0.9991 0.0427 0.0043
vn 0.8178 -0.4307 0.3817
vn -0.5199 0.3368 0.7850
vn 0.5199 0.3368 0.7850
vn -0.8190 -0.4309 0.3788
vn 0.9745 0.1827 -0.1305
vn 0.9985 -0.0162 -0.0532
vn 0.9958 -0.0912 -0.0004
vn 0.7638 -0.6103 -0.2100
vn 0.4494 -0.8678 -0.2119
vn -0.4494 -0.8678 -0.2119
vn -0.4494 -0.8678 -0.2120
vn -0.7638 -0.6103 -0.2100
vn -0.9916 0.0846 -0.0976
vn 0.9916 0.0846 -0.0976
vn 0.5840 -0.0000 0.8118
vn 0.5057 0.2920 0.8118
vn 0.3045 0.1758 0.9362
vn 0.1758 0.3045 0.9362
vn 0.2920 0.5057 0.8118
vn -0.3045 0.1758 0.9362
vn -0.5057 0.2920 0.8118
vn -0.5840 -0.0000 0.8118
vn -0.2920 0.5057 0.8118
vn -0.1758 0.3045 0.9362
vn -0.2064 -0.3575 0.9108
vn -0.0000 -0.8408 0.5413
vn 0.8408 -0.0000 0.5413
vn 0.7282 -0.4204 0.5413
vn 0.3575 -0.2065 0.9108
vn -0.3576 -0.2064 0.9108
vn -0.7282 -0.4204 0.5413
vn -0.8408 -0.0000 0.5413
vn 0.2064 -0.3576 0.9108
vn 0.2791 -0.0277 0.9599
vn 0.3329 0.6351 0.6970
vn -0.1267 0.3273 0.9364
vn -0.1582 0.8693 0.4682
vn -0.1879 0.6050 0.7737
vn -0.3329 0.6351 0.6970
vn -0.2791 -0.0277 0.9599
vn 0.1582 0.8693 0.4682
vn 0.1267 0.3273 0.9364
vn 0.1003 -0.4004 0.9109
vn 0.1842 0.8685 0.4602
vn -0.0000 0.8728 0.4880
vn -0.1842 0.8685 0.4602
vn -0.0000 0.9965 0.0831
vn -0.1219 0.4902 0.8631
vn -0.1219 0.4902 0.8630
vn -0.2555 0.6754 -0.6918
vn 0.0668 0.6964 -0.7146
vn -0.3575 0.2064 0.9108
vn -0.7282 0.4204 0.5413
vn -0.4204 0.7282 0.5413
vn 0.4204 0.7282 0.5413
vn 0.7281 0.4204 0.5413
vn -0.1555 -0.1572 0.9753
vn -0.0419 0.9910 0.1274
vn -0.9621 0.2718 -0.0215
vn -0.9962 0.0762 0.0416
vn -0.7381 -0.6648 0.1151
vn -0.7139 -0.5445 0.4402
vn -0.7280 -0.6299 0.2705
vn 0.7280 -0.6299 0.2705
vn 0.7139 -0.5445 0.4402
vn 0.7381 -0.6648 0.1151
vn 0.9962 0.0762 0.0417
vn -0.6132 0.7597 -0.2163
vn -0.0061 0.0050 -1.0000
vn 0.0061 0.0050 -1.0000
vn 0.6132 0.7597 -0.2163
vn -0.0000 0.6129 0.7902
vn -0.0000 0.0147 0.9999
vn 0.1915 -0.0030 0.9815
vn -0.1915 -0.0030 0.9815
vn 0.5534 0.2951 0.7789
vn -0.5534 0.2951 0.7789
vn 0.5534 0.2951 -0.7789
vn -0.5534 0.2951 -0.7789
vn -0.5212 0.7944 0.3119
vn 0.0004 0.7103 0.7039
vn -0.2569 0.6017 0.7563
vn 0.5212 0.7944 0.3118
vn 0.2569 0.6017 0.7563
vn -0.0004 0.7103 0.7039
vn 0.7644 -0.2269 -0.6035
vn 0.2881 -0.4193 -0.8609
vn 0.6111 -0.1338 -0.7802
vn -0.6111 -0.1338 -0.7802
vn -0.2881 -0.4193 -0.8609
vn 0.5534 -0.2951 -0.7789
vn 0.5534 -0.2951 0.7789
vn -0.5534 -0.2951 0.7789
vn -0.5534 -0.2951 -0.7789
vn -0.0000 0.9999 -0.0164
vn -0.7281 0.4204 0.5413
vn 0.0002 0.0001 -1.0000
vn 0.0645 -0.9741 -0.2166
vn 0.0643 -0.9741 -0.2166
vn 0.6126 -0.7602 -0.2161
vn -0.6126 -0.7602 -0.2161
vn -0.0643 -0.9741 -0.2166
vn -0.0645 -0.9741 -0.2166
vn -0.0002 0.0001 -1.0000
vn 0.5206 0.7942 0.3136
vn -0.4570 -0.8328 0.3123
vn -0.5206 0.7942 0.3135
vn 0.4570 -0.8328 0.3123
vn 0.6926 -0.4085 0.5945
vn 0.8024 0.3812 0.4591
vn -0.8025 0.3811 0.4591
vn -0.6926 -0.4085 0.5945
vn -0.9745 0.1827 -0.1305
vn -0.9958 -0.0912 -0.0004
vn -0.9985 -0.0162 -0.0532
vn -0.0252 0.7022 -0.7115
vn -0.0000 0.9922 -0.1249
vn -0.0000 -0.9716 0.2366
vn 0.9722 -0.2331 -0.0202
vn 0.9840 -0.1777 -0.0164
vn 0.6568 0.6157 -0.4354
vn 0.0586 0.4729 -0.8792
vn 0.6567 0.6157 -0.4355
vn 0.2214 0.9597 -0.1729
vn -0.6568 0.6157 -0.4354
vn -0.2214 0.9597 -0.1728
vn -0.6567 0.6157 -0.4355
vn -0.0586 0.4729 -0.8792
vn -0.0000 0.0727 -0.9974
vn -0.0000 0.6334 -0.7738
vn 0.1202 0.6242 -0.7720
vn -0.1201 0.6242 -0.7720
vn -0.0051 -1.0000 -0.0000
vn -0.0045 -1.0000 -0.0000
vn -0.7640 0.6452 -0.0000
vn -0.7556 0.6551 -0.0000
vn -0.4176 0.9087 -0.0000
vn 0.4176 0.9087 -0.0000
vn 0.7556 0.6551 -0.0000
vn 0.7640 0.6452 -0.0000
vn 0.0045 -1.0000 -0.0000
vn 0.0051 -1.0000 -0.0000
vn -0.9219 0.3500 0.1660
vn -0.8980 0.4388 0.0329
vn -0.9254 0.3766 -0.0425
vn 0.9219 0.3500 0.1660
vn 0.8980 0.4388 0.0329
vn 0.9254 0.3766 -0.0425
vn 0.4949 0.8689 -0.0113
vn 0.6638 0.5827 -0.4689
vn 0.8274 -0.3433 -0.4445
vn -0.8274 -0.3433 -0.4445
vn -0.6638 0.5827 -0.4689
vn -0.4949 0.8689 -0.0113
vn 0.9145 0.4007 0.0567
vn 0.9248 0.3799 0.0222
vn -0.9145 0.4007 0.0567
vn -0.9248 0.3799 0.0222
vn -0.9706 -0.2383 -0.0339
vn -0.0000 -0.9280 -0.3725
vn 0.8800 0.4639 0.1016
vn -0.8800 0.4639 0.1016
vn 0.2555 0.6754 -0.6918
vn -0.9991 0.0427 0.0043
vn -0.9171 0.3896 -0.0848
vn 0.4204 -0.7282 0.5413
vn -0.4204 -0.7282 0.5413
vn -0.0000 0.5840 0.8118
vn -0.3516 -0.0000 0.9362
vn 0.3516 -0.0000 0.9362
vn -0.0291 0.9968 0.0747
vn -0.0000 -0.9946 -0.1040
vn 0.9740 -0.2265 -0.0024
vn 0.0860 0.6971 -0.7118
vn 0.0668 0.6963 -0.7147
vn 0.0745 0.9946 -0.0729
vn -0.0745 0.9946 -0.0729
vn 0.3329 0.6350 0.6970
vn -0.3329 0.6350 0.6970
vn -0.9971 0.0474 0.0592
vn -0.0000 -0.7283 -0.6852
vn -0.0684 0.9901 -0.1225
vn 0.0684 0.9901 -0.1225
vn -0.0000 -0.0796 -0.9968
vn -0.0365 -0.0707 -0.9968
vn 0.0365 -0.0707 -0.9968
vn 0.0861 -0.0421 -0.9954
vn 0.1219 0.4902 0.8630
vn -0.1379 -0.1782 0.9743
vn 0.2793 0.1886 0.9415
vn 0.1280 0.1239 0.9840
vn 0.0303 0.9912 0.1288
vn -0.9951 -0.0985 0.0055
vn -0.9911 -0.1332 -0.0062
vn -0.9913 -0.1316 -0.0003
vn -0.9999 -0.0124 -0.0000
vn 0.9951 -0.0985 0.0055
vn 0.9913 -0.1316 -0.0003
vn 0.9911 -0.1332 -0.0062
vn 0.9999 -0.0124 -0.0000
vn -0.1758 -0.3045 0.9362
vn 0.1758 -0.3045 0.9362
vn 0.0095 1.0000 -0.0000
vn 0.6824 -0.7309 -0.0000
vn 0.4292 -0.9032 -0.0000
vn -0.0095 1.0000 -0.0000
vn -0.4292 -0.9032 -0.0000
vn -0.6824 -0.7309 -0.0000
vn -0.5488 0.4442 -0.7081
vn -0.6808 -0.0193 -0.7323
vn -0.6655 0.2112 -0.7159
vn 0.0004 -0.0001 -1.0000
vn -0.0004 -0.0001 -1.0000
vn 0.6655 0.2113 -0.7159
vn 0.6808 -0.0194 -0.7322
vn 0.5489 0.4442 -0.7082
vn 0.1060 0.9932 0.0488
vn -0.1060 0.9932 0.0488
vn 0.0001 -0.0001 -1.0000
vn -0.0001 0.0001 -1.0000
vn -0.0179 0.7252 -0.6883
vn 0.0178 0.7252 -0.6883
vn -0.0001 -0.0001 -1.0000
vn 0.0001 0.0001 -1.0000
vn 0.0046 -0.9532 0.3024
vn -0.2068 0.9012 -0.3809
vn 0.1073 0.9936 -0.0354
vn 0.2068 0.9012 -0.3809
vn -0.1073 0.9936 -0.0354
vn 0.7331 -0.0713 -0.6763
vn -0.4325 -0.1236 -0.8931
vn -0.7331 -0.0713 -0.6763
vn -0.0861 -0.0421 -0.9954
vn -0.9930 0.1182 0.0005
vn -0.9178 0.3971 -0.0039
vn 0.9930 0.1182 0.0005
vn 0.9178 0.3971 -0.0039
vn -0.9799 -0.1986 0.0206
vn 0.9799 -0.1986 0.0206
vn -0.8024 0.3811 0.4592
vn 0.8025 0.3811 0.4592
vn -0.7397 0.6728 -0.0151
vn -0.7176 0.6936 -0.0633
vn -0.4305 0.9011 -0.0511
vn -0.3254 0.6479 -0.6887
vn 0.7397 0.6728 -0.0151
vn 0.3254 0.6479 -0.6887
vn 0.4305 0.9011 -0.0511
vn 0.7176 0.6936 -0.0633
vn -0.0172 -0.6070 0.7945
vn 0.5076 0.2781 0.8154
vn -0.8219 -0.4160 0.3892
vn 0.8213 -0.4158 0.3907
vn -0.5076 0.2781 0.8154
vn -0.0758 0.1205 -0.9898
vn 0.0758 0.1205 -0.9898
vn 0.2733 0.6048 0.7480
vn -0.2732 0.6048 0.7480
vn 0.8265 0.4190 0.3759
vn -0.8265 0.4190 0.3759
vn 0.8904 -0.2317 0.3919
vn -0.8904 -0.2317 0.3919
vn -0.2754 0.1083 0.9552
vn 0.8301 -0.4142 0.3733
vn -0.8301 -0.4142 0.3733
vn -0.0051 0.9946 0.1038
vn 0.0051 0.9946 0.1038
vn 0.6112 -0.1338 -0.7801
vn -0.0003 -0.0000 -1.0000
vn 0.0003 -0.0000 -1.0000
vn -0.6112 -0.1338 -0.7801
vn -0.0443 0.9913 0.1237
vn 0.0045 0.0294 -0.9996
vn 0.0332 -0.0192 -0.9993
vn 0.0173 0.9990 0.0412
vn 0.0001 -0.0004 -1.0000
vn 0.3254 0.6480 -0.6887
vn -0.3254 0.6480 -0.6887
vn -0.0001 -0.0004 -1.0000
vn 0.7638 -0.6104 -0.2100
vn -0.0003 0.0003 -1.0000
vn -0.7638 -0.6104 -0.2100
vn 0.0003 0.0003 -1.0000
vn 0.9171 0.3896 -0.0848
vn -0.1451 -0.0551 -0.9879
vn -0.7643 -0.2269 -0.6036
vn 0.6132 0.7598 -0.2163
vn 0.1451 -0.0551 -0.9879
vn 0.7643 -0.2269 -0.6036
vn -0.6132 0.7598 -0.2163
vn 0.0864 0.9959 0.0285
vn 0.2990 0.9337 0.1969
vn -0.2989 0.9337 0.1969
vn -0.0864 0.9959 0.0285
vn 0.1581 0.8693 0.4682
vn 0.5212 0.7945 0.3118
vn 0.8647 0.3673 0.3426
vn -0.5212 0.7945 0.3118
vn -0.8647 0.3673 0.3426
vn -0.0000 -0.5840 0.8118
vn 0.0002 -0.0005 -1.0000
vn 0.0004 -0.0003 -1.0000
vn -0.5488 0.4443 -0.7081
vn 0.5489 0.4443 -0.7081
vn -0.0004 -0.0003 -1.0000
vn -0.0002 -0.0005 -1.0000
vn -0.7452 0.5389 0.3927
vn 0.7452 0.5389 0.3927
vn 0.4204 -0.7281 0.5413
vn 0.7992 -0.6011 -0.0000
vn 0.6965 -0.6561 0.2905
vn -0.3794 -0.0000 -0.9252
vn 0.6965 -0.6561 -0.2906
vn 0.7992 -0.6011 0.0001
vn -0.3794 -0.0000 0.9252
vn 0.3794 -0.0000 0.9252
vn -0.7992 -0.6011 -0.0000
vn -0.6965 -0.6561 -0.2905
vn 0.3794 -0.0000 -0.9252
vn -0.6965 -0.6561 0.2906
vn -0.7992 -0.6011 -0.0001
vn 0.8265 0.4191 0.3758
vn 0.8188 0.4194 0.3919
vn 0.4447 0.8323 0.3311
vn -0.4447 0.8323 0.3311
vn -0.8188 0.4194 0.3919
vn -0.8265 0.4191 0.3758
vn 0.8042 0.5944 -0.0000
vn -0.8042 0.5944 -0.0000
vn 0.0419 0.9910 0.1274
vn -0.0065 -0.0015 -1.0000
vn 0.0065 -0.0015 -1.0000
vn 0.0017 0.0113 -0.9999
vn -0.0000 -0.0079 -1.0000
vn 0.9887 0.1128 -0.0991
vn -0.9887 0.1128 -0.0991
vn 0.9799 -0.1988 -0.0144
vn -0.0000 -1.0000 -0.0028
vn -0.0000 -0.9999 -0.0154
vn -0.9177 0.3972 -0.0039
vn 0.9177 0.3972 -0.0039
vn 0.0204 0.9973 0.0708
vn 0.0272 0.9996 0.0064
vn -0.0000 1.0000 0.0094
vn 0.0231 0.9977 0.0635
vn 0.0545 0.9984 -0.0122
vn -0.0272 0.9996 0.0064
vn -0.0545 0.9984 -0.0122
vn -0.0231 0.9977 0.0635
vn -0.0204 0.9973 0.0708
vn 0.5533 0.2951 0.7789
vn 0.6965 0.6561 0.2906
vn 0.6965 0.6561 -0.2905
vn -0.6965 0.6561 0.2905
vn -0.5533 0.2951 0.7789
vn -0.5533 0.2951 -0.7789
vn -0.6965 0.6561 -0.2906
vn -0.2215 0.9597 -0.1728
vn -0.6128 -0.7601 -0.2162
vn 0.6128 -0.7601 -0.2161
vn -0.9722 -0.2331 -0.0202
vn -0.4360 -0.8393 0.3248
vn 0.4360 -0.8393 0.3248
vn -0.0017 0.0113 -0.9999
vn -0.0000 -0.9999 -0.0155
vn -0.9799 -0.1988 -0.0144
vn 0.5533 -0.2951 0.7789
vn -0.5533 -0.2951 0.7789
vn 0.5533 -0.2951 -0.7789
vn -0.5533 -0.2951 -0.7789
vn 0.2732 0.6048 0.7480
vn -0.6567 0.6157 -0.4354
vn 0.6567 0.6157 -0.4354
vn 0.8944 0.4111 0.1762
vn -0.5404 0.8414 -0.0072
vn -0.6819 0.7314 0.0018
vn 0.5404 0.8414 -0.0072
vn 0.6819 0.7315 0.0018
vn 0.7992 0.6011 -0.0000
vn 0.7992 0.6011 -0.0001
vn -0.7992 0.6011 -0.0000
vn -0.7992 0.6011 0.0001
vn 0.1565 -0.0036 0.9877
vn -0.1565 -0.0036 0.9877
vn 0.7282 0.4204 0.5413
vn 0.4205 -0.7281 0.5413
vn -0.4205 -0.7281 0.5413
vn -0.0012 -0.0041 -1.0000
vn 0.0012 -0.0041 -1.0000
vn 0.8219 -0.4160 0.3892
vn 0.8301 -0.4143 0.3732
vn -0.8301 -0.4143 0.3733
vn -0.8219 -0.4160 0.3891
vn -0.0000 0.9916 0.1293
vn -0.1214 0.0870 -0.9888
vn 0.0037 0.0003 -1.0000
vn 0.0015 0.0001 -1.0000
vn -0.0015 0.0001 -1.0000
vn -0.0037 0.0003 -1.0000
vn 0.1214 0.0870 -0.9888
vn 0.1033 0.2908 0.9512
vn -0.1033 0.2908 0.9512
vn -0.0950 0.9938 -0.0579
vn 0.0950 0.9938 -0.0579
vn -0.0499 0.9922 0.1142
vn -0.3829 0.2341 0.8937
vn 0.0499 0.9922 0.1142
vn 0.3829 0.2341 0.8937
vn -0.0000 0.9977 0.0682
vn 0.4105 0.8506 0.3284
vn 0.8283 0.3978 0.3946
vn 0.8308 0.4051 0.3818
vn -0.8307 0.4051 0.3818
vn -0.8283 0.3978 0.3946
vn -0.4105 0.8506 0.3284
vn 0.9926 -0.1212 -0.0113
vn 0.9937 -0.1125 0.0007
vn -0.9926 -0.1212 -0.0113
vn -0.9937 -0.1125 0.0007
vn -0.0332 -0.0192 -0.9993
vn -0.8190 -0.4311 0.3788
vn 0.8190 -0.4310 0.3788
vn -0.0252 0.7021 -0.7116
vn 0.8159 -0.4246 0.3925
vn -0.8159 -0.4246 0.3925
vn -0.0223 0.0040 -0.9997
vn -0.6244 0.7511 -0.2145
vn 0.6244 0.7511 -0.2145
vn 0.0223 0.0040 -0.9997
vn -0.6243 0.7512 -0.2145
vn 0.6243 0.7512 -0.2145
vn 0.6127 -0.7602 -0.2161
vn 0.0003 0.0001 -1.0000
vn -0.0003 0.0001 -1.0000
vn -0.6127 -0.7602 -0.2161
vn 0.0291 0.9968 0.0747
vn 0.1002 -0.4004 0.9109
vn 0.1588 0.0049 -0.9873
vn -0.1588 0.0049 -0.9873
vn 0.0001 -0.9988 -0.0483
vn 0.0514 0.9984 0.0237
vn -0.0514 0.9984 0.0237
vn -0.0107 -0.9943 0.1060
vn 0.0107 -0.9943 0.1060
vn 0.0370 0.9989 -0.0279
vn -0.0000 0.9994 -0.0352
vn -0.0000 1.0000 0.0054
vn -0.0370 0.9989 -0.0279
vn 0.0059 0.0160 -0.9999
vn -0.0059 0.0160 -0.9999
vn 0.5488 0.4442 -0.7081
vn -0.5206 0.7941 0.3136
vn -0.2733 0.6048 0.7480
vn 0.5206 0.7941 0.3136
vn 0.0076 -0.0649 -0.9979
vn 0.2569 0.6016 0.7563
vn -0.2569 0.6016 0.7563
vn 0.6664 0.7456 -0.0084
vn 0.6775 0.7354 -0.0084
vn 0.6776 0.7354 -0.0084
vn 0.9287 0.3707 -0.0043
vn 0.6664 0.7455 -0.0084
vn -0.6776 0.7354 -0.0084
vn -0.6664 0.7455 -0.0084
vn -0.9287 0.3707 -0.0043
vn -0.6664 0.7456 -0.0084
vn -0.6775 0.7354 -0.0084
vn -0.0001 -0.0000 -1.0000
vn 0.0001 -0.0000 -1.0000
vn -0.4493 -0.8679 -0.2119
vn 0.4493 -0.8679 -0.2120
vn -0.8543 0.4306 0.2910
vn 0.8543 0.4306 0.2910
vn 0.9930 -0.1175 0.0072
vn -0.0000 -0.9999 -0.0126
vn 0.5757 0.8176 -0.0081
vn -0.5757 0.8176 -0.0081
vn 0.9219 0.3874 -0.0035
vn 0.9287 0.3708 -0.0043
vn 0.9941 0.1089 -0.0008
vn 0.9219 0.3873 -0.0035
vn -0.9219 0.3873 -0.0034
vn -0.9941 0.1089 -0.0008
vn -0.9219 0.3874 -0.0035
vn -0.9287 0.3708 -0.0043
vn -0.9930 -0.1175 0.0072
vn -0.0000 0.0073 1.0000
vn -0.0815 0.9945 -0.0654
vn 0.0815 0.9945 -0.0654
vn 0.8423 0.2631 -0.4704
vn -0.8424 0.2631 -0.4703
vn 0.0001 -0.0025 1.0000
vn 0.0002 0.3367 0.9416
vn -0.3329 0.3169 0.8881
vn -0.3360 -0.0040 0.9419
vn 0.0002 0.6308 0.7760
vn -0.3319 0.5949 0.7320
vn 0.0002 0.6309 0.7759
vn 0.0003 0.8518 0.5239
vn -0.3324 0.8034 0.4940
vn -0.3320 0.5949 0.7320
vn 0.0003 0.9777 0.2098
vn -0.3343 0.9216 0.1973
vn 0.0003 0.9906 -0.1366
vn -0.3370 0.9326 -0.1290
vn 0.0002 0.8800 -0.4749
vn -0.3390 0.8280 -0.4467
vn 0.0001 0.6541 -0.7564
vn -0.3392 0.6160 -0.7110
vn 0.0001 0.6540 -0.7565
vn -0.0001 0.3454 -0.9385
vn -0.3373 0.3264 -0.8830
vn -0.0003 0.0011 -1.0000
vn -0.3344 0.0022 -0.9424
vn -0.0004 -0.3351 -0.9422
vn -0.3319 -0.3156 -0.8890
vn -0.0003 -0.8491 -0.5283
vn -0.3041 -0.7986 -0.5194
vn -0.0000 -0.9997 -0.0262
vn -0.0576 -0.9956 -0.0741
vn -0.3040 -0.7986 -0.5194
vn -0.0001 -0.8883 0.4592
vn -0.1734 -0.8458 0.5045
vn -0.0001 -0.3867 0.9222
vn -0.3280 -0.3542 0.8758
vn -0.0001 -0.3866 0.9223
vn -0.3279 -0.3542 0.8758
vn 0.0001 -1.0000 -0.0000
vn 1.0000 -0.0012 0.0017
vn 1.0000 -0.0004 0.0023
vn 1.0000 -0.0002 0.0019
vn 1.0000 -0.0004 0.0015
vn 1.0000 -0.0000 0.0034
vn 1.0000 -0.0000 0.0025
vn 1.0000 0.0007 0.0017
vn 1.0000 0.0004 0.0016
vn 1.0000 0.0008 0.0015
vn 1.0000 0.0011 0.0014
vn 1.0000 0.0006 0.0014
vn 1.0000 0.0004 0.0012
vn 1.0000 -0.0000 0.0013
vn 1.0000 0.0007 0.0014
vn 1.0000 0.0001 0.0013
vn 1.0000 -0.0000 0.0008
vn 1.0000 -0.0000 0.0009
vn 1.0000 -0.0001 0.0010
vn -0.8910 0.0019 0.4540
vn -0.8897 0.1550 0.4295
vn -0.8893 0.2884 0.3548
vn -0.8895 0.3885 0.2407
vn -0.8903 0.4446 0.0979
vn -0.8916 0.4490 -0.0591
vn -0.8925 0.3980 -0.2122
vn -0.8927 0.2955 -0.3402
vn -0.3374 0.3264 -0.8830
vn -0.8920 0.1558 -0.4244
vn -0.8907 -0.0009 -0.4546
vn -0.3320 -0.3156 -0.8889
vn -0.8896 -0.1548 -0.4297
vn -0.8380 -0.4830 -0.2537
vn -0.6950 -0.7165 -0.0598
vn -0.7048 -0.7094 0.0018
vn -0.7070 -0.7072 0.0010
vn -0.6925 -0.6848 0.2268
vn -0.1734 -0.8458 0.5046
vn -0.8923 -0.1561 0.4237
vn -0.0003 0.0011 1.0000
vn -0.0001 0.3454 0.9385
vn -0.3372 0.3264 0.8830
vn -0.3344 0.0022 0.9424
vn 0.0001 0.6540 0.7565
vn -0.3391 0.6160 0.7110
vn 0.0001 0.6541 0.7564
vn 0.0002 0.8800 0.4749
vn -0.3389 0.8280 0.4466
vn 0.0003 0.9906 0.1366
vn -0.3369 0.9327 0.1290
vn 0.0003 0.9777 -0.2098
vn -0.3342 0.9216 -0.1973
vn 0.0003 0.8518 -0.5239
vn -0.3323 0.8035 -0.4940
vn 0.0003 0.6309 -0.7759
vn -0.3320 0.5948 -0.7321
vn 0.0003 0.6308 -0.7759
vn 0.0003 0.3367 -0.9416
vn -0.3331 0.3168 -0.8881
vn 0.0001 -0.0025 -1.0000
vn -0.3362 -0.0040 -0.9418
vn -0.0000 -0.3865 -0.9223
vn -0.3365 -0.3632 -0.8688
vn -0.0001 -0.3866 -0.9223
vn -0.0000 -0.8883 -0.4592
vn -0.1946 -0.8350 -0.5146
vn -0.3365 -0.3633 -0.8688
vn -0.0008 -1.0000 -0.0007
vn -0.0001 -0.9997 0.0263
vn -0.0072 -0.9995 0.0299
vn -0.0005 -0.8491 0.5282
vn -0.2891 -0.7917 0.5382
vn -0.0004 -0.8491 0.5282
vn -0.0004 -0.3351 0.9422
vn -0.3320 -0.3156 0.8889
vn 1.0000 -0.0005 -0.0020
vn 0.9999 -0.0106 -0.0017
vn 1.0000 -0.0004 -0.0015
vn 1.0000 -0.0006 -0.0012
vn 1.0000 -0.0001 -0.0009
vn 1.0000 -0.0003 -0.0012
vn 1.0000 -0.0000 -0.0007
vn 1.0000 0.0001 -0.0010
vn 1.0000 -0.0001 -0.0012
vn 1.0000 -0.0000 -0.0009
vn 1.0000 0.0003 -0.0014
vn 1.0000 0.0007 -0.0014
vn 1.0000 0.0010 -0.0014
vn 1.0000 0.0012 -0.0014
vn 1.0000 0.0003 -0.0018
vn 1.0000 0.0001 -0.0027
vn 1.0000 0.0001 -0.0024
vn 1.0000 -0.0001 -0.0027
vn -0.8907 -0.0010 0.4546
vn -0.3373 0.3264 0.8830
vn -0.8920 0.1558 0.4244
vn -0.8927 0.2956 0.3401
vn -0.8925 0.3980 0.2121
vn -0.8916 0.4490 0.0591
vn -0.8904 0.4446 -0.0979
vn -0.8895 0.3884 -0.2407
vn -0.8893 0.2883 -0.3549
vn -0.3321 0.5948 -0.7321
vn -0.8896 0.1550 -0.4296
vn -0.3363 -0.0040 -0.9418
vn -0.8909 0.0019 -0.4543
vn -0.3366 -0.3632 -0.8688
vn -0.8881 -0.1738 -0.4256
vn -0.1946 -0.8350 -0.5147
vn -0.6907 -0.6814 -0.2421
vn -0.7064 -0.7078 -0.0014
vn -0.7053 -0.7090 -0.0000
vn -0.7039 -0.7099 0.0234
vn -0.8561 -0.4305 0.2861
vn -0.2890 -0.7917 0.5382
vn -0.8896 -0.1549 0.4298
vn -0.8782 0.3145 0.3602
vn -0.8773 0.1679 0.4496
vn -0.8734 0.4156 0.2538
vn -0.9085 -0.2665 0.3218
vn -0.8064 0.5797 0.1172
vn -0.9177 0.2606 -0.2997
vn -0.9143 -0.2558 -0.3139
vn -0.9170 -0.3513 0.1890
vn -0.9175 0.3510 0.1871
vn -0.9143 0.2551 -0.3145
vn -0.9145 -0.3446 0.2121
vn -0.9146 0.3436 0.2134
vn -0.8895 0.3885 0.2406
vn -0.8724 -0.4169 -0.2553
vn -0.9459 0.2134 0.2446
vn -0.9451 0.1144 0.3060
vn -0.8227 -0.1958 -0.5336
vn -0.7069 -0.7073 0.0010
vn -0.8838 0.4203 -0.2054
vn -0.8227 -0.0006 -0.5684
vn -0.8237 0.1965 -0.5318
vn -0.8773 0.1680 -0.4495
vn -0.8231 -0.4999 0.2694
vn -0.8225 -0.5636 0.0771
vn -0.8756 -0.4783 0.0681
vn -0.8770 -0.4219 0.2297
vn -0.8772 -0.3135 0.3636
vn -0.8232 -0.3712 0.4295
vn -0.8220 0.0004 0.5694
vn -0.8228 -0.1958 0.5336
vn -0.8760 -0.1669 0.4525
vn -0.9085 -0.2664 0.3218
vn -0.6950 -0.7166 -0.0598
vn -0.9150 -0.1372 0.3794
vn -0.7063 -0.7079 -0.0014
vn -0.8790 0.4235 0.2191
vn -0.8723 -0.3087 0.3792
vn -0.8724 -0.4169 0.2552
vn -0.8895 0.3884 -0.2406
vn -0.8928 0.2955 0.3401
vn -0.8926 0.3979 0.2121
vn -0.8771 -0.4219 -0.2297
vn -0.8759 0.4146 -0.2468
vn -0.8722 0.3068 -0.3810
vn -0.8213 0.3587 -0.4437
vn -0.8188 0.4919 -0.2959
vn -0.8003 0.5878 -0.1185
vn -0.9105 -0.2774 -0.3067
vn -0.8783 0.3144 -0.3602
vn -0.9455 -0.2134 -0.2459
vn -0.9449 -0.1142 -0.3067
vn -0.8237 0.1965 0.5318
vn -0.8722 0.3068 0.3810
vn -0.8727 0.1628 0.4603
vn -0.8727 0.1628 -0.4604
vn -0.8772 -0.3134 -0.3636
vn -0.8772 -0.3134 0.3636
vn -0.8770 -0.4220 0.2297
vn -0.8723 -0.3087 -0.3792
vn -0.8724 -0.4169 -0.2552
vn -0.8211 -0.4860 -0.2993
vn -0.9444 0.3257 -0.0448
vn -0.9430 0.3255 0.0699
vn -0.8216 -0.5572 -0.1203
vn -0.9428 -0.3262 -0.0684
vn -0.9441 -0.3262 0.0465
vn -0.9161 -0.3972 0.0542
vn -0.9273 -0.2308 -0.2946
vn -0.8839 0.4202 -0.2054
vn -0.8181 0.5146 -0.2566
vn -0.8211 -0.4860 0.2993
vn -0.8216 -0.5572 0.1203
vn -0.8737 -0.4760 0.1002
vn -0.8773 -0.3134 -0.3636
vn -0.8771 -0.4218 -0.2298
vn -0.8231 -0.5000 -0.2694
vn -0.8760 -0.1668 0.4525
vn -0.9144 -0.2558 0.3138
vn -0.9419 -0.2866 0.1753
vn -0.9173 -0.2608 -0.3010
vn -0.9151 -0.3942 -0.0850
vn -0.9437 0.0014 -0.3307
vn -0.9424 -0.1121 -0.3150
vn -0.9150 -0.1372 -0.3794
vn -0.9419 0.2859 -0.1763
vn -0.9417 0.2117 -0.2615
vn -0.9168 -0.1376 -0.3748
vn -0.8754 0.0015 0.4833
vn -0.8735 -0.1639 0.4584
vn -0.8760 -0.1669 -0.4525
vn -0.8742 -0.0014 -0.4856
vn -0.8227 -0.1959 -0.5336
vn -0.8220 0.0003 -0.5695
vn -0.9437 -0.0013 0.3308
vn -0.9424 0.1119 0.3152
vn -0.9149 0.1369 0.3798
vn -0.9165 0.3965 -0.0521
vn -0.9154 0.3931 0.0869
vn -0.9159 0.0009 0.4015
vn -0.9455 -0.2134 0.2458
vn -0.9449 -0.1142 0.3067
vn -0.9168 -0.1377 0.3749
vn -0.8214 0.1919 -0.5370
vn -0.8213 0.3586 -0.4437
vn -0.8722 0.3067 -0.3810
vn -0.9417 -0.2122 0.2611
vn -0.8759 0.4146 -0.2469
vn -0.7039 -0.7099 0.0235
vn -0.9161 -0.0010 -0.4010
vn -0.8213 0.3587 0.4437
vn -0.8214 0.1920 0.5371
vn -0.9417 -0.2122 -0.2610
vn -0.9419 -0.2865 -0.1753
vn -0.9144 -0.3447 -0.2122
vn -0.9424 0.1120 -0.3152
vn -0.9437 -0.0013 -0.3308
vn -0.9159 0.0009 -0.4015
vn -0.8724 -0.4169 0.2551
vn -0.8723 -0.3087 0.3791
vn -0.8211 -0.3605 0.4425
vn -0.9145 0.3437 -0.2134
vn -0.9177 0.2607 0.2998
vn -0.9478 -0.2193 0.2314
vn -0.7900 0.6097 0.0638
vn -0.8241 0.4994 0.2672
vn -0.8243 0.3717 0.4271
vn -0.8735 -0.1639 -0.4585
vn -0.8916 0.4489 0.0591
vn -0.8904 0.4445 -0.0979
vn -0.8737 -0.4760 0.1003
vn -0.9171 0.1376 0.3741
vn -0.9424 -0.1122 0.3151
vn -0.9437 0.0014 0.3307
vn -0.9161 -0.0010 0.4010
vn -0.8212 -0.3605 -0.4424
vn -0.8218 -0.1933 -0.5360
vn -0.9417 0.2117 0.2615
vn -0.9419 0.2859 0.1763
vn -0.8737 -0.4761 -0.1003
vn -0.8904 0.4446 0.0979
vn -0.8216 0.4845 0.3005
vn -0.8242 0.3718 -0.4271
vn -0.8217 -0.1934 0.5360
vn -0.8755 0.0015 0.4833
vn -0.8228 -0.0006 0.5684
vn -0.8760 -0.1668 -0.4525
vn -0.8232 -0.3713 -0.4295
vn -0.8756 -0.4782 -0.0682
vn -0.8754 0.0015 -0.4833
vn -0.8755 0.0015 -0.4833
vn -0.8742 -0.0013 0.4856
vn -0.8217 -0.5571 -0.1202
vn -0.8783 0.3145 0.3602
vn -0.1947 -0.8350 -0.5147
vn -0.9458 0.2134 -0.2446
vn -0.9451 0.1144 -0.3061
vn -0.9172 0.1375 -0.3740
vn -0.9456 0.2867 -0.1540
vn -0.9441 -0.3263 -0.0465
vn -0.9428 -0.3262 0.0684
vn -0.9151 -0.3941 0.0850
vn -0.9452 -0.2870 -0.1556
vn -0.9456 0.2866 0.1539
vn -0.9444 0.3256 0.0448
vn -0.9430 0.3254 -0.0699
vn -0.9154 0.3932 -0.0869
vn -0.9173 -0.2608 0.3010
vn -0.9162 -0.3971 -0.0543
vn -0.9165 0.3966 0.0521
vn -0.8063 0.5797 0.1172
vn -0.8727 0.1628 -0.4603
vn -0.8002 0.5879 -0.1185
vn -0.7900 0.6098 0.0638
vn -0.8211 -0.4861 0.2993
vn -0.8224 -0.5637 -0.0771
vn -0.8237 0.1965 -0.5319
vn -0.8220 0.0003 -0.5694
vn -0.8227 -0.0006 0.5684
vn -0.8927 0.2956 -0.3402
vn -0.8216 0.4844 0.3005
vn -0.8212 0.3587 0.4437
vn -0.8211 -0.3605 -0.4425
vn -0.8217 -0.1933 -0.5360
vn -0.9144 0.2551 0.3144
vn -0.9149 0.1369 -0.3798
vn -0.8381 -0.4830 -0.2537
vn -0.8224 -0.5636 -0.0771
vn -0.7874 0.6099 -0.0897
vn -0.7874 0.6099 -0.0896
vn -0.8783 0.3144 -0.3601
vn -0.8560 -0.4305 0.2862
vn -0.9085 -0.2664 0.3219
vn -0.9274 -0.2308 -0.2945
vn -0.8773 -0.3133 -0.3636
vn -0.9452 -0.2870 0.1556
vn -0.9105 -0.2774 -0.3066
vn -0.7052 -0.7090 -0.0001
vn -0.8242 0.3717 -0.4271
vn -0.8233 -0.3712 0.4295
vn -0.9170 -0.3513 -0.1889
vn -0.9175 0.3511 -0.1871
vn -0.9478 -0.2193 0.2313
vn -0.6926 -0.6848 0.2268
vn -0.0002 0.3367 0.9416
vn -0.0001 -0.0025 1.0000
vn 0.3329 0.3169 0.8881
vn 0.3360 -0.0040 0.9419
vn -0.0002 0.6308 0.7760
vn 0.3320 0.5949 0.7321
vn -0.0003 0.8518 0.5239
vn -0.0002 0.6309 0.7759
vn 0.3324 0.8034 0.4940
vn 0.3320 0.5949 0.7320
vn -0.0003 0.9777 0.2098
vn 0.3343 0.9216 0.1973
vn -0.0003 0.9906 -0.1366
vn 0.3370 0.9326 -0.1290
vn -0.0002 0.8800 -0.4749
vn 0.3390 0.8280 -0.4467
vn -0.0001 0.6541 -0.7564
vn 0.3392 0.6160 -0.7110
vn 0.0001 0.3454 -0.9385
vn -0.0001 0.6540 -0.7565
vn 0.3373 0.3264 -0.8830
vn 0.0003 0.0011 -1.0000
vn 0.3344 0.0022 -0.9424
vn 0.0004 -0.3351 -0.9422
vn 0.3319 -0.3156 -0.8890
vn 0.0003 -0.8491 -0.5283
vn 0.3040 -0.7986 -0.5194
vn 0.0576 -0.9956 -0.0741
vn 0.0001 -0.8883 0.4592
vn 0.1734 -0.8458 0.5045
vn 0.0001 -0.3867 0.9222
vn 0.3280 -0.3542 0.8758
vn 0.0001 -0.3866 0.9223
vn 0.3279 -0.3542 0.8758
vn -0.0001 -1.0000 -0.0000
vn -1.0000 -0.0004 0.0023
vn -1.0000 -0.0012 0.0017
vn -1.0000 -0.0002 0.0019
vn -1.0000 -0.0004 0.0015
vn -1.0000 -0.0000 0.0034
vn -1.0000 -0.0000 0.0025
vn -1.0000 0.0007 0.0017
vn -1.0000 0.0004 0.0016
vn -1.0000 0.0011 0.0014
vn -1.0000 0.0005 0.0015
vn -1.0000 0.0008 0.0014
vn -1.0000 0.0004 0.0012
vn -1.0000 0.0006 0.0014
vn -1.0000 -0.0000 0.0013
vn -1.0000 0.0007 0.0014
vn -1.0000 0.0004 0.0014
vn -1.0000 -0.0000 0.0008
vn -1.0000 -0.0000 0.0009
vn -1.0000 -0.0001 0.0010
vn 0.8910 0.0019 0.4540
vn 0.8897 0.1550 0.4295
vn 0.8893 0.2884 0.3549
vn 0.8895 0.3885 0.2407
vn 0.8903 0.4446 0.0979
vn 0.8916 0.4490 -0.0591
vn 0.8925 0.3980 -0.2122
vn 0.3392 0.6159 -0.7110
vn 0.8927 0.2955 -0.3402
vn 0.3374 0.3264 -0.8830
vn 0.8920 0.1558 -0.4244
vn 0.3344 0.0023 -0.9424
vn 0.8907 -0.0009 -0.4546
vn 0.3320 -0.3156 -0.8889
vn 0.8896 -0.1548 -0.4297
vn 0.8380 -0.4830 -0.2537
vn 0.6950 -0.7165 -0.0598
vn 0.7048 -0.7094 0.0018
vn 0.7070 -0.7072 0.0010
vn 0.1734 -0.8458 0.5046
vn 0.6925 -0.6848 0.2268
vn 0.8923 -0.1561 0.4237
vn 0.0001 0.3454 0.9385
vn 0.0003 0.0011 1.0000
vn 0.3372 0.3264 0.8830
vn 0.3344 0.0021 0.9424
vn -0.0001 0.6540 0.7565
vn 0.3391 0.6160 0.7110
vn -0.0002 0.8800 0.4749
vn -0.0001 0.6541 0.7564
vn 0.3389 0.8280 0.4466
vn -0.0003 0.9906 0.1366
vn 0.3369 0.9327 0.1290
vn -0.0003 0.9777 -0.2098
vn 0.3342 0.9216 -0.1973
vn -0.0003 0.8518 -0.5239
vn 0.3323 0.8035 -0.4940
vn -0.0003 0.6309 -0.7759
vn 0.3320 0.5948 -0.7321
vn -0.0003 0.3367 -0.9416
vn -0.0003 0.6308 -0.7759
vn 0.3331 0.3168 -0.8881
vn 0.3320 0.5949 -0.7321
vn -0.0001 -0.0025 -1.0000
vn 0.3362 -0.0040 -0.9418
vn 0.3365 -0.3632 -0.8688
vn -0.0000 -0.3866 -0.9223
vn 0.1946 -0.8350 -0.5146
vn 0.3365 -0.3633 -0.8688
vn 0.0008 -1.0000 -0.0007
vn 0.0001 -0.9997 0.0263
vn 0.0072 -0.9995 0.0299
vn 0.0005 -0.8491 0.5282
vn 0.2891 -0.7917 0.5382
vn 0.0004 -0.3351 0.9422
vn 0.3319 -0.3156 0.8889
vn -0.9999 -0.0106 -0.0017
vn -1.0000 -0.0005 -0.0020
vn -1.0000 -0.0004 -0.0015
vn -1.0000 -0.0001 -0.0009
vn -1.0000 -0.0006 -0.0012
vn -1.0000 -0.0003 -0.0012
vn -1.0000 -0.0000 -0.0007
vn -1.0000 0.0001 -0.0010
vn -1.0000 -0.0000 -0.0009
vn -1.0000 -0.0001 -0.0012
vn -1.0000 0.0003 -0.0014
vn -1.0000 0.0007 -0.0014
vn -1.0000 0.0012 -0.0014
vn -1.0000 0.0010 -0.0014
vn -1.0000 0.0003 -0.0018
vn -1.0000 0.0001 -0.0027
vn -1.0000 0.0001 -0.0024
vn -1.0000 -0.0001 -0.0027
vn 0.8907 -0.0010 0.4546
vn 0.3373 0.3264 0.8830
vn 0.8920 0.1558 0.4244
vn 0.3392 0.6160 0.7110
vn 0.8927 0.2955 0.3401
vn 0.8925 0.3980 0.2122
vn 0.8916 0.4490 0.0591
vn 0.8904 0.4446 -0.0979
vn 0.8895 0.3884 -0.2406
vn 0.3321 0.5948 -0.7321
vn 0.8893 0.2883 -0.3549
vn 0.8896 0.1550 -0.4296
vn 0.3363 -0.0040 -0.9418
vn 0.8909 0.0019 -0.4543
vn 0.3366 -0.3632 -0.8688
vn 0.8881 -0.1738 -0.4256
vn 0.1946 -0.8350 -0.5147
vn 0.6907 -0.6814 -0.2422
vn 0.7064 -0.7078 -0.0014
vn 0.7053 -0.7090 -0.0000
vn 0.7039 -0.7099 0.0234
vn 0.8561 -0.4305 0.2861
vn 0.3320 -0.3156 0.8889
vn 0.8896 -0.1549 0.4298
vn 0.8773 0.1680 0.4496
vn 0.8782 0.3146 0.3602
vn 0.9085 -0.2665 0.3219
vn 0.8734 0.4156 0.2538
vn 0.8064 0.5797 0.1173
vn 0.9143 -0.2558 -0.3139
vn 0.9177 0.2606 -0.2997
vn 0.9170 -0.3513 0.1890
vn 0.9143 0.2551 -0.3145
vn 0.9175 0.3510 0.1871
vn 0.9145 -0.3446 0.2121
vn 0.8893 0.2883 -0.3550
vn 0.9146 0.3436 0.2134
vn 0.8895 0.3884 0.2407
vn 0.8893 0.2884 0.3548
vn 0.8724 -0.4170 -0.2552
vn 0.9451 0.1144 0.3060
vn 0.9459 0.2134 0.2446
vn 0.8227 -0.1958 -0.5336
vn 0.7069 -0.7073 0.0009
vn 0.8838 0.4203 -0.2054
vn 0.8237 0.1966 -0.5318
vn 0.8227 -0.0005 -0.5684
vn 0.8773 0.1679 -0.4495
vn 0.8225 -0.5636 0.0770
vn 0.8231 -0.4999 0.2694
vn 0.8756 -0.4783 0.0682
vn 0.8772 -0.3134 0.3636
vn 0.8770 -0.4219 0.2297
vn 0.8232 -0.3713 0.4295
vn 0.8228 -0.1958 0.5336
vn 0.8220 0.0003 0.5694
vn 0.8760 -0.1668 0.4525
vn 0.9085 -0.2664 0.3218
vn 0.6950 -0.7166 -0.0599
vn 0.9150 -0.1372 0.3794
vn 0.7063 -0.7079 -0.0014
vn 0.6907 -0.6814 -0.2421
vn 0.8790 0.4235 0.2191
vn 0.8724 -0.4169 0.2552
vn 0.8723 -0.3087 0.3792
vn 0.8926 0.3979 0.2121
vn 0.8928 0.2955 0.3401
vn 0.8771 -0.4219 -0.2297
vn 0.8722 0.3068 -0.3810
vn 0.8759 0.4145 -0.2469
vn 0.8213 0.3587 -0.4437
vn 0.8003 0.5878 -0.1184
vn 0.8188 0.4919 -0.2958
vn 0.9105 -0.2774 -0.3067
vn 0.8783 0.3144 -0.3602
vn 0.8773 0.1680 -0.4495
vn 0.9449 -0.1142 -0.3067
vn 0.9455 -0.2134 -0.2459
vn 0.8237 0.1965 0.5318
vn 0.8727 0.1629 0.4603
vn 0.8722 0.3068 0.3810
vn 0.8727 0.1628 -0.4604
vn 0.8772 -0.3134 -0.3636
vn 0.8770 -0.4220 0.2297
vn 0.8772 -0.3134 0.3637
vn 0.8724 -0.4169 -0.2552
vn 0.8723 -0.3087 -0.3792
vn 0.8211 -0.4860 -0.2993
vn 0.9430 0.3255 0.0699
vn 0.9444 0.3257 -0.0448
vn 0.8216 -0.5572 -0.1203
vn 0.9441 -0.3262 0.0465
vn 0.9428 -0.3262 -0.0684
vn 0.9161 -0.3972 0.0542
vn 0.8839 0.4202 -0.2054
vn 0.9273 -0.2308 -0.2945
vn 0.8181 0.5146 -0.2566
vn 0.8723 -0.3088 -0.3792
vn 0.8216 -0.5572 0.1202
vn 0.8211 -0.4860 0.2993
vn 0.8737 -0.4760 0.1003
vn 0.8773 -0.3134 -0.3636
vn 0.8231 -0.4999 -0.2695
vn 0.9144 -0.2558 0.3138
vn 0.9419 -0.2866 0.1753
vn 0.9173 -0.2608 -0.3010
vn 0.9151 -0.3942 -0.0850
vn 0.9424 -0.1121 -0.3150
vn 0.9437 0.0014 -0.3307
vn 0.9150 -0.1372 -0.3794
vn 0.9417 0.2117 -0.2615
vn 0.9419 0.2859 -0.1763
vn 0.9168 -0.1376 -0.3748
vn 0.8735 -0.1639 0.4584
vn 0.8754 0.0015 0.4833
vn 0.8742 -0.0014 -0.4856
vn 0.8760 -0.1669 -0.4525
vn 0.8220 0.0003 -0.5695
vn 0.9424 0.1119 0.3152
vn 0.9437 -0.0013 0.3308
vn 0.9149 0.1369 0.3798
vn 0.9154 0.3931 0.0869
vn 0.9165 0.3965 -0.0521
vn 0.9159 0.0009 0.4015
vn 0.9449 -0.1142 0.3067
vn 0.9455 -0.2134 0.2458
vn 0.9168 -0.1377 0.3749
vn 0.8214 0.1919 -0.5370
vn 0.8722 0.3067 -0.3811
vn 0.9417 -0.2122 0.2611
vn 0.8759 0.4146 -0.2469
vn 0.8722 0.3067 -0.3810
vn 0.9161 -0.0010 -0.4010
vn 0.8214 0.1920 0.5371
vn 0.8213 0.3587 0.4437
vn 0.8727 0.1628 0.4603
vn 0.9419 -0.2865 -0.1753
vn 0.9417 -0.2122 -0.2610
vn 0.9144 -0.3447 -0.2122
vn 0.9437 -0.0013 -0.3308
vn 0.9424 0.1120 -0.3152
vn 0.9159 0.0009 -0.4015
vn 0.8723 -0.3087 0.3791
vn 0.8211 -0.3605 0.4425
vn 0.9145 0.3437 -0.2134
vn 0.9177 0.2607 0.2998
vn 0.9478 -0.2193 0.2315
vn 0.8790 0.4235 0.2190
vn 0.7900 0.6097 0.0638
vn 0.8243 0.3717 0.4271
vn 0.8241 0.4994 0.2673
vn 0.8782 0.3145 0.3602
vn 0.8735 -0.1639 -0.4585
vn 0.8904 0.4445 -0.0979
vn 0.8916 0.4489 0.0591
vn 0.9171 0.1376 0.3741
vn 0.9437 0.0014 0.3307
vn 0.9424 -0.1122 0.3151
vn 0.9161 -0.0010 0.4010
vn 0.8218 -0.1933 -0.5360
vn 0.8212 -0.3604 -0.4425
vn 0.9419 0.2859 0.1763
vn 0.9417 0.2117 0.2615
vn 0.8737 -0.4761 -0.1003
vn 0.8904 0.4446 0.0979
vn 0.8722 0.3067 0.3810
vn 0.8216 0.4844 0.3005
vn 0.8242 0.3718 -0.4271
vn 0.8217 -0.1934 0.5360
vn 0.8755 0.0015 0.4833
vn 0.8735 -0.1638 0.4584
vn 0.8228 -0.0006 0.5684
vn 0.8760 -0.1669 -0.4524
vn 0.8232 -0.3713 -0.4295
vn 0.8756 -0.4782 -0.0681
vn 0.8756 -0.4782 -0.0682
vn 0.8754 0.0015 -0.4833
vn 0.8755 0.0015 -0.4833
vn 0.8742 -0.0012 0.4856
vn 0.8742 -0.0013 0.4856
vn 0.8217 -0.5571 -0.1203
vn 0.8783 0.3145 0.3602
vn 0.1947 -0.8350 -0.5147
vn 0.9451 0.1144 -0.3061
vn 0.9458 0.2134 -0.2446
vn 0.9172 0.1375 -0.3740
vn 0.9456 0.2867 -0.1540
vn 0.9428 -0.3262 0.0684
vn 0.9441 -0.3263 -0.0465
vn 0.9151 -0.3941 0.0850
vn 0.8241 0.4994 0.2672
vn 0.9452 -0.2870 -0.1556
vn 0.8231 -0.5000 -0.2695
vn 0.8232 -0.3713 -0.4296
vn 0.9456 0.2866 0.1539
vn 0.9430 0.3254 -0.0699
vn 0.9444 0.3256 0.0448
vn 0.9154 0.3932 -0.0869
vn 0.9173 -0.2608 0.3010
vn 0.9162 -0.3971 -0.0543
vn 0.9165 0.3966 0.0521
vn 0.8063 0.5797 0.1173
vn 0.8727 0.1627 -0.4604
vn 0.8220 0.0004 0.5694
vn 0.8002 0.5879 -0.1184
vn 0.7900 0.6098 0.0638
vn 0.8211 -0.4861 0.2993
vn 0.8216 -0.5572 0.1203
vn 0.8224 -0.5637 -0.0771
vn 0.8237 0.1965 -0.5319
vn 0.8220 0.0003 -0.5694
vn 0.8227 -0.0006 0.5684
vn 0.8927 0.2956 -0.3402
vn 0.8212 0.3587 0.4438
vn 0.8211 -0.3605 -0.4425
vn 0.8217 -0.1933 -0.5361
vn 0.9144 0.2551 0.3144
vn 0.9149 0.1369 -0.3798
vn 0.8381 -0.4830 -0.2537
vn 0.8224 -0.5636 -0.0771
vn 0.7874 0.6099 -0.0896
vn 0.7874 0.6100 -0.0896
vn 0.8560 -0.4305 0.2861
vn 0.9085 -0.2664 0.3219
vn 0.9274 -0.2308 -0.2945
vn 0.9273 -0.2308 -0.2946
vn 0.9478 -0.2193 0.2314
vn 0.9452 -0.2870 0.1556
vn 0.9105 -0.2773 -0.3067
vn 0.7052 -0.7090 -0.0000
vn 0.8232 -0.3712 0.4295
vn 0.8212 0.3587 0.4437
vn 0.9170 -0.3513 -0.1889
vn 0.9175 0.3511 -0.1871
vn 0.9478 -0.2193 0.2313
vn 0.6926 -0.6848 0.2268
vn -0.0000 1.0000 -0.0083
vn -0.0000 1.0000 -0.0092
vn -0.0000 0.9999 -0.0123
vn -0.0000 0.9999 -0.0131
vn -0.0000 0.9999 -0.0133
vn -0.9614 -0.2267 0.1560
vn -0.9615 -0.2348 0.1431
vn -0.9613 -0.2224 0.1628
vn -0.9607 -0.2109 0.1808
vn 0.9614 -0.2267 0.1560
vn 0.9607 -0.2109 0.1808
vn 0.9613 -0.2224 0.1628
vn 0.9615 -0.2348 0.1431
vn -0.0000 -0.9988 0.0490
vn -0.0000 -0.9999 -0.0110
vn -0.9690 -0.1717 0.1774
vn -0.9687 -0.1719 0.1789
vn -0.9715 -0.1702 0.1649
vn -0.9718 -0.1700 0.1634
vn 0.9712 -0.1721 0.1649
vn 0.9714 -0.1724 0.1633
vn 0.9694 -0.1698 0.1774
vn 0.9692 -0.1695 0.1789
vn -0.0000 1.0000 -0.0012
vn -0.0439 0.9988 -0.0208
vn -0.1161 0.9928 -0.0307
vn -0.0417 0.9991 -0.0123
vn -0.0000 0.9999 -0.0139
vn 0.0108 0.9997 0.0205
vn 0.0103 0.9978 0.0657
vn 0.0043 0.9972 0.0748
vn -0.0000 0.9526 0.3043
vn -0.0000 0.8010 0.5986
vn 0.7860 -0.4827 -0.3863
vn 0.8232 -0.4641 -0.3272
vn 0.8188 -0.4665 -0.3346
vn 0.7802 -0.4852 -0.3947
vn -0.7860 -0.4827 -0.3863
vn -0.7802 -0.4852 -0.3947
vn -0.8188 -0.4665 -0.3346
vn -0.8232 -0.4641 -0.3272
vn -0.0000 0.9984 0.0560
vn -0.0510 0.9984 -0.0240
vn -0.0000 0.8279 -0.5608
vn -0.0000 0.9923 -0.1239
vn -0.0099 0.9973 -0.0721
vn 0.0723 0.9965 0.0417
vn 0.3780 0.9063 0.1891
vn 0.0079 -0.9876 0.1567
vn 0.0573 -0.9963 0.0639
vn 0.0205 -0.9951 0.0966
vn -0.0000 -0.9954 0.0963
vn -0.0053 -0.9843 0.1766
vn 0.2036 0.1374 0.9694
vn -0.0079 -0.9876 0.1567
vn -0.0000 -0.9983 0.0577
vn -0.8719 -0.4514 0.1897
vn -0.8869 -0.4130 0.2068
vn -0.4138 -0.9030 -0.1159
vn -0.1636 -0.9603 -0.2261
vn 0.8719 -0.4514 0.1897
vn 0.1636 -0.9603 -0.2261
vn 0.4138 -0.9030 -0.1159
vn 0.8869 -0.4130 0.2068
vn 0.5389 -0.8308 0.1391
vn 0.7933 -0.5841 0.1719
vn 0.1787 -0.9805 0.0824
vn 0.1324 -0.9884 0.0745
vn -0.5389 -0.8308 0.1391
vn -0.1324 -0.9884 0.0745
vn -0.1787 -0.9805 0.0824
vn -0.7933 -0.5841 0.1719
vn -0.0000 -0.9774 0.2112
vn 0.3082 -0.9335 0.1835
vn 0.0127 -0.9991 0.0408
vn -0.0185 -0.9998 0.0083
vn -0.0121 -0.9999 0.0001
vt 0.479086 0.929041
vt 0.479086 0.933652
vt 0.509511 0.933652
vt 0.933777 0.359569
vt 0.933777 0.367599
vt 0.966536 0.363839
vt 0.722371 0.150724
vt 0.722371 0.145991
vt 0.687530 0.145991
vt 0.819167 0.442462
vt 0.819167 0.434432
vt 0.789809 0.431428
vt 0.194441 0.683869
vt 0.237612 0.683869
vt 0.237612 0.675468
vt 0.194441 0.675468
vt 0.026252 0.551673
vt 0.026252 0.560739
vt 0.055231 0.560739
vt 0.055231 0.551673
vt 0.064390 0.560739
vt 0.064390 0.551673
vt 0.931255 0.517651
vt 0.958108 0.517651
vt 0.966595 0.509250
vt 0.923424 0.509250
vt 0.017800 0.551673
vt 0.017800 0.560739
vt 0.093944 0.675468
vt 0.067091 0.675468
vt 0.059259 0.683869
vt 0.102431 0.683869
vt 0.104320 0.683869
vt 0.147491 0.683869
vt 0.147491 0.675468
vt 0.104320 0.675468
vt 0.705164 0.673115
vt 0.705164 0.682181
vt 0.734143 0.682181
vt 0.734143 0.673115
vt 0.743302 0.682181
vt 0.743302 0.673115
vt 0.623747 0.216999
vt 0.650600 0.216999
vt 0.659087 0.208597
vt 0.615915 0.208597
vt 0.696712 0.673115
vt 0.696712 0.682181
vt 0.832133 0.460098
vt 0.805280 0.460098
vt 0.797449 0.468499
vt 0.840620 0.468499
vt 0.631964 0.109561
vt 0.675136 0.109561
vt 0.675136 0.101160
vt 0.631964 0.101160
vt 0.656684 0.673115
vt 0.656684 0.682181
vt 0.685664 0.682181
vt 0.685664 0.673115
vt 0.694823 0.682181
vt 0.694823 0.673115
vt 0.808053 0.321555
vt 0.834906 0.321555
vt 0.843393 0.313154
vt 0.800222 0.313154
vt 0.648233 0.673115
vt 0.648233 0.682181
vt 0.658116 0.554026
vt 0.631263 0.554026
vt 0.623432 0.562427
vt 0.666603 0.562428
vt 0.922884 0.794923
vt 0.931631 0.794923
vt 0.931631 0.783274
vt 0.921214 0.783274
vt 0.251117 0.740699
vt 0.251117 0.734133
vt 0.239171 0.731166
vt 0.239171 0.738987
vt 0.251117 0.749669
vt 0.239171 0.749669
vt 0.251117 0.758639
vt 0.239171 0.760352
vt 0.251117 0.765206
vt 0.239171 0.768172
vt 0.979785 0.954500
vt 0.971037 0.954500
vt 0.969367 0.966149
vt 0.979785 0.966149
vt 0.988532 0.954500
vt 0.990202 0.966149
vt 0.994935 0.954500
vt 0.997828 0.966149
vt 0.809207 0.339057
vt 0.800859 0.339057
vt 0.799265 0.350174
vt 0.809207 0.350174
vt 0.817554 0.339057
vt 0.819148 0.350174
vt 0.940378 0.794923
vt 0.946782 0.794923
vt 0.949675 0.783274
vt 0.942049 0.783274
vt 0.977885 0.191843
vt 0.986223 0.191887
vt 0.985699 0.189893
vt 0.993466 0.187757
vt 0.992015 0.186291
vt 0.997673 0.180558
vt 0.995684 0.180014
vt 0.997717 0.172220
vt 0.995722 0.172743
vt 0.993586 0.164977
vt 0.992121 0.166427
vt 0.986388 0.160770
vt 0.985843 0.162759
vt 0.978050 0.160726
vt 0.978573 0.162720
vt 0.970807 0.164856
vt 0.972257 0.166322
vt 0.966600 0.172055
vt 0.968589 0.172599
vt 0.966555 0.180393
vt 0.968550 0.179870
vt 0.970686 0.187636
vt 0.972152 0.186185
vt 0.978429 0.189854
vt 0.775310 0.180318
vt 0.765557 0.180318
vt 0.765557 0.189660
vt 0.775310 0.189660
vt 0.419610 0.929041
vt 0.419610 0.933652
vt 0.876388 0.359569
vt 0.876388 0.367599
vt 0.783409 0.150724
vt 0.783409 0.145991
vt 0.876558 0.442462
vt 0.876558 0.434432
vt 0.158979 0.050533
vt 0.158979 0.043553
vt 0.095183 0.043553
vt 0.085578 0.050533
vt 0.840083 0.189660
vt 0.840083 0.180318
vt 0.222774 0.034684
vt 0.158978 0.034684
vt 0.158978 0.041664
vt 0.232379 0.041664
vt 0.528905 0.139154
vt 0.528905 0.148355
vt 0.602305 0.148355
vt 0.602305 0.139154
vt 0.386004 0.137070
vt 0.386004 0.120672
vt 0.363050 0.125673
vt 0.039360 0.029017
vt 0.039360 0.012820
vt 0.017382 0.012820
vt 0.386004 0.186443
vt 0.386004 0.170045
vt 0.363050 0.165044
vt 0.221664 0.052422
vt 0.221664 0.059874
vt 0.227247 0.059874
vt 0.386004 0.115228
vt 0.363050 0.120228
vt 0.386004 0.191887
vt 0.363050 0.181442
vt 0.928258 0.619460
vt 0.928258 0.627008
vt 0.941392 0.627008
vt 0.941392 0.619460
vt 0.309884 0.084809
vt 0.323018 0.084809
vt 0.323018 0.077261
vt 0.309884 0.077261
vt 0.842719 0.474167
vt 0.842719 0.486277
vt 0.872022 0.486277
vt 0.872022 0.474167
vt 0.754951 0.309445
vt 0.754951 0.316405
vt 0.760101 0.321555
vt 0.789404 0.321555
vt 0.794554 0.316405
vt 0.794554 0.309445
vt 0.291613 0.016907
vt 0.291613 0.029017
vt 0.331216 0.029017
vt 0.331216 0.016907
vt 0.668838 0.632376
vt 0.668838 0.661679
vt 0.673988 0.666829
vt 0.680948 0.666829
vt 0.680948 0.627226
vt 0.673988 0.627226
vt 0.941392 0.632593
vt 0.928258 0.632593
vt 0.309884 0.071675
vt 0.323018 0.071675
vt 0.495266 0.137070
vt 0.495266 0.120672
vt 0.143973 0.029017
vt 0.143973 0.012820
vt 0.495266 0.186443
vt 0.495266 0.170045
vt 0.195092 0.052422
vt 0.195092 0.059874
vt 0.495266 0.115228
vt 0.495266 0.191887
vt 0.591748 0.282374
vt 0.614702 0.287374
vt 0.614702 0.270976
vt 0.509374 0.772080
vt 0.487397 0.772080
vt 0.487397 0.788277
vt 0.675355 0.183234
vt 0.698309 0.178234
vt 0.698309 0.161836
vt 0.781779 0.263389
vt 0.787473 0.263389
vt 0.787473 0.257323
vt 0.591748 0.287818
vt 0.614702 0.292819
vt 0.675355 0.166836
vt 0.698309 0.156391
vt 0.989785 0.174243
vt 0.976651 0.174243
vt 0.976651 0.181791
vt 0.989785 0.181791
vt 0.989811 0.563903
vt 0.997359 0.563903
vt 0.997359 0.550770
vt 0.989811 0.550770
vt 0.992284 0.883408
vt 0.962981 0.883408
vt 0.962981 0.895518
vt 0.992284 0.895518
vt 0.797449 0.486277
vt 0.837052 0.486277
vt 0.837052 0.479317
vt 0.831902 0.474167
vt 0.802599 0.474167
vt 0.797449 0.479317
vt 0.957836 0.138614
vt 0.918233 0.138614
vt 0.918233 0.150724
vt 0.957836 0.150724
vt 0.688704 0.132657
vt 0.693854 0.127506
vt 0.693854 0.120546
vt 0.654252 0.120546
vt 0.654252 0.127506
vt 0.659402 0.132657
vt 0.989785 0.168658
vt 0.976651 0.168658
vt 0.984226 0.550770
vt 0.984226 0.563903
vt 0.723964 0.287374
vt 0.723964 0.270976
vt 0.382784 0.772080
vt 0.382784 0.788277
vt 0.807570 0.178234
vt 0.807570 0.161836
vt 0.814573 0.263389
vt 0.814573 0.257323
vt 0.723964 0.292819
vt 0.807570 0.156391
vt 0.329710 0.933652
vt 0.360134 0.933652
vt 0.360134 0.929041
vt 0.786240 0.363839
vt 0.818999 0.367599
vt 0.818999 0.359569
vt 0.879287 0.145991
vt 0.844446 0.145991
vt 0.844446 0.150724
vt 0.963308 0.431428
vt 0.933950 0.434432
vt 0.933950 0.442462
vt 0.755117 0.373526
vt 0.755117 0.381927
vt 0.798288 0.381927
vt 0.798288 0.373526
vt 0.753643 0.682181
vt 0.782622 0.682181
vt 0.782622 0.673115
vt 0.753643 0.673115
vt 0.791781 0.682181
vt 0.791781 0.673115
vt 0.395049 0.020004
vt 0.387217 0.028405
vt 0.430388 0.028405
vt 0.421901 0.020004
vt 0.745191 0.673115
vt 0.745191 0.682181
vt 0.913869 0.251655
vt 0.922356 0.243254
vt 0.879184 0.243254
vt 0.887016 0.251655
vt 0.286461 0.140605
vt 0.286461 0.149006
vt 0.329632 0.149006
vt 0.329632 0.140605
vt 0.245115 0.965371
vt 0.274094 0.965371
vt 0.274094 0.956305
vt 0.245115 0.956305
vt 0.283253 0.965371
vt 0.283253 0.956305
vt 0.157212 0.675468
vt 0.149380 0.683869
vt 0.192552 0.683869
vt 0.184065 0.675468
vt 0.236663 0.956305
vt 0.236663 0.965371
vt 0.912838 0.499874
vt 0.921324 0.491473
vt 0.878153 0.491473
vt 0.885985 0.499874
vt 0.928258 0.638261
vt 0.928258 0.646662
vt 0.971430 0.646662
vt 0.971430 0.638261
vt 0.542697 0.074658
vt 0.571676 0.074658
vt 0.571676 0.065591
vt 0.542697 0.065591
vt 0.580835 0.074658
vt 0.580835 0.065591
vt 0.850551 0.574468
vt 0.842719 0.582870
vt 0.885890 0.582870
vt 0.877404 0.574468
vt 0.534245 0.065591
vt 0.534245 0.074658
vt 0.613056 0.562427
vt 0.621543 0.554026
vt 0.578372 0.554026
vt 0.586204 0.562427
vt 0.840219 0.739332
vt 0.838549 0.750982
vt 0.848966 0.750982
vt 0.848966 0.739332
vt 0.457552 0.035302
vt 0.455839 0.023356
vt 0.448019 0.023356
vt 0.450985 0.035302
vt 0.466522 0.035302
vt 0.466522 0.023356
vt 0.475492 0.035302
vt 0.477205 0.023356
vt 0.482058 0.035302
vt 0.485025 0.023356
vt 0.979593 0.292819
vt 0.979593 0.281169
vt 0.969176 0.281169
vt 0.970846 0.292819
vt 0.988341 0.292818
vt 0.990010 0.281169
vt 0.994744 0.292818
vt 0.997636 0.281169
vt 0.951169 0.337366
vt 0.951169 0.348483
vt 0.961110 0.348483
vt 0.959517 0.337366
vt 0.942821 0.337366
vt 0.941228 0.348483
vt 0.857714 0.739332
vt 0.859384 0.750982
vt 0.867010 0.750982
vt 0.864117 0.739332
vt 0.305490 0.069340
vt 0.304040 0.067874
vt 0.299833 0.075073
vt 0.311806 0.065738
vt 0.311283 0.063743
vt 0.319076 0.065776
vt 0.319621 0.063787
vt 0.325354 0.069445
vt 0.326819 0.067995
vt 0.328955 0.075761
vt 0.330950 0.075238
vt 0.328917 0.083031
vt 0.330906 0.083576
vt 0.325248 0.089309
vt 0.326699 0.090774
vt 0.318932 0.092910
vt 0.319456 0.094905
vt 0.311662 0.092872
vt 0.311118 0.094861
vt 0.305385 0.089203
vt 0.303919 0.090653
vt 0.301783 0.082887
vt 0.299788 0.083411
vt 0.301821 0.075617
vt 0.904857 0.180318
vt 0.904857 0.189660
vt 0.914609 0.189660
vt 0.914609 0.180318
vt 0.232379 0.050533
vt 0.222774 0.043553
vt 0.095183 0.034684
vt 0.085578 0.041664
vt 0.455505 0.139154
vt 0.455505 0.148355
vt 0.627481 0.125673
vt 0.604527 0.120672
vt 0.604527 0.137070
vt 0.270563 0.012820
vt 0.248586 0.012820
vt 0.248586 0.029017
vt 0.627481 0.165044
vt 0.604527 0.170045
vt 0.604527 0.186443
vt 0.162938 0.059874
vt 0.168520 0.059874
vt 0.168520 0.052422
vt 0.627481 0.120228
vt 0.604527 0.115228
vt 0.627481 0.181442
vt 0.604527 0.191887
vt 0.813344 0.588537
vt 0.800211 0.588537
vt 0.800211 0.596085
vt 0.813344 0.596085
vt 0.586503 0.074658
vt 0.594051 0.074658
vt 0.594051 0.061524
vt 0.586503 0.061524
vt 0.963503 0.150724
vt 0.992806 0.150724
vt 0.992806 0.138614
vt 0.963503 0.138614
vt 0.878153 0.517651
vt 0.917756 0.517651
vt 0.917756 0.510691
vt 0.912606 0.505541
vt 0.883303 0.505541
vt 0.878153 0.510691
vt 0.797449 0.582870
vt 0.837052 0.582870
vt 0.837052 0.570759
vt 0.797449 0.570759
vt 0.376400 0.028405
vt 0.381550 0.023255
vt 0.381550 0.016295
vt 0.341947 0.016295
vt 0.341947 0.023255
vt 0.347097 0.028405
vt 0.800211 0.601670
vt 0.813344 0.601670
vt 0.599636 0.074658
vt 0.599636 0.061524
vt 0.833225 0.270976
vt 0.833225 0.287374
vt 0.856179 0.282374
vt 0.278171 0.788277
vt 0.278171 0.772080
vt 0.256194 0.772080
vt 0.916831 0.161836
vt 0.916831 0.178234
vt 0.939785 0.183234
vt 0.841673 0.257323
vt 0.841673 0.263389
vt 0.847366 0.263389
vt 0.833225 0.292819
vt 0.856179 0.287818
vt 0.916831 0.156391
vt 0.939785 0.166836
vt 0.950566 0.906771
vt 0.950566 0.914319
vt 0.963700 0.914319
vt 0.963700 0.906771
vt 0.539831 0.046791
vt 0.539831 0.059924
vt 0.547379 0.059924
vt 0.547379 0.046791
vt 0.915547 0.778724
vt 0.903436 0.778724
vt 0.903436 0.808027
vt 0.915547 0.808027
vt 0.575795 0.216999
vt 0.605098 0.216999
vt 0.610248 0.211848
vt 0.610248 0.204889
vt 0.570645 0.204889
vt 0.570645 0.211848
vt 0.749449 0.385376
vt 0.749449 0.373266
vt 0.709846 0.373266
vt 0.709846 0.385376
vt 0.135652 0.545388
vt 0.142612 0.545388
vt 0.142612 0.505784
vt 0.135652 0.505784
vt 0.130501 0.510935
vt 0.130501 0.540237
vt 0.963700 0.901185
vt 0.950566 0.901185
vt 0.534245 0.046791
vt 0.534245 0.059924
vt 0.100778 0.322850
vt 0.110198 0.379842
vt 0.190763 0.377576
vt 0.426158 0.245187
vt 0.426158 0.289858
vt 0.450320 0.289858
vt 0.190763 0.268124
vt 0.190763 0.225106
vt 0.110198 0.265857
vt 0.450320 0.245187
vt 0.450320 0.200515
vt 0.772408 0.892173
vt 0.693065 0.897332
vt 0.763041 0.941769
vt 0.462207 0.579857
vt 0.547967 0.579280
vt 0.462207 0.570179
vt 0.331575 0.458415
vt 0.331575 0.448737
vt 0.245814 0.457838
vt 0.705017 0.740436
vt 0.693065 0.791680
vt 0.763041 0.747243
vt 0.391999 0.197829
vt 0.391999 0.245187
vt 0.399564 0.245187
vt 0.495865 0.512430
vt 0.497054 0.473688
vt 0.409972 0.510700
vt 0.626664 0.901808
vt 0.641004 0.875346
vt 0.645553 0.844506
vt 0.705017 0.948576
vt 0.054301 0.878019
vt 0.120539 0.911678
vt 0.125139 0.844506
vt 0.237924 0.990966
vt 0.239651 0.978916
vt 0.111292 0.988163
vt 0.237924 0.698046
vt 0.111292 0.700850
vt 0.239651 0.710097
vt 0.120539 0.777334
vt 0.054301 0.777547
vt 0.054301 0.810994
vt 0.244412 0.472441
vt 0.242993 0.510186
vt 0.331575 0.472597
vt 0.546077 0.245187
vt 0.549195 0.245187
vt 0.549195 0.198824
vt 0.297916 0.633872
vt 0.383809 0.632142
vt 0.296728 0.595129
vt 0.384697 0.198192
vt 0.540077 0.197785
vt 0.535828 0.197751
vt 0.535828 0.245187
vt 0.549370 0.593882
vt 0.462207 0.594038
vt 0.550788 0.631628
vt 0.568208 0.492311
vt 0.687896 0.491999
vt 0.687896 0.472316
vt 0.141397 0.150546
vt 0.141397 0.175077
vt 0.167427 0.177041
vt 0.426984 0.921638
vt 0.426984 0.894871
vt 0.383374 0.894946
vt 0.702767 0.626875
vt 0.727234 0.616184
vt 0.687666 0.622869
vt 0.025856 0.525054
vt 0.069695 0.525054
vt 0.019856 0.497282
vt 0.483284 0.921640
vt 0.470594 0.894946
vt 0.105886 0.593758
vt 0.105886 0.613441
vt 0.225573 0.613752
vt 0.164983 0.154361
vt 0.510014 0.198579
vt 0.510014 0.245187
vt 0.514163 0.245187
vt 0.409972 0.537334
vt 0.269382 0.069807
vt 0.287772 0.036178
vt 0.235750 0.034684
vt 0.764975 0.739953
vt 0.764975 0.720705
vt 0.705034 0.736051
vt 0.026739 0.069807
vt 0.060371 0.034684
vt 0.008349 0.036178
vt 0.764975 0.949060
vt 0.705034 0.952962
vt 0.764975 0.968308
vt 0.574264 0.698046
vt 0.571371 0.710097
vt 0.705050 0.699374
vt 0.574264 0.990966
vt 0.705050 0.989638
vt 0.571371 0.978916
vt 0.514163 0.198020
vt 0.383809 0.658776
vt 0.893660 0.959360
vt 0.913472 0.960858
vt 0.919236 0.949351
vt 0.406332 0.741638
vt 0.388881 0.741335
vt 0.388881 0.759491
vt 0.190763 0.420594
vt 0.302691 0.224168
vt 0.054301 0.911465
vt 0.267710 0.140743
vt 0.268312 0.165284
vt 0.278939 0.139792
vt 0.078881 0.129064
vt 0.030525 0.130412
vt 0.077728 0.173481
vt 0.775574 0.491828
vt 0.746556 0.491999
vt 0.775932 0.518056
vt 0.775574 0.550612
vt 0.786077 0.518056
vt 0.356867 0.289279
vt 0.370681 0.289578
vt 0.370681 0.245187
vt 0.018208 0.672054
vt 0.017849 0.639498
vt 0.007704 0.639498
vt 0.356867 0.201094
vt 0.356867 0.245187
vt 0.797996 0.937362
vt 0.821582 0.935012
vt 0.799389 0.893037
vt 0.847547 0.635420
vt 0.851488 0.647672
vt 0.871296 0.649214
vt 0.530933 0.245187
vt 0.530933 0.292652
vt 0.535828 0.292622
vt 0.066547 0.494742
vt 0.106116 0.501428
vt 0.123508 0.493464
vt 0.679840 0.396363
vt 0.656361 0.405023
vt 0.679155 0.442462
vt 0.110198 0.204535
vt 0.110198 0.213367
vt 0.190712 0.205887
vt 0.203912 0.129064
vt 0.205065 0.173481
vt 0.252268 0.130412
vt 0.256011 0.110607
vt 0.260948 0.103252
vt 0.248959 0.109345
vt 0.670274 0.612506
vt 0.727234 0.612693
vt 0.670274 0.594342
vt 0.873424 0.625737
vt 0.123508 0.491064
vt 0.123508 0.472900
vt 0.066547 0.491251
vt 0.895139 0.935833
vt 0.742098 0.813552
vt 0.740094 0.844506
vt 0.772636 0.844506
vt 0.692808 0.844506
vt 0.412110 0.359194
vt 0.436287 0.322633
vt 0.413148 0.313102
vt 0.002967 0.383735
vt 0.038450 0.382140
vt 0.027945 0.322850
vt 0.090203 0.069807
vt 0.083931 0.094425
vt 0.148061 0.094905
vt 0.005284 0.069807
vt 0.016566 0.094425
vt 0.279555 0.094425
vt 0.290838 0.069807
vt 0.148061 0.069807
vt 0.791781 0.463371
vt 0.742067 0.462685
vt 0.791781 0.475823
vt 0.020937 0.735321
vt 0.018904 0.778039
vt 0.054266 0.735350
vt 0.772408 0.796839
vt 0.797996 0.751651
vt 0.799389 0.795976
vt 0.821582 0.754000
vt 0.411173 0.245187
vt 0.411379 0.245187
vt 0.411379 0.200515
vt 0.495850 0.537474
vt 0.495834 0.562906
vt 0.537117 0.537537
vt 0.021248 0.959471
vt 0.002000 0.970298
vt 0.054301 0.962750
vt 0.018208 0.613269
vt 0.047226 0.613441
vt 0.105886 0.637472
vt 0.150613 0.650313
vt 0.176561 0.645763
vt 0.104047 0.657015
vt 0.051714 0.659181
vt 0.110198 0.224950
vt 0.302691 0.421531
vt 0.546077 0.197937
vt 0.767925 0.646495
vt 0.773925 0.618724
vt 0.724086 0.646495
vt 0.297932 0.658916
vt 0.256664 0.658978
vt 0.297947 0.684348
vt 0.411173 0.198628
vt 0.705050 0.971997
vt 0.791781 0.580521
vt 0.785364 0.581727
vt 0.791781 0.591617
vt 0.705050 0.717016
vt 0.002000 0.459080
vt 0.002000 0.470176
vt 0.008417 0.460285
vt 0.727546 0.441093
vt 0.111292 0.710326
vt 0.189809 0.715523
vt 0.189809 0.973489
vt 0.111292 0.978686
vt 0.363804 0.356019
vt 0.227247 0.052422
vt 0.017382 0.029017
vt 0.270563 0.029017
vt 0.162938 0.052422
vt 0.509374 0.788277
vt 0.781779 0.257323
vt 0.847366 0.257323
vt 0.256194 0.788277
vt 0.568216 0.513895
vt 0.617221 0.524321
vt 0.687896 0.516030
vt 0.689735 0.535573
vt 0.742067 0.537739
vt 0.005574 0.811387
vt 0.003869 0.844506
vt 0.015459 0.844506
vt 0.020937 0.953692
vt 0.054266 0.953663
vt 0.018904 0.910973
vt 0.021248 0.729542
vt 0.054301 0.726262
vt 0.002000 0.718714
vt 0.454419 0.007961
vt 0.455200 0.017634
vt 0.463772 0.017633
vt 0.014464 0.549739
vt 0.029410 0.549739
vt 0.015945 0.525086
vt 0.563474 0.275799
vt 0.557413 0.245187
vt 0.557413 0.290828
vt 0.652079 0.223850
vt 0.653313 0.245222
vt 0.700232 0.244109
vt 0.793896 0.228039
vt 0.791054 0.248927
vt 0.814387 0.251655
vt 0.975815 0.816985
vt 0.975741 0.807233
vt 0.964345 0.807233
vt 0.472528 0.017632
vt 0.473338 0.007960
vt 0.463771 0.007961
vt 0.776980 0.612849
vt 0.791781 0.602277
vt 0.781613 0.593610
vt 0.500530 0.853769
vt 0.513022 0.868654
vt 0.503254 0.839641
vt 0.016802 0.491407
vt 0.012168 0.472168
vt 0.002000 0.480836
vt 0.334943 0.853746
vt 0.332192 0.839624
vt 0.322478 0.868654
vt 0.586078 0.251655
vt 0.609410 0.248927
vt 0.606569 0.228039
vt 0.621431 0.682868
vt 0.632827 0.682868
vt 0.632902 0.673116
vt 0.002000 0.584812
vt 0.002000 0.597264
vt 0.051714 0.584127
vt 0.051714 0.578127
vt 0.105886 0.576631
vt 0.105886 0.583363
vt 0.226253 0.572594
vt 0.687896 0.455189
vt 0.567528 0.451153
vt 0.687896 0.461921
vt 0.742067 0.456685
vt 0.110198 0.441164
vt 0.190712 0.439812
vt 0.110198 0.432333
vt 0.082468 0.433286
vt 0.053847 0.435225
vt 0.089049 0.442462
vt 0.626664 0.787204
vt 0.563474 0.214574
vt 0.564978 0.245187
vt 0.779317 0.671181
vt 0.777837 0.646527
vt 0.764372 0.671181
vt 0.506445 0.025629
vt 0.497873 0.025628
vt 0.497092 0.035301
vt 0.646343 0.673115
vt 0.639889 0.673115
vt 0.639093 0.682867
vt 0.304636 0.915102
vt 0.312742 0.912975
vt 0.298741 0.909144
vt 0.989598 0.988065
vt 0.987472 0.979958
vt 0.983640 0.993959
vt 0.480641 0.750425
vt 0.475778 0.761918
vt 0.483343 0.761101
vt 0.748386 0.223850
vt 0.700232 0.222666
vt 0.512753 0.814527
vt 0.297121 0.750425
vt 0.294420 0.761101
vt 0.301984 0.761918
vt 0.335416 0.373652
vt 0.305768 0.322850
vt 0.305748 0.374496
vt 0.336279 0.322850
vt 0.335416 0.272047
vt 0.038450 0.263560
vt 0.044312 0.224028
vt 0.002967 0.261965
vt 0.064928 0.322850
vt 0.044312 0.421672
vt 0.245173 0.120502
vt 0.245165 0.109064
vt 0.203896 0.118211
vt 0.006771 0.910678
vt 0.305748 0.271203
vt 0.590338 0.522404
vt 0.541294 0.524072
vt 0.861765 0.247412
vt 0.851014 0.239335
vt 0.835487 0.251655
vt 0.600011 0.105366
vt 0.626297 0.109561
vt 0.610748 0.097269
vt 0.026783 0.110607
vt 0.033834 0.109345
vt 0.021845 0.103252
vt 0.141397 0.107516
vt 0.109921 0.105481
vt 0.110123 0.117354
vt 0.406028 0.088201
vt 0.404890 0.108852
vt 0.462273 0.109561
vt 0.570645 0.231845
vt 0.819670 0.718229
vt 0.819654 0.730034
vt 0.829614 0.718942
vt 0.764975 0.701555
vt 0.819670 0.970784
vt 0.829614 0.970070
vt 0.819654 0.958979
vt 0.764975 0.987458
vt 0.078451 0.224762
vt 0.082468 0.212413
vt 0.089049 0.203238
vt 0.053847 0.210475
vt 0.973431 0.983641
vt 0.309059 0.898935
vt 0.518517 0.088201
vt 0.462273 0.088938
vt 0.829820 0.231845
vt 0.549086 0.537568
vt 0.538691 0.537537
vt 0.548354 0.562906
vt 0.543491 0.525210
vt 0.552312 0.529698
vt 0.555320 0.516124
vt 0.789444 0.550347
vt 0.343535 0.284824
vt 0.347438 0.288402
vt 0.347438 0.245187
vt 0.015083 0.140743
vt 0.003854 0.139792
vt 0.014481 0.165284
vt 0.982007 0.807234
vt 0.982803 0.816986
vt 0.989257 0.816987
vt 0.388881 0.731166
vt 0.434102 0.760685
vt 0.434102 0.769177
vt 0.824073 0.797009
vt 0.586971 0.973440
vt 0.582522 0.534304
vt 0.582522 0.550331
vt 0.609697 0.550331
vt 0.919236 0.966330
vt 0.892060 0.966330
vt 0.892060 0.982357
vt 0.878130 0.652690
vt 0.850954 0.652690
vt 0.850954 0.668717
vt 0.202520 0.655745
vt 0.202520 0.671772
vt 0.229695 0.671772
vt 0.448019 0.007962
vt 0.963730 0.816985
vt 0.620817 0.673116
vt 0.490692 0.035300
vt 0.343535 0.205550
vt 0.343535 0.245187
vt 0.004338 0.671789
vt 0.108767 0.735386
vt 0.111292 0.722065
vt 0.252488 0.645513
vt 0.405790 0.197628
vt 0.399564 0.197555
vt 0.819375 0.705818
vt 0.817883 0.698226
vt 0.066547 0.473321
vt 0.819375 0.983195
vt 0.817883 0.990786
vt 0.727234 0.594763
vt 0.506444 0.035302
vt 0.516011 0.035302
vt 0.515201 0.025630
vt 0.343661 0.760685
vt 0.343661 0.769177
vt 0.824073 0.892004
vt 0.670274 0.614906
vt 0.524934 0.292701
vt 0.524934 0.245187
vt 0.519671 0.245187
vt 0.586971 0.715573
vt 0.789642 0.356565
vt 0.766895 0.335328
vt 0.766409 0.343768
vt 0.985893 0.328266
vt 0.876388 0.327223
vt 0.876388 0.334285
vt 0.966710 0.438702
vt 0.986542 0.418630
vt 0.986055 0.410190
vt 0.767062 0.410190
vt 0.876558 0.409147
vt 0.876558 0.402084
vt 0.317881 0.058076
vt 0.317877 0.048319
vt 0.306857 0.048319
vt 0.501560 0.747847
vt 0.511074 0.747836
vt 0.511074 0.738122
vt 0.110198 0.420750
vt 0.078451 0.420937
vt 0.856179 0.265976
vt 0.609697 0.534304
vt 0.229695 0.655745
vt 0.363050 0.142071
vt 0.591748 0.265976
vt 0.919236 0.982357
vt 0.878130 0.668717
vt 0.627481 0.142071
vt 0.283954 0.756717
vt 0.283954 0.747847
vt 0.274439 0.747836
vt 0.880444 0.773057
vt 0.891190 0.773057
vt 0.891178 0.763277
vt 0.501560 0.756717
vt 0.717723 0.122876
vt 0.717711 0.132657
vt 0.728457 0.132657
vt 0.877845 0.763277
vt 0.960146 0.412228
vt 0.951662 0.412228
vt 0.951614 0.421730
vt 0.809647 0.413919
vt 0.809695 0.423421
vt 0.818178 0.423421
vt 0.731056 0.122876
vt 0.961284 0.421730
vt 0.922819 0.850850
vt 0.936489 0.850850
vt 0.936493 0.841093
vt 0.819316 0.413919
vt 0.331551 0.058076
vt 0.947513 0.841093
vt 0.274439 0.738122
vt 0.312697 0.214039
vt 0.303433 0.207208
vt 0.190763 0.214289
vt 0.357093 0.438833
vt 0.405175 0.377118
vt 0.395741 0.373266
vt 0.697911 0.300634
vt 0.688340 0.304131
vt 0.734083 0.367599
vt 0.312697 0.431661
vt 0.190763 0.431410
vt 0.303433 0.438491
vt 0.642225 0.393036
vt 0.659337 0.380970
vt 0.623490 0.384552
vt 0.450860 0.311183
vt 0.469900 0.303404
vt 0.434211 0.298486
vt 0.409972 0.562906
vt 0.506142 0.245187
vt 0.506142 0.290701
vt 0.408235 0.245187
vt 0.410265 0.245187
vt 0.410265 0.198001
vt 0.559528 0.524680
vt 0.735167 0.671181
vt 0.557413 0.199545
vt 0.058615 0.549739
vt 0.330941 0.978916
vt 0.486156 0.978916
vt 0.403679 0.978916
vt 0.486156 0.991212
vt 0.486156 0.710097
vt 0.486156 0.697800
vt 0.403679 0.710097
vt 0.330941 0.710097
vt 0.077862 0.513817
vt 0.091015 0.505433
vt 0.540077 0.245187
vt 0.540077 0.292588
vt 0.543779 0.292485
vt 0.342732 0.213250
vt 0.341947 0.245187
vt 0.041800 0.173497
vt 0.022175 0.137478
vt 0.692976 0.551095
vt 0.742067 0.550768
vt 0.378356 0.245187
vt 0.205918 0.069807
vt 0.212190 0.094425
vt 0.037620 0.120502
vt 0.078897 0.118211
vt 0.037628 0.109064
vt 0.519671 0.292593
vt 0.167752 0.501272
vt 0.147087 0.494056
vt 0.388881 0.764584
vt 0.244695 0.659010
vt 0.245428 0.684348
vt 0.255090 0.658978
vt 0.250290 0.646651
vt 0.238462 0.637565
vt 0.241469 0.651139
vt 0.685527 0.308887
vt 0.727471 0.364078
vt 0.486100 0.974059
vt 0.486100 0.714954
vt 0.363832 0.435562
vt 0.407808 0.381976
vt 0.604046 0.093014
vt 0.592226 0.097032
vt 0.829606 0.958479
vt 0.819326 0.945535
vt 0.869535 0.239064
vt 0.857708 0.235067
vt 0.819326 0.743478
vt 0.829606 0.730534
vt 0.766883 0.328266
vt 0.742067 0.515703
vt 0.742067 0.517371
vt 0.051714 0.638812
vt 0.051714 0.637145
vt 0.626297 0.092580
vt 0.624941 0.082918
vt 0.620704 0.082974
vt 0.850028 0.756713
vt 0.840849 0.769902
vt 0.866815 0.766577
vt 0.939077 0.800635
vt 0.922308 0.810530
vt 0.948280 0.813807
vt 0.848711 0.230563
vt 0.848767 0.226325
vt 0.839105 0.224969
vt 0.294700 0.910204
vt 0.297921 0.915851
vt 0.425345 0.957450
vt 0.425345 0.961630
vt 0.433678 0.961630
vt 0.993662 0.982667
vt 0.990441 0.977020
vt 0.464432 0.957450
vt 0.456099 0.957450
vt 0.456099 0.961630
vt 0.378356 0.198873
vt 0.370681 0.200795
vt 0.100805 0.672537
vt 0.051714 0.672210
vt 0.506142 0.199672
vt 0.383809 0.684348
vt 0.626029 0.622713
vt 0.646694 0.615498
vt 0.630253 0.631628
vt 0.648954 0.624724
vt 0.626902 0.624677
vt 0.108767 0.953626
vt 0.111292 0.966947
vt 0.786407 0.438702
vt 0.963134 0.356565
vt 0.986367 0.343768
vt 0.246441 0.069807
vt 0.245242 0.094425
vt 0.519656 0.108852
vt 0.559846 0.105263
vt 0.705050 0.997016
vt 0.764975 0.994901
vt 0.705050 0.691996
vt 0.764975 0.694111
vt 0.054301 0.978473
vt 0.002000 0.977413
vt 0.054301 0.710539
vt 0.002000 0.711599
vt 0.225566 0.644586
vt 0.225566 0.635337
vt 0.203444 0.643846
vt 0.767049 0.403128
vt 0.766575 0.418630
vt 0.985880 0.335328
vt 0.749284 0.366415
vt 0.341947 0.437082
vt 0.365897 0.084444
vt 0.364700 0.105263
vt 0.342570 0.895880
vt 0.330513 0.921660
vt 0.370684 0.921640
vt 0.240993 0.173497
vt 0.260618 0.137478
vt 0.342267 0.225216
vt 0.986068 0.403128
vt 0.204286 0.106431
vt 0.141397 0.119509
vt 0.172670 0.117354
vt 0.620764 0.092637
vt 0.839048 0.230502
vt 0.322647 0.814527
vt 0.476840 0.770191
vt 0.488818 0.767205
vt 0.312511 0.952645
vt 0.312378 0.960154
vt 0.352393 0.955420
vt 0.473073 0.955420
vt 0.513088 0.960154
vt 0.512955 0.952645
vt 0.023503 0.491391
vt 0.018999 0.473680
vt 0.294121 0.042045
vt 0.002000 0.042045
vt 0.770278 0.612833
vt 0.774782 0.595121
vt 0.002000 0.486929
vt 0.524756 0.750425
vt 0.521849 0.750481
vt 0.519849 0.759771
vt 0.791781 0.608371
vt 0.257914 0.759771
vt 0.255913 0.750481
vt 0.253006 0.750425
vt 0.017986 0.877773
vt 0.017986 0.811240
vt 0.163529 0.510186
vt 0.166879 0.503235
vt 0.144827 0.503282
vt 0.123508 0.500789
vt 0.511074 0.757930
vt 0.862489 0.229832
vt 0.599255 0.087787
vt 0.274439 0.757930
vt 0.180173 0.510186
vt 0.183103 0.521828
vt 0.211591 0.534576
vt 0.616307 0.673117
vt 0.613327 0.673117
vt 0.615205 0.682869
vt 0.958119 0.807232
vt 0.956241 0.816985
vt 0.959221 0.816985
vt 0.049477 0.596820
vt 0.744304 0.475378
vt 0.984829 0.973740
vt 0.978328 0.973706
vt 0.979388 0.977746
vt 0.975620 0.979895
vt 0.972682 0.976926
vt 0.300953 0.901061
vt 0.298015 0.898091
vt 0.294735 0.903704
vt 0.303662 0.894871
vt 0.304721 0.898912
vt 0.743669 0.247369
vt 0.735914 0.247369
vt 0.735914 0.251259
vt 0.400898 0.957450
vt 0.394085 0.957450
vt 0.392773 0.961526
vt 0.945033 0.423619
vt 0.946345 0.427695
vt 0.953158 0.427695
vt 0.718517 0.251259
vt 0.718517 0.247369
vt 0.710763 0.247369
vt 0.516368 0.812366
vt 0.516815 0.803018
vt 0.466253 0.799646
vt 0.526703 0.805298
vt 0.522228 0.812778
vt 0.534867 0.870132
vt 0.360373 0.799646
vt 0.309811 0.803018
vt 0.310259 0.812366
vt 0.291759 0.870132
vt 0.304399 0.812778
vt 0.299924 0.805298
vt 0.288945 0.767205
vt 0.300923 0.770191
vt 0.817084 0.819173
vt 0.820596 0.844506
vt 0.817084 0.869840
vt 0.799902 0.844506
vt 0.371430 0.741638
vt 0.827762 0.862836
vt 0.009575 0.731329
vt 0.006771 0.778334
vt 0.953158 0.423619
vt 0.439778 0.961630
vt 0.437447 0.957450
vt 0.432332 0.957450
vt 0.463086 0.961630
vt 0.468201 0.961630
vt 0.470532 0.957450
vt 0.400898 0.961526
vt 0.049681 0.069807
vt 0.341947 0.098719
vt 0.573678 0.298610
vt 0.491595 0.299564
vt 0.491948 0.304746
vt 0.453041 0.315811
vt 0.471081 0.308446
vt 0.622121 0.389546
vt 0.639873 0.397580
vt 0.601407 0.385069
vt 0.601953 0.379904
vt 0.519962 0.375885
vt 0.987573 0.807235
vt 0.839516 0.762543
vt 0.949600 0.806445
vt 0.644659 0.682866
vt 0.413313 0.799119
vt 0.413313 0.808198
vt 0.465575 0.808764
vt 0.361051 0.808764
vt 0.856276 0.676057
vt 0.627481 0.186887
vt 0.363050 0.186887
vt 0.207841 0.648405
vt 0.939785 0.161392
vt 0.587843 0.526964
vt 0.897381 0.989697
vt 0.675355 0.161392
vt 0.787639 0.574308
vt 0.274862 0.731334
vt 0.260967 0.733457
vt 0.262417 0.736099
vt 0.006142 0.452867
vt 0.515345 0.736099
vt 0.516796 0.733457
vt 0.502900 0.731334
vt 0.786529 0.492560
vt 0.791781 0.490815
vt 0.791781 0.483459
vt 0.002000 0.604901
vt 0.007252 0.614002
vt 0.002000 0.612256
vt 0.604376 0.526964
vt 0.872809 0.676057
vt 0.224374 0.648405
vt 0.913915 0.989697
vt 0.190987 0.322850
vt 0.443998 0.961630
vt 0.449112 0.961630
vt 0.447767 0.957450
vt 0.362735 0.961526
vt 0.370861 0.961526
vt 0.370861 0.957450
vt 0.464164 0.743016
vt 0.464164 0.738940
vt 0.456038 0.738940
vt 0.417013 0.961630
vt 0.418358 0.957450
vt 0.413244 0.957450
vt 0.864579 0.758125
vt 0.827196 0.339058
vt 0.827054 0.348588
vt 0.831117 0.348587
vt 0.825399 0.423449
vt 0.829463 0.423451
vt 0.829320 0.413920
vt 0.924528 0.802074
vt 0.828524 0.947076
vt 0.904597 0.763277
vt 0.828524 0.741937
vt 0.704304 0.122876
vt 0.653018 0.408724
vt 0.671371 0.438900
vt 0.420022 0.355926
vt 0.439489 0.326456
vt 0.613609 0.631628
vt 0.582191 0.656017
vt 0.610679 0.643269
vt 0.005574 0.877625
vt 0.058078 0.844506
vt 0.384697 0.245187
vt 0.665704 0.535947
vt 0.643169 0.528872
vt 0.300710 0.956636
vt 0.220056 0.731299
vt 0.223715 0.726689
vt 0.167249 0.722426
vt 0.524756 0.956636
vt 0.167249 0.966586
vt 0.223715 0.962324
vt 0.220056 0.957714
vt 0.412733 0.954690
vt 0.412733 0.947380
vt 0.352013 0.948124
vt 0.473453 0.948124
vt 0.420188 0.872491
vt 0.310874 0.876872
vt 0.310874 0.881314
vt 0.666438 0.140365
vt 0.666438 0.145097
vt 0.687530 0.150724
vt 0.879287 0.150724
vt 0.900379 0.145097
vt 0.900379 0.140365
vt 0.529501 0.881314
vt 0.529501 0.876872
vt 0.239522 0.635056
vt 0.225566 0.632656
vt 0.105886 0.635119
vt 0.554260 0.513615
vt 0.568216 0.511215
vt 0.687896 0.513677
vt 0.330835 0.716367
vt 0.519903 0.440361
vt 0.524333 0.436955
vt 0.524385 0.381287
vt 0.569058 0.303844
vt 0.567030 0.359475
vt 0.571329 0.363044
vt 0.330835 0.972645
vt 0.066547 0.459069
vt 0.123508 0.458415
vt 0.727234 0.580511
vt 0.670274 0.579857
vt 0.234254 0.646121
vt 0.408235 0.197721
vt 0.817916 0.938632
vt 0.817916 0.750380
vt 0.009575 0.957684
vt 0.009312 0.953692
vt 0.670274 0.622230
vt 0.647224 0.617586
vt 0.712015 0.251259
vt 0.470977 0.743016
vt 0.377674 0.957450
vt 0.742417 0.251259
vt 0.969402 0.982538
vt 0.979302 0.993936
vt 0.975557 0.991747
vt 0.972588 0.994685
vt 0.318995 0.903832
vt 0.314954 0.904892
vt 0.314931 0.909230
vt 0.310162 0.894906
vt 0.692901 0.877576
vt 0.405790 0.245187
vt 0.568216 0.523145
vt 0.009312 0.735321
vt 0.078507 0.106431
vt 0.120539 0.748724
vt 0.120539 0.940288
vt 0.316339 0.223527
vt 0.316339 0.422172
vt 0.715920 0.635259
vt 0.543779 0.245187
vt 0.543779 0.197888
vt 0.075606 0.380686
vt 0.075606 0.265013
vt 0.141397 0.197363
vt 0.204878 0.197414
vt 0.077915 0.197414
vt 0.039880 0.197492
vt 0.827762 0.826176
vt 0.561619 0.286608
vt 0.050879 0.094425
vt 0.561619 0.203765
vt 0.523455 0.921660
vt 0.511398 0.895880
vt 0.558649 0.084444
vt 0.550788 0.658511
vt 0.462207 0.658651
vt 0.550850 0.684846
vt 0.462207 0.631877
vt 0.242993 0.537069
vt 0.242931 0.563405
vt 0.331575 0.537210
vt 0.331575 0.510436
vt 0.984700 0.998000
vt 0.990347 0.994780
vt 0.987409 0.991810
vt 0.989621 0.983727
vt 0.300890 0.912913
vt 0.308974 0.915125
vt 0.310033 0.919165
vt 0.315680 0.915945
vt 0.864417 0.391975
vt 0.755117 0.387594
vt 0.755117 0.392036
vt 0.533084 0.928170
vt 0.533084 0.923559
vt 0.509511 0.929041
vt 0.973717 0.392036
vt 0.973717 0.387594
vt 0.329710 0.929041
vt 0.306137 0.923559
vt 0.306137 0.928170
vt 0.002000 0.579576
vt 0.280793 0.123057
vt 0.279420 0.110607
vt 0.276698 0.111445
vt 0.006095 0.111445
vt 0.003373 0.110607
vt 0.002000 0.123057
vt 0.791781 0.458134
vt 0.606981 0.728890
vt 0.606981 0.960123
vt 0.020007 0.105532
vt 0.024134 0.111680
vt 0.015083 0.100572
vt 0.267710 0.100572
vt 0.262786 0.105532
vt 0.258659 0.111680
vt 0.747152 0.245222
vt 0.978200 0.997965
vt 0.318960 0.910333
vt 0.170833 0.727614
vt 0.152133 0.735969
vt 0.170833 0.961399
vt 0.152133 0.953044
vt 0.004197 0.165284
vt 0.015400 0.197570
vt 0.267393 0.197570
vt 0.278597 0.165284
vt 0.242914 0.197492
vt 0.225573 0.593072
vt 0.225838 0.581851
vt 0.568208 0.471630
vt 0.567943 0.460410
vt 0.255776 0.684348
vt 0.414291 0.200515
vt 0.414291 0.245187
vt 0.538005 0.562906
vt 0.247669 0.972570
vt 0.247669 0.716442
vt 0.111292 0.993131
vt 0.054301 0.993098
vt 0.054301 0.987064
vt 0.002000 0.982388
vt 0.111292 0.695882
vt 0.002000 0.706625
vt 0.054301 0.701948
vt 0.054301 0.695915
vt 0.502844 0.765458
vt 0.502843 0.768297
vt 0.516982 0.767205
vt 0.260780 0.767205
vt 0.274920 0.768297
vt 0.274919 0.765458
vt 0.519337 0.740666
vt 0.521911 0.739311
vt 0.799431 0.413919
vt 0.941399 0.421730
vt 0.255851 0.739311
vt 0.258426 0.740666
vt 0.398603 0.306314
vt 0.694628 0.390123
vt 0.028596 0.120657
vt 0.254197 0.120657
vt 0.294420 0.739311
vt 0.291851 0.740726
vt 0.274862 0.734197
vt 0.287387 0.736111
vt 0.288758 0.733457
vt 0.485912 0.740726
vt 0.483343 0.739311
vt 0.489005 0.733457
vt 0.490375 0.736111
vt 0.502900 0.734197
vt 0.501560 0.739296
vt 0.915471 0.937392
vt 0.853093 0.624176
vt 0.283954 0.739296
vt 0.515778 0.380790
vt 0.577677 0.303668
vt 0.828704 0.935779
vt 0.588266 0.109108
vt 0.828704 0.753233
vt 0.873517 0.251132
vt 0.942558 0.412228
vt 0.876860 0.637544
vt 0.889942 0.946978
vt 0.800590 0.423421
vt 0.807817 0.965668
vt 0.807817 0.723344
vt 0.006022 0.129619
vt 0.003373 0.130692
vt 0.008321 0.138047
vt 0.004824 0.122961
vt 0.277969 0.122961
vt 0.274472 0.138047
vt 0.279420 0.130692
vt 0.276771 0.129619
vt 0.742098 0.875461
vt 0.117810 0.154361
vt 0.101748 0.173481
vt 0.641004 0.813666
vt 0.864417 0.396417
vt 0.420188 0.876933
vt 0.014890 0.103504
vt 0.010355 0.101756
vt 0.272438 0.101756
vt 0.267904 0.103504
vt 0.617613 0.682869
vt 0.921982 0.804430
vt 0.960527 0.807232
vt 0.867130 0.760476
vt 0.146557 0.496145
vt 0.489971 0.923769
vt 0.476207 0.923559
vt 0.483121 0.926845
vt 0.839049 0.235540
vt 0.848713 0.234200
vt 0.505624 0.926622
vt 0.498768 0.923559
vt 0.491860 0.926858
vt 0.617067 0.082973
vt 0.615726 0.092636
vt 0.011064 0.222355
vt 0.011064 0.423345
vt 0.583924 0.722160
vt 0.599135 0.731830
vt 0.541412 0.870602
vt 0.285215 0.870602
vt 0.599135 0.957183
vt 0.583924 0.966853
vt 0.828524 0.707293
vt 0.826130 0.700538
vt 0.828524 0.981719
vt 0.826130 0.988474
vt 0.303533 0.919131
vt 0.993627 0.989167
vt 0.312805 0.901124
vt 0.315774 0.898186
vt 0.725019 0.251259
vt 0.729412 0.251259
vt 0.969367 0.989039
vt 0.973408 0.987979
vt 0.520373 0.962558
vt 0.305093 0.962558
vt 0.271116 0.104309
vt 0.274418 0.107148
vt 0.276642 0.105372
vt 0.006151 0.105372
vt 0.008375 0.107148
vt 0.011677 0.104309
vt 0.575631 0.359786
vt 0.515725 0.436945
vt 0.378986 0.961526
vt 0.384935 0.961526
vt 0.382662 0.957450
vt 0.475965 0.743016
vt 0.478238 0.738940
vt 0.472289 0.738940
vt 0.410913 0.961630
vt 0.441667 0.957450
vt 0.386824 0.961526
vt 0.939084 0.423619
vt 0.648584 0.150724
vt 0.648584 0.134326
vt 0.157805 0.059874
vt 0.877282 0.273721
vt 0.877282 0.257323
vt 0.852600 0.263389
vt 0.776545 0.263389
vt 0.570645 0.257323
vt 0.570645 0.273721
vt 0.232379 0.059874
vt 0.341947 0.134326
vt 0.341947 0.150724
vt 0.983726 0.977769
vt 0.298764 0.904806
vt 0.303764 0.048319
vt 0.299788 0.058076
vt 0.304333 0.058076
vt 0.490168 0.764471
vt 0.485916 0.759731
vt 0.291847 0.759731
vt 0.287595 0.764471
vt 0.950037 0.850850
vt 0.954582 0.850850
vt 0.950606 0.841093
vt 0.912565 0.138324
vt 0.654252 0.138324
vt 0.582599 0.098719
vt 0.934997 0.816987
vt 0.854138 0.773057
vt 0.105492 0.129570
vt 0.141397 0.129456
vt 0.183586 0.510186
vt 0.610196 0.631628
vt 0.331575 0.562906
vt 0.472382 0.200197
vt 0.472382 0.245187
vt 0.497327 0.245187
vt 0.237487 0.998000
vt 0.111292 0.997607
vt 0.237487 0.691012
vt 0.111292 0.691406
vt 0.148889 0.778101
vt 0.141230 0.777268
vt 0.140274 0.844506
vt 0.151587 0.757202
vt 0.144066 0.755709
vt 0.141230 0.911744
vt 0.144066 0.933304
vt 0.151587 0.931810
vt 0.148889 0.910911
vt 0.285946 0.012820
vt 0.643547 0.180299
vt 0.648584 0.172789
vt 0.960888 0.175489
vt 0.955851 0.167979
vt 0.240812 0.772080
vt 0.341947 0.172789
vt 0.346984 0.180299
vt 0.002000 0.012820
vt 0.659289 0.167979
vt 0.654252 0.175489
vt 0.524756 0.772080
vt 0.341947 0.354373
vt 0.749449 0.440265
vt 0.824072 0.413919
vt 0.832445 0.339057
vt 0.128078 0.657389
vt 0.515633 0.764470
vt 0.522457 0.761101
vt 0.255305 0.761101
vt 0.262130 0.764470
vt 0.294205 0.750411
vt 0.483557 0.750411
vt 0.902075 0.773057
vt 0.861325 0.650146
vt 0.903373 0.961802
vt 0.706827 0.132657
vt 0.177302 0.129570
vt 0.497327 0.199618
vt 0.462207 0.684348
vt 0.643547 0.126816
vt 0.285946 0.029017
vt 0.346984 0.126816
vt 0.002000 0.029017
vt 0.240812 0.788277
vt 0.872245 0.281230
vt 0.575682 0.281230
vt 0.524756 0.788277
vt 0.519671 0.197780
vt 0.858779 0.224969
vt 0.602956 0.082918
vt 0.019192 0.435178
vt 0.019192 0.210522
vt 0.016256 0.459849
vt 0.777525 0.581290
vt 0.551770 0.978916
vt 0.545957 0.569571
vt 0.551770 0.710097
vt 0.247825 0.448129
vt 0.407981 0.974102
vt 0.407981 0.714911
vt 0.960888 0.191887
vt 0.648584 0.156391
vt 0.341947 0.156391
vt 0.654252 0.191887
vt 0.912565 0.143056
vt 0.754951 0.328266
vt 0.654252 0.143056
vt 0.997825 0.328266
vt 0.852600 0.257323
vt 0.157805 0.052422
vt 0.776545 0.257323
vt 0.232379 0.052422
vt 0.457350 0.743016
vt 0.364047 0.957450
vt 0.959972 0.427695
vt 0.407712 0.957450
vt 0.389097 0.957450
vt 0.941357 0.427695
vt 0.258656 0.129853
vt 0.257038 0.120664
vt 0.025755 0.120664
vt 0.024137 0.129853
vt 0.873569 0.763277
vt 0.877515 0.773057
vt 0.731386 0.132657
vt 0.735332 0.122876
vt 0.786830 0.844506
vt 0.256011 0.130955
vt 0.267789 0.137700
vt 0.262469 0.135251
vt 0.020324 0.135251
vt 0.015004 0.137700
vt 0.026783 0.130955
vt 0.832229 0.797009
vt 0.832229 0.892004
vt 0.114718 0.951366
vt 0.114718 0.737646
vt 0.356277 0.080325
vt 0.320884 0.921669
vt 0.568269 0.080325
vt 0.533084 0.921669
vt 0.147935 0.844506
vt 0.875938 0.629429
vt 0.925366 0.841093
vt 0.922337 0.841093
vt 0.918313 0.850850
vt 0.336057 0.058076
vt 0.332034 0.048319
vt 0.329004 0.048319
vt 0.892091 0.939098
vt 0.010160 0.135769
vt 0.272633 0.135769
vt 0.726271 0.247369
vt 0.728160 0.247369
vt 0.409024 0.961526
vt 0.961284 0.423619
vt 0.197845 0.534576
vt 0.211606 0.563903
vt 0.595936 0.656017
vt 0.582175 0.685345
vt 0.181045 0.173481
vt 0.909380 0.763277
vt 0.699522 0.122876
vt 0.002000 0.322850
vt 0.172873 0.105481
vt 0.703504 0.132657
vt 0.916786 0.957562
vt 0.848716 0.643909
vt 0.905397 0.773057
vt 0.943401 0.816478
vt 0.519998 0.025573
vt 0.477325 0.017689
vt 0.845733 0.772564
vt 0.521631 0.035245
vt 0.478958 0.008017
vt 0.449683 0.017635
vt 0.862031 0.770664
vt 0.927099 0.814608
vt 0.492356 0.025627
vt 0.692901 0.811437
vt 0.505957 0.825629
vt 0.329464 0.825616
vt 0.755117 0.403128
vt 0.298964 0.878788
vt 0.298964 0.883230
vt 0.541412 0.883230
vt 0.541412 0.878788
vt 0.998000 0.403128
vt 0.347438 0.201971
vt 0.342732 0.277123
vt 0.342267 0.265157
vt 0.158857 0.738478
vt 0.158857 0.950534
vt 0.564417 0.224986
vt 0.564417 0.265387
vt 0.617642 0.788663
vt 0.618767 0.844506
vt 0.627892 0.844506
vt 0.617642 0.900349
vt 0.950573 0.810027
vt 0.838549 0.766126
vt 0.002000 0.986811
vt 0.002000 0.702201
vt 0.849980 0.627509
vt 0.918038 0.941161
vt 0.855098 0.227292
vt 0.832882 0.739341
vt 0.606641 0.085234
vt 0.832882 0.949672
vt 0.874243 0.645977
vt 0.891242 0.955711
vt 0.905422 0.935732
vt 0.863277 0.624068
vt 0.944805 0.802356
vt 0.844303 0.758444
vt 0.115367 0.177041
vt 0.832882 0.710150
vt 0.832882 0.704777
vt 0.832882 0.978862
vt 0.832882 0.984236
vt 0.326645 0.698226
vt 0.403679 0.697800
vt 0.409972 0.449314
vt 0.409972 0.458976
vt 0.483195 0.450124
vt 0.383809 0.570755
vt 0.310586 0.571566
vt 0.383809 0.580418
vt 0.326645 0.990786
vt 0.403679 0.991212
vt 0.860797 0.756649
vt 0.928307 0.800591
vt 0.823901 0.339058
vt 0.832615 0.413920
vt 0.832882 0.964267
vt 0.832882 0.724745
vt 0.825868 0.749446
vt 0.825868 0.939567
vt 0.223139 0.563903
vt 0.502897 0.245187
vt 0.502897 0.199658
vt 0.867902 0.762518
vt 0.824851 0.348589
vt 0.921214 0.806473
vt 0.831666 0.423451
vt 0.551708 0.715012
vt 0.551708 0.974001
vt 0.319775 0.691012
vt 0.403679 0.691012
vt 0.409972 0.473142
vt 0.489725 0.459701
vt 0.304056 0.581142
vt 0.383809 0.594584
vt 0.319775 0.998000
vt 0.403679 0.998000
vt 0.570643 0.685345
vt 0.388881 0.769096
vt 0.118194 0.946314
vt 0.118194 0.742699
vt 0.399116 0.716399
vt 0.399116 0.972613
vt 0.426158 0.200515
vt 0.564429 0.715027
vt 0.564429 0.973985
vt 0.549195 0.291549
vt 0.384697 0.292181
vt 0.391999 0.292544
vt 0.408235 0.292652
vt 0.410265 0.292372
vt 0.378356 0.291500
vt 0.510014 0.291794
vt 0.524934 0.197672
vt 0.530933 0.197721
vt 0.399564 0.292819
vt 0.405790 0.292745
vt 0.411173 0.291745
vt 0.411379 0.289858
vt 0.546077 0.292436
vt 0.414291 0.289858
vt 0.472382 0.290176
vt 0.497327 0.290755
vt 0.502897 0.290716
vt 0.514163 0.292353
vt 0.879292 0.778736
vt 0.857726 0.778733
vt 0.857710 0.811833
vt 0.879275 0.811831
vt 0.838557 0.778724
vt 0.838549 0.811839
vt 0.978555 0.523464
vt 0.961084 0.523448
vt 0.961088 0.558358
vt 0.978558 0.558347
vt 0.939666 0.523425
vt 0.939670 0.558375
vt 0.916894 0.523395
vt 0.916899 0.558397
vt 0.895529 0.523358
vt 0.895535 0.558424
vt 0.878153 0.523318
vt 0.878161 0.558453
vt 0.448032 0.074614
vt 0.466445 0.074645
vt 0.466431 0.040979
vt 0.448019 0.041002
vt 0.487724 0.074658
vt 0.487710 0.040969
vt 0.509303 0.074645
vt 0.509289 0.040979
vt 0.528578 0.074614
vt 0.528565 0.041002
vt 0.244645 0.799119
vt 0.244683 0.815648
vt 0.278040 0.815654
vt 0.278068 0.799126
vt 0.244718 0.835972
vt 0.278014 0.835977
vt 0.244747 0.857634
vt 0.277993 0.857638
vt 0.244769 0.878009
vt 0.277978 0.878013
vt 0.244784 0.894629
vt 0.277967 0.894632
vt 0.244792 0.905479
vt 0.277960 0.905482
vt 0.900256 0.778733
vt 0.900239 0.811833
vt 0.283253 0.919080
vt 0.282880 0.912840
vt 0.274621 0.908779
vt 0.283253 0.934931
vt 0.265375 0.907371
vt 0.256257 0.908779
vt 0.248367 0.912840
vt 0.242658 0.919080
vt 0.239819 0.926753
vt 0.240191 0.934931
vt 0.243730 0.942623
vt 0.250010 0.948897
vt 0.258287 0.952993
vt 0.267598 0.954416
vt 0.283253 0.948897
vt 0.276651 0.952993
vt 0.959240 0.961157
vt 0.963700 0.961496
vt 0.959915 0.939793
vt 0.955725 0.941130
vt 0.949017 0.920509
vt 0.974987 0.563768
vt 0.958763 0.563783
vt 0.938873 0.563805
vt 0.917726 0.563833
vt 0.897883 0.563868
vt 0.856518 0.919691
vt 0.853096 0.916678
vt 0.842293 0.935066
vt 0.846478 0.936771
vt 0.838549 0.956317
vt 0.842997 0.956509
vt 0.842293 0.977868
vt 0.846478 0.976524
vt 0.853096 0.997119
vt 0.283253 0.802533
vt 0.283219 0.817888
vt 0.283186 0.836763
vt 0.283159 0.856880
vt 0.283139 0.875801
vt 0.915506 0.816987
vt 0.915547 0.811839
vt 0.955725 0.980884
vt 0.959915 0.982595
vt 0.922655 0.259130
vt 0.901376 0.259143
vt 0.901362 0.292809
vt 0.922641 0.292819
vt 0.882962 0.259174
vt 0.882950 0.292786
vt 0.442352 0.034073
vt 0.424976 0.034112
vt 0.424970 0.069178
vt 0.442344 0.069207
vt 0.403611 0.034149
vt 0.403606 0.069151
vt 0.380839 0.034180
vt 0.380835 0.069129
vt 0.359421 0.034202
vt 0.359417 0.069112
vt 0.341950 0.034218
vt 0.341947 0.069101
vt 0.928267 0.685345
vt 0.947378 0.685337
vt 0.947362 0.652335
vt 0.928258 0.652329
vt 0.968879 0.685334
vt 0.968862 0.652337
vt 0.989780 0.685337
vt 0.989764 0.652335
vt 0.487211 0.814674
vt 0.476358 0.814665
vt 0.476361 0.847855
vt 0.487214 0.847849
vt 0.459736 0.814651
vt 0.459739 0.847866
vt 0.439356 0.814629
vt 0.439361 0.847882
vt 0.417690 0.814600
vt 0.417695 0.847903
vt 0.397362 0.814565
vt 0.397368 0.847929
vt 0.380830 0.814527
vt 0.380837 0.847957
vt 0.963508 0.259174
vt 0.944233 0.259143
vt 0.944220 0.292809
vt 0.963496 0.292786
vt 0.291858 0.197202
vt 0.298016 0.197570
vt 0.305588 0.197570
vt 0.321250 0.197570
vt 0.327442 0.197570
vt 0.331485 0.191050
vt 0.332889 0.182109
vt 0.331485 0.172913
vt 0.327442 0.164738
vt 0.321250 0.158537
vt 0.313659 0.155041
vt 0.305588 0.154673
vt 0.298016 0.157478
vt 0.291858 0.163116
vt 0.287850 0.170909
vt 0.286461 0.179914
vt 0.287850 0.189045
vt 0.918143 0.643857
vt 0.922591 0.643665
vt 0.918847 0.622415
vt 0.914663 0.624120
vt 0.908044 0.604028
vt 0.438763 0.074658
vt 0.422622 0.074622
vt 0.402779 0.074588
vt 0.381632 0.074559
vt 0.361742 0.074538
vt 0.815542 0.610596
vt 0.812130 0.607859
vt 0.801234 0.627142
vt 0.805423 0.628479
vt 0.797449 0.648844
vt 0.801908 0.648504
vt 0.801234 0.669941
vt 0.805423 0.668230
vt 0.812130 0.685345
vt 0.472964 0.853014
vt 0.457527 0.853028
vt 0.438602 0.853049
vt 0.418481 0.853076
vt 0.399602 0.853108
vt 0.904623 0.681749
vt 0.908044 0.684464
vt 0.918847 0.665214
vt 0.914663 0.663871
vt 0.828893 0.673554
vt 0.821817 0.661607
vt 0.134932 0.559834
vt 0.149137 0.559810
vt 0.149847 0.551701
vt 0.857111 0.844100
vt 0.858287 0.874065
vt 0.888045 0.879289
vt 0.816416 0.542738
vt 0.846207 0.547851
vt 0.831511 0.505260
vt 0.345518 0.074523
vt 0.886461 0.838917
vt 0.945605 0.923246
vt 0.930105 0.909653
vt 0.921414 0.924420
vt 0.807151 0.537716
vt 0.805679 0.527968
vt 0.797449 0.527975
vt 0.911101 0.998000
vt 0.930105 0.998000
vt 0.921414 0.994853
vt 0.389766 0.866047
vt 0.403417 0.866046
vt 0.404962 0.857836
vt 0.709694 0.554060
vt 0.696898 0.554047
vt 0.697601 0.562085
vt 0.711682 0.562108
vt 0.723146 0.562131
vt 0.720113 0.554073
vt 0.735827 0.180330
vt 0.722583 0.180327
vt 0.721115 0.188344
vt 0.893995 0.998000
vt 0.880731 0.993230
vt 0.871939 0.998000
vt 0.817290 0.513151
vt 0.815542 0.685304
vt 0.831041 0.685345
vt 0.839731 0.682198
vt 0.828893 0.621280
vt 0.839731 0.611770
vt 0.831041 0.597004
vt 0.904623 0.607042
vt 0.889203 0.594683
vt 0.880412 0.610147
vt 0.780216 0.562187
vt 0.791781 0.562210
vt 0.788721 0.554080
vt 0.778211 0.554068
vt 0.765301 0.554055
vt 0.766010 0.562163
vt 0.939330 0.974260
vt 0.932253 0.986208
vt 0.945605 0.997959
vt 0.862771 0.518156
vt 0.864261 0.527911
vt 0.872486 0.527902
vt 0.869933 0.983721
vt 0.862894 0.971210
vt 0.898248 0.658557
vt 0.891210 0.618793
vt 0.869933 0.931444
vt 0.880731 0.922797
vt 0.871939 0.907332
vt 0.361096 0.857829
vt 0.350752 0.857816
vt 0.354152 0.866034
vt 0.869427 0.830642
vt 0.879475 0.830650
vt 0.880554 0.822663
vt 0.871659 0.887522
vt 0.881706 0.887529
vt 0.880529 0.882053
vt 0.164271 0.559789
vt 0.178503 0.559772
vt 0.176530 0.551680
vt 0.932253 0.933931
vt 0.473505 0.857823
vt 0.460453 0.857833
vt 0.461132 0.866008
vt 0.419846 0.866076
vt 0.431519 0.866053
vt 0.433544 0.857858
vt 0.862894 0.943394
vt 0.823722 0.508004
vt 0.830679 0.499852
vt 0.857411 0.520035
vt 0.872419 0.882047
vt 0.846673 0.859065
vt 0.848800 0.868943
vt 0.853965 0.867052
vt 0.839223 0.556013
vt 0.848890 0.552620
vt 0.858613 0.527908
vt 0.819359 0.647798
vt 0.821817 0.633792
vt 0.898248 0.630742
vt 0.900690 0.644552
vt 0.412531 0.147178
vt 0.425774 0.147175
vt 0.425636 0.139154
vt 0.904522 0.859107
vt 0.902387 0.849229
vt 0.897218 0.851138
vt 0.870618 0.836137
vt 0.878728 0.836143
vt 0.898940 0.859111
vt 0.898472 0.877665
vt 0.903162 0.868983
vt 0.897843 0.867082
vt 0.439205 0.147178
vt 0.451203 0.147187
vt 0.453616 0.139177
vt 0.821032 0.503253
vt 0.891209 0.671067
vt 0.880412 0.680575
vt 0.889203 0.685345
vt 0.852247 0.859079
vt 0.761255 0.180318
vt 0.749257 0.180327
vt 0.750466 0.188344
vt 0.854152 0.877632
vt 0.862090 0.884085
vt 0.864695 0.879273
vt 0.856875 0.546248
vt 0.862214 0.537667
vt 0.856960 0.535782
vt 0.475497 0.865991
vt 0.487214 0.865978
vt 0.484151 0.857816
vt 0.838406 0.550591
vt 0.812518 0.535821
vt 0.736644 0.562125
vt 0.750876 0.562142
vt 0.751550 0.554043
vt 0.738618 0.554033
vt 0.728070 0.554026
vt 0.725035 0.562113
vt 0.939330 0.946444
vt 0.870247 0.588537
vt 0.850044 0.589343
vt 0.853019 0.606410
vt 0.811328 0.527952
vt 0.813065 0.509630
vt 0.807733 0.518214
vt 0.812986 0.520079
vt 0.363553 0.866041
vt 0.375922 0.866046
vt 0.374707 0.857836
vt 0.897016 0.840539
vt 0.889057 0.834087
vt 0.893995 0.918496
vt 0.908125 0.919060
vt 0.911101 0.901992
vt 0.890897 0.901185
vt 0.763668 0.188327
vt 0.136938 0.551714
vt 0.417957 0.857829
vt 0.187077 0.551673
vt 0.080671 0.551674
vt 0.068664 0.551678
vt 0.066279 0.559651
vt 0.079492 0.559644
vt 0.094281 0.559641
vt 0.094111 0.551673
vt 0.411063 0.139161
vt 0.422935 0.857871
vt 0.445857 0.866029
vt 0.867149 0.605846
vt 0.941788 0.960450
vt 0.389941 0.857839
vt 0.735688 0.188350
vt 0.860452 0.957204
vt 0.682600 0.562064
vt 0.683267 0.554036
vt 0.670448 0.554026
vt 0.668492 0.562047
vt 0.108862 0.559644
vt 0.121478 0.559651
vt 0.118828 0.551678
vt 0.107363 0.551674
vt 0.368782 0.736941
vt 0.368736 0.731166
vt 0.349701 0.731176
vt 0.852696 0.840507
vt 0.848025 0.849189
vt 0.853339 0.851108
vt 0.867682 0.822654
vt 0.855771 0.827039
vt 0.860127 0.834066
vt 0.850309 0.503219
vt 0.840847 0.499840
vt 0.839718 0.505252
vt 0.870575 0.515407
vt 0.864364 0.504421
vt 0.857924 0.509580
vt 0.799330 0.540459
vt 0.805508 0.551433
vt 0.811977 0.546285
vt 0.819580 0.552642
vt 0.829042 0.556020
vt 0.830190 0.550597
vt 0.894059 0.874090
vt 0.847355 0.507979
vt 0.822553 0.547869
vt 0.895345 0.891133
vt 0.904894 0.882883
vt 0.870540 0.895509
vt 0.440414 0.139161
vt 0.840279 0.846410
vt 0.838549 0.859059
vt 0.846256 0.835289
vt 0.842485 0.491944
vt 0.829462 0.491959
vt 0.854607 0.496272
vt 0.827367 0.563903
vt 0.840410 0.563895
vt 0.815245 0.559575
vt 0.910903 0.871763
vt 0.912646 0.859113
vt 0.806909 0.504487
vt 0.800082 0.515482
vt 0.863026 0.551390
vt 0.869865 0.540399
vt 0.881742 0.563903
vt 0.858285 0.891106
vt 0.848122 0.882842
vt 0.841271 0.871712
vt 0.817109 0.496316
vt 0.892831 0.827066
vt 0.903028 0.835330
vt 0.909911 0.846460
vt 0.852795 0.559550
vt 0.892883 0.844125
vt 0.852651 0.542709
vt 0.856518 0.994404
vt 0.446573 0.857845
vt 0.163598 0.551690
vt 0.883412 0.895518
vt 0.190112 0.559759
vt 0.384245 0.853142
vt 0.283187 0.839848
vt 0.908125 0.998000
vt 0.283167 0.853917
vt 0.708506 0.188327
vt 0.398453 0.139177
vt 0.401072 0.147187
vt 0.421566 0.853077
vt 0.435639 0.853057
vt 0.123367 0.559856
vt 0.891020 0.884106
vt 0.867149 0.685345
vt 0.870247 0.685345
vt 0.415227 0.866041
vt 0.711125 0.180318
vt 0.126427 0.551727
vt 0.853501 0.513113
vt 0.863111 0.838901
vt 0.853019 0.685345
vt 0.283124 0.891235
vt 0.936408 0.019553
vt 0.937147 0.019746
vt 0.944986 0.012488
vt 0.938653 0.010773
vt 0.944700 0.012845
vt 0.949014 0.010773
vt 0.937453 0.027874
vt 0.921544 0.027874
vt 0.921548 0.008232
vt 0.923388 0.023348
vt 0.949803 0.020177
vt 0.932972 0.024352
vt 0.942785 0.012488
vt 0.941008 0.012845
vt 0.943510 0.025441
vt 0.949109 0.029704
vt 0.939194 0.021795
vt 0.944307 0.025503
vt 0.939194 0.021319
vt 0.930236 0.015627
vt 0.949547 0.010164
vt 0.925591 0.009433
vt 0.920123 0.022449
vt 0.949991 0.010164
vt 0.938653 0.010343
vt 0.944070 0.012488
vt 0.943227 0.015088
vt 0.918380 0.026996
vt 0.921576 0.029615
vt 0.921667 0.030162
vt 0.921913 0.030653
vt 0.922317 0.030938
vt 0.921913 0.025096
vt 0.921667 0.025587
vt 0.921576 0.026134
vt 0.925202 0.026401
vt 0.929070 0.013333
vt 0.920954 0.019133
vt 0.921129 0.018998
vt 0.936790 0.030827
vt 0.937415 0.029338
vt 0.937415 0.026411
vt 0.936790 0.024922
vt 0.936276 0.024668
vt 0.930511 0.026923
vt 0.928745 0.026938
vt 0.927029 0.027032
vt 0.926831 0.027043
vt 0.933993 0.027032
vt 0.932277 0.026938
vt 0.933101 0.029952
vt 0.944937 0.025118
vt 0.950093 0.009694
vt 0.917252 0.025013
vt 0.918042 0.016794
vt 0.941008 0.013275
vt 0.933882 0.030905
vt 0.947677 0.018623
vt 0.936867 0.015835
vt 0.932463 0.013827
vt 0.930491 0.030762
vt 0.928452 0.030781
s 1
usemtl Material_294
f 1/1/1 2/2/1 3/3/2
f 4/4/3 5/5/3 6/6/4
f 7/7/5 8/8/5 9/9/6
f 10/10/7 11/11/7 12/12/8
s 0
f 13/13/7 14/14/7 15/15/7
f 15/15/7 16/16/7 13/13/7
s 1
f 17/17/9 18/18/9 19/19/10
f 19/19/10 20/20/10 17/17/9
f 20/20/10 19/19/10 21/21/11
f 21/21/11 22/22/11 20/20/10
s 0
f 23/23/12 24/24/12 25/25/12
f 25/25/12 26/26/12 23/23/12
s 1
f 18/18/9 17/17/9 27/27/13
f 27/27/13 28/28/13 18/18/9
s 0
f 29/29/14 30/30/14 31/31/14
f 31/31/14 32/32/14 29/29/14
f 33/33/7 34/34/7 35/35/7
f 35/35/7 36/36/7 33/33/7
s 1
f 37/37/9 38/38/9 39/39/10
f 39/39/10 40/40/10 37/37/9
f 40/40/10 39/39/10 41/41/11
f 41/41/11 42/42/11 40/40/10
s 0
f 43/43/12 44/44/12 45/45/12
f 45/45/12 46/46/12 43/43/12
s 1
f 38/38/9 37/37/9 47/47/13
f 47/47/13 48/48/13 38/38/9
s 0
f 49/49/14 50/50/14 51/51/14
f 51/51/14 52/52/14 49/49/14
f 53/53/7 54/54/7 55/55/7
f 55/55/7 56/56/7 53/53/7
s 1
f 57/57/9 58/58/9 59/59/10
f 59/59/10 60/60/10 57/57/9
f 60/60/10 59/59/10 61/61/11
f 61/61/11 62/62/11 60/60/10
s 0
f 63/63/12 64/64/12 65/65/12
f 65/65/12 66/66/12 63/63/12
s 1
f 58/58/9 57/57/9 67/67/13
f 67/67/13 68/68/13 58/58/9
s 0
f 69/69/14 70/70/14 71/71/14
f 71/71/14 72/72/14 69/69/14
s 1
f 73/73/15 74/74/16 75/75/16
f 75/75/16 76/76/15 73/73/15
f 77/77/17 78/78/18 79/79/18
f 79/79/18 80/80/17 77/77/17
f 81/81/19 77/77/17 80/80/17
f 80/80/17 82/82/19 81/81/19
f 83/83/20 81/81/19 82/82/19
f 82/82/19 84/84/20 83/83/20
f 85/85/21 83/83/20 84/84/20
f 84/84/20 86/86/21 85/85/21
f 87/87/22 88/88/23 89/89/23
f 89/89/23 90/90/22 87/87/22
f 91/91/24 87/87/22 90/90/22
f 90/90/22 92/92/24 91/91/24
f 93/93/25 91/91/24 92/92/24
f 92/92/24 94/94/25 93/93/25
f 95/95/26 96/96/27 97/97/27
f 97/97/27 98/98/26 95/95/26
f 99/99/28 95/95/26 98/98/26
f 98/98/26 100/100/28 99/99/28
f 101/101/29 102/102/30 103/103/30
f 103/103/30 104/104/29 101/101/29
f 74/74/16 101/101/29 104/104/29
f 104/104/29 75/75/16 74/74/16
f 105/105/3 106/106/3 107/107/31
f 106/106/3 108/108/3 109/109/32
f 108/108/3 110/110/3 111/111/33
f 110/110/3 112/112/3 113/113/34
f 112/112/3 114/114/3 115/115/35
f 114/114/3 116/116/3 117/117/36
f 116/116/3 118/118/3 119/119/37
f 118/118/3 120/120/3 121/121/38
f 120/120/3 122/122/3 123/123/39
f 122/122/3 124/124/3 125/125/40
f 124/124/3 126/126/3 127/127/41
f 126/126/3 105/105/3 128/128/42
f 129/129/43 130/130/44 131/131/44
f 131/131/44 132/132/43 129/129/43
f 133/133/45 134/134/45 2/2/1
f 2/2/1 1/1/1 133/133/45
s 0
f 135/135/3 136/136/3 5/5/3
f 5/5/3 4/4/3 135/135/3
s 1
f 137/137/46 138/138/46 8/8/5
f 8/8/5 7/7/5 137/137/46
s 0
f 139/139/7 140/140/7 11/11/7
f 11/11/7 10/10/7 139/139/7
f 141/141/45 142/142/45 143/143/45
f 143/143/45 144/144/45 141/141/45
s 1
f 145/145/3 146/146/3 129/129/43
f 129/129/43 132/132/43 145/145/3
s 0
f 147/147/46 148/148/46 149/149/46
f 149/149/46 150/150/46 147/147/46
f 151/151/7 152/152/7 153/153/7
f 153/153/7 154/154/7 151/151/7
s 1
f 155/155/45 156/156/47 157/157/48
f 158/158/49 159/159/50 160/160/51
f 161/161/52 162/162/46 163/163/46
f 164/164/53 165/165/53 166/166/54
f 156/156/47 167/167/55 168/168/56
f 169/169/50 161/161/52 170/170/57
f 171/171/45 172/172/58 173/173/58
f 173/173/58 174/174/45 171/171/45
f 175/175/46 176/176/46 177/177/59
f 177/177/59 178/178/59 175/175/46
f 179/179/60 180/180/60 181/181/61
f 181/181/61 182/182/61 179/179/60
s 0
f 183/183/12 184/184/12 185/185/12
f 185/185/12 186/186/12 187/187/12
f 183/183/12 185/185/12 187/187/12
f 183/183/12 187/187/12 188/188/12
f 189/189/7 190/190/7 191/191/7
f 191/191/7 192/192/7 189/189/7
f 193/193/14 194/194/14 195/195/14
f 195/195/14 196/196/14 197/197/14
f 193/193/14 195/195/14 197/197/14
f 193/193/14 197/197/14 198/198/14
s 1
f 199/199/61 173/173/58 172/172/58
f 172/172/58 200/200/61 199/199/61
f 201/201/60 178/178/59 177/177/59
f 177/177/59 202/202/60 201/201/60
f 203/203/45 204/204/58 156/156/47
f 156/156/47 155/155/45 203/203/45
f 205/205/61 206/206/60 159/159/50
f 159/159/50 158/158/49 205/205/61
f 207/207/59 208/208/46 162/162/46
f 162/162/46 161/161/52 207/207/59
f 209/209/7 210/210/7 165/165/53
f 165/165/53 164/164/53 209/209/7
f 204/204/58 211/211/61 167/167/55
f 167/167/55 156/156/47 204/204/58
f 212/212/60 207/207/59 161/161/52
f 161/161/52 169/169/50 212/212/60
f 213/213/62 214/214/63 215/215/45
f 216/216/64 217/217/65 218/218/66
f 219/219/46 220/220/46 221/221/67
f 222/222/68 223/223/69 224/224/69
f 225/225/70 226/226/71 214/214/63
f 227/227/72 221/221/67 228/228/73
f 229/229/74 230/230/74 231/231/45
f 231/231/45 232/232/45 229/229/74
f 233/233/75 234/234/46 235/235/46
f 235/235/46 236/236/75 233/233/75
f 237/237/76 238/238/77 239/239/77
f 239/239/77 240/240/76 237/237/76
s 0
f 241/241/12 242/242/12 243/243/12
f 243/243/12 244/244/12 245/245/12
f 241/241/12 243/243/12 245/245/12
f 246/246/12 241/241/12 245/245/12
f 247/247/3 248/248/3 249/249/3
f 249/249/3 250/250/3 247/247/3
f 251/251/14 252/252/14 253/253/14
f 253/253/14 254/254/14 255/255/14
f 251/251/14 253/253/14 255/255/14
f 256/256/14 251/251/14 255/255/14
s 1
f 230/230/74 229/229/74 257/257/76
f 257/257/76 258/258/78 230/230/74
f 233/233/75 236/236/75 259/259/77
f 259/259/77 260/260/79 233/233/75
f 214/214/63 261/261/74 262/262/45
f 262/262/45 215/215/45 214/214/63
f 217/217/65 263/263/77 264/264/76
f 264/264/76 218/218/66 217/217/65
f 220/220/46 265/265/46 266/266/75
f 266/266/75 221/221/67 220/220/46
f 223/223/69 267/267/3 268/268/3
f 268/268/3 224/224/69 223/223/69
f 226/226/71 269/269/76 261/261/74
f 261/261/74 214/214/63 226/226/71
f 221/221/67 266/266/75 270/270/77
f 270/270/77 228/228/73 221/221/67
f 271/271/80 272/272/81 273/273/81
f 274/274/82 275/275/3 276/276/3
f 277/277/83 278/278/84 279/279/84
f 280/280/85 281/281/7 282/282/7
s 0
f 283/283/7 284/284/7 285/285/7
f 285/285/7 286/286/7 283/283/7
s 1
f 287/287/9 288/288/10 289/289/10
f 289/289/10 290/290/9 287/287/9
f 288/288/10 291/291/11 292/292/11
f 292/292/11 289/289/10 288/288/10
s 0
f 293/293/14 294/294/14 295/295/14
f 295/295/14 296/296/14 293/293/14
s 1
f 290/290/9 297/297/13 298/298/13
f 298/298/13 287/287/9 290/290/9
s 0
f 299/299/12 300/300/12 301/301/12
f 301/301/12 302/302/12 299/299/12
f 303/303/7 304/304/7 305/305/7
f 305/305/7 306/306/7 303/303/7
s 1
f 307/307/9 308/308/10 309/309/10
f 309/309/10 310/310/9 307/307/9
f 308/308/10 311/311/11 312/312/11
f 312/312/11 309/309/10 308/308/10
s 0
f 313/313/14 314/314/14 315/315/14
f 315/315/14 316/316/14 313/313/14
s 1
f 310/310/9 317/317/13 318/318/13
f 318/318/13 307/307/9 310/310/9
s 0
f 319/319/12 320/320/12 321/321/12
f 321/321/12 322/322/12 319/319/12
f 323/323/7 324/324/7 325/325/7
f 325/325/7 326/326/7 323/323/7
s 1
f 327/327/9 328/328/10 329/329/10
f 329/329/10 330/330/9 327/327/9
f 328/328/10 331/331/11 332/332/11
f 332/332/11 329/329/10 328/328/10
s 0
f 333/333/14 334/334/14 335/335/14
f 335/335/14 336/336/14 333/333/14
s 1
f 330/330/9 337/337/13 338/338/13
f 338/338/13 327/327/9 330/330/9
s 0
f 339/339/12 340/340/12 341/341/12
f 341/341/12 342/342/12 339/339/12
s 1
f 343/343/23 344/344/23 345/345/22
f 345/345/22 346/346/22 343/343/23
f 347/347/20 348/348/20 349/349/21
f 349/349/21 350/350/21 347/347/20
f 351/351/19 352/352/19 348/348/20
f 348/348/20 347/347/20 351/351/19
f 353/353/17 354/354/17 352/352/19
f 352/352/19 351/351/19 353/353/17
f 355/355/18 356/356/18 354/354/17
f 354/354/17 353/353/17 355/355/18
f 357/357/16 358/358/16 359/359/15
f 359/359/15 360/360/15 357/357/16
f 361/361/29 362/362/29 358/358/16
f 358/358/16 357/357/16 361/361/29
f 363/363/30 364/364/30 362/362/29
f 362/362/29 361/361/29 363/363/30
f 365/365/26 366/366/26 367/367/28
f 367/367/28 368/368/28 365/365/26
f 369/369/27 370/370/27 366/366/26
f 366/366/26 365/365/26 369/369/27
f 371/371/24 372/372/24 373/373/25
f 373/373/25 374/374/25 371/371/24
f 346/346/22 345/345/22 372/372/24
f 372/372/24 371/371/24 346/346/22
f 375/375/86 376/376/3 377/377/3
f 378/378/87 379/379/3 376/376/3
f 380/380/33 381/381/3 379/379/3
f 382/382/32 383/383/3 381/381/3
f 384/384/31 385/385/3 383/383/3
f 386/386/42 387/387/3 385/385/3
f 388/388/41 389/389/3 387/387/3
f 390/390/88 391/391/3 389/389/3
f 392/392/39 393/393/3 391/391/3
f 394/394/38 395/395/3 393/393/3
f 396/396/89 397/397/3 395/395/3
f 398/398/36 377/377/3 397/397/3
f 399/399/90 400/400/90 401/401/91
f 401/401/91 402/402/91 399/399/90
f 133/133/45 273/273/81 272/272/81
f 272/272/81 134/134/45 133/133/45
s 0
f 135/135/3 276/276/3 275/275/3
f 275/275/3 136/136/3 135/135/3
s 1
f 137/137/46 279/279/84 278/278/84
f 278/278/84 138/138/46 137/137/46
s 0
f 139/139/7 282/282/7 281/281/7
f 281/281/7 140/140/7 139/139/7
f 141/141/45 403/403/45 404/404/45
f 404/404/45 142/142/45 141/141/45
s 1
f 145/145/3 400/400/90 399/399/90
f 399/399/90 146/146/3 145/145/3
s 0
f 405/405/46 406/406/46 149/149/46
f 149/149/46 148/148/46 405/405/46
f 151/151/7 407/407/7 408/408/7
f 408/408/7 152/152/7 151/151/7
s 1
f 409/409/92 410/410/93 411/411/45
f 412/412/94 413/413/95 414/414/96
f 415/415/46 416/416/46 417/417/97
f 418/418/98 419/419/99 420/420/99
f 421/421/100 422/422/101 410/410/93
f 423/423/102 417/417/97 424/424/103
f 425/425/45 426/426/45 427/427/58
f 427/427/58 428/428/58 425/425/45
f 429/429/46 430/430/59 431/431/59
f 431/431/59 432/432/46 429/429/46
f 433/433/60 434/434/61 435/435/61
f 435/435/61 436/436/60 433/433/60
s 0
f 437/437/14 438/438/14 439/439/14
f 439/439/14 440/440/14 441/441/14
f 437/437/14 439/439/14 441/441/14
f 437/437/14 441/441/14 442/442/14
f 443/443/7 444/444/7 445/445/7
f 445/445/7 446/446/7 443/443/7
f 447/447/12 448/448/12 449/449/12
f 449/449/12 450/450/12 451/451/12
f 447/447/12 449/449/12 451/451/12
f 447/447/12 451/451/12 452/452/12
s 1
f 453/453/61 454/454/61 428/428/58
f 428/428/58 427/427/58 453/453/61
f 455/455/60 456/456/60 431/431/59
f 431/431/59 430/430/59 455/455/60
f 203/203/45 411/411/45 410/410/93
f 410/410/93 204/204/58 203/203/45
f 205/205/61 414/414/96 413/413/95
f 413/413/95 206/206/60 205/205/61
f 207/207/59 417/417/97 416/416/46
f 416/416/46 208/208/46 207/207/59
f 209/209/7 420/420/99 419/419/99
f 419/419/99 210/210/7 209/209/7
f 204/204/58 410/410/93 422/422/101
f 422/422/101 211/211/61 204/204/58
f 212/212/60 424/424/103 417/417/97
f 417/417/97 207/207/59 212/212/60
f 457/457/45 458/458/104 459/459/105
f 460/460/106 461/461/107 462/462/108
f 463/463/109 464/464/46 465/465/46
f 466/466/110 467/467/110 468/468/111
f 458/458/104 469/469/112 470/470/113
f 471/471/114 463/463/109 472/472/115
f 473/473/74 474/474/45 475/475/45
f 475/475/45 476/476/74 473/473/74
f 477/477/75 478/478/75 479/479/46
f 479/479/46 480/480/46 477/477/75
f 481/481/76 482/482/76 483/483/77
f 483/483/77 484/484/77 481/481/76
s 0
f 485/485/14 486/486/14 487/487/14
f 487/487/14 488/488/14 489/489/14
f 485/485/14 487/487/14 489/489/14
f 490/490/14 485/485/14 489/489/14
f 491/491/3 492/492/3 493/493/3
f 493/493/3 494/494/3 491/491/3
f 495/495/12 496/496/12 497/497/12
f 497/497/12 498/498/12 499/499/12
f 495/495/12 497/497/12 499/499/12
f 500/500/12 495/495/12 499/499/12
s 1
f 476/476/74 501/501/76 502/502/76
f 502/502/76 473/473/74 476/476/74
f 477/477/75 503/503/77 504/504/77
f 504/504/77 478/478/75 477/477/75
f 458/458/104 457/457/45 262/262/45
f 262/262/45 261/261/74 458/458/104
f 461/461/107 460/460/106 264/264/76
f 264/264/76 263/263/77 461/461/107
f 464/464/46 463/463/109 266/266/75
f 266/266/75 265/265/46 464/464/46
f 467/467/110 466/466/110 268/268/3
f 268/268/3 267/267/3 467/467/110
f 469/469/112 458/458/104 261/261/74
f 261/261/74 269/269/76 469/469/112
f 463/463/109 471/471/114 270/270/77
f 270/270/77 266/266/75 463/463/109
f 505/505/116 506/506/117 507/507/118
s 0
f 508/508/45 509/509/45 510/510/45
s 1
f 511/511/119 512/512/120 513/513/121
s 0
f 508/508/45 514/514/45 515/515/45
s 1
f 516/516/122 517/517/123 518/518/124
f 519/519/125 520/520/126 521/521/127
f 522/522/128 523/523/129 524/524/130
f 525/525/131 526/526/132 527/527/133
f 528/528/134 529/529/135 530/530/136
f 531/531/137 532/532/138 533/533/139
f 534/534/140 535/535/141 536/536/142
f 537/537/143 518/518/124 517/517/123
f 538/538/144 539/539/145 540/540/146
f 541/541/147 542/542/148 543/543/149
f 544/544/150 545/545/151 546/546/152
f 547/547/153 548/548/154 549/549/155
f 550/550/156 551/551/157 552/552/158
f 553/553/159 554/554/160 555/555/160
f 556/556/161 557/557/162 558/558/163
f 529/529/135 528/528/134 559/559/164
f 560/560/165 561/561/166 562/562/167
f 563/563/168 564/564/169 565/565/170
f 566/566/171 567/567/172 568/568/173
f 569/569/174 570/570/175 571/571/176
f 572/572/177 573/573/178 574/574/179
f 575/575/180 576/576/181 577/577/182
f 578/578/183 579/579/184 580/580/185
f 572/572/177 581/581/186 582/582/187
f 583/583/188 584/584/189 585/585/190
f 571/571/176 586/586/191 569/569/174
f 587/587/192 588/588/193 589/589/194
f 533/533/139 590/590/195 531/531/137
f 591/591/196 592/592/197 593/593/198
f 594/594/199 595/595/200 596/596/201
f 597/597/202 598/598/203 599/599/204
f 600/600/205 601/601/206 602/602/207
f 603/603/208 604/604/209 605/605/210
f 606/606/211 607/607/212 608/608/213
f 589/589/194 609/609/214 587/587/192
f 557/557/162 556/556/161 610/610/215
s 0
f 611/611/3 612/612/3 613/613/3
s 1
f 614/614/216 615/615/217 616/616/218
f 507/507/118 506/506/117 617/617/219
f 512/512/120 511/511/119 618/618/220
f 539/539/145 538/538/144 619/619/221
f 620/620/222 621/621/223 622/622/224
f 623/623/225 624/624/226 625/625/227
f 626/626/228 627/627/229 628/628/230
f 629/629/231 630/630/232 628/628/230
f 631/631/233 632/632/234 633/633/235
f 634/634/236 635/635/237 636/636/238
f 637/637/233 638/638/233 633/633/235
f 639/639/239 640/640/240 641/641/241
s 0
f 642/642/3 643/643/3 644/644/3
s 1
f 645/645/242 646/646/243 647/647/166
f 648/648/244 649/649/245 650/650/246
f 651/651/247 652/652/248 653/653/249
f 654/654/250 655/655/251 656/656/252
f 657/657/253 658/658/254 659/659/255
f 660/660/256 661/661/257 662/662/258
f 663/663/259 664/664/260 665/665/261
s 0
f 642/642/3 644/644/3 666/666/3
s 1
f 667/667/262 668/668/263 669/669/264
s 0
f 670/670/3 611/611/3 613/613/3
s 1
f 671/671/265 672/672/266 673/673/267
f 674/674/268 536/536/142 535/535/141
f 675/675/269 676/676/270 677/677/271
f 678/678/272 679/679/273 680/680/274
f 681/681/275 682/682/276 683/683/277
f 597/597/202 684/684/278 685/685/279
f 591/591/196 686/686/280 687/687/281
f 688/688/282 681/681/275 683/683/277
f 689/689/283 690/690/284 691/691/285
f 692/692/286 693/693/287 694/694/288
f 695/695/289 527/527/133 526/526/132
f 696/696/290 697/697/291 698/698/292
f 699/699/293 700/700/294 701/701/294
f 702/702/295 703/703/296 704/704/297
f 705/705/298 706/706/257 707/707/299
f 708/708/300 635/635/237 709/709/301
f 111/111/33 109/109/32 108/108/3
f 123/123/39 121/121/38 120/120/3
f 391/391/3 390/390/88 392/392/39
f 379/379/3 378/378/87 380/380/33
f 710/710/302 711/711/303 712/712/304
f 713/713/305 710/710/302 714/714/306
f 715/715/307 513/513/121 512/512/120
f 617/617/219 716/716/308 507/507/118
f 555/555/160 717/717/309 553/553/159
f 718/718/310 719/719/311 720/720/312
f 721/721/313 722/722/314 723/723/315
f 701/701/294 724/724/316 699/699/293
f 725/725/317 608/608/213 607/607/212
f 726/726/318 727/727/319 728/728/320
f 729/729/321 605/605/210 604/604/209
f 730/730/322 731/731/323 732/732/324
f 653/653/249 733/733/325 651/651/247
f 546/546/152 734/734/326 735/735/325
f 542/542/148 736/736/327 737/737/328
f 677/677/271 738/738/329 675/675/269
f 166/166/54 739/739/54 164/164/53
f 160/160/51 740/740/56 158/158/49
f 414/414/96 741/741/100 412/412/94
f 420/420/99 742/742/98 418/418/98
f 218/218/66 743/743/70 216/216/64
f 224/224/69 744/744/68 222/222/68
f 468/468/111 745/745/111 466/466/110
f 462/462/108 746/746/113 460/460/106
f 747/747/330 748/748/331 749/749/332
f 750/750/333 751/751/334 749/749/332
f 752/752/335 753/753/336 754/754/337
f 755/755/338 756/756/339 757/757/340
f 758/758/341 759/759/342 760/760/343
f 761/761/344 762/762/345 763/763/346
f 764/764/347 765/765/348 766/766/281
f 767/767/349 768/768/350 769/769/45
f 770/770/351 771/771/352 772/772/353
f 773/773/354 774/774/355 775/775/356
f 776/776/357 777/777/358 778/778/359
f 779/779/360 780/780/361 781/781/362
f 782/782/204 783/783/363 784/784/364
f 785/785/365 786/786/366 787/787/367
f 788/788/197 789/789/368 790/790/369
f 791/791/370 792/792/371 793/793/372
f 794/794/373 795/795/374 796/796/375
f 770/770/351 796/796/375 795/795/374
f 797/797/376 798/798/377 799/799/378
f 800/800/379 801/801/380 802/802/381
f 802/802/381 803/803/382 800/800/379
f 804/804/383 805/805/384 806/806/385
f 807/807/386 808/808/387 809/809/388
f 690/690/284 689/689/283 810/810/389
f 811/811/390 812/812/391 813/813/392
f 814/814/393 815/815/394 816/816/395
f 526/526/132 525/525/131 817/817/396
f 818/818/397 768/768/350 819/819/398
f 820/820/399 821/821/278 822/822/400
f 823/823/401 824/824/402 825/825/403
f 826/826/404 827/827/405 828/828/406
f 829/829/407 830/830/408 831/831/409
f 397/397/3 396/396/89 398/398/36
f 832/832/407 833/833/408 834/834/409
f 128/128/42 127/127/41 126/126/3
f 835/835/410 836/836/411 837/837/412
f 838/838/413 839/839/414 772/772/353
f 786/786/366 840/840/203 787/787/367
f 841/841/415 842/842/416 843/843/417
f 844/844/418 845/845/419 846/846/420
f 845/845/419 847/847/421 848/848/422
f 849/849/423 850/850/424 851/851/425
f 852/852/426 680/680/274 679/679/273
f 679/679/273 678/678/272 853/853/427
f 854/854/428 855/855/429 856/856/430
f 757/757/340 857/857/431 755/755/338
f 848/848/422 858/858/432 845/845/419
f 859/859/433 748/748/331 747/747/330
f 702/702/295 860/860/434 531/531/137
f 861/861/435 862/862/436 863/863/437
f 527/527/133 594/594/199 525/525/131
f 864/864/438 865/865/439 866/866/440
f 518/518/124 537/537/143 600/600/205
f 867/867/441 868/868/442 869/869/343
f 870/870/336 871/871/443 872/872/444
f 873/873/445 874/874/446 875/875/447
f 796/796/375 876/876/448 794/794/373
f 877/877/449 878/878/450 879/879/451
f 595/595/200 877/877/449 880/880/452
f 881/881/453 882/882/454 883/883/455
f 602/602/207 884/884/456 881/881/453
f 850/850/424 849/849/423 885/885/457
f 886/886/458 887/887/459 888/888/460
f 117/117/36 115/115/35 114/114/3
f 833/833/408 889/889/461 834/834/409
f 385/385/3 384/384/31 386/386/42
f 830/830/408 890/890/461 831/831/409
f 891/891/462 892/892/463 875/875/447
f 775/775/356 893/893/464 773/773/354
f 894/894/465 895/895/466 896/896/467
f 897/897/468 898/898/469 899/899/470
f 900/900/471 630/630/232 629/629/231
f 901/901/472 902/902/473 903/903/474
f 904/904/475 905/905/476 906/906/477
f 907/907/478 908/908/479 909/909/480
f 673/673/267 695/695/289 671/671/265
f 614/614/216 910/910/481 615/615/217
f 911/911/482 912/912/483 836/836/411
f 913/913/484 698/698/292 697/697/291
f 725/725/317 601/601/206 914/914/485
f 915/915/486 916/916/487 917/917/488
f 465/465/46 472/472/115 463/463/109
f 918/918/489 919/919/490 920/920/491
f 221/221/67 227/227/72 219/219/46
f 921/921/488 922/922/487 923/923/492
f 417/417/97 423/423/102 415/415/46
f 924/924/493 925/925/490 926/926/489
f 163/163/46 170/170/57 161/161/52
f 762/762/345 761/761/344 927/927/494
f 778/778/359 928/928/495 776/776/357
f 799/799/378 929/929/496 797/797/376
f 930/930/497 825/825/403 824/824/402
f 931/931/472 932/932/498 903/903/474
f 933/933/499 634/634/236 636/636/238
f 934/934/500 935/935/501 694/694/288
f 721/721/313 556/556/161 936/936/502
f 937/937/503 938/938/504 530/530/136
f 939/939/505 940/940/506 880/880/452
f 941/941/507 669/669/264 668/668/263
f 942/942/508 884/884/456 943/943/509
f 944/944/510 665/665/261 664/664/260
f 659/659/255 854/854/428 657/657/253
f 945/945/511 946/946/512 947/947/513
f 948/948/514 843/843/417 949/949/515
f 950/950/516 641/641/241 640/640/240
f 576/576/181 951/951/517 577/577/182
f 952/952/518 953/953/519 954/954/520
f 729/729/321 955/955/521 596/596/201
f 956/956/522 957/957/523 958/958/524
f 959/959/525 960/960/526 961/961/526
f 962/962/527 963/963/528 964/964/529
f 965/965/530 966/966/531 967/967/531
f 968/968/532 969/969/533 970/970/534
f 971/971/535 972/972/536 973/973/537
f 974/974/538 617/617/219 506/506/117
f 853/853/427 975/975/539 679/679/273
f 459/459/105 976/976/45 457/457/45
f 917/917/488 977/977/540 915/915/486
f 926/926/489 978/978/541 924/924/493
f 157/157/48 979/979/45 155/155/45
f 215/215/45 980/980/45 213/213/62
f 920/920/491 981/981/542 918/918/489
f 923/923/492 982/982/543 921/921/488
f 411/411/45 983/983/45 409/409/92
f 984/984/544 985/985/545 986/986/546
f 987/987/547 988/988/548 989/989/549
f 972/972/536 971/971/535 990/990/550
f 991/991/551 992/992/552 993/993/553
f 989/989/549 994/994/554 987/987/547
f 995/995/555 996/996/556 997/997/557
f 998/998/558 999/999/559 1000/1000/560
f 993/993/553 1001/1001/561 991/991/551
f 997/997/557 1002/1002/562 995/995/555
f 1003/1003/563 1004/1004/564 1005/1005/565
f 1000/1000/560 1006/1006/566 998/998/558
f 969/969/533 968/968/532 1007/1007/567
f 1008/1008/568 1005/1005/565 1004/1004/564
f 1009/1009/569 986/986/546 985/985/545
f 1010/1010/570 1011/1011/571 1012/1012/572
f 1013/1013/209 1014/1014/571 1015/1015/570
f 1016/1016/573 1017/1017/574 1018/1018/213
f 1019/1019/575 1020/1020/576 1021/1021/574
f 1022/1022/577 1023/1023/578 1024/1024/459
f 1025/1025/579 1026/1026/580 1027/1027/581
f 703/703/296 702/702/295 1028/1028/582
f 588/588/193 1029/1029/583 1030/1030/584
f 1031/1031/585 1032/1032/586 1033/1033/587
f 898/898/469 1034/1034/588 899/899/470
f 720/720/312 1035/1035/589 718/718/310
s 0
f 1036/1036/45 1037/555/45 1038/554/45
s 1
f 579/579/184 578/578/183 1039/1037/590
f 769/769/45 768/768/350 1038/554/45
f 542/542/148 541/541/147 1040/1038/591
f 1041/1039/592 1042/1040/593 1043/1041/594
f 1044/1042/595 1045/1043/596 1046/1044/597
f 546/546/152 1047/1045/598 544/544/150
f 1048/1046/599 1049/1047/600 648/648/244
f 1050/1048/601 1051/1049/165 1052/1050/602
f 932/932/498 1053/1051/603 1054/1052/604
f 1055/1053/605 625/625/227 1056/1054/606
f 1057/1055/607 1058/1056/608 750/750/333
f 1059/1057/609 633/633/235 632/632/234
f 767/767/349 819/819/398 768/768/350
f 1060/1058/610 683/683/277 1061/1059/611
f 1062/1060/612 1063/1061/613 1064/1062/614
f 624/624/226 623/623/225 1062/1060/612
f 954/954/520 1065/1063/615 952/952/518
f 1066/1064/616 550/550/156 1067/1065/617
f 948/948/514 1068/1066/618 616/616/218
f 912/912/483 911/911/482 1068/1066/618
f 1069/1067/619 1070/1068/620 1071/1069/621
f 1072/1070/622 1073/1071/623 1074/1072/624
f 1075/1073/625 1076/1074/626 1018/1018/213
f 1042/1040/593 1041/1039/592 1077/1075/627
f 1078/1076/628 1044/1042/595 1046/1044/597
f 1013/1013/209 1079/1077/629 1080/1078/630
f 864/864/438 1081/1079/631 1082/1080/632
f 883/883/455 1083/1081/633 1084/1082/634
f 861/861/435 1085/1083/410 1086/1084/635
f 878/878/450 1087/1085/636 1088/1086/637
f 1089/1087/638 957/957/523 961/961/526
f 967/967/531 966/966/531 964/964/529
f 627/627/229 567/567/172 1090/1088/639
f 1091/1089/640 749/749/332 751/751/334
f 1092/1090/641 714/714/306 710/710/302
f 709/709/301 1093/1091/642 584/584/189
f 1094/1092/643 1095/1093/644 1096/1094/645
f 1097/1095/646 1098/1096/647 1099/1097/648
f 1100/1098/649 1101/1099/650 1102/1100/651
f 1103/1101/652 1104/1102/653 1105/1103/654
f 831/831/409 1106/1104/655 1107/1105/656
f 1108/1106/657 1109/1107/39 1110/1108/658
f 1111/1109/659 1112/1110/660 833/833/408
f 1113/1111/661 1114/1112/39 1115/1113/657
f 1059/1057/609 1116/1114/662 1117/1115/234
f 1118/1116/663 713/713/305 1119/1117/664
f 588/588/193 587/587/192 1120/1118/584
f 723/723/315 1121/1119/665 721/721/313
f 813/813/392 812/812/391 1020/1020/576
f 812/812/391 1021/1021/574 1020/1020/576
f 655/655/251 1012/1012/572 656/656/252
f 656/656/252 1012/1012/572 1011/1011/571
f 1122/1120/666 1123/1121/667 563/563/168
f 1124/1122/668 1125/1123/669 1126/1124/670
f 1127/1125/671 756/756/339 1128/1126/672
f 282/282/7 962/962/527 280/280/85
f 958/958/524 274/274/82 956/956/522
f 276/276/3 956/956/522 274/274/82
f 964/964/529 280/280/85 962/962/527
f 1129/1127/673 12/12/8 965/965/530
f 6/6/4 1130/1128/674 4/4/3
f 12/12/8 1129/1127/673 10/10/7
f 1130/1128/674 6/6/4 1131/1129/675
f 1132/1130/676 1060/1058/610 1133/1131/677
f 891/891/462 1134/1132/678 1135/1133/679
f 607/607/212 606/606/211 1136/1134/680
f 1136/1134/680 1137/1135/681 607/607/212
f 1138/1136/682 605/605/210 1139/1137/683
f 605/605/210 1138/1136/682 603/603/208
f 1140/1138/684 707/707/299 1141/1139/685
f 707/707/299 1140/1138/684 1128/1126/672
f 759/759/342 935/935/501 1142/1140/686
f 1142/1140/686 1143/1141/687 759/759/342
f 1144/1142/688 1145/1143/689 1146/1144/690
f 1145/1143/689 710/710/302 712/712/304
f 967/967/531 1147/1145/691 965/965/530
f 965/965/530 1148/1146/692 1129/1127/673
f 961/961/526 1149/1147/693 959/959/525
f 1131/1129/675 1149/1147/693 1130/1128/674
f 1018/1018/213 1150/1148/694 1016/1016/573
f 608/608/213 725/725/317 914/914/485
f 604/604/209 955/955/521 729/729/321
f 1015/1015/570 1151/1149/695 1013/1013/209
f 873/873/445 1152/1150/696 1153/1151/697
f 1154/1152/698 1155/1153/699 1156/1154/700
f 1157/1155/701 1158/1156/702 658/658/254
f 1053/1051/603 1159/1157/703 1054/1052/604
f 961/961/526 960/960/526 1089/1087/638
f 964/964/529 1160/1158/704 967/967/531
f 1161/1159/705 856/856/430 855/855/429
f 870/870/336 1162/1160/706 1163/1161/707
f 1096/1094/645 1164/1162/708 1094/1092/643
f 1056/1054/606 904/904/475 1055/1053/605
f 1158/1156/702 1157/1155/701 620/620/222
f 1105/1103/654 1165/1163/709 1103/1101/652
f 793/793/372 792/792/371 1166/1164/198
f 836/836/411 1167/1165/198 1168/1166/710
f 1169/1167/711 1170/1168/712 1171/1169/713
f 888/888/460 850/850/424 886/886/458
f 815/815/394 814/814/393 853/853/427
f 1172/1170/714 1173/1171/715 1174/1172/716
f 1175/1173/717 1176/1174/718 788/788/197
f 1177/1175/719 592/592/197 591/591/196
f 597/597/202 599/599/204 1178/1176/720
f 1179/1177/721 782/782/204 1180/1178/722
f 1181/1179/723 788/788/197 790/790/369
f 1182/1180/724 1183/1181/3 1184/1182/3
f 1185/1183/725 783/783/363 782/782/204
f 1186/1184/3 1187/1185/3 1188/1186/726
f 538/538/144 1189/1187/727 619/619/221
f 549/549/155 548/548/154 1190/1188/728
f 1191/1189/729 1192/1190/730 1193/1191/731
f 649/649/245 1194/1192/732 650/650/246
f 990/990/550 1195/1193/733 972/972/536
f 1196/1194/734 1086/1084/635 1085/1083/410
f 1197/1195/735 1082/1080/632 1081/1079/631
f 986/986/546 1198/1196/736 984/984/544
f 517/517/123 534/534/140 537/537/143
f 1192/1190/730 1191/1189/729 1199/1197/737
f 1199/1197/737 1200/1198/738 1201/1199/739
f 1202/1200/740 1203/1201/741 1204/1202/741
f 706/706/257 1141/1139/685 707/707/299
f 1205/1203/742 1206/1204/743 1207/1205/744
f 760/760/343 759/759/342 1143/1141/687
f 540/540/146 547/547/153 549/549/155
f 564/564/169 563/563/168 519/519/125
f 1208/1206/745 802/802/381 801/801/380
f 1209/1207/746 691/691/285 690/690/284
f 552/552/158 522/522/128 550/550/156
f 1210/1208/747 1211/1209/748 1212/1210/749
f 889/889/461 1213/1211/750 1214/1212/751
f 1215/1213/752 1216/1214/753 1217/1215/754
f 1218/1216/755 1219/1217/756 890/890/461
f 1220/1218/757 1221/1219/33 1222/1220/758
f 1223/1221/759 1224/1222/760 1225/1223/761
f 1226/1224/762 1227/1225/763 1228/1226/764
f 1229/1227/758 1230/1228/33 1231/1229/765
f 1232/1230/766 1233/1231/767 1234/1232/422
f 1235/1233/570 1236/1234/768 1237/1235/769
f 1238/1236/770 1239/1237/771 1240/1238/772
f 1241/1239/773 1242/1240/774 1243/1241/573
f 843/843/417 1244/1242/775 1245/1243/203
f 1245/1243/203 949/949/515 843/843/417
f 913/913/484 697/697/291 1246/1244/776
f 1247/1245/777 1246/1244/776 697/697/291
f 1248/1246/778 641/641/241 950/950/516
f 697/697/291 1249/1247/779 1247/1245/777
f 616/616/218 1250/1248/780 948/948/514
f 950/950/516 1251/1249/781 1248/1246/778
f 1252/1250/782 758/758/341 760/760/343
f 693/693/287 692/692/286 1253/1251/783
f 1228/1226/764 1254/1252/42 1226/1224/762
f 1255/1253/784 1256/1254/785 1257/1255/786
f 1258/1256/787 1259/1257/788 1260/1258/37
f 1225/1223/761 1261/1259/36 1223/1221/759
f 597/597/202 685/685/279 1262/1260/789
f 1263/1261/790 1153/1151/697 1152/1150/696
f 1264/1262/791 1265/1263/792 1266/1264/793
f 1267/1265/794 1268/1266/795 1026/1026/580
f 1024/1024/459 1269/1267/796 1270/1268/797
f 1271/1269/798 1272/1270/799 1273/1271/252
f 909/909/480 1274/1272/800 907/907/478
f 1097/1095/646 1275/1273/801 1098/1096/647
f 1100/1098/649 1102/1100/651 1276/1274/802
f 828/828/406 1277/1275/803 826/826/404
f 1278/1276/804 1279/1277/805 1280/1278/806
f 1240/1238/772 1281/1279/807 1238/1236/770
f 982/982/543 923/923/492 1282/1280/808
f 424/424/103 1283/1281/94 423/423/102
f 170/170/57 1284/1282/51 169/169/50
f 1285/1283/809 924/924/493 978/978/541
f 472/472/115 1286/1284/108 471/471/114
f 1287/1285/810 915/915/486 977/977/540
f 981/981/542 920/920/491 1288/1286/811
f 228/228/73 1289/1287/64 227/227/72
f 727/727/319 726/726/318 1290/1288/812
f 1291/1289/813 1292/1290/814 1293/1291/3
f 732/732/324 1294/1292/815 730/730/322
f 1295/1293/3 1296/1294/816 1297/1295/817
f 1298/1296/818 1299/1297/819 1300/1298/820
f 627/627/229 626/626/228 1300/1298/820
f 709/709/301 1301/1299/821 708/708/300
f 1302/1300/224 1301/1299/821 1303/1301/822
f 718/718/310 821/821/278 719/719/311
f 1178/1176/720 684/684/278 597/597/202
f 591/591/196 687/687/281 1177/1175/719
f 578/578/183 580/580/185 766/766/281
f 977/977/540 1304/1302/823 1287/1285/810
f 470/470/113 459/459/105 458/458/104
f 410/410/93 409/409/92 421/421/100
f 1282/1280/808 1305/1303/824 982/982/543
f 168/168/56 157/157/48 156/156/47
f 978/978/541 1306/1304/825 1285/1283/809
f 1288/1286/811 1307/1305/826 981/981/542
f 214/214/63 213/213/62 225/225/70
f 505/505/116 1308/1306/827 511/511/119
f 507/507/118 846/846/420 845/845/419
f 1309/1307/828 1310/1308/786 1311/1309/658
f 1312/1310/784 1313/1311/42 1314/1312/764
f 1315/1313/759 1316/1314/36 1317/1315/37
f 1318/1316/661 1319/1317/787 1320/1318/788
f 1097/1095/646 1099/1097/648 1321/1319/829
f 1322/1320/830 1323/1321/831 1324/1322/832
f 1325/1323/833 1326/1324/834 1327/1325/835
f 1100/1098/649 1328/1326/836 1101/1099/650
f 1329/1327/837 1084/1082/634 1083/1081/633
f 1330/1328/838 989/989/549 988/988/548
f 1331/1329/839 1088/1086/637 1087/1085/636
f 992/992/552 991/991/551 1332/1330/840
f 1270/1268/797 1022/1022/577 1024/1024/459
f 652/652/248 1333/1331/841 1334/1332/842
f 1026/1026/580 1025/1025/579 1267/1265/794
f 1335/1333/843 1336/1334/844 676/676/270
f 1337/1335/845 1338/1336/846 1339/1337/847
f 1126/1124/670 1337/1335/845 1124/1122/668
f 1340/1338/848 1189/1187/727 754/754/337
f 1341/1339/849 754/754/337 1189/1187/727
f 1116/1114/662 1059/1057/609 1342/1340/850
f 1343/1341/851 749/749/332 1344/1342/852
f 1170/1168/712 1169/1167/711 1345/1343/853
f 1346/1344/854 1347/1345/855 1348/1346/856
f 1349/1347/857 1174/1172/716 1173/1171/715
f 1350/1348/858 1351/1349/859 1352/1350/860
f 1171/1169/713 1353/1351/861 1354/1352/862
f 1171/1169/713 1355/1353/863 1169/1167/711
f 1172/1170/714 1356/1354/864 1354/1352/862
f 1174/1172/716 1356/1354/864 1172/1170/714
f 1357/1355/45 1358/1356/865 1359/1357/866
f 1360/1358/867 1361/1359/868 1362/1360/869
f 1363/1361/870 1364/1362/871 1365/1363/872
f 1366/1364/873 1367/1365/874 1357/1355/45
f 1368/1366/875 1073/1071/623 936/936/502
f 1369/1367/876 1370/1368/877 1145/1143/689
f 1371/1369/878 860/860/434 899/899/470
f 1372/1370/879 747/747/330 1373/1371/880
f 1374/1372/881 1047/1045/598 546/546/152
f 1375/1373/597 1376/1374/882 1377/1375/883
f 1378/1376/884 1379/1377/885 1380/1378/593
f 542/542/148 1040/1038/591 1381/1379/886
f 1382/1380/887 941/941/507 1383/1381/888
f 789/789/368 732/732/324 731/731/323
f 1384/1382/889 1385/1383/890 944/944/510
f 784/784/364 728/728/320 727/727/319
f 1074/1072/624 1073/1071/623 1386/1384/891
f 1033/1033/587 1387/1385/892 1031/1031/585
f 1234/1232/422 1280/1278/806 1232/1230/766
f 1280/1278/806 1234/1232/422 1278/1276/804
f 1388/1386/893 518/518/124 1084/1082/634
f 1084/1082/634 1329/1327/837 1388/1386/893
f 1389/1387/894 1087/1085/636 527/527/133
f 1087/1085/636 1389/1387/894 1331/1329/839
f 1390/1388/895 706/706/257 705/705/298
f 1391/1389/429 755/755/338 857/857/431
f 1125/1123/669 1392/1390/896 1393/1391/897
f 646/646/243 645/645/242 953/953/519
f 1231/1229/765 1394/1392/898 1229/1227/758
f 1316/1314/36 1315/1313/759 1395/1393/760
f 1396/1394/763 1314/1312/764 1313/1311/42
f 1222/1220/758 1397/1395/899 1220/1218/757
f 1214/1212/751 1398/1396/900 889/889/461
f 1399/1397/901 1400/1398/752 1401/1399/753
f 1402/1400/748 1403/1401/749 1404/1402/902
f 890/890/461 1405/1403/900 1218/1216/755
f 517/517/123 535/535/141 534/534/140
f 535/535/141 1406/1404/903 674/674/268
f 530/530/136 1407/1405/904 937/937/503
f 1408/1406/905 859/859/433 747/747/330
f 1409/1407/906 1253/1251/783 692/692/286
f 1410/1408/907 1064/1062/614 1063/1061/613
f 813/813/392 1020/1020/576 974/974/538
f 975/975/539 853/853/427 814/814/393
f 655/655/251 715/715/307 1012/1012/572
f 885/885/457 886/886/458 850/850/424
f 547/547/153 1411/1409/908 548/548/154
f 539/539/145 619/619/221 1412/1410/909
f 848/848/422 1413/1411/910 858/858/432
f 1010/1010/570 1012/1012/572 618/618/220
f 1019/1019/575 716/716/308 1020/1020/576
f 844/844/418 846/846/420 1414/1412/911
f 1415/1413/912 576/576/181 575/575/180
f 1050/1048/601 1416/1414/913 1417/1415/602
f 505/505/116 852/852/426 1418/1416/914
f 1419/1417/915 885/885/457 849/849/423
f 570/570/175 1420/1418/916 1421/1419/917
f 1422/1420/918 625/625/227 1423/1421/919
f 1247/1245/777 1424/1422/920 1246/1244/776
f 1246/1244/776 1424/1422/920 913/913/484
f 767/767/349 769/769/45 1425/1423/45
f 1133/1131/677 686/686/280 1132/1130/676
f 1426/1424/921 1262/1260/789 685/685/279
f 818/818/397 1427/1425/45 1036/1036/45
f 581/581/186 1428/1426/922 1429/1427/923
f 1135/1133/679 1430/1428/924 891/891/462
f 1377/1375/883 1273/1271/252 1375/1373/597
f 1273/1271/252 1377/1375/883 1271/1269/798
f 1266/1264/793 1378/1376/884 1264/1262/791
f 1380/1378/593 1264/1262/791 1378/1376/884
f 1431/1429/925 1432/1430/926 1433/1431/927
f 1432/1430/926 1431/1429/925 1434/1432/928
f 1435/1433/929 1436/1434/930 1437/1435/931
f 1437/1435/931 1438/1436/932 1435/1433/929
f 1439/1437/655 1440/1438/656 1441/1439/933
f 833/833/408 1442/1440/934 1111/1109/659
f 1107/1105/656 1443/1441/933 831/831/409
f 1444/1442/934 1445/1443/659 1446/1444/660
f 1447/1445/46 1448/1446/935 1449/1447/935
f 1450/1448/936 1451/1449/936 1452/1450/937
f 1453/1451/938 1454/1452/938 1447/1445/46
f 1455/1453/939 1456/1454/940 1457/1455/940
f 845/845/419 858/858/432 511/511/119
f 511/511/119 1308/1306/827 845/845/419
f 1458/1456/941 800/800/379 803/803/382
f 1459/1457/942 1460/1458/943 1461/1459/944
f 1462/1460/945 1463/1461/946 1464/1462/947
f 1465/1463/948 810/810/389 689/689/283
f 664/664/260 663/663/259 576/576/181
f 782/782/204 1179/1177/721 719/719/311
f 669/669/264 648/648/244 667/667/262
f 788/788/197 580/580/185 1175/1173/717
f 1466/1464/949 817/817/396 525/525/131
f 596/596/201 955/955/521 1466/1464/949
f 1467/1465/950 537/537/143 534/534/140
f 601/601/206 1467/1465/950 914/914/485
f 869/869/343 1468/1466/951 1469/1467/952
f 1468/1466/951 869/869/343 1470/1468/953
f 1471/1469/954 661/661/257 1472/1470/955
f 1473/1471/956 1472/1470/955 661/661/257
f 1429/1427/923 582/582/187 581/581/186
f 838/838/413 1474/1472/957 774/774/355
f 1441/1439/933 834/834/409 1439/1437/655
f 1401/1399/753 1475/1473/754 1399/1397/901
f 1404/1402/902 1476/1474/747 1402/1400/748
f 1446/1444/660 830/830/408 1444/1442/934
f 704/704/297 860/860/434 702/702/295
f 895/895/466 894/894/465 897/897/468
f 1071/1069/621 1072/1070/622 1069/1067/619
f 722/722/314 721/721/313 936/936/502
f 518/518/124 639/639/239 516/516/122
f 518/518/124 1388/1386/893 639/639/239
f 527/527/133 695/695/289 696/696/290
f 527/527/133 696/696/290 1389/1387/894
f 1348/1346/856 1477/1475/958 1346/1344/854
f 1477/1475/958 1348/1346/856 1478/1476/959
f 1352/1350/860 1479/1477/960 1350/1348/858
f 1480/1478/961 1350/1348/858 1479/1477/960
f 1452/1450/937 3/3/2 1450/1448/936
f 3/3/2 1452/1450/937 1/1/1
f 273/273/81 1455/1453/939 271/271/80
f 1457/1455/940 271/271/80 1455/1453/939
f 1365/1363/872 277/277/83 1363/1361/870
f 279/279/84 1363/1361/870 277/277/83
f 1362/1360/869 9/9/6 1360/1358/867
f 9/9/6 1362/1360/869 7/7/5
f 906/906/477 1481/1479/962 1482/1480/471
f 1055/1053/605 1423/1421/919 625/625/227
f 621/621/223 1483/1481/963 1484/1482/964
f 1157/1155/701 658/658/254 1485/1483/965
f 1486/1484/966 1487/1485/967 583/583/188
f 585/585/190 1486/1484/966 583/583/188
f 1488/1486/968 568/568/173 1489/1487/969
f 568/568/173 1488/1486/968 566/566/171
f 1490/1488/970 1071/1069/621 1070/1068/620
s 0
f 1491/1489/45 1492/701/45 1493/700/45
f 1493/700/45 1494/1490/45 1491/1489/45
s 1
f 1495/1491/971 896/896/467 895/895/466
f 676/676/270 675/675/269 1335/1333/843
f 1381/1379/886 1496/1492/972 542/542/148
f 546/546/152 1497/1493/973 1374/1372/881
f 1334/1332/842 653/653/249 652/652/248
f 543/543/149 1498/1494/974 541/541/147
f 1499/1495/975 1500/1496/976 1501/1497/977
f 545/545/151 544/544/150 1502/1498/978
f 1503/1499/979 1504/1500/980 1505/1501/981
f 1506/1502/3 1507/1503/371 1508/1504/723
f 837/837/412 836/836/411 1168/1166/710
f 1509/1505/365 1510/1506/982 1511/1507/3
f 842/842/416 1244/1242/775 843/843/417
f 1512/1508/3 1513/1509/983 1296/1294/816
f 999/999/559 998/998/558 1514/1510/984
f 1515/1511/985 997/997/557 996/996/556
f 1292/1290/814 1516/1512/986 1517/1513/3
f 1027/1027/581 677/677/271 1025/1025/579
f 738/738/329 677/677/271 1518/1514/857
f 1023/1023/578 1022/1022/577 651/651/247
f 1519/1515/853 651/651/247 733/733/325
f 763/763/346 781/781/362 761/761/344
f 868/868/442 867/867/441 1520/1516/987
f 825/825/403 945/945/511 823/823/401
f 662/662/258 1521/1517/988 660/660/256
f 1421/1419/917 571/571/176 570/570/175
f 1421/1419/917 1485/1483/965 658/658/254
f 841/841/415 1522/1518/735 1523/1519/3
f 1524/1520/3 1525/1521/3 1526/1522/989
f 1527/1523/3 1528/1524/734 835/835/410
f 1529/1525/990 1530/1526/3 1531/1527/3
f 973/973/537 1532/1528/991 971/971/535
s 0
f 1533/1529/3 670/670/3 613/613/3
f 1534/1530/3 642/642/3 666/666/3
s 1
f 985/985/545 1535/1531/992 1009/1009/569
f 1481/1479/962 906/906/477 905/905/476
f 628/628/230 630/630/232 626/626/228
f 635/635/237 708/708/300 636/636/238
f 1484/1482/964 622/622/224 621/621/223
f 911/911/482 616/616/218 1068/1066/618
f 616/616/218 911/911/482 614/614/216
f 1080/1078/630 1014/1014/571 1013/1013/209
f 1014/1014/571 1080/1078/630 1536/1532/993
f 1537/1533/994 1075/1073/625 1017/1017/574
f 1018/1018/213 1017/1017/574 1075/1073/625
f 640/640/240 1538/1534/417 950/950/516
f 864/864/438 1082/1080/632 1539/1535/417
f 698/698/292 913/913/484 1540/1536/995
f 861/861/435 1541/1537/411 1085/1083/410
f 996/996/556 1542/1538/996 1515/1511/985
s 0
f 644/644/3 1543/1539/3 666/666/3
f 670/670/3 1544/1540/3 611/611/3
s 1
f 1514/1510/984 1545/1541/997 999/999/559
f 511/511/119 513/513/121 505/505/116
f 1419/1417/915 852/852/426 505/505/116
f 641/641/241 1248/1246/778 1247/1245/777
f 1247/1245/777 1248/1246/778 1251/1249/781
f 1032/1032/586 699/699/293 724/724/316
f 894/894/465 898/898/469 897/897/468
f 1546/1542/998 602/602/207 881/881/453
f 602/602/207 883/883/455 600/600/205
f 595/595/200 594/594/199 878/878/450
f 1547/1543/999 877/877/449 595/595/200
f 563/563/168 1123/1121/667 665/665/261
f 520/520/126 519/519/125 563/563/168
f 524/524/130 550/550/156 522/522/128
f 550/550/156 668/668/263 1067/1065/617
f 679/679/273 1418/1416/914 852/852/426
f 1418/1416/914 679/679/273 975/975/539
f 749/749/332 1091/1089/640 1373/1371/880
f 749/749/332 1373/1371/880 747/747/330
f 710/710/302 1370/1368/877 1092/1090/641
f 710/710/302 1145/1143/689 1370/1368/877
f 1548/1544/952 1549/1545/1000 1550/1546/819
f 1464/1462/947 1551/1547/1001 1462/1460/945
f 1461/1459/944 1552/1548/1002 1459/1457/942
f 1553/1549/822 1554/1550/1003 1555/1551/956
f 517/517/123 516/516/122 1556/1552/1004
f 1557/1553/1005 623/623/225 1558/1554/1006
f 1063/1061/613 872/872/444 1410/1408/907
f 579/579/184 1048/1046/599 580/580/185
f 1416/1414/913 553/553/159 717/717/309
f 536/536/142 1559/1555/1007 817/817/396
f 526/526/132 817/817/396 1559/1555/1007
f 1559/1555/1007 536/536/142 674/674/268
f 1447/1445/46 1560/1556/46 1453/1451/938
f 1449/1447/935 1560/1556/46 1447/1445/46
f 1357/1355/45 1561/1557/45 1366/1364/873
f 1359/1357/866 1561/1557/45 1357/1355/45
f 1354/1352/862 1355/1353/863 1171/1169/713
f 680/680/274 849/849/423 851/851/425
f 1562/1558/1008 1470/1468/953 1563/1559/1009
f 1143/1141/687 1142/1140/686 1503/1499/979
f 1564/1560/1010 1471/1469/954 1565/1561/1011
f 1141/1139/685 1501/1497/977 1140/1138/684
f 822/822/400 718/718/310 1035/1035/589
f 822/822/400 821/821/278 718/718/310
f 765/765/348 1039/1037/590 578/578/183
f 765/765/348 578/578/183 766/766/281
f 1204/1202/741 1566/1562/1012 1202/1200/740
f 1328/1326/836 1567/1563/1013 1101/1099/650
f 1207/1205/744 1568/1564/1014 1205/1203/742
f 1099/1097/648 1569/1565/1015 1321/1319/829
f 1067/1065/617 668/668/263 667/667/262
f 650/650/246 1194/1192/732 1570/1566/1016
f 1123/1121/667 663/663/259 665/665/261
f 951/951/517 1393/1391/897 1392/1390/896
f 674/674/268 672/672/266 671/671/265
f 1571/1567/1017 1572/1568/1018 1573/1569/822
f 1165/1163/709 1574/1570/404 1575/1571/1019
f 1576/1572/1020 1577/1573/819 1578/1574/1021
f 1579/1575/1022 1580/1576/480 1164/1162/708
f 1581/1577/711 851/851/425 850/850/424
f 850/850/424 888/888/460 1581/1577/711
f 1582/1578/716 853/853/427 678/678/272
f 853/853/427 1582/1578/716 815/815/394
f 955/955/521 1583/1579/769 1584/1580/1023
f 1237/1235/769 1585/1581/1024 1235/1233/570
f 1243/1241/573 1586/1582/1025 1241/1239/773
f 1587/1583/1026 1588/1584/1027 914/914/485
f 1589/1585/1028 1590/1586/1029 939/939/505
f 880/880/452 877/877/449 939/939/505
f 884/884/456 942/942/508 881/881/453
f 1591/1587/1030 942/942/508 1592/1588/1031
f 1110/1108/658 1257/1255/786 1108/1106/657
f 829/829/407 1593/1589/1032 1445/1443/659
f 1115/1113/657 1258/1256/787 1113/1111/661
f 1440/1438/656 1594/1590/1032 832/832/407
f 1595/1591/750 1596/1592/751 1405/1403/900
f 1230/1228/33 1229/1227/758 1597/1593/899
f 1598/1594/898 1222/1220/758 1221/1219/33
f 1398/1396/900 1599/1595/755 1600/1596/756
f 1173/1171/715 1601/1597/860 1349/1347/857
f 1345/1343/853 1602/1598/854 1170/1168/712
f 1603/1599/1033 1604/1600/1034 1605/1601/1035
f 1460/1458/943 1605/1601/1035 1604/1600/1034
f 1606/1602/1036 1607/1603/1037 1608/1604/1038
f 1607/1603/1037 1606/1602/1036 1463/1461/946
f 1017/1017/574 1264/1262/791 1537/1533/994
f 1609/1605/1039 1537/1533/994 1264/1262/791
f 1273/1271/252 1536/1532/993 1610/1606/1040
f 1536/1532/993 1273/1271/252 1014/1014/571
f 109/109/32 107/107/31 106/106/3
f 1611/1607/762 1612/1608/757 1613/1609/899
f 376/376/3 375/375/86 378/378/87
f 1614/1610/1041 1615/1611/765 1616/1612/761
f 395/395/3 394/394/38 396/396/89
f 1320/1318/788 1617/1613/37 1318/1316/661
f 127/127/41 125/125/40 124/124/3
f 1311/1309/658 1618/1614/784 1309/1307/828
f 115/115/35 113/113/34 112/112/3
f 1619/1615/765 1225/1223/761 1224/1222/760
f 383/383/3 382/382/32 384/384/31
f 1227/1225/763 1226/1224/762 1620/1616/757
f 121/121/38 119/119/37 118/118/3
f 1260/1258/37 1113/1111/661 1258/1256/787
f 389/389/3 388/388/41 390/390/88
f 1257/1255/786 1110/1108/658 1255/1253/784
f 983/983/45 1621/1617/1042 1622/1618/1043
f 1623/1619/1044 418/418/98 742/742/98
f 1624/1620/1045 1625/1621/1046 976/976/45
f 745/745/111 468/468/111 1626/1622/1047
f 1627/1623/1048 222/222/68 744/744/68
f 980/980/45 1628/1624/1049 1629/1625/1050
f 739/739/54 166/166/54 1630/1626/1051
f 1631/1627/1052 1632/1628/1053 979/979/45
f 749/749/332 748/748/331 1344/1342/852
f 559/559/164 1342/1340/850 529/529/135
f 1091/1089/640 751/751/334 628/628/230
f 1090/1088/639 628/628/230 627/627/229
f 1092/1090/641 635/635/237 714/714/306
f 1093/1091/642 709/709/301 635/635/237
f 833/833/408 1212/1210/749 889/889/461
f 1212/1210/749 1633/1629/902 1210/1208/747
f 1217/1215/754 1634/1630/901 1215/1213/752
f 890/890/461 1215/1213/752 831/831/409
f 1635/1631/1054 1636/1632/1055 1637/1633/1056
f 1168/1166/710 1638/1634/3 1639/1635/3
f 1640/1636/3 1641/1637/3 1244/1242/775
f 1642/1638/1057 1643/1639/1058 1644/1640/1059
f 1160/1158/704 964/964/529 963/963/528
f 1645/1641/1060 1365/1363/872 1364/1362/871
f 1148/1146/692 965/965/530 1147/1145/691
f 1361/1359/868 1360/1358/867 1646/1642/1061
f 652/652/248 651/651/247 1022/1022/577
f 1333/1331/841 652/652/248 1022/1022/577
f 1025/1025/579 676/676/270 1336/1334/844
f 676/676/270 1025/1025/579 677/677/271
f 526/526/132 671/671/265 695/695/289
f 1430/1428/924 1135/1133/679 1647/1643/1062
f 591/591/196 1132/1130/676 686/686/280
f 617/617/219 974/974/538 1020/1020/576
f 716/716/308 617/617/219 1020/1020/576
f 512/512/120 1012/1012/572 715/715/307
f 618/618/220 1012/1012/572 512/512/120
f 947/947/513 823/823/401 945/945/511
f 1101/1099/650 1648/1644/1063 1102/1100/651
f 1098/1096/647 1649/1645/1064 1099/1097/648
f 781/781/362 763/763/346 779/779/360
f 872/872/444 1063/1061/613 1650/1646/1065
f 1163/1161/707 1162/1160/706 1651/1647/1066
f 1293/1291/3 1524/1520/3 1291/1289/813
f 1526/1522/989 1291/1289/813 1524/1520/3
f 1297/1295/817 1531/1527/3 1295/1293/3
f 1531/1527/3 1297/1295/817 1529/1525/990
f 641/641/241 516/516/122 639/639/239
f 1556/1552/1004 516/516/122 673/673/267
f 1652/1648/1067 1201/1199/739 551/551/157
f 551/551/157 550/550/156 1652/1648/1067
f 1653/1649/1068 565/565/170 1338/1336/846
f 565/565/170 1653/1649/1068 563/563/168
f 751/751/334 750/750/333 1058/1056/608
f 628/628/230 751/751/334 629/629/231
f 714/714/306 1119/1117/664 713/713/305
f 635/635/237 634/634/236 714/714/306
f 1049/1047/600 649/649/245 648/648/244
f 1051/1049/165 1050/1048/601 562/562/167
f 897/897/468 899/899/470 860/860/434
f 860/860/434 704/704/297 897/897/468
f 936/936/502 1072/1070/622 722/722/314
f 1072/1070/622 936/936/502 1073/1071/623
f 1654/1650/1069 1437/1435/931 1436/1434/930
f 1655/1651/1070 1656/1652/1070 1657/1653/1071
f 805/805/384 583/583/188 1487/1485/967
f 1658/1654/1072 541/541/147 1659/1655/384
f 1660/1656/1073 1661/1657/388 544/544/150
f 809/809/388 1489/1487/969 568/568/173
f 1662/1658/1074 1663/1659/1075 1664/1660/1076
f 1665/1661/1077 1666/1662/1078 1663/1659/1075
f 1667/1663/1079 1668/1664/1080 1669/1665/1081
f 1664/1660/1076 1667/1663/1079 1670/1666/1082
f 1671/1667/1083 412/412/94 741/741/100
f 1283/1281/94 1672/1668/1083 1673/1669/1084
f 1674/1670/1085 1675/1671/810 1286/1284/108
f 746/746/113 462/462/108 1676/1672/810
f 1677/1673/1086 1678/1674/1087 1284/1282/51
f 740/740/56 160/160/51 1679/1675/1087
f 1289/1287/64 1680/1676/1088 1681/1677/1089
f 1682/1678/811 216/216/64 743/743/70
f 1128/1126/672 737/737/328 736/736/327
f 1518/1514/857 1683/1679/1090 738/738/329
f 733/733/325 1684/1680/856 1519/1515/853
f 935/935/501 735/735/325 734/734/326
f 1472/1470/955 1565/1561/1011 1471/1469/954
f 1327/1325/835 1685/1681/1091 1325/1323/833
f 1470/1468/953 1562/1558/1008 1468/1466/951
f 1324/1322/832 1686/1682/1092 1322/1320/830
f 1342/1340/850 559/559/164 1116/1114/662
f 1687/1683/1093 711/711/303 710/710/302
f 1688/1684/3 1508/1504/723 1689/1685/369
f 1508/1504/723 1688/1684/3 1506/1502/3
f 1690/1686/363 1509/1505/365 1691/1687/3
f 1511/1507/3 1691/1687/3 1509/1505/365
f 708/708/300 1301/1299/821 1302/1300/224
f 1302/1300/224 636/636/238 708/708/300
f 626/626/228 1298/1296/818 1300/1298/820
f 1298/1296/818 626/626/228 630/630/232
f 1523/1519/3 1692/1688/3 841/841/415
f 842/842/416 841/841/415 1692/1688/3
f 835/835/410 1693/1689/3 1527/1523/3
f 1693/1689/3 835/835/410 837/837/412
f 852/852/426 1419/1417/915 849/849/423
f 849/849/423 680/680/274 852/852/426
f 988/988/548 1694/1690/1094 1330/1328/838
s 0
f 643/643/3 1695/1691/3 644/644/3
f 611/611/3 1696/1692/3 612/612/3
s 1
f 1332/1330/840 1697/1693/1095 992/992/552
f 540/540/146 1341/1339/849 538/538/144
f 1189/1187/727 538/538/144 1341/1339/849
f 1651/1647/1066 1698/1694/1096 1163/1161/707
f 856/856/430 1161/1159/705 1163/1161/707
f 790/790/369 789/789/368 731/731/323
f 1184/1182/3 1689/1685/369 1182/1180/724
f 783/783/363 728/728/320 784/784/364
f 1188/1186/726 1690/1686/363 1186/1184/3
f 567/567/172 627/627/229 1209/1207/746
f 627/627/229 1300/1298/820 1209/1207/746
f 1208/1206/745 709/709/301 584/584/189
f 709/709/301 1208/1206/745 1301/1299/821
f 1191/1189/729 1200/1198/738 1199/1197/737
f 1065/1063/615 954/954/520 589/589/194
f 1657/1653/1071 1699/1695/1097 1655/1651/1070
f 1700/1696/1098 1433/1431/927 1432/1430/926
f 674/674/268 1406/1404/903 1556/1552/1004
f 1701/1697/1099 421/421/100 409/409/92
f 741/741/100 1702/1698/1099 1671/1667/1083
f 157/157/48 168/168/56 1703/1699/1100
f 1679/1675/1087 1704/1700/1100 740/740/56
f 1676/1672/810 1705/1701/1101 746/746/113
f 459/459/105 470/470/113 1706/1702/1101
f 1707/1703/1102 225/225/70 213/213/62
f 743/743/70 1708/1704/1102 1682/1678/811
f 1124/1122/668 1337/1335/845 1339/1337/847
f 1709/1705/615 609/609/214 589/589/194
f 1167/1165/198 836/836/411 912/912/483
f 774/774/355 773/773/354 838/838/413
f 1196/1194/734 1710/1706/990 1086/1084/635
f 1530/1526/3 1529/1525/990 1528/1524/734
f 1522/1518/735 1526/1522/989 1525/1521/3
f 1197/1195/735 1081/1079/631 1711/1707/1103
f 563/563/168 665/665/261 520/520/126
f 665/665/261 944/944/510 1385/1383/890
f 668/668/263 1383/1381/888 941/941/507
f 550/550/156 524/524/130 668/668/263
f 772/772/353 839/839/414 770/770/351
f 1068/1066/618 948/948/514 949/949/515
f 677/677/271 1027/1027/581 1518/1514/857
f 1712/1708/1104 815/815/394 1582/1578/716
f 1713/1709/1105 1581/1577/711 888/888/460
f 651/651/247 1519/1515/853 1023/1023/578
f 1714/1710/1106 1176/1174/718 1382/1380/887
f 1139/1137/683 880/880/452 940/940/506
f 1137/1135/681 943/943/509 884/884/456
f 1715/1711/509 1384/1382/889 1180/1178/722
f 1716/1712/1107 1043/1041/594 606/606/211
f 1717/1713/1108 521/521/127 520/520/126
f 1718/1714/1109 603/603/208 1045/1043/596
f 1719/1715/1110 524/524/130 523/523/129
f 1077/1075/627 1720/1716/1039 1042/1040/593
f 1264/1262/791 1380/1378/593 1609/1605/1039
f 1046/1044/597 1721/1717/1040 1078/1076/628
f 1610/1606/1040 1375/1373/597 1273/1271/252
f 795/795/374 771/771/352 770/770/351
f 1156/1154/700 574/574/179 1154/1152/698
f 878/878/450 877/877/449 1547/1543/999
f 1547/1543/999 595/595/200 878/878/450
f 1546/1542/998 883/883/455 602/602/207
f 883/883/455 1546/1542/998 881/881/453
f 577/577/182 951/951/517 1392/1390/896
f 645/645/242 562/562/167 561/561/166
f 1262/1260/789 1426/1424/921 681/681/275
f 1153/1151/697 874/874/446 873/873/445
f 1722/1718/1111 1674/1670/1085 472/472/115
f 1286/1284/108 472/472/115 1674/1670/1085
f 423/423/102 1673/1669/1084 1723/1719/1112
f 1673/1669/1084 423/423/102 1283/1281/94
f 1284/1282/51 170/170/57 1677/1673/1086
f 1724/1720/1113 1677/1673/1086 170/170/57
f 1681/1677/1089 227/227/72 1289/1287/64
f 227/227/72 1681/1677/1089 1725/1721/1114
f 1364/1362/871 1726/1722/1060 1645/1641/1060
f 1727/1723/1115 958/958/524 957/957/523
f 1646/1642/1061 1728/1724/1061 1361/1359/868
f 1149/1147/693 1131/1129/675 1729/1725/1116
f 472/472/115 465/465/46 1722/1718/1111
f 1626/1622/1047 1730/1726/1047 745/745/111
f 742/742/98 1731/1727/1044 1623/1619/1044
f 1723/1719/1112 415/415/46 423/423/102
f 744/744/68 1732/1728/1048 1627/1623/1048
f 1725/1721/1114 219/219/46 227/227/72
f 1630/1626/1051 1733/1729/1051 739/739/54
f 170/170/57 163/163/46 1724/1720/1113
f 537/537/143 1467/1465/950 601/601/206
f 601/601/206 600/600/205 537/537/143
f 596/596/201 525/525/131 594/594/199
f 525/525/131 596/596/201 1466/1464/949
f 1516/1512/986 1188/1186/726 1187/1185/3
f 1187/1185/3 1517/1513/3 1516/1512/986
f 1513/1509/983 1512/1508/3 1183/1181/3
f 1183/1181/3 1182/1180/724 1513/1509/983
f 816/816/395 811/811/390 814/814/393
f 1265/1263/792 1026/1026/580 1268/1266/795
f 887/887/459 886/886/458 654/654/250
f 1269/1267/796 1024/1024/459 1272/1270/799
f 707/707/299 756/756/339 705/705/298
f 756/756/339 707/707/299 1128/1126/672
f 759/759/342 758/758/341 694/694/288
f 694/694/288 935/935/501 759/759/342
f 1272/1270/799 1271/1269/798 1269/1267/796
f 1268/1266/795 1266/1264/793 1265/1263/792
f 1317/1315/37 1734/1730/1117 1315/1313/759
f 1634/1630/901 1217/1215/754 1106/1104/655
f 1314/1312/764 1735/1731/785 1312/1310/784
f 1112/1110/660 1210/1208/747 1633/1629/902
f 1613/1609/899 1396/1394/763 1611/1607/762
f 1211/1209/748 1214/1212/751 1213/1211/750
f 1616/1612/761 1395/1393/760 1614/1610/1041
f 1219/1217/756 1218/1216/755 1216/1214/753
f 830/830/408 1446/1444/660 1476/1474/747
f 1254/1252/42 1228/1226/764 1736/1732/785
f 1737/1733/1117 1223/1221/759 1261/1259/36
f 1475/1473/754 1439/1437/655 834/834/409
f 1599/1595/755 1401/1399/753 1400/1398/752
f 1224/1222/760 1738/1734/1118 1619/1615/765
f 1620/1616/757 1739/1735/1119 1227/1225/763
f 1403/1401/749 1402/1400/748 1596/1592/751
f 1310/1308/786 1115/1113/657 1114/1112/39
f 1594/1590/1032 1111/1109/659 1442/1440/934
f 1443/1441/933 1107/1105/656 1593/1589/1032
f 1109/1107/39 1108/1106/657 1319/1317/787
f 1393/1391/897 951/951/517 1123/1121/667
f 1123/1121/667 1122/1120/666 1393/1391/897
f 1067/1065/617 1570/1566/1016 1066/1064/616
f 1570/1566/1016 1067/1065/617 650/650/246
f 1740/1736/1120 1741/1737/1002 1521/1517/988
f 660/660/256 1521/1517/988 1741/1737/1002
f 1742/1738/1001 1520/1516/987 867/867/441
f 1520/1516/987 1742/1738/1001 1743/1739/1121
f 1517/1513/3 1293/1291/3 1292/1290/814
f 994/994/554 1744/1740/1122 1745/1741/1123
f 1746/1742/1124 1747/1743/1125 1001/1001/561
f 1296/1294/816 1295/1293/3 1512/1508/3
f 801/801/380 1301/1299/821 1208/1206/745
f 1554/1550/1003 1459/1457/942 1552/1548/1002
f 691/691/285 1209/1207/746 1300/1298/820
f 1551/1547/1001 1464/1462/947 1549/1545/1000
f 879/879/451 1589/1585/1028 877/877/449
f 939/939/505 877/877/449 1589/1585/1028
f 942/942/508 1591/1587/1030 881/881/453
f 882/882/454 881/881/453 1591/1587/1030
f 1336/1334/844 1267/1265/794 1025/1025/579
f 1022/1022/577 1270/1268/797 1333/1331/841
f 697/697/291 696/696/290 695/695/289
f 1748/1744/1126 697/697/291 695/695/289
f 516/516/122 641/641/241 1748/1744/1126
f 1247/1245/777 1249/1247/779 641/641/241
f 1180/1178/722 944/944/510 1179/1177/721
f 944/944/510 1180/1178/722 1384/1382/889
f 1176/1174/718 1175/1173/717 941/941/507
f 941/941/507 1382/1380/887 1176/1174/718
f 576/576/181 1179/1177/721 664/664/260
f 664/664/260 1179/1177/721 944/944/510
f 648/648/244 669/669/264 1175/1173/717
f 669/669/264 941/941/507 1175/1173/717
f 610/610/215 721/721/313 1121/1119/665
f 721/721/313 610/610/215 556/556/161
f 590/590/195 1028/1028/582 702/702/295
f 702/702/295 531/531/137 590/590/195
f 1521/1517/988 1749/1745/1127 1740/1736/1120
f 1750/1746/1128 1751/1747/1129 1158/1156/702
f 1056/1054/606 1752/1748/1130 1753/1749/1131
f 1743/1739/1121 1754/1750/1132 1520/1516/987
f 1755/1751/1133 1540/1536/995 913/913/484
f 913/913/484 1424/1422/920 1755/1751/1133
f 950/950/516 1756/1752/1134 1251/1249/781
f 1756/1752/1134 950/950/516 1538/1534/417
f 1412/1410/909 1668/1664/1080 539/539/145
f 1350/1348/858 1480/1478/961 1757/1753/1135
f 1411/1409/908 547/547/153 1666/1662/1078
f 1348/1346/856 1758/1754/1136 1478/1476/959
f 1193/1191/731 1570/1566/1016 1194/1192/732
f 953/953/519 952/952/518 646/646/243
f 1152/1150/696 1759/1755/1137 1263/1261/790
f 1760/1756/1138 1155/1153/699 1154/1152/698
f 1647/1643/1062 1761/1757/1139 1430/1428/924
f 1762/1758/1140 1429/1427/923 1428/1426/922
f 1664/1660/1076 1763/1759/1141 1662/1658/1074
f 1670/1666/1082 1763/1759/1141 1664/1660/1076
f 885/885/457 1419/1417/915 715/715/307
f 715/715/307 655/655/251 885/885/457
f 974/974/538 975/975/539 813/813/392
f 975/975/539 974/974/538 1418/1416/914
s 0
f 1543/1539/3 1764/1760/3 666/666/3
s 1
f 1765/1761/1142 1766/1762/1143 1767/1763/1144
f 1768/1764/1145 1769/1765/1146 1770/1766/1147
s 0
f 670/670/3 1771/1767/3 1544/1540/3
s 1
f 513/513/121 715/715/307 1419/1417/915
f 505/505/116 513/513/121 1419/1417/915
f 506/506/117 1418/1416/914 974/974/538
f 1418/1416/914 506/506/117 505/505/116
f 1550/1546/819 1772/1768/951 1548/1544/952
f 1772/1768/951 1550/1546/819 904/904/475
f 620/620/222 1553/1549/822 1773/1769/955
f 1555/1551/956 1773/1769/955 1553/1549/822
f 720/720/312 719/719/311 1415/1413/912
f 717/717/309 1417/1415/602 1416/1414/913
f 1597/1593/899 1774/1770/757 1230/1228/33
f 381/381/3 380/380/33 382/382/32
f 113/113/34 111/111/33 110/110/3
f 1221/1219/33 1775/1771/87 1598/1594/898
f 377/377/3 398/398/36 375/375/86
f 1395/1393/760 1616/1612/761 1316/1314/36
f 107/107/31 128/128/42 105/105/3
f 1313/1311/42 1611/1607/762 1396/1394/763
f 119/119/37 117/117/36 116/116/3
f 1261/1259/36 1776/1772/37 1737/1733/1117
f 1736/1732/785 1777/1773/41 1254/1252/42
f 387/387/3 386/386/42 388/388/41
f 125/125/40 123/123/39 122/122/3
f 1114/1112/39 1311/1309/658 1310/1308/786
f 1319/1317/787 1318/1316/661 1109/1107/39
f 393/393/3 392/392/39 394/394/38
f 1354/1352/862 1353/1351/861 1172/1170/714
f 1778/1774/1148 1779/1775/1149 1201/1199/739
f 1200/1198/738 1778/1774/1148 1201/1199/739
f 1339/1337/847 1338/1336/846 1780/1776/1150
f 1780/1776/1150 1338/1336/846 1781/1777/1151
f 586/586/191 1782/1778/1152 657/657/253
f 856/856/430 657/657/253 854/854/428
f 724/724/316 1033/1033/587 1032/1032/586
f 1069/1067/619 1072/1070/622 1074/1072/624
f 1525/1521/3 1523/1519/3 1522/1518/735
f 1783/1779/1153 1330/1328/838 1694/1690/1094
f 1697/1693/1095 1332/1330/840 1784/1780/1154
f 1528/1524/734 1527/1523/3 1530/1526/3
f 851/851/425 1785/1781/862 680/680/274
f 680/680/274 1785/1781/862 678/678/272
f 747/747/330 1372/1370/879 899/899/470
f 899/899/470 1034/1034/588 747/747/330
f 1145/1143/689 1073/1071/623 1369/1367/876
f 1073/1071/623 1145/1143/689 1386/1384/891
f 857/857/431 757/757/340 1340/1338/848
f 1786/1782/1155 1163/1161/707 1161/1159/705
f 951/951/517 576/576/181 663/663/259
f 663/663/259 1123/1121/667 951/951/517
f 650/650/246 667/667/262 648/648/244
f 667/667/262 650/650/246 1067/1065/617
f 716/716/308 1414/1412/911 846/846/420
f 846/846/420 507/507/118 716/716/308
f 618/618/220 858/858/432 1413/1411/910
f 858/858/432 618/618/220 511/511/119
f 1691/1687/3 1186/1184/3 1690/1686/363
f 1767/1763/1144 1003/1003/563 1765/1761/1142
f 1770/1766/1147 1007/1007/567 1768/1764/1145
f 1689/1685/369 1184/1182/3 1688/1684/3
f 1490/1488/970 722/722/314 1071/1069/621
f 1071/1069/621 722/722/314 1072/1070/622
f 1495/1491/971 895/895/466 704/704/297
f 895/895/466 897/897/468 704/704/297
f 1784/1780/1154 1787/1783/1156 1697/1693/1095
s 0
f 612/612/3 1788/1784/3 613/613/3
f 642/642/3 1789/1785/3 643/643/3
s 1
f 1694/1690/1094 1790/1786/1157 1783/1779/1153
f 867/867/441 1469/1467/952 1742/1738/1001
f 1469/1467/952 867/867/441 869/869/343
f 1741/1737/1002 1473/1471/956 660/660/256
f 661/661/257 660/660/256 1473/1471/956
f 845/845/419 844/844/418 847/847/421
f 1278/1276/804 1238/1236/770 1281/1279/807
f 1192/1190/730 1199/1197/737 1066/1064/616
f 1652/1648/1067 550/550/156 1066/1064/616
f 1126/1124/670 1122/1120/666 1337/1335/845
f 1653/1649/1068 1122/1120/666 563/563/168
f 1048/1046/599 648/648/244 580/580/185
f 580/580/185 648/648/244 1175/1173/717
f 1415/1413/912 719/719/311 576/576/181
f 719/719/311 1179/1177/721 576/576/181
f 1190/1188/728 693/693/287 752/752/335
f 693/693/287 1190/1188/728 548/548/154
f 1648/1644/1063 1791/1787/1158 1102/1100/651
f 1792/1788/1159 947/947/513 946/946/512
f 780/780/361 779/779/360 1793/1789/1160
f 1098/1096/647 1794/1790/1161 1649/1645/1064
f 1239/1237/771 1243/1241/573 1242/1240/774
f 1414/1412/911 716/716/308 1019/1019/575
f 1236/1234/768 1235/1233/570 1233/1231/767
f 1413/1411/910 1010/1010/570 618/618/220
f 530/530/136 938/938/504 528/528/134
f 1146/1144/690 1145/1143/689 712/712/304
f 946/946/512 1795/1791/1162 1792/1788/1159
f 1751/1747/1129 1740/1736/1120 1749/1745/1127
f 1754/1750/1132 1743/1739/1121 1752/1748/1130
f 1793/1789/1160 1796/1792/1163 780/780/361
f 1706/1702/1101 1624/1620/1045 459/459/105
f 976/976/45 459/459/105 1624/1620/1045
f 409/409/92 1622/1618/1043 1701/1697/1099
f 1622/1618/1043 409/409/92 983/983/45
f 1629/1625/1050 213/213/62 980/980/45
f 213/213/62 1629/1625/1050 1707/1703/1102
f 1703/1699/1100 1631/1627/1052 157/157/48
f 979/979/45 157/157/48 1631/1627/1052
f 1281/1279/807 1279/1277/805 1278/1276/804
f 1549/1545/1000 1548/1544/952 1551/1547/1001
f 777/777/358 776/776/357 908/908/479
f 827/827/405 799/799/378 798/798/377
f 1552/1548/1002 1555/1551/956 1554/1550/1003
f 875/875/447 892/892/463 873/873/445
f 574/574/179 1156/1154/700 572/572/177
f 623/623/225 625/625/227 1558/1554/1006
f 1558/1554/1006 625/625/227 1422/1420/918
f 605/605/210 729/729/321 880/880/452
f 880/880/452 1139/1137/683 605/605/210
f 607/607/212 884/884/456 725/725/317
f 884/884/456 607/607/212 1137/1135/681
f 1093/1091/642 1092/1090/641 1370/1368/877
f 635/635/237 1092/1090/641 1093/1091/642
f 1090/1088/639 1373/1371/880 1091/1089/640
f 628/628/230 1090/1088/639 1091/1089/640
f 1368/1366/875 1369/1367/876 1073/1071/623
f 1486/1484/966 585/585/190 1368/1366/875
f 1488/1486/968 1371/1369/878 566/566/171
f 1371/1369/878 899/899/470 1372/1370/879
f 927/927/494 1797/1793/1164 762/762/345
f 1649/1645/1064 1798/1794/1165 1099/1097/648
f 1101/1099/650 1799/1795/1166 1648/1644/1063
f 824/824/402 1800/1796/1167 930/930/497
f 747/747/330 1034/1034/588 1408/1406/905
f 1407/1405/904 1031/1031/585 1387/1385/892
f 1406/1404/903 535/535/141 517/517/123
f 1406/1404/903 517/517/123 1556/1552/1004
f 1801/1797/1168 526/526/132 1559/1555/1007
f 1801/1797/1168 671/671/265 526/526/132
f 1510/1506/982 1244/1242/775 1641/1637/3
f 840/840/203 1802/1798/1169 787/787/367
f 1638/1634/3 1168/1166/710 1507/1503/371
f 1166/1164/198 792/792/371 1803/1799/710
f 1504/1500/980 1503/1499/979 1142/1140/686
f 734/734/326 546/546/152 545/545/151
f 737/737/328 543/543/149 542/542/148
f 1500/1496/976 1140/1138/684 1501/1497/977
f 657/657/253 1782/1778/1152 658/658/254
f 1782/1778/1152 1421/1419/917 658/658/254
f 1147/1145/691 1804/1800/1170 1148/1146/692
f 1805/1801/45 1806/1802/45 1359/1357/866
f 1366/1364/873 1807/1803/45 1808/1804/45
f 963/963/528 1809/1805/1171 1160/1158/704
f 638/638/233 903/903/474 902/902/473
f 751/751/334 1058/1056/608 629/629/231
f 714/714/306 634/634/236 1119/1117/664
f 638/638/233 637/637/233 1810/1806/473
f 1773/1769/955 1750/1746/1128 620/620/222
f 1158/1156/702 620/620/222 1750/1746/1128
f 1753/1749/1131 904/904/475 1056/1054/606
f 904/904/475 1753/1749/1131 1772/1768/951
f 549/549/155 1341/1339/849 540/540/146
f 1341/1339/849 549/549/155 1190/1188/728
f 1385/1383/890 520/520/126 665/665/261
f 520/520/126 1385/1383/890 1717/1713/1108
f 524/524/130 1719/1715/1110 1383/1381/888
f 1383/1381/888 668/668/263 524/524/130
f 623/623/225 1650/1646/1065 1063/1061/613
f 1063/1061/613 1062/1060/612 623/623/225
f 732/732/324 789/789/368 1714/1710/1106
f 940/940/506 939/939/505 1590/1586/1029
f 727/727/319 1715/1711/509 784/784/364
f 943/943/509 1592/1588/1031 942/942/508
f 1423/1421/919 1055/1053/605 1482/1480/471
f 932/932/498 1054/1052/604 1811/1807/603
f 1485/1483/965 1483/1481/963 1157/1155/701
f 932/932/498 931/931/472 1053/1051/603
f 1422/1420/918 1420/1418/916 570/570/175
f 1054/1052/604 1812/1808/1172 1811/1807/603
f 1478/1476/959 1813/1809/1173 1477/1475/958
f 1666/1662/1078 1665/1661/1077 1813/1809/1173
f 1479/1477/960 1814/1810/1174 1480/1478/961
f 1814/1810/1174 1669/1665/1081 1668/1664/1080
f 1520/1516/987 1754/1750/1132 1062/1060/612
f 1062/1060/612 1064/1062/614 1520/1516/987
f 1521/1517/988 854/854/428 1749/1745/1127
f 854/854/428 1521/1517/988 855/855/429
f 682/682/276 681/681/275 1426/1424/921
f 818/818/397 819/819/398 1815/1811/1175
f 767/767/349 1816/1812/1176 819/819/398
f 1061/1059/611 1133/1131/677 1060/1058/610
f 814/814/393 813/813/392 975/975/539
f 813/813/392 814/814/393 811/811/390
f 886/886/458 885/885/457 655/655/251
f 655/655/251 654/654/250 886/886/458
f 582/582/187 573/573/178 572/572/177
f 772/772/353 1474/1472/957 838/838/413
f 829/829/407 1444/1442/934 830/830/408
f 1445/1443/659 1444/1442/934 829/829/407
f 832/832/407 834/834/409 1441/1439/933
f 832/832/407 1441/1439/933 1440/1438/656
f 1600/1596/756 889/889/461 1398/1396/900
f 889/889/461 1400/1398/752 834/834/409
f 1405/1403/900 890/890/461 1595/1591/750
f 830/830/408 1403/1401/749 890/890/461
f 1253/1251/783 752/752/335 693/693/287
f 871/871/443 1410/1408/907 872/872/444
f 1817/1813/1177 1818/1814/1178 1819/1815/1179
f 1819/1815/1179 1818/1814/1178 1820/1816/1180
f 1575/1571/1019 1103/1101/652 1165/1163/709
f 1102/1100/651 1821/1817/1181 1276/1274/802
f 1164/1162/708 1096/1094/645 1579/1575/1022
f 1275/1273/801 1822/1818/1182 1098/1096/647
f 957/957/523 1089/1087/638 1727/1723/1115
f 1808/1804/45 1367/1365/874 1366/1364/873
f 1359/1357/866 1358/1356/865 1805/1801/45
f 1729/1725/1116 959/959/525 1149/1147/693
f 1669/1665/1081 1670/1666/1082 1667/1663/1079
f 1663/1659/1075 1662/1658/1074 1665/1661/1077
f 1163/1161/707 1786/1782/1155 870/870/336
f 754/754/337 753/753/336 1340/1338/848
f 837/837/412 1639/1635/3 1693/1689/3
f 1639/1635/3 837/837/412 1168/1166/710
f 1244/1242/775 842/842/416 1640/1636/3
f 1692/1688/3 1640/1636/3 842/842/416
f 1501/1497/977 1823/1819/941 1499/1495/975
f 1605/1601/1035 1564/1560/1010 1603/1599/1033
f 1608/1604/1038 1563/1559/1009 1606/1602/1036
f 1505/1501/981 1824/1820/1183 1503/1499/979
f 1189/1187/727 1340/1338/848 757/757/340
f 757/757/340 619/619/221 1189/1187/727
f 754/754/337 1190/1188/728 752/752/335
f 1190/1188/728 754/754/337 1341/1339/849
f 1163/1161/707 1698/1694/1096 856/856/430
f 657/657/253 856/856/430 1698/1694/1096
f 584/584/189 1370/1368/877 585/585/190
f 1370/1368/877 584/584/189 1093/1091/642
f 1373/1371/880 1090/1088/639 567/567/172
f 567/567/172 566/566/171 1373/1371/880
f 1641/1637/3 1511/1507/3 1510/1506/982
f 1004/1004/564 1642/1638/1057 1008/1008/568
f 1507/1503/371 1506/1502/3 1638/1634/3
f 970/970/534 1637/1633/1056 968/968/532
s 0
f 1534/1530/3 1825/1821/3 642/642/3
s 1
f 1644/1640/1059 1008/1008/568 1642/1638/1057
s 0
f 1533/1529/3 613/613/3 1826/1822/3
s 1
f 1637/1633/1056 970/970/534 1635/1631/1054
f 1827/1823/1184 1086/1084/635 1710/1706/990
f 1088/1086/637 1331/1329/839 1828/1824/1185
f 1829/1825/1186 1711/1707/1103 1081/1079/631
f 1083/1081/633 1830/1826/989 1329/1327/837
f 674/674/268 1801/1797/1168 1559/1555/1007
f 671/671/265 1801/1797/1168 674/674/268
f 872/872/444 1162/1160/706 870/870/336
f 1651/1647/1066 1162/1160/706 872/872/444
f 1820/1816/1180 1587/1583/1026 1467/1465/950
f 914/914/485 1467/1465/950 1587/1583/1026
f 1466/1464/949 1584/1580/1023 1817/1813/1177
f 1584/1580/1023 1466/1464/949 955/955/521
f 1145/1143/689 1144/1142/688 1386/1384/891
f 1387/1385/892 937/937/503 1407/1405/904
f 1748/1744/1126 1249/1247/779 697/697/291
f 1748/1744/1126 641/641/241 1249/1247/779
f 1463/1461/946 1462/1460/945 1607/1603/1037
f 1568/1564/1014 1207/1205/744 928/928/495
f 929/929/496 1202/1200/740 1566/1562/1012
f 1604/1600/1034 1461/1459/944 1460/1458/943
f 1819/1815/1179 817/817/396 1817/1813/1177
f 1817/1813/1177 817/817/396 1466/1464/949
f 1820/1816/1180 534/534/140 1819/1815/1179
f 1467/1465/950 534/534/140 1820/1816/1180
f 1745/1741/1123 987/987/547 994/994/554
s 0
f 644/644/3 1831/1827/3 1543/1539/3
s 1
f 1001/1001/561 993/993/553 1746/1742/1124
s 0
f 1544/1540/3 1832/1828/3 611/611/3
f 1533/1529/3 1833/1829/3 670/670/3
s 1
f 1007/1007/567 1770/1766/1147 969/969/533
f 1005/1005/565 1765/1761/1142 1003/1003/563
s 0
f 1534/1530/3 666/666/3 1834/1830/3
s 1
f 1126/1124/670 1393/1391/897 1122/1120/666
f 1393/1391/897 1126/1124/670 1125/1123/669
f 1192/1190/730 1066/1064/616 1570/1566/1016
f 1570/1566/1016 1193/1191/731 1192/1190/730
f 619/619/221 757/757/340 756/756/339
f 1412/1410/909 619/619/221 756/756/339
f 548/548/154 694/694/288 693/693/287
f 1411/1409/908 694/694/288 548/548/154
f 798/798/377 828/828/406 827/827/405
f 1100/1098/649 1276/1274/802 1835/1831/836
f 908/908/479 907/907/478 777/777/358
f 1097/1095/646 1836/1832/829 1275/1273/801
f 584/584/189 583/583/188 1208/1206/745
f 583/583/188 805/805/384 1208/1206/745
f 1209/1207/746 568/568/173 567/567/172
f 568/568/173 1209/1207/746 809/809/388
f 1242/1240/774 1240/1238/772 1239/1237/771
f 1233/1231/767 1232/1230/766 1236/1234/768
f 1482/1480/471 1055/1053/605 906/906/477
f 906/906/477 1055/1053/605 904/904/475
f 621/621/223 620/620/222 1157/1155/701
f 1483/1481/963 621/621/223 1157/1155/701
f 569/569/174 1557/1553/1005 1837/1833/1187
f 872/872/444 1650/1646/1065 1651/1647/1066
f 1838/1834/1188 1589/1585/1028 879/879/451
f 1838/1834/1188 1839/1835/322 1589/1585/1028
f 1840/1836/1189 1591/1587/1030 1841/1837/318
f 1840/1836/1189 882/882/454 1591/1587/1030
f 1842/1838/1190 1047/1045/598 1843/1839/1191
f 1844/1840/1192 1845/1841/1193 1846/1842/1194
f 1847/1843/1195 1848/1844/1196 1849/1845/1197
f 1850/1846/1198 1851/1847/1199 1040/1038/591
f 1097/1095/646 1321/1319/829 1852/1848/1200
f 928/928/495 778/778/359 1568/1564/1014
f 1100/1098/649 1853/1849/1201 1328/1326/836
f 1566/1562/1012 797/797/376 929/929/496
f 1563/1559/1009 1608/1604/1038 1562/1558/1008
f 1323/1321/831 1322/1320/830 1854/1850/1202
f 1855/1851/1203 1327/1325/835 1326/1324/834
f 1565/1561/1011 1603/1599/1033 1564/1560/1010
f 688/688/282 683/683/277 1060/1058/610
f 875/875/447 1134/1132/678 891/891/462
f 1083/1081/633 883/883/455 882/882/454
f 1856/1852/813 882/882/454 1840/1836/1189
f 1088/1086/637 879/879/451 878/878/450
f 1857/1853/817 1838/1834/1188 879/879/451
f 1086/1084/635 862/862/436 861/861/435
f 1858/1854/1204 1331/1329/839 1389/1387/894
f 1081/1079/631 864/864/438 866/866/440
f 1859/1855/1205 1388/1386/893 1329/1327/837
f 624/624/226 1062/1060/612 1754/1750/1132
f 625/625/227 624/624/226 1056/1054/606
f 659/659/255 1749/1745/1127 854/854/428
f 658/658/254 1158/1156/702 659/659/255
f 1180/1178/722 784/784/364 1715/1711/509
f 784/784/364 1180/1178/722 782/782/204
f 1176/1174/718 1714/1710/1106 789/789/368
f 789/789/368 788/788/197 1176/1174/718
f 1436/1434/930 1435/1433/929 1860/1856/1206
f 1657/1653/1071 1861/1857/1207 1862/1858/1207
f 1438/1436/932 552/552/158 551/551/157
f 551/551/157 1435/1433/929 1438/1436/932
f 1434/1432/928 565/565/170 564/564/169
f 565/565/170 1434/1432/928 1431/1429/925
f 878/878/450 594/594/199 1087/1085/636
f 594/594/199 527/527/133 1087/1085/636
f 600/600/205 1084/1082/634 518/518/124
f 883/883/455 1084/1082/634 600/600/205
f 1099/1097/648 1863/1859/1165 1569/1565/1015
f 1854/1850/1202 1864/1860/742 1323/1321/831
f 1567/1563/1013 1865/1861/1166 1101/1099/650
f 1326/1324/834 1866/1862/741 1855/1851/1203
f 1106/1104/655 831/831/409 1634/1630/901
f 1215/1213/752 1634/1630/901 831/831/409
f 833/833/408 1633/1629/902 1212/1210/749
f 1633/1629/902 833/833/408 1112/1110/660
f 1593/1589/1032 829/829/407 1443/1441/933
f 829/829/407 831/831/409 1443/1441/933
f 1442/1440/934 832/832/407 1594/1590/1032
f 832/832/407 1442/1440/934 833/833/408
f 1476/1474/747 1404/1402/902 830/830/408
f 830/830/408 1404/1402/902 1403/1401/749
f 834/834/409 1399/1397/901 1475/1473/754
f 1400/1398/752 1399/1397/901 834/834/409
f 1213/1211/750 1212/1210/749 1211/1209/748
f 1212/1210/749 1213/1211/750 889/889/461
f 1216/1214/753 1215/1213/752 1219/1217/756
f 890/890/461 1219/1217/756 1215/1213/752
f 889/889/461 1600/1596/756 1400/1398/752
f 1400/1398/752 1600/1596/756 1599/1595/755
f 1403/1401/749 1595/1591/750 890/890/461
f 1596/1592/751 1595/1591/750 1403/1401/749
f 750/750/333 749/749/332 1343/1341/851
f 1343/1341/851 1057/1055/607 750/750/333
f 713/713/305 1687/1683/1093 710/710/302
f 1687/1683/1093 713/713/305 1118/1116/663
f 602/602/207 725/725/317 884/884/456
f 725/725/317 602/602/207 601/601/206
f 729/729/321 596/596/201 595/595/200
f 595/595/200 880/880/452 729/729/321
f 1128/1126/672 1350/1348/858 1757/1753/1135
f 736/736/327 1350/1348/858 1128/1126/672
f 935/935/501 1758/1754/1136 1348/1346/856
f 735/735/325 935/935/501 1348/1346/856
f 1044/1042/595 1078/1076/628 1867/1863/1208
f 1868/1864/1209 1077/1075/627 1041/1039/592
f 1142/1140/686 734/734/326 1504/1500/980
f 734/734/326 1142/1140/686 935/935/501
f 737/737/328 1128/1126/672 1140/1138/684
f 1140/1138/684 1500/1496/976 737/737/328
f 570/570/175 1837/1833/1187 1422/1420/918
f 1837/1833/1187 570/570/175 569/569/174
f 1653/1649/1068 1337/1335/845 1122/1120/666
f 1337/1335/845 1653/1649/1068 1338/1336/846
f 1652/1648/1067 1066/1064/616 1199/1197/737
f 1199/1197/737 1201/1199/739 1652/1648/1067
s 0
f 510/510/45 514/514/45 508/508/45
s 1
f 1028/1028/582 590/590/195 1654/1650/1069
f 1656/1652/1070 1655/1651/1070 515/515/45
f 1121/1119/665 1700/1696/1098 610/610/215
f 545/545/151 1504/1500/980 734/734/326
f 1504/1500/980 545/545/151 1502/1498/978
f 543/543/149 737/737/328 1500/1496/976
f 1498/1494/974 543/543/149 1500/1496/976
f 1869/1865/1210 1842/1838/1190 1870/1866/1211
f 1845/1841/1193 1871/1867/1212 1872/1868/1213
f 1849/1845/1197 1873/1869/1214 1874/1870/1215
f 1875/1871/1216 1876/1872/1217 1850/1846/1198
f 1250/1248/780 615/615/217 910/910/481
f 1250/1248/780 616/616/218 615/615/217
f 1433/1431/927 1877/1873/1218 1431/1429/925
f 1862/1858/1207 1699/1695/1097 1657/1653/1071
f 802/802/381 1208/1206/745 805/805/384
f 805/805/384 804/804/383 802/802/381
f 690/690/284 809/809/388 1209/1207/746
f 809/809/388 690/690/284 807/807/386
f 882/882/454 1856/1852/813 1083/1081/633
f 1856/1852/813 1830/1826/989 1083/1081/633
f 879/879/451 1088/1086/637 1857/1853/817
f 1857/1853/817 1088/1086/637 1828/1824/1185
f 845/845/419 1308/1306/827 507/507/118
f 507/507/118 1308/1306/827 505/505/116
f 1068/1066/618 1878/1874/1219 912/912/483
f 949/949/515 1878/1874/1219 1068/1066/618
f 803/803/382 802/802/381 804/804/383
f 1500/1496/976 1499/1495/975 1498/1494/974
f 810/810/389 807/807/386 690/690/284
f 1502/1498/978 1505/1501/981 1504/1500/980
f 817/817/396 1819/1815/1179 536/536/142
f 536/536/142 1819/1815/1179 534/534/140
f 1038/554/45 768/768/350 1036/1036/45
f 818/818/397 1036/1036/45 768/768/350
f 1201/1199/739 1860/1856/1206 1435/1433/929
f 1435/1433/929 551/551/157 1201/1199/739
f 1431/1429/925 1338/1336/846 565/565/170
f 1338/1336/846 1431/1429/925 1877/1873/1218
f 1698/1694/1096 586/586/191 657/657/253
f 569/569/174 586/586/191 1698/1694/1096
f 1650/1646/1065 623/623/225 1557/1553/1005
f 1650/1646/1065 1557/1553/1005 569/569/174
f 1480/1478/961 1668/1664/1080 1879/1875/1220
f 1668/1664/1080 1480/1478/961 1814/1810/1174
f 1813/1809/1173 1478/1476/959 1666/1662/1078
f 1478/1476/959 1880/1876/1221 1666/1662/1078
f 1372/1370/879 566/566/171 1371/1369/878
f 1372/1370/879 1373/1371/880 566/566/171
f 1369/1367/876 585/585/190 1370/1368/877
f 1369/1367/876 1368/1366/875 585/585/190
f 556/556/161 1368/1366/875 936/936/502
f 1486/1484/966 1368/1366/875 556/556/161
f 531/531/137 860/860/434 1371/1369/878
f 1488/1486/968 531/531/137 1371/1369/878
f 1667/1663/1079 539/539/145 1668/1664/1080
f 539/539/145 1667/1663/1079 540/540/146
f 547/547/153 540/540/146 1663/1659/1075
f 1663/1659/1075 1666/1662/1078 547/547/153
f 1437/1435/931 1654/1650/1069 590/590/195
f 590/590/195 533/533/139 1437/1435/931
f 1432/1430/926 610/610/215 1700/1696/1098
f 610/610/215 1432/1430/926 557/557/162
f 1488/1486/968 532/532/138 531/531/137
f 1488/1486/968 1489/1487/969 532/532/138
f 1486/1484/966 556/556/161 558/558/163
f 1486/1484/966 558/558/163 1487/1485/967
f 1047/1045/598 1374/1372/881 1881/1877/882
f 1882/1878/885 1381/1379/886 1040/1038/591
f 1495/1491/971 704/704/297 703/703/296
s 0
f 509/509/45 508/508/45 1494/1490/45
f 1883/1879/45 1491/1489/45 1494/1490/45
s 1
f 1490/1488/970 723/723/315 722/722/314
f 1030/1030/584 1029/1029/583 1861/1857/1207
f 1860/1856/1206 1201/1199/739 1779/1775/1149
f 1040/1038/591 541/541/147 1850/1846/1198
f 1850/1846/1198 541/541/147 1875/1871/1216
f 1842/1838/1190 1869/1865/1210 544/544/150
f 1047/1045/598 1842/1838/1190 544/544/150
f 1752/1748/1130 1056/1054/606 1754/1750/1132
f 624/624/226 1754/1750/1132 1056/1054/606
f 659/659/255 1158/1156/702 1749/1745/1127
f 1749/1745/1127 1158/1156/702 1751/1747/1129
f 540/540/146 1664/1660/1076 1663/1659/1075
f 540/540/146 1667/1663/1079 1664/1660/1076
f 571/571/176 1782/1778/1152 586/586/191
f 571/571/176 1421/1419/917 1782/1778/1152
f 1837/1833/1187 1557/1553/1005 1558/1554/1006
f 1837/1833/1187 1558/1554/1006 1422/1420/918
f 1698/1694/1096 1651/1647/1066 569/569/174
f 569/569/174 1651/1647/1066 1650/1646/1065
f 1120/1118/584 1862/1858/1207 1861/1857/1207
f 1877/1873/1218 1781/1777/1151 1338/1336/846
f 1880/1876/1221 694/694/288 1411/1409/908
f 1666/1662/1078 1880/1876/1221 1411/1409/908
f 1879/1875/1220 1412/1410/909 756/756/339
f 1668/1664/1080 1412/1410/909 1879/1875/1220
f 695/695/289 673/673/267 1748/1744/1126
f 1748/1744/1126 673/673/267 516/516/122
f 662/662/258 855/855/429 1521/1517/988
f 1391/1389/429 1390/1388/895 755/755/338
f 1409/1407/906 692/692/286 1252/1250/782
f 868/868/442 1520/1516/987 1064/1062/614
f 521/521/127 1847/1843/1195 519/519/125
f 1851/1847/1199 1043/1041/594 1042/1040/593
f 1843/1839/1191 1046/1044/597 1045/1043/596
f 523/523/129 522/522/128 1844/1840/1192
f 1556/1552/1004 672/672/266 674/674/268
f 673/673/267 672/672/266 1556/1552/1004
f 1884/1880/1222 604/604/209 1718/1714/1109
f 604/604/209 603/603/208 1718/1714/1109
f 1716/1712/1107 608/608/213 1885/1881/1223
f 608/608/213 1716/1712/1107 606/606/211
f 1042/1040/593 1040/1038/591 1851/1847/1199
f 1040/1038/591 1042/1040/593 1882/1878/885
f 1046/1044/597 1843/1839/1191 1047/1045/598
f 1881/1877/882 1046/1044/597 1047/1045/598
f 1871/1867/1212 533/533/139 532/532/138
f 532/532/138 1872/1868/1213 1871/1867/1212
f 558/558/163 1874/1870/1215 1873/1869/1214
f 1874/1870/1215 558/558/163 557/557/162
f 705/705/298 755/755/338 1390/1388/895
f 755/755/338 705/705/298 756/756/339
f 758/758/341 1252/1250/782 692/692/286
f 692/692/286 694/694/288 758/758/341
f 1041/1039/592 1716/1712/1107 1868/1864/1209
f 1041/1039/592 1043/1041/594 1716/1712/1107
f 1044/1042/595 1718/1714/1109 1045/1043/596
f 1867/1863/1208 1718/1714/1109 1044/1042/595
f 1758/1754/1136 694/694/288 1880/1876/1221
f 1758/1754/1136 1880/1876/1221 1478/1476/959
f 1757/1753/1135 1480/1478/961 1879/1875/1220
f 1757/1753/1135 1879/1875/1220 756/756/339
f 522/522/128 552/552/158 1845/1841/1193
f 1845/1841/1193 1844/1840/1192 522/522/128
f 519/519/125 1849/1845/1197 564/564/169
f 1849/1845/1197 519/519/125 1847/1843/1195
f 932/932/498 1811/1807/603 901/901/472
f 903/903/474 932/932/498 901/901/472
f 1718/1714/1109 1867/1863/1208 1884/1880/1222
f 1885/1881/1223 1868/1864/1209 1716/1712/1107
f 1873/1869/1214 1487/1485/967 558/558/163
f 541/541/147 1658/1654/1072 1875/1871/1216
f 544/544/150 1869/1865/1210 1660/1656/1073
f 1872/1868/1213 532/532/138 1489/1487/969
f 1871/1867/1212 1845/1841/1193 552/552/158
f 552/552/158 1438/1436/932 1871/1867/1212
f 1874/1870/1215 564/564/169 1849/1845/1197
f 564/564/169 1874/1870/1215 1434/1432/928
f 1127/1125/671 1128/1126/672 1757/1753/1135
f 1127/1125/671 1757/1753/1135 756/756/339
f 934/934/500 1758/1754/1136 935/935/501
f 934/934/500 694/694/288 1758/1754/1136
f 557/557/162 1434/1432/928 1874/1870/1215
f 1434/1432/928 557/557/162 1432/1430/926
f 533/533/139 1871/1867/1212 1438/1436/932
f 1438/1436/932 1437/1435/931 533/533/139
f 562/562/167 1050/1048/601 560/560/165
f 1417/1415/602 560/560/165 1050/1048/601
f 1886/1882/160 554/554/160 553/553/159
s 0
f 1038/554/45 1887/1882/45 769/769/45
s 1
f 902/902/473 631/631/233 638/638/233
f 633/633/235 638/638/233 631/631/233
s 0
f 1494/1490/45 508/508/45 1883/1879/45
f 515/515/45 1883/1879/45 508/508/45
s 1
f 1888/1883/164 1889/1884/134 529/529/135
f 530/530/136 529/529/135 1889/1884/134
f 1890/1885/892 1031/1031/585 1407/1405/904
f 1031/1031/585 1890/1885/892 1891/1886/587
f 1892/1887/662 1888/1883/164 1342/1340/850
f 529/529/135 1342/1340/850 1888/1883/164
f 1030/1030/584 1893/1888/192 588/588/193
f 589/589/194 588/588/193 1893/1888/192
f 954/954/520 953/953/519 1894/1889/518
f 1895/1890/243 1894/1889/518 953/953/519
f 530/530/136 1896/1891/504 1897/1892/503
f 1889/1884/134 1896/1891/504 530/530/136
f 1032/1032/586 1891/1886/587 1898/1893/316
f 1891/1886/587 1032/1032/586 1031/1031/585
f 1898/1893/316 699/699/293 1032/1032/586
f 699/699/293 1898/1893/316 1899/1894/294
f 553/553/159 1900/1895/309 1886/1882/160
f 1900/1895/309 553/553/159 1416/1414/913
s 0
f 1494/1490/45 1901/1896/45 509/509/45
f 1901/1896/45 1494/1490/45 1493/700/45
s 1
f 1902/1897/1070 1903/1898/1097 1657/1653/1071
f 1657/1653/1071 1903/1898/1097 1904/1899/1207
f 1894/1889/518 1709/1705/615 954/954/520
f 589/589/194 954/954/520 1709/1705/615
f 1120/1118/584 1029/1029/583 588/588/193
f 1861/1857/1207 1029/1029/583 1120/1118/584
f 953/953/519 645/645/242 1895/1890/243
f 561/561/166 1895/1890/243 645/645/242
f 1897/1892/503 1407/1405/904 530/530/136
f 1407/1405/904 1897/1892/503 1890/1885/892
f 515/515/45 514/514/45 1656/1652/1070
f 1656/1652/1070 514/514/45 510/510/45
f 1861/1857/1207 1904/1899/1207 1030/1030/584
f 1904/1899/1207 1861/1857/1207 1657/1653/1071
f 510/510/45 1902/1897/1070 1656/1652/1070
f 1657/1653/1071 1656/1652/1070 1902/1897/1070
f 1117/1115/234 633/633/235 1059/1057/609
f 633/633/235 1117/1115/234 637/637/233
f 1342/1340/850 1059/1057/609 1892/1887/662
f 632/632/234 1892/1887/662 1059/1057/609
f 903/903/474 1810/1806/473 931/931/472
f 1810/1806/473 903/903/474 638/638/233
f 1899/1894/294 700/700/294 699/699/293
s 0
f 1493/700/45 1905/1894/45 1901/1896/45
s 1
f 589/589/194 1906/1900/214 1065/1063/615
f 1893/1888/192 1906/1900/214 589/589/194
f 1416/1414/913 1052/1050/602 1900/1895/309
f 1052/1050/602 1416/1414/913 1050/1048/601
f 562/562/167 647/647/166 1051/1049/165
f 647/647/166 562/562/167 645/645/242
f 1907/1901/1224 1908/1902/1225 1909/1903/1226
f 1909/1903/1226 1910/1904/1227 1907/1901/1224
f 1908/1902/1225 1911/1905/1228 1912/1906/1229
f 1912/1906/1229 1909/1903/1226 1908/1902/1225
f 1913/1907/1230 1914/1908/1231 1915/1909/1232
f 1915/1909/1232 1916/1910/1233 1913/1907/1230
f 1914/1908/1231 1917/1911/1234 1918/1912/1235
f 1918/1912/1235 1915/1909/1232 1914/1908/1231
f 1917/1911/1234 1919/1913/1236 1920/1914/1237
f 1920/1914/1237 1918/1912/1235 1917/1911/1234
f 1919/1913/1236 1921/1915/1238 1922/1916/1239
f 1922/1916/1239 1920/1914/1237 1919/1913/1236
f 1921/1915/1238 1923/1917/1240 1924/1918/1241
f 1924/1918/1241 1922/1916/1239 1921/1915/1238
f 1925/1919/1242 1926/1920/1243 1927/1921/1244
f 1927/1921/1244 1928/1922/1241 1925/1919/1242
f 1926/1920/1243 1929/1923/1245 1930/1924/1246
f 1930/1924/1246 1927/1921/1244 1926/1920/1243
f 1929/1923/1245 1931/1925/1247 1932/1926/1248
f 1932/1926/1248 1930/1924/1246 1929/1923/1245
f 1931/1925/1247 1933/1927/1249 1934/1928/1250
f 1934/1928/1250 1932/1926/1248 1931/1925/1247
f 1935/1929/1249 1936/1930/1251 1937/1931/1252
f 1937/1931/1252 1938/1932/1253 1935/1929/1249
f 1936/1930/1251 1939/1933/45 1940/1934/45
f 1940/1934/45 1937/1931/1252 1936/1930/1251
s 0
f 1939/1933/45 1941/1935/45 1942/1936/45
f 1942/1936/45 1940/1934/45 1939/1933/45
f 1941/1935/45 1943/1937/45 1944/1938/45
f 1944/1938/45 1942/1936/45 1941/1935/45
s 1
f 1943/1937/45 1945/1939/1254 1946/1940/1255
f 1946/1940/1255 1944/1938/45 1943/1937/45
f 1945/1939/1254 1947/1941/1256 1948/1942/1257
f 1948/1942/1257 1946/1940/1255 1945/1939/1254
f 1949/1943/1258 1907/1901/1224 1910/1904/1227
f 1910/1904/1227 1950/1944/1259 1949/1943/1258
f 1945/1939/1254 1943/1937/45 1941/1935/45
f 1941/1935/1260 1939/1933/45 1936/1930/1251
f 1951/1945/1261 1952/1946/1262 1953/1947/1263
f 1954/1948/1264 1951/1945/1261 1953/1947/1263
f 1953/1947/1263 1955/1949/1265 1956/1950/1266
f 1956/1950/1266 1957/1951/1267 1958/1952/1268
f 1953/1947/1263 1956/1950/1266 1958/1952/1268
s 0
f 1958/1952/1269 1959/1953/1270 1960/1954/1270
f 1960/1954/1271 1961/1955/1272 1962/1956/1273
s 1
f 1958/1952/1268 1960/1954/1274 1962/1956/1275
f 1953/1947/1263 1958/1952/1268 1962/1956/1275
f 1954/1948/1264 1953/1947/1263 1962/1956/1275
f 1962/1956/1275 1963/1957/1276 1964/1958/1277
f 1954/1948/1264 1962/1956/1275 1964/1958/1277
f 1965/1959/1278 1954/1948/1264 1964/1958/1277
s 0
f 1966/1960/1276 1965/1959/1276 1964/1958/1276
s 1
f 1967/1961/1279 1968/1962/1227 1969/1963/1226
f 1970/1964/1280 1969/1963/1226 1971/1965/1233
f 1972/1966/1281 1916/1910/1233 1915/1909/1232
f 1973/1967/1282 1915/1909/1232 1918/1912/1235
f 1974/1968/1283 1918/1912/1235 1920/1914/1237
f 1975/1969/1284 1920/1914/1237 1922/1916/1239
f 1976/1970/1285 1922/1916/1239 1924/1918/1241
f 1977/1971/1286 1978/1972/1241 1979/1973/1287
f 1980/1974/1288 1979/1973/1287 1981/1975/1246
f 1982/1976/1289 1981/1975/1246 1983/1977/1290
f 1984/1978/1291 1983/1977/1290 1985/1979/1253
f 1986/1980/1292 1938/1932/1253 1937/1931/1252
f 1987/1981/1293 1937/1931/1252 1940/1934/45
s 0
f 1988/1982/45 1940/1934/45 1942/1936/45
s 1
f 1989/1983/1294 1942/1936/45 1944/1938/45
f 1990/1984/1295 1944/1938/45 1946/1940/1255
f 1991/1985/1296 1992/1986/1297 1950/1944/1257
f 1993/1987/1298 1994/1988/1257 1968/1962/1227
f 1995/1989/1299 1996/1990/1300 1997/1991/1301
f 1997/1991/1301 1998/1992/1302 1995/1989/1299
f 1996/1990/1300 1999/1993/1303 2000/1994/1304
f 2000/1994/1304 1997/1991/1301 1996/1990/1300
f 2001/1995/1305 2002/1996/1306 2003/1997/1307
f 2003/1997/1307 2004/1998/1304 2001/1995/1305
f 2002/1996/1306 2005/1999/1308 2006/2000/1309
f 2006/2000/1309 2003/1997/1307 2002/1996/1306
f 2005/1999/1308 2007/2001/1310 2008/2002/1311
f 2008/2002/1311 2006/2000/1309 2005/1999/1308
f 2007/2001/1310 2009/2003/1312 2010/2004/1313
f 2010/2004/1313 2008/2002/1311 2007/2001/1310
f 2009/2003/1312 2011/2005/1314 2012/2006/1315
f 2012/2006/1315 2010/2004/1313 2009/2003/1312
f 2013/2007/1316 2014/2008/1317 2015/2009/1318
f 2015/2009/1318 2016/2010/1315 2013/2007/1316
f 2014/2008/1317 2017/2011/1319 2018/2012/1320
f 2018/2012/1320 2015/2009/1318 2014/2008/1317
f 2017/2011/1319 2019/2013/1321 2020/2014/1322
f 2020/2014/1322 2018/2012/1320 2017/2011/1319
f 2021/2015/1323 2022/2016/1324 2023/2017/1325
f 2023/2017/1325 2024/2018/1326 2021/2015/1323
f 2022/2016/1324 2025/2019/45 2026/2020/1327
f 2026/2020/1327 2023/2017/1325 2022/2016/1324
s 0
f 2025/2019/45 2027/2021/45 2028/2022/45
s 1
f 2028/2022/45 2026/2020/1327 2025/2019/45
s 0
f 2027/2021/45 2029/2023/45 2030/2024/45
f 2030/2024/45 2028/2022/45 2027/2021/45
s 1
f 2029/2023/45 2031/2025/1328 2032/2026/1329
f 2032/2026/1329 2030/2024/45 2029/2023/45
f 2031/2025/1328 2033/2027/1330 2034/2028/1331
f 2034/2028/1331 2032/2026/1329 2031/2025/1328
f 2035/2029/1332 2036/2030/1333 2037/2031/1334
f 2037/2031/1334 2038/2032/1331 2035/2029/1332
f 2036/2030/1333 1995/1989/1299 1998/1992/1302
f 1998/1992/1302 2037/2031/1334 2036/2030/1333
f 2039/2033/1335 2040/2034/1336 2041/2035/1337
s 0
f 2029/2023/45 2027/2021/45 2025/2019/45
f 2042/2036/1338 2043/2037/1339 2044/2038/1339
f 2041/2035/1338 2042/2036/1338 2044/2038/1340
f 2044/2038/1341 2045/2039/1341 2046/2040/1341
f 2046/2040/1342 2047/2041/1342 2048/2042/1342
s 1
f 2044/2038/1343 2046/2040/1344 2048/2042/1345
s 0
f 2048/2042/1346 2049/2043/1346 2050/2044/1346
s 1
f 2050/2044/1347 2051/2045/1348 2052/2046/1349
f 2048/2042/1345 2050/2044/1347 2052/2046/1349
f 2044/2038/1343 2048/2042/1345 2052/2046/1349
f 2041/2035/1337 2044/2038/1343 2052/2046/1349
f 2052/2046/1349 2053/2047/1350 2054/2048/1351
f 2041/2035/1337 2052/2046/1349 2054/2048/1351
f 2039/2033/1335 2041/2035/1337 2054/2048/1351
f 2055/2049/1352 2039/2033/1335 2054/2048/1351
f 2056/2050/1353 2057/2051/1302 2058/2052/1354
f 2059/2053/1355 2058/2052/1354 2060/2054/1304
f 2061/2055/1356 2004/1998/1304 2003/1997/1307
f 2062/2056/1357 2003/1997/1307 2006/2000/1309
f 2063/2057/1358 2006/2000/1309 2008/2002/1311
f 2064/2058/1359 2008/2002/1311 2010/2004/1313
f 2065/2059/1360 2010/2004/1313 2012/2006/1315
f 2066/2060/1361 2067/2061/1362 2068/2062/1318
f 2069/2063/1363 2068/2062/1318 2070/2064/1364
f 2071/2065/1365 2070/2064/1364 2072/2066/1366
f 2073/2067/1367 2072/2066/1366 2074/2068/1368
f 2075/2069/1369 2023/2017/1325 2026/2020/1327
f 2076/2070/1370 2026/2020/1327 2028/2022/45
s 0
f 2077/2071/45 2028/2022/45 2030/2024/45
s 1
f 2078/2072/1371 2030/2024/45 2032/2026/1329
f 2079/2073/1372 2032/2026/1329 2034/2028/1331
f 2080/2074/1373 2081/2075/1374 2082/2076/1334
f 2083/2077/1375 2082/2076/1334 2057/2051/1302
f 1944/1938/45 1990/1984/1295 1989/1983/1294
f 1940/1934/45 1988/1982/45 1987/1981/1293
f 2070/2064/1364 2071/2065/1365 2069/2063/1363
f 2026/2020/1327 2076/2070/1370 2075/2069/1369
f 2082/2076/1334 2083/2077/1375 2080/2074/1373
f 2084/2078/1376 2085/2079/1377 2073/2067/1367
f 2086/2080/1378 2087/2081/1379 2088/2082/1380
f 1915/1909/1232 1973/1967/1282 1972/1966/1281
f 1979/1973/1287 1980/1974/1288 1977/1971/1286
f 2089/2083/1381 2090/2084/1382 2091/2085/1383
f 2092/2086/1384 2093/2087/1385 2094/2088/1386
f 2012/2006/1315 2095/2089/1361 2065/2059/1360
f 2096/2090/1387 2089/2083/1381 2091/2085/1383
f 2097/2091/1281 2098/2092/1388 2099/2093/1389
f 2100/2094/1390 2101/2095/1391 2102/2096/1392
f 2003/1997/1307 2062/2056/1357 2061/2055/1356
f 2103/2097/1294 2104/2098/1393 2105/2099/1394
f 2106/2100/1395 2107/2101/1396 2108/2102/1397
f 2109/2103/1398 2110/2104/1399 2111/2105/1400
f 2112/2106/1401 2113/2107/1402 2114/2108/1403
f 2115/2109/1404 2116/2110/1405 2117/2111/1406
f 2118/2112/1407 2119/2113/1378 2120/2114/1408
f 2092/2086/1384 2094/2088/1386 2121/2115/1409
f 2122/2116/1369 2123/2117/1410 2124/2118/1411
f 2125/2119/1412 2126/2120/1413 2127/2121/1414
f 2128/2122/1415 2129/2123/1416 2130/2124/1417
f 2131/2125/1418 2132/2126/1419 2133/2127/1420
f 2134/2128/1421 2135/2129/1422 2136/2130/1423
f 2137/2131/1397 2138/2132/1424 2139/2133/1296
f 1994/1988/1257 1993/1987/1298 2139/2133/1296
f 2127/2121/1414 2066/2060/1361 2125/2119/1412
f 2140/2134/1425 2141/2135/1426 2142/2136/1427
f 2143/2137/1428 2144/2138/1429 1984/1978/1291
f 1983/1977/1290 1984/1978/1291 1982/1976/1289
f 2080/2074/1373 2083/2077/1375 2145/2139/1430
f 2130/2124/1417 2146/2140/1431 2128/2122/1415
f 1920/1914/1237 1975/1969/1284 1974/1968/1283
f 2147/2141/1432 2148/2142/1433 2149/2143/1285
f 2150/2144/1434 2151/2145/1435 2152/2146/1436
f 2153/2147/1437 2154/2148/1438 2155/2149/1439
f 2156/2150/1440 2157/2151/1441 2158/2152/1442
f 2159/2153/1443 2160/2154/1444 2161/2155/1445
f 2139/2133/1296 1993/1987/1298 2137/2131/1397
f 2099/2093/1389 2162/2156/1434 2097/2091/1281
f 2163/2157/1446 2164/2158/1447 2165/2159/1448
f 2166/2160/1449 2167/2161/1450 2168/2162/1451
f 1977/1971/1286 1980/1974/1288 2169/2163/1452
f 1982/1976/1289 1984/1978/1291 2144/2138/1429
f 2170/2164/1453 2094/2088/1386 2171/2165/1454
f 2141/2135/1426 2140/2134/1425 2172/2166/1455
f 2158/2152/1442 2173/2167/1456 2156/2150/1440
f 2174/2168/1457 2175/2169/1458 2176/2170/1459
f 2177/2171/1460 2178/2172/1461 2093/2087/1385
f 2172/2166/1455 2179/2173/1462 2141/2135/1426
f 2180/2174/1463 2181/2175/1464 2069/2063/1363
f 2069/2063/1363 2071/2065/1365 2180/2174/1463
f 2182/2176/1465 2183/2177/1466 2056/2050/1353
f 2184/2178/1467 2185/2179/1468 2186/2180/1466
f 2187/2181/1469 2188/2182/1470 2189/2183/1471
f 2190/2184/1472 2191/2185/1473 2154/2148/1438
f 2189/2183/1471 2192/2186/1474 2187/2181/1469
f 2193/2187/1475 2194/2188/1476 2195/2189/1477
f 2196/2190/1478 2197/2191/1479 2198/2192/1480
f 2171/2165/1454 2199/2193/1481 2170/2164/1453
f 2200/2194/1419 2201/2195/1482 2202/2196/1483
f 2032/2026/1329 2079/2073/1372 2078/2072/1371
f 2154/2148/1438 2153/2147/1437 2190/2184/1472
f 2176/2170/1459 2203/2197/1484 2174/2168/1457
f 2204/2198/1485 2205/2199/1486 2206/2200/1429
f 2207/2201/1487 2208/2202/1488 2209/2203/1489
f 2210/2204/1490 2211/2205/1491 2212/2206/1492
f 2213/2207/1493 2214/2208/1494 2215/2209/1495
f 2093/2087/1385 2216/2210/1496 2177/2171/1460
f 2101/2095/1391 2100/2094/1390 2217/2211/1497
f 2218/2212/1411 2219/2213/1498 2220/2214/1499
f 2221/2215/1500 2222/2216/1501 2223/2217/1376
f 2056/2050/1353 2059/2053/1355 2182/2176/1465
f 2058/2052/1354 2059/2053/1355 2056/2050/1353
f 1967/1961/1279 1970/1964/1280 2224/2218/1502
f 1969/1963/1226 1970/1964/1280 1967/1961/1279
f 2225/2219/1503 2226/2220/1504 2227/2221/1505
f 2008/2002/1311 2064/2058/1359 2063/2057/1358
f 2217/2211/1497 2228/2222/1506 2101/2095/1391
f 2229/2223/1507 2230/2224/1508 2231/2225/1509
f 2232/2226/1510 2233/2227/1511 2234/2228/1502
f 2235/2229/1512 2236/2230/1513 2096/2090/1387
f 2237/2231/1400 2238/2232/1514 2239/2233/1515
f 2239/2233/1515 2240/2234/1284 2237/2231/1400
f 2206/2200/1429 2241/2235/1428 2204/2198/1485
f 2088/2082/1380 2242/2236/1516 2086/2080/1378
f 2243/2237/1424 2108/2102/1397 2107/2101/1396
f 2244/2238/1517 2161/2155/1445 2160/2154/1444
f 2245/2239/1518 2246/2240/1495 2247/2241/1494
f 2248/2242/1464 2249/2243/1519 2250/2244/1520
f 2186/2180/1466 2251/2245/1521 2184/2178/1467
f 2168/2162/1451 2252/2246/1522 2166/2160/1449
f 2253/2247/1523 2165/2159/1448 2164/2158/1447
f 2227/2221/1505 2254/2248/1523 2225/2219/1503
f 2224/2218/1502 2255/2249/1524 1967/1961/1279
f 2256/2250/1525 2234/2228/1502 2233/2227/1511
f 2117/2111/1406 2257/2251/1526 2115/2109/1404
f 2258/2252/1526 2169/2163/1452 1980/1974/1288
f 2259/2253/1514 2111/2105/1400 2110/2104/1399
f 2260/2254/1527 2261/2255/1436 2262/2256/1435
f 2263/2257/1377 2264/2258/1528 2265/2259/1501
f 2266/2260/1427 2250/2244/1520 2249/2243/1519
f 2073/2067/1367 2122/2116/1369 2084/2078/1376
f 2267/2261/1529 2268/2262/1369 2269/2263/1367
f 2270/2264/1530 2271/2265/1531 2272/2266/1532
f 2273/2267/1399 2274/2268/1398 2275/2269/1533
f 2276/2270/1534 2277/2271/1535 2278/2272/1536
f 2279/2273/1501 2280/2274/1500 2281/2275/1537
f 2282/2276/1522 2283/2277/1451 2284/2278/1538
f 2285/2279/1539 2286/2280/1540 2287/2281/1541
f 2272/2266/1532 2089/2083/1381 2270/2264/1530
f 2089/2083/1381 2203/2197/1484 2090/2084/1382
f 2195/2189/1477 2288/2282/1542 2193/2187/1475
f 2096/2090/1387 2091/2085/1383 2195/2189/1477
f 2093/2087/1385 2172/2166/1455 2094/2088/1386
f 2278/2272/1536 2289/2283/1543 2276/2270/1534
f 2092/2086/1384 2287/2281/1541 2093/2087/1385
f 2287/2281/1541 2290/2284/1544 2285/2279/1539
f 2291/2285/1445 2292/2286/1517 2193/2187/1475
f 2157/2151/1441 2156/2150/1440 2293/2287/1545
f 2145/2139/1430 2200/2194/1419 2080/2074/1373
f 2198/2192/1480 2294/2288/1546 2196/2190/1478
f 2295/2289/1405 2296/2290/1404 2174/2168/1457
f 2271/2265/1531 2270/2264/1530 2297/2291/1403
f 2298/2292/1547 2299/2293/1421 2171/2165/1454
f 2277/2271/1535 2276/2270/1534 2300/2294/1548
f 2301/2295/1447 2302/2296/1549 2177/2171/1460
f 2286/2280/1540 2285/2279/1539 2303/2297/1550
f 2304/2298/1551 2305/2299/1395 2187/2181/1469
f 2194/2188/1476 2193/2187/1475 2292/2286/1517
f 2230/2224/1508 2229/2223/1507 2306/2300/1478
f 2307/2301/1552 2102/2096/1392 2101/2095/1391
f 2211/2205/1491 2210/2204/1490 2308/2302/1518
f 2309/2303/1553 2142/2136/1427 2141/2135/1426
f 2149/2143/1285 1977/1971/1286 2147/2141/1432
f 1924/1918/1241 2310/2304/1554 1976/1970/1285
f 2311/2305/1555 2293/2287/1545 2156/2150/1440
f 2208/2202/1488 2207/2201/1487 2312/2306/1556
f 2175/2169/1458 2174/2168/1457 2296/2290/1404
f 2313/2307/1486 2312/2306/1556 2207/2201/1487
f 2314/2308/1420 2306/2300/1478 2229/2223/1507
f 2199/2193/1481 2171/2165/1454 2299/2293/1421
f 2315/2309/1436 2155/2149/1439 2154/2148/1438
f 2236/2230/1513 2235/2229/1512 2316/2310/1557
f 2317/2311/1558 2316/2310/1557 2235/2229/1512
f 2188/2182/1470 2187/2181/1469 2305/2299/1395
f 2318/2312/1495 2308/2302/1518 2210/2204/1490
f 2178/2172/1461 2177/2171/1460 2302/2296/1549
f 2090/2084/1382 2173/2167/1456 2091/2085/1383
f 2209/2203/1489 2090/2084/1382 2207/2201/1487
f 2096/2090/1387 2319/2313/1559 2235/2229/1512
f 2189/2183/1471 2096/2090/1387 2195/2189/1477
f 2228/2222/1506 2092/2086/1384 2121/2115/1409
f 2231/2225/1509 2121/2115/1409 2229/2223/1507
f 2212/2206/1492 2320/2314/1560 2210/2204/1490
f 2093/2087/1385 2212/2206/1492 2172/2166/1455
f 2321/2315/1561 2120/2114/1408 2119/2113/1378
f 1937/1931/1252 1987/1981/1293 1986/1980/1292
f 2280/2274/1500 2300/2294/1548 2276/2270/1534
f 2220/2214/1499 2221/2215/1500 2218/2212/1411
f 2322/2316/1562 2168/2162/1451 2167/2161/1450
f 2283/2277/1451 2303/2297/1550 2285/2279/1539
f 2274/2268/1398 2297/2291/1403 2270/2264/1530
f 2114/2108/1403 2109/2103/1398 2112/2106/1401
f 2323/2317/1563 2088/2082/1380 2087/2081/1379
f 2293/2287/1545 2324/2318/1564 2157/2151/1441
f 2219/2213/1498 2136/2130/1423 2135/2129/1422
f 2028/2022/45 2077/2071/45 2076/2070/1370
f 2129/2123/1416 2225/2219/1503 2254/2248/1523
f 2006/2000/1309 2063/2057/1358 2062/2056/1357
f 2160/2154/1444 2325/2319/1565 2244/2238/1517
f 2138/2132/1424 2105/2099/1394 2104/2098/1393
f 1981/1975/1246 1982/1976/1289 1980/1974/1288
f 1980/1974/1288 1982/1976/1289 2258/2252/1526
f 1993/1987/1298 1967/1961/1279 2255/2249/1524
f 1968/1962/1227 1967/1961/1279 1993/1987/1298
f 2059/2053/1355 2128/2122/1415 2146/2140/1431
f 2060/2054/1304 2128/2122/1415 2059/2053/1355
f 2071/2065/1365 2073/2067/1367 2085/2079/1377
f 2072/2066/1366 2073/2067/1367 2071/2065/1365
f 2240/2234/1284 2149/2143/1285 2148/2142/1433
f 1922/1916/1239 1976/1970/1285 1975/1969/1284
f 2226/2220/1504 2127/2121/1414 2126/2120/1413
f 2010/2004/1313 2065/2059/1360 2064/2058/1359
f 1970/1964/1280 2097/2091/1281 2162/2156/1434
f 1971/1965/1233 2097/2091/1281 1970/1964/1280
f 1984/1978/1291 2321/2315/1561 2143/2137/1428
f 1985/1979/1253 2321/2315/1561 1984/1978/1291
f 2083/2077/1375 2056/2050/1353 2183/2177/1466
f 2057/2051/1302 2056/2050/1353 2083/2077/1375
f 2066/2060/1361 2069/2063/1363 2181/2175/1464
f 2068/2062/1318 2069/2063/1363 2066/2060/1361
f 2098/2092/1388 2239/2233/1515 2238/2232/1514
f 1918/1912/1235 1974/1968/1283 1973/1967/1282
f 2202/2196/1483 2080/2074/1373 2200/2194/1419
f 2034/2028/1331 2326/2320/1566 2079/2073/1372
f 1987/1981/1293 1988/1982/45 2327/2321/1567
f 2105/2099/1394 2328/2322/1568 2103/2097/1294
f 2329/2323/1443 2327/2321/1567 1988/1982/45
f 2087/2081/1379 2159/2153/1443 2323/2317/1563
f 2254/2248/1523 2130/2124/1417 2129/2123/1416
f 2167/2161/1450 2253/2247/1523 2322/2316/1562
f 2169/2163/1452 2147/2141/1432 1977/1971/1286
f 2330/2324/1432 2117/2111/1406 2116/2110/1405
f 2108/2102/1397 2256/2250/1525 2106/2100/1395
f 2255/2249/1524 2137/2131/1397 1993/1987/1298
f 2223/2217/1376 2218/2212/1411 2221/2215/1500
f 2124/2118/1411 2084/2078/1376 2122/2116/1369
f 2251/2245/1521 2331/2325/1569 2332/2326/1522
f 2146/2140/1431 2182/2176/1465 2059/2053/1355
f 2136/2130/1423 2131/2125/1418 2134/2128/1421
f 2333/2327/1423 2334/2328/1498 2077/2071/45
f 2144/2138/1429 2258/2252/1526 1982/1976/1289
f 2257/2251/1526 2206/2200/1429 2205/2199/1486
f 2111/2105/1400 2112/2106/1401 2109/2103/1398
f 2148/2142/1433 2237/2231/1400 2240/2234/1284
f 2126/2120/1413 2227/2221/1505 2226/2220/1504
f 2165/2159/1448 2213/2207/1493 2163/2157/1446
f 2085/2079/1377 2180/2174/1463 2071/2065/1365
f 2249/2243/1519 2263/2257/1377 2266/2260/1427
f 2162/2156/1434 2224/2218/1502 1970/1964/1280
f 2234/2228/1502 2150/2144/1434 2232/2226/1510
f 2247/2241/1494 2248/2242/1464 2245/2239/1518
f 2181/2175/1464 2125/2119/1412 2066/2060/1361
f 2335/2329/1428 2086/2080/1378 2242/2236/1516
f 2119/2113/1378 2143/2137/1428 2321/2315/1561
f 2238/2232/1514 2099/2093/1389 2098/2092/1388
f 2262/2256/1435 2259/2253/1514 2260/2254/1527
f 2294/2288/1546 2186/2180/1466 2185/2179/1468
f 2183/2177/1466 2145/2139/1430 2083/2077/1375
f 2161/2155/1445 2323/2317/1563 2159/2153/1443
f 2324/2318/1564 2291/2285/1445 2336/2330/1570
f 2201/2195/1482 2337/2331/1571 2338/2332/1572
f 2338/2332/1572 2202/2196/1483 2201/2195/1482
f 2193/2187/1475 2336/2330/1570 2291/2285/1445
f 2336/2330/1570 2193/2187/1475 2288/2282/1542
f 2270/2264/1530 2275/2269/1533 2274/2268/1398
f 2275/2269/1533 2270/2264/1530 2089/2083/1381
f 2281/2275/1537 2276/2270/1534 2289/2283/1543
f 2276/2270/1534 2281/2275/1537 2280/2274/1500
f 2284/2278/1538 2285/2279/1539 2290/2284/1544
f 2285/2279/1539 2284/2278/1538 2283/2277/1451
f 2135/2129/1422 2220/2214/1499 2219/2213/1498
f 2300/2294/1548 2298/2292/1547 2277/2271/1535
f 2332/2326/1522 2184/2178/1467 2251/2245/1521
f 2102/2096/1392 2282/2276/1522 2100/2094/1390
f 2265/2259/1501 2266/2260/1427 2263/2257/1377
f 2142/2136/1427 2279/2273/1501 2140/2134/1425
f 2110/2104/1399 2260/2254/1527 2259/2253/1514
f 2155/2149/1439 2273/2267/1399 2153/2147/1437
f 2308/2302/1518 2309/2303/1553 2211/2205/1491
f 2250/2244/1520 2245/2239/1518 2248/2242/1464
f 2292/2286/1517 2304/2298/1551 2194/2188/1476
f 2107/2101/1396 2339/2333/1573 2243/2237/1424
f 2116/2110/1405 2340/2334/1574 2330/2324/1432
f 2297/2291/1403 2295/2289/1405 2271/2265/1531
f 2306/2300/1478 2307/2301/1552 2230/2224/1508
f 2185/2179/1468 2196/2190/1478 2294/2288/1546
f 2152/2146/1436 2232/2226/1510 2150/2144/1434
f 2316/2310/1557 2315/2309/1436 2236/2230/1513
f 2164/2158/1447 2322/2316/1562 2253/2247/1523
f 2303/2297/1550 2301/2295/1447 2286/2280/1540
f 2242/2236/1516 2341/2335/1556 2335/2329/1428
f 2312/2306/1556 2311/2305/1555 2208/2202/1488
f 2305/2299/1395 2317/2311/1558 2188/2182/1470
f 2233/2227/1511 2106/2100/1395 2256/2250/1525
f 2215/2209/1495 2163/2157/1446 2213/2207/1493
f 2302/2296/1549 2318/2312/1495 2178/2172/1461
f 2299/2293/1421 2314/2308/1420 2199/2193/1481
f 2133/2127/1420 2134/2128/1421 2131/2125/1418
f 2296/2290/1404 2313/2307/1486 2175/2169/1458
f 2205/2199/1486 2115/2109/1404 2257/2251/1526
f 2092/2086/1384 2217/2211/1497 2100/2094/1390
f 2228/2222/1506 2217/2211/1497 2092/2086/1384
f 2172/2166/1455 2289/2283/1543 2094/2088/1386
f 2342/2336/1575 2172/2166/1455 2140/2134/1425
f 2173/2167/1456 2158/2152/1442 2091/2085/1383
f 2091/2085/1383 2158/2152/1442 2157/2151/1441
f 2096/2090/1387 2190/2184/1472 2089/2083/1381
f 2343/2337/1576 2190/2184/1472 2153/2147/1437
f 2284/2278/1538 2100/2094/1390 2282/2276/1522
f 2100/2094/1390 2284/2278/1538 2092/2086/1384
f 2194/2188/1476 2187/2181/1469 2192/2186/1474
f 2187/2181/1469 2194/2188/1476 2304/2298/1551
f 2281/2275/1537 2140/2134/1425 2279/2273/1501
f 2140/2134/1425 2281/2275/1537 2342/2336/1575
f 2174/2168/1457 2271/2265/1531 2295/2289/1405
f 2271/2265/1531 2174/2168/1457 2203/2197/1484
f 2171/2165/1454 2277/2271/1535 2298/2292/1547
f 2277/2271/1535 2171/2165/1454 2094/2088/1386
f 2336/2330/1570 2157/2151/1441 2324/2318/1564
f 2157/2151/1441 2336/2330/1570 2091/2085/1383
f 2275/2269/1533 2153/2147/1437 2273/2267/1399
f 2153/2147/1437 2275/2269/1533 2343/2337/1576
f 2177/2171/1460 2286/2280/1540 2301/2295/1447
f 2286/2280/1540 2177/2171/1460 2216/2210/1496
f 2175/2169/1458 2207/2201/1487 2090/2084/1382
f 2207/2201/1487 2175/2169/1458 2313/2307/1486
f 2211/2205/1491 2141/2135/1426 2179/2173/1462
f 2141/2135/1426 2211/2205/1491 2309/2303/1553
f 2188/2182/1470 2235/2229/1512 2319/2313/1559
f 2235/2229/1512 2188/2182/1470 2317/2311/1558
f 2230/2224/1508 2101/2095/1391 2228/2222/1506
f 2101/2095/1391 2230/2224/1508 2307/2301/1552
f 2156/2150/1440 2208/2202/1488 2311/2305/1555
f 2208/2202/1488 2156/2150/1440 2173/2167/1456
f 2199/2193/1481 2229/2223/1507 2121/2115/1409
f 2229/2223/1507 2199/2193/1481 2314/2308/1420
f 2210/2204/1490 2178/2172/1461 2318/2312/1495
f 2178/2172/1461 2210/2204/1490 2320/2314/1560
f 2154/2148/1438 2236/2230/1513 2315/2309/1436
f 2236/2230/1513 2154/2148/1438 2191/2185/1473
f 2089/2083/1381 2343/2337/1576 2275/2269/1533
f 2190/2184/1472 2343/2337/1576 2089/2083/1381
f 2231/2225/1509 2228/2222/1506 2121/2115/1409
f 2228/2222/1506 2231/2225/1509 2230/2224/1508
f 2179/2173/1462 2212/2206/1492 2211/2205/1491
f 2212/2206/1492 2179/2173/1462 2172/2166/1455
f 2091/2085/1383 2288/2282/1542 2195/2189/1477
f 2288/2282/1542 2091/2085/1383 2336/2330/1570
f 2173/2167/1456 2209/2203/1489 2208/2202/1488
f 2090/2084/1382 2209/2203/1489 2173/2167/1456
f 2289/2283/1543 2342/2336/1575 2281/2275/1537
f 2172/2166/1455 2342/2336/1575 2289/2283/1543
f 2290/2284/1544 2092/2086/1384 2284/2278/1538
f 2092/2086/1384 2290/2284/1544 2287/2281/1541
f 2191/2185/1473 2096/2090/1387 2236/2230/1513
f 2096/2090/1387 2191/2185/1473 2190/2184/1472
f 2094/2088/1386 2170/2164/1453 2121/2115/1409
f 2121/2115/1409 2170/2164/1453 2199/2193/1481
f 2089/2083/1381 2272/2266/1532 2203/2197/1484
f 2203/2197/1484 2272/2266/1532 2271/2265/1531
f 2192/2186/1474 2189/2183/1471 2195/2189/1477
f 2192/2186/1474 2195/2189/1477 2194/2188/1476
f 2093/2087/1385 2320/2314/1560 2212/2206/1492
f 2320/2314/1560 2093/2087/1385 2178/2172/1461
f 2090/2084/1382 2176/2170/1459 2175/2169/1458
f 2203/2197/1484 2176/2170/1459 2090/2084/1382
f 2289/2283/1543 2278/2272/1536 2094/2088/1386
f 2094/2088/1386 2278/2272/1536 2277/2271/1535
f 2189/2183/1471 2319/2313/1559 2096/2090/1387
f 2319/2313/1559 2189/2183/1471 2188/2182/1470
f 2216/2210/1496 2287/2281/1541 2286/2280/1540
f 2287/2281/1541 2216/2210/1496 2093/2087/1385
f 2344/2338/1577 2124/2118/1411 2123/2117/1410
f 2076/2070/1370 2077/2071/45 2334/2328/1498
f 2104/2098/1393 2139/2133/1296 2138/2132/1424
f 1946/1940/1255 2345/2339/1578 1990/1984/1295
f 2077/2071/45 2078/2072/1371 2333/2327/1423
f 2030/2024/45 2078/2072/1371 2077/2071/45
f 1988/1982/45 1989/1983/1294 2329/2323/1443
f 1942/1936/45 1989/1983/1294 1988/1982/45
f 2346/1902/1579 2347/1901/1580 2348/1903/1581
f 2349/1904/1582 2348/1903/1581 2347/1901/1580
f 2350/1905/1583 2346/1902/1579 2351/1906/1584
f 2348/1903/1581 2351/1906/1584 2346/1902/1579
f 2352/1908/1585 2353/1907/1586 2354/1909/1587
f 2355/1910/1588 2354/1909/1587 2353/1907/1586
f 2356/1911/1589 2352/1908/1585 2357/1912/1590
f 2354/1909/1587 2357/1912/1590 2352/1908/1585
f 2358/1913/1591 2356/1911/1589 2359/1914/1592
f 2357/1912/1590 2359/1914/1592 2356/1911/1589
f 2360/1915/1593 2358/1913/1591 2361/1916/1594
f 2359/1914/1592 2361/1916/1594 2358/1913/1591
f 2362/1917/1595 2360/1915/1593 2363/1918/1596
f 2361/1916/1594 2363/1918/1596 2360/1915/1593
f 2364/1920/1597 2365/1919/1598 2366/1921/1599
f 2367/1922/1596 2366/1921/1599 2365/1919/1598
f 2368/1923/1600 2364/1920/1597 2369/1924/1601
f 2366/1921/1599 2369/1924/1601 2364/1920/1597
f 2370/1925/1602 2368/1923/1600 2371/1926/1603
f 2369/1924/1601 2371/1926/1603 2368/1923/1600
f 2372/1927/1604 2370/1925/1602 2373/1928/1605
f 2371/1926/1603 2373/1928/1605 2370/1925/1602
f 2374/1930/1251 2375/1929/1604 2376/1931/1606
f 2377/1932/1605 2376/1931/1606 2375/1929/1604
f 2378/1933/45 2374/1930/1251 2379/1934/45
f 2376/1931/1606 2379/1934/45 2374/1930/1251
s 0
f 2380/1935/45 2378/1933/45 2381/1936/45
f 2379/1934/45 2381/1936/45 2378/1933/45
f 2382/1937/45 2380/1935/45 2383/1938/45
f 2381/1936/45 2383/1938/45 2380/1935/45
s 1
f 2384/1939/1607 2382/1937/45 2385/1940/1608
f 2383/1938/45 2385/1940/1608 2382/1937/45
f 2386/1941/1609 2384/1939/1607 2387/1942/1610
f 2385/1940/1608 2387/1942/1610 2384/1939/1607
f 2347/1901/1580 2388/1943/1611 2349/1904/1582
f 2389/1944/1612 2349/1904/1582 2388/1943/1611
f 2382/1937/45 2384/1939/1607 2380/1935/45
f 2378/1933/45 2380/1935/1613 2374/1930/1251
f 2390/1946/1614 2391/1945/1615 2392/1947/1616
f 2391/1945/1615 2393/1948/1617 2392/1947/1616
f 2394/1949/1618 2392/1947/1616 2395/1950/1619
f 2396/1951/1620 2395/1950/1619 2397/1952/1621
f 2395/1950/1619 2392/1947/1616 2397/1952/1621
f 2398/1953/1622 2397/1952/1623 2399/1954/1624
s 0
f 2400/1955/1625 2399/1954/1626 2401/1956/1627
f 2399/1954/1628 2397/1952/1628 2401/1956/1629
s 1
f 2397/1952/1621 2392/1947/1616 2401/1956/1627
f 2392/1947/1616 2393/1948/1617 2401/1956/1627
f 2402/1957/1630 2401/1956/1627 2403/1958/1631
f 2401/1956/1627 2393/1948/1617 2403/1958/1631
f 2393/1948/1617 2404/1959/1632 2403/1958/1631
s 0
f 2404/1959/1630 2405/1960/1630 2403/1958/1630
s 1
f 2406/1962/1582 2407/1961/1633 2408/1963/1581
f 2408/1963/1581 2409/1964/1634 2410/1965/1588
f 2355/1910/1588 2411/1966/1635 2354/1909/1587
f 2354/1909/1587 2412/1967/1636 2357/1912/1590
f 2357/1912/1590 2413/1968/1637 2359/1914/1592
f 2359/1914/1592 2414/1969/1638 2361/1916/1594
f 2361/1916/1594 2415/1970/1639 2363/1918/1596
f 2416/1972/1640 2417/1971/1641 2418/1973/1642
f 2418/1973/1642 2419/1974/1643 2420/1975/1644
f 2420/1975/1644 2421/1976/1645 2422/1977/1646
f 2422/1977/1646 2423/1978/1647 2424/1979/1605
f 2377/1932/1605 2425/1980/1648 2376/1931/1606
f 2376/1931/1606 2426/1981/1649 2379/1934/45
s 0
f 2379/1934/45 2427/1982/45 2381/1936/45
s 1
f 2381/1936/45 2428/1983/1650 2383/1938/45
f 2383/1938/45 2429/1984/1651 2385/1940/1608
f 2430/1986/1652 2431/1985/1653 2389/1944/1610
f 2432/1988/1610 2433/1987/1654 2406/1962/1582
f 2434/1990/1655 2435/1989/1656 2436/1991/1657
f 2437/1992/1658 2436/1991/1657 2435/1989/1656
f 2438/1993/1659 2434/1990/1655 2439/1994/1660
f 2436/1991/1657 2439/1994/1660 2434/1990/1655
f 2440/1996/1661 2441/1995/1662 2442/1997/1663
f 2443/1998/1660 2442/1997/1663 2441/1995/1662
f 2444/1999/1664 2440/1996/1661 2445/2000/1665
f 2442/1997/1663 2445/2000/1665 2440/1996/1661
f 2446/2001/1666 2444/1999/1664 2447/2002/1667
f 2445/2000/1665 2447/2002/1667 2444/1999/1664
f 2448/2003/1668 2446/2001/1666 2449/2004/1669
f 2447/2002/1667 2449/2004/1669 2446/2001/1666
f 2450/2005/1670 2448/2003/1668 2451/2006/1671
f 2449/2004/1669 2451/2006/1671 2448/2003/1668
f 2452/2008/1672 2453/2007/1673 2454/2009/1674
f 2455/2010/1675 2454/2009/1674 2453/2007/1673
f 2456/2011/1676 2452/2008/1672 2457/2012/1677
f 2454/2009/1674 2457/2012/1677 2452/2008/1672
f 2458/2013/1321 2456/2011/1676 2459/2014/1678
f 2457/2012/1677 2459/2014/1678 2456/2011/1676
f 2460/2016/1324 2461/2015/1679 2462/2017/1680
f 2463/2018/1681 2462/2017/1680 2461/2015/1679
f 2464/2019/45 2460/2016/1324 2465/2020/1682
f 2462/2017/1680 2465/2020/1682 2460/2016/1324
s 0
f 2466/2021/45 2464/2019/45 2467/2022/45
s 1
f 2465/2020/1682 2467/2022/45 2464/2019/45
s 0
f 2468/2023/45 2466/2021/45 2469/2024/45
f 2467/2022/45 2469/2024/45 2466/2021/45
s 1
f 2470/2025/1683 2468/2023/45 2471/2026/1684
f 2469/2024/45 2471/2026/1684 2468/2023/45
f 2472/2027/1685 2470/2025/1683 2473/2028/1686
f 2471/2026/1684 2473/2028/1686 2470/2025/1683
f 2474/2030/1687 2475/2029/1685 2476/2031/1688
f 2477/2032/1686 2476/2031/1688 2475/2029/1685
f 2435/1989/1656 2474/2030/1687 2437/1992/1658
f 2476/2031/1688 2437/1992/1658 2474/2030/1687
f 2478/2034/1689 2479/2033/1690 2480/2035/1691
s 0
f 2466/2021/45 2468/2023/45 2464/2019/45
f 2481/2037/1692 2482/2036/1693 2483/2038/1692
f 2482/2036/1693 2480/2035/1693 2483/2038/1694
f 2484/2039/1695 2483/2038/1695 2485/2040/1695
f 2486/2041/1696 2485/2040/1696 2487/2042/1696
s 1
f 2485/2040/1697 2483/2038/1698 2487/2042/1699
s 0
f 2488/2043/1700 2487/2042/1700 2489/2044/1700
s 1
f 2490/2045/1701 2489/2044/1702 2491/2046/1703
f 2489/2044/1702 2487/2042/1699 2491/2046/1703
f 2487/2042/1699 2483/2038/1698 2491/2046/1703
f 2483/2038/1698 2480/2035/1691 2491/2046/1703
f 2492/2047/1704 2491/2046/1703 2493/2048/1705
f 2491/2046/1703 2480/2035/1691 2493/2048/1705
f 2480/2035/1691 2479/2033/1690 2493/2048/1705
f 2479/2033/1690 2494/2049/1706 2493/2048/1705
f 2495/2051/1658 2496/2050/1707 2497/2052/1708
f 2497/2052/1708 2498/2053/1709 2499/2054/1710
f 2443/1998/1660 2500/2055/1711 2442/1997/1663
f 2442/1997/1663 2501/2056/1712 2445/2000/1665
f 2445/2000/1665 2502/2057/1713 2447/2002/1667
f 2447/2002/1667 2503/2058/1714 2449/2004/1669
f 2449/2004/1669 2504/2059/1715 2451/2006/1671
f 2505/2061/1716 2506/2060/1717 2507/2062/1674
f 2507/2062/1674 2508/2063/1718 2509/2064/1719
f 2509/2064/1719 2510/2065/1720 2511/2066/1721
f 2511/2066/1721 2512/2067/1722 2513/2068/1723
f 2462/2017/1680 2514/2069/1724 2465/2020/1682
f 2465/2020/1682 2515/2070/1725 2467/2022/45
s 0
f 2467/2022/45 2516/2071/45 2469/2024/45
s 1
f 2469/2024/45 2517/2072/1726 2471/2026/1684
f 2471/2026/1684 2518/2073/1727 2473/2028/1686
f 2519/2075/1686 2520/2074/1728 2521/2076/1729
f 2521/2076/1729 2522/2077/1730 2495/2051/1658
f 2429/1984/1651 2383/1938/45 2428/1983/1650
f 2427/1982/45 2379/1934/45 2426/1981/1649
f 2510/2065/1720 2509/2064/1719 2508/2063/1718
f 2515/2070/1725 2465/2020/1682 2514/2069/1724
f 2522/2077/1730 2521/2076/1729 2520/2074/1728
f 2523/2079/1731 2524/2078/1732 2512/2067/1722
f 2525/2081/1733 2526/2080/1734 2527/2082/1735
f 2412/1967/1636 2354/1909/1587 2411/1966/1635
f 2419/1974/1643 2418/1973/1642 2417/1971/1641
f 2528/2084/1736 2529/2083/1737 2530/2085/1738
f 2531/2087/1739 2532/2086/1740 2533/2088/1741
f 2534/2089/1742 2451/2006/1671 2504/2059/1715
f 2529/2083/1737 2535/2090/1743 2530/2085/1738
f 2536/2092/1744 2537/2091/1745 2538/2093/1746
f 2539/2095/1747 2540/2094/1748 2541/2096/1749
f 2501/2056/1712 2442/1997/1663 2500/2055/1711
f 2542/2098/1750 2543/2097/1650 2544/2099/1751
f 2545/2101/1752 2546/2100/1753 2547/2102/1754
f 2548/2104/1755 2549/2103/1756 2550/2105/1757
f 2551/2107/1758 2552/2106/1759 2553/2108/1760
f 2554/2110/1761 2555/2109/1762 2556/2111/1763
f 2557/2113/1734 2558/2112/1764 2559/2114/1765
f 2533/2088/1741 2532/2086/1740 2560/2115/1766
f 2561/2117/1767 2562/2116/1768 2563/2118/1769
f 2564/2120/1770 2565/2119/1771 2566/2121/1715
f 2567/2123/1772 2568/2122/1773 2569/2124/1774
f 2570/2126/1775 2571/2125/1776 2572/2127/1777
f 2573/2129/1778 2574/2128/1779 2575/2130/1780
f 2576/2132/1781 2577/2131/1782 2578/2133/1653
f 2433/1987/1654 2432/1988/1610 2578/2133/1653
f 2506/2060/1717 2566/2121/1715 2565/2119/1771
f 2579/2135/1783 2580/2134/1784 2581/2136/1785
f 2582/2138/1786 2583/2137/1787 2423/1978/1647
f 2423/1978/1647 2422/1977/1646 2421/1976/1645
f 2522/2077/1730 2520/2074/1728 2584/2139/1788
f 2585/2140/1789 2569/2124/1774 2568/2122/1773
f 2414/1969/1638 2359/1914/1592 2413/1968/1637
f 2586/2142/1790 2587/2141/1791 2588/2143/1639
f 2589/2145/1792 2590/2144/1793 2591/2146/1794
f 2592/2148/1795 2593/2147/1796 2594/2149/1797
f 2595/2151/1798 2596/2150/1799 2597/2152/1800
f 2598/2154/1801 2599/2153/1802 2600/2155/1803
f 2433/1987/1654 2578/2133/1653 2577/2131/1782
f 2601/2156/1804 2538/2093/1746 2537/2091/1745
f 2602/2158/1805 2603/2157/1806 2604/2159/1807
f 2605/2161/1774 2606/2160/1808 2607/2162/1809
f 2419/1974/1643 2417/1971/1641 2608/2163/1763
f 2423/1978/1647 2421/1976/1645 2582/2138/1786
f 2533/2088/1741 2609/2164/1810 2610/2165/1811
f 2580/2134/1784 2579/2135/1783 2611/2166/1812
f 2612/2167/1813 2597/2152/1800 2596/2150/1799
f 2613/2169/1814 2614/2168/1815 2615/2170/1816
f 2616/2172/1817 2617/2171/1818 2531/2087/1739
f 2618/2173/1819 2611/2166/1812 2579/2135/1783
f 2619/2175/1820 2620/2174/1821 2508/2063/1718
f 2510/2065/1720 2508/2063/1718 2620/2174/1821
f 2621/2177/1822 2622/2176/1823 2496/2050/1707
f 2623/2179/1824 2624/2178/1749 2625/2180/1822
f 2626/2182/1825 2627/2181/1826 2628/2183/1827
f 2629/2185/1828 2630/2184/1829 2592/2148/1795
f 2631/2186/1830 2628/2183/1827 2627/2181/1826
f 2632/2188/1831 2633/2187/1832 2634/2189/1833
f 2635/2191/1777 2636/2190/1834 2637/2192/1835
f 2638/2193/1836 2610/2165/1811 2609/2164/1810
f 2639/2195/1837 2640/2194/1838 2641/2196/1727
f 2518/2073/1727 2471/2026/1684 2517/2072/1726
f 2593/2147/1796 2592/2148/1795 2630/2184/1829
f 2642/2197/1839 2615/2170/1816 2614/2168/1815
f 2643/2199/1840 2644/2198/1841 2645/2200/1842
f 2646/2202/1843 2647/2201/1844 2648/2203/1845
f 2649/2205/1846 2650/2204/1847 2651/2206/1848
f 2652/2208/1849 2653/2207/1770 2654/2209/1850
f 2655/2210/1851 2531/2087/1739 2617/2171/1818
f 2540/2094/1748 2539/2095/1747 2656/2211/1852
f 2657/2213/1853 2658/2212/1854 2659/2214/1855
f 2660/2216/1856 2661/2215/1857 2662/2217/1858
f 2498/2053/1709 2496/2050/1707 2622/2176/1823
f 2498/2053/1709 2497/2052/1708 2496/2050/1707
f 2409/1964/1634 2407/1961/1633 2663/2218/1859
f 2409/1964/1634 2408/1963/1581 2407/1961/1633
f 2664/2220/1860 2665/2219/1861 2666/2221/1807
f 2503/2058/1714 2447/2002/1667 2502/2057/1713
f 2667/2222/1862 2656/2211/1852 2539/2095/1747
f 2668/2224/1863 2669/2223/1864 2670/2225/1865
f 2671/2227/1866 2672/2226/1867 2673/2228/1859
f 2674/2230/1868 2675/2229/1869 2535/2090/1743
f 2676/2232/1870 2677/2231/1757 2678/2233/1871
f 2679/2234/1638 2678/2233/1871 2677/2231/1757
f 2680/2235/1872 2645/2200/1842 2644/2198/1841
f 2681/2236/1873 2527/2082/1735 2526/2080/1734
f 2547/2102/1754 2682/2237/1781 2545/2101/1752
f 2600/2155/1803 2683/2238/1874 2598/2154/1801
f 2684/2240/1850 2685/2239/1875 2686/2241/1771
f 2687/2243/1876 2688/2242/1877 2689/2244/1878
f 2690/2245/1879 2625/2180/1822 2624/2178/1749
f 2691/2246/1880 2607/2162/1809 2606/2160/1808
f 2604/2159/1807 2692/2247/1881 2602/2158/1805
f 2693/2248/1882 2666/2221/1807 2665/2219/1861
f 2694/2249/1883 2663/2218/1859 2407/1961/1633
f 2673/2228/1859 2695/2250/1884 2671/2227/1866
f 2696/2251/1885 2556/2111/1763 2555/2109/1762
f 2608/2163/1763 2697/2252/1886 2419/1974/1643
f 2550/2105/1757 2698/2253/1870 2548/2104/1755
f 2699/2255/1794 2700/2254/1887 2701/2256/1792
f 2702/2258/1888 2703/2257/1731 2704/2259/1856
f 2689/2244/1878 2705/2260/1785 2687/2243/1876
f 2562/2116/1768 2512/2067/1722 2524/2078/1732
f 2706/2262/1768 2707/2261/1889 2708/2263/1722
f 2709/2265/1890 2710/2264/1891 2711/2266/1892
f 2712/2268/1756 2713/2267/1755 2714/2269/1893
f 2715/2271/1894 2716/2270/1895 2717/2272/1896
f 2718/2274/1897 2719/2273/1856 2720/2275/1898
f 2721/2277/1899 2722/2276/1900 2723/2278/1901
f 2724/2280/1902 2725/2279/1903 2726/2281/1904
f 2529/2083/1737 2711/2266/1892 2710/2264/1891
f 2642/2197/1839 2529/2083/1737 2528/2084/1736
f 2727/2282/1905 2634/2189/1833 2633/2187/1832
f 2530/2085/1738 2535/2090/1743 2634/2189/1833
f 2611/2166/1812 2531/2087/1739 2533/2088/1741
f 2728/2283/1906 2717/2272/1896 2716/2270/1895
f 2726/2281/1904 2532/2086/1740 2531/2087/1739
f 2729/2284/1907 2726/2281/1904 2725/2279/1903
f 2730/2286/1874 2731/2285/1803 2633/2187/1832
f 2596/2150/1799 2595/2151/1798 2732/2287/1908
f 2640/2194/1838 2584/2139/1788 2520/2074/1728
f 2733/2288/1909 2637/2192/1835 2636/2190/1834
f 2734/2290/1910 2735/2289/1761 2614/2168/1815
f 2710/2264/1891 2709/2265/1890 2736/2291/1760
f 2737/2293/1779 2738/2292/1911 2610/2165/1811
f 2716/2270/1895 2715/2271/1894 2739/2294/1912
f 2740/2296/1913 2741/2295/1914 2617/2171/1818
f 2725/2279/1903 2724/2280/1902 2742/2297/1915
f 2743/2299/1753 2744/2298/1916 2627/2181/1826
f 2633/2187/1832 2632/2188/1831 2730/2286/1874
f 2669/2223/1864 2668/2224/1863 2745/2300/1834
f 2541/2096/1749 2746/2301/1917 2539/2095/1747
f 2650/2204/1847 2649/2205/1846 2747/2302/1875
f 2581/2136/1785 2748/2303/1918 2579/2135/1783
f 2417/1971/1641 2588/2143/1639 2587/2141/1791
f 2749/2304/1919 2363/1918/1596 2415/1970/1639
f 2732/2287/1908 2750/2305/1873 2596/2150/1799
f 2647/2201/1844 2646/2202/1843 2751/2306/1920
f 2614/2168/1815 2613/2169/1814 2734/2290/1910
f 2751/2306/1920 2752/2307/1840 2647/2201/1844
f 2745/2300/1834 2753/2308/1777 2669/2223/1864
f 2610/2165/1811 2638/2193/1836 2737/2293/1779
f 2594/2149/1797 2754/2309/1794 2592/2148/1795
f 2675/2229/1869 2674/2230/1868 2755/2310/1921
f 2755/2310/1921 2756/2311/1922 2675/2229/1869
f 2627/2181/1826 2626/2182/1825 2743/2299/1753
f 2747/2302/1875 2757/2312/1850 2650/2204/1847
f 2617/2171/1818 2616/2172/1817 2740/2296/1913
f 2612/2167/1813 2528/2084/1736 2530/2085/1738
f 2528/2084/1736 2648/2203/1845 2647/2201/1844
f 2758/2313/1923 2535/2090/1743 2675/2229/1869
f 2535/2090/1743 2628/2183/1827 2634/2189/1833
f 2532/2086/1740 2667/2222/1862 2560/2115/1766
f 2560/2115/1766 2670/2225/1865 2669/2223/1864
f 2759/2314/1924 2651/2206/1848 2650/2204/1847
f 2651/2206/1848 2531/2087/1739 2611/2166/1812
f 2559/2114/1765 2760/2315/1925 2557/2113/1734
f 2426/1981/1649 2376/1931/1606 2425/1980/1648
f 2739/2294/1912 2718/2274/1897 2716/2270/1895
f 2661/2215/1857 2659/2214/1855 2658/2212/1854
f 2607/2162/1809 2761/2316/1926 2605/2161/1774
f 2742/2297/1915 2721/2277/1899 2725/2279/1903
f 2736/2291/1760 2712/2268/1756 2710/2264/1891
f 2549/2103/1756 2553/2108/1760 2552/2106/1759
f 2527/2082/1735 2762/2317/1927 2525/2081/1733
f 2763/2318/1928 2732/2287/1908 2595/2151/1798
f 2575/2130/1780 2657/2213/1853 2573/2129/1778
f 2516/2071/45 2467/2022/45 2515/2070/1725
f 2665/2219/1861 2567/2123/1772 2693/2248/1882
f 2502/2057/1713 2445/2000/1665 2501/2056/1712
f 2764/2319/1781 2598/2154/1801 2683/2238/1874
f 2544/2099/1751 2576/2132/1781 2542/2098/1750
f 2421/1976/1645 2420/1975/1644 2419/1974/1643
f 2421/1976/1645 2419/1974/1643 2697/2252/1886
f 2407/1961/1633 2433/1987/1654 2694/2249/1883
f 2407/1961/1633 2406/1962/1582 2433/1987/1654
f 2568/2122/1773 2498/2053/1709 2585/2140/1789
f 2568/2122/1773 2499/2054/1710 2498/2053/1709
f 2512/2067/1722 2510/2065/1720 2523/2079/1731
f 2512/2067/1722 2511/2066/1721 2510/2065/1720
f 2588/2143/1639 2679/2234/1638 2586/2142/1790
f 2415/1970/1639 2361/1916/1594 2414/1969/1638
f 2566/2121/1715 2664/2220/1860 2564/2120/1770
f 2504/2059/1715 2449/2004/1669 2503/2058/1714
f 2537/2091/1745 2409/1964/1634 2601/2156/1804
f 2537/2091/1745 2410/1965/1588 2409/1964/1634
f 2760/2315/1925 2423/1978/1647 2583/2137/1787
f 2760/2315/1925 2424/1979/1605 2423/1978/1647
f 2496/2050/1707 2522/2077/1730 2621/2177/1822
f 2496/2050/1707 2495/2051/1658 2522/2077/1730
f 2508/2063/1718 2506/2060/1717 2619/2175/1820
f 2508/2063/1718 2507/2062/1674 2506/2060/1717
f 2678/2233/1871 2536/2092/1744 2676/2232/1870
f 2413/1968/1637 2357/1912/1590 2412/1967/1636
f 2520/2074/1728 2641/2196/1727 2640/2194/1838
f 2765/2320/1929 2473/2028/1686 2518/2073/1727
f 2427/1982/45 2426/1981/1649 2766/2321/1930
f 2767/2322/1931 2544/2099/1751 2543/2097/1650
f 2766/2321/1930 2768/2323/1932 2427/1982/45
f 2599/2153/1802 2525/2081/1733 2762/2317/1927
f 2569/2124/1774 2693/2248/1882 2567/2123/1772
f 2692/2247/1881 2605/2161/1774 2761/2316/1926
f 2587/2141/1791 2608/2163/1763 2417/1971/1641
f 2556/2111/1763 2769/2324/1758 2554/2110/1761
f 2695/2250/1884 2547/2102/1754 2546/2100/1753
f 2577/2131/1782 2694/2249/1883 2433/1987/1654
f 2658/2212/1854 2662/2217/1858 2661/2215/1857
f 2524/2078/1732 2563/2118/1769 2562/2116/1768
f 2770/2325/1808 2690/2245/1879 2771/2326/1900
f 2622/2176/1823 2585/2140/1789 2498/2053/1709
f 2571/2125/1776 2575/2130/1780 2574/2128/1779
f 2772/2328/1933 2773/2327/1780 2516/2071/45
f 2697/2252/1886 2582/2138/1786 2421/1976/1645
f 2645/2200/1842 2696/2251/1885 2643/2199/1840
f 2552/2106/1759 2550/2105/1757 2549/2103/1756
f 2677/2231/1757 2586/2142/1790 2679/2234/1638
f 2666/2221/1807 2564/2120/1770 2664/2220/1860
f 2653/2207/1770 2604/2159/1807 2603/2157/1806
f 2620/2174/1821 2523/2079/1731 2510/2065/1720
f 2703/2257/1731 2687/2243/1876 2705/2260/1785
f 2663/2218/1859 2601/2156/1804 2409/1964/1634
f 2590/2144/1793 2673/2228/1859 2672/2226/1867
f 2688/2242/1877 2686/2241/1771 2685/2239/1875
f 2565/2119/1771 2619/2175/1820 2506/2060/1717
f 2526/2080/1734 2774/2329/1787 2681/2236/1873
f 2583/2137/1787 2557/2113/1734 2760/2315/1925
f 2538/2093/1746 2676/2232/1870 2536/2092/1744
f 2698/2253/1870 2701/2256/1792 2700/2254/1887
f 2625/2180/1822 2733/2288/1909 2623/2179/1824
f 2584/2139/1788 2621/2177/1822 2522/2077/1730
f 2762/2317/1927 2600/2155/1803 2599/2153/1802
f 2731/2285/1803 2763/2318/1928 2775/2330/1934
f 2776/2331/1935 2639/2195/1837 2777/2332/1936
f 2641/2196/1727 2777/2332/1936 2639/2195/1837
f 2775/2330/1934 2633/2187/1832 2731/2285/1803
f 2633/2187/1832 2775/2330/1934 2727/2282/1905
f 2714/2269/1893 2710/2264/1891 2712/2268/1756
f 2710/2264/1891 2714/2269/1893 2529/2083/1737
f 2716/2270/1895 2720/2275/1898 2728/2283/1906
f 2720/2275/1898 2716/2270/1895 2718/2274/1897
f 2725/2279/1903 2723/2278/1901 2729/2284/1907
f 2723/2278/1901 2725/2279/1903 2721/2277/1899
f 2659/2214/1855 2573/2129/1778 2657/2213/1853
f 2738/2292/1911 2739/2294/1912 2715/2271/1894
f 2624/2178/1749 2771/2326/1900 2690/2245/1879
f 2722/2276/1900 2541/2096/1749 2540/2094/1748
f 2705/2260/1785 2704/2259/1856 2703/2257/1731
f 2719/2273/1856 2581/2136/1785 2580/2134/1784
f 2700/2254/1887 2548/2104/1755 2698/2253/1870
f 2713/2267/1755 2594/2149/1797 2593/2147/1796
f 2748/2303/1918 2747/2302/1875 2649/2205/1846
f 2685/2239/1875 2689/2244/1878 2688/2242/1877
f 2744/2298/1916 2730/2286/1874 2632/2188/1831
f 2778/2333/1874 2545/2101/1752 2682/2237/1781
f 2779/2334/1937 2554/2110/1761 2769/2324/1758
f 2735/2289/1761 2736/2291/1760 2709/2265/1890
f 2746/2301/1917 2745/2300/1834 2668/2224/1863
f 2636/2190/1834 2623/2179/1824 2733/2288/1909
f 2672/2226/1867 2591/2146/1794 2590/2144/1793
f 2754/2309/1794 2755/2310/1921 2674/2230/1868
f 2761/2316/1926 2602/2158/1805 2692/2247/1881
f 2741/2295/1914 2742/2297/1915 2724/2280/1902
f 2780/2335/1938 2681/2236/1873 2774/2329/1787
f 2750/2305/1873 2751/2306/1920 2646/2202/1843
f 2756/2311/1922 2743/2299/1753 2626/2182/1825
f 2546/2100/1753 2671/2227/1866 2695/2250/1884
f 2603/2157/1806 2654/2209/1850 2653/2207/1770
f 2757/2312/1850 2740/2296/1913 2616/2172/1817
f 2753/2308/1777 2737/2293/1779 2638/2193/1836
f 2574/2128/1779 2572/2127/1777 2571/2125/1776
f 2752/2307/1840 2734/2290/1910 2613/2169/1814
f 2555/2109/1762 2643/2199/1840 2696/2251/1885
f 2656/2211/1852 2532/2086/1740 2540/2094/1748
f 2656/2211/1852 2667/2222/1862 2532/2086/1740
f 2728/2283/1906 2611/2166/1812 2533/2088/1741
f 2611/2166/1812 2781/2336/1939 2580/2134/1784
f 2597/2152/1800 2612/2167/1813 2530/2085/1738
f 2597/2152/1800 2530/2085/1738 2595/2151/1798
f 2630/2184/1829 2535/2090/1743 2529/2083/1737
f 2630/2184/1829 2782/2337/1940 2593/2147/1796
f 2540/2094/1748 2723/2278/1901 2722/2276/1900
f 2723/2278/1901 2540/2094/1748 2532/2086/1740
f 2627/2181/1826 2632/2188/1831 2631/2186/1830
f 2632/2188/1831 2627/2181/1826 2744/2298/1916
f 2580/2134/1784 2720/2275/1898 2719/2273/1856
f 2720/2275/1898 2580/2134/1784 2781/2336/1939
f 2709/2265/1890 2614/2168/1815 2735/2289/1761
f 2614/2168/1815 2709/2265/1890 2642/2197/1839
f 2715/2271/1894 2610/2165/1811 2738/2292/1911
f 2610/2165/1811 2715/2271/1894 2533/2088/1741
f 2595/2151/1798 2775/2330/1934 2763/2318/1928
f 2775/2330/1934 2595/2151/1798 2530/2085/1738
f 2593/2147/1796 2714/2269/1893 2713/2267/1755
f 2714/2269/1893 2593/2147/1796 2782/2337/1940
f 2724/2280/1902 2617/2171/1818 2741/2295/1914
f 2617/2171/1818 2724/2280/1902 2655/2210/1851
f 2647/2201/1844 2613/2169/1814 2528/2084/1736
f 2613/2169/1814 2647/2201/1844 2752/2307/1840
f 2579/2135/1783 2649/2205/1846 2618/2173/1819
f 2649/2205/1846 2579/2135/1783 2748/2303/1918
f 2675/2229/1869 2626/2182/1825 2758/2313/1923
f 2626/2182/1825 2675/2229/1869 2756/2311/1922
f 2539/2095/1747 2668/2224/1863 2667/2222/1862
f 2668/2224/1863 2539/2095/1747 2746/2301/1917
f 2646/2202/1843 2596/2150/1799 2750/2305/1873
f 2596/2150/1799 2646/2202/1843 2612/2167/1813
f 2669/2223/1864 2638/2193/1836 2560/2115/1766
f 2638/2193/1836 2669/2223/1864 2753/2308/1777
f 2616/2172/1817 2650/2204/1847 2757/2312/1850
f 2650/2204/1847 2616/2172/1817 2759/2314/1924
f 2674/2230/1868 2592/2148/1795 2754/2309/1794
f 2592/2148/1795 2674/2230/1868 2629/2185/1828
f 2782/2337/1940 2529/2083/1737 2714/2269/1893
f 2782/2337/1940 2630/2184/1829 2529/2083/1737
f 2667/2222/1862 2670/2225/1865 2560/2115/1766
f 2670/2225/1865 2667/2222/1862 2668/2224/1863
f 2651/2206/1848 2618/2173/1819 2649/2205/1846
f 2618/2173/1819 2651/2206/1848 2611/2166/1812
f 2727/2282/1905 2530/2085/1738 2634/2189/1833
f 2530/2085/1738 2727/2282/1905 2775/2330/1934
f 2648/2203/1845 2612/2167/1813 2646/2202/1843
f 2648/2203/1845 2528/2084/1736 2612/2167/1813
f 2781/2336/1939 2728/2283/1906 2720/2275/1898
f 2781/2336/1939 2611/2166/1812 2728/2283/1906
f 2532/2086/1740 2729/2284/1907 2723/2278/1901
f 2729/2284/1907 2532/2086/1740 2726/2281/1904
f 2535/2090/1743 2629/2185/1828 2674/2230/1868
f 2629/2185/1828 2535/2090/1743 2630/2184/1829
f 2609/2164/1810 2533/2088/1741 2560/2115/1766
f 2609/2164/1810 2560/2115/1766 2638/2193/1836
f 2711/2266/1892 2529/2083/1737 2642/2197/1839
f 2711/2266/1892 2642/2197/1839 2709/2265/1890
f 2628/2183/1827 2631/2186/1830 2634/2189/1833
f 2634/2189/1833 2631/2186/1830 2632/2188/1831
f 2759/2314/1924 2531/2087/1739 2651/2206/1848
f 2531/2087/1739 2759/2314/1924 2616/2172/1817
f 2615/2170/1816 2528/2084/1736 2613/2169/1814
f 2615/2170/1816 2642/2197/1839 2528/2084/1736
f 2717/2272/1896 2728/2283/1906 2533/2088/1741
f 2717/2272/1896 2533/2088/1741 2715/2271/1894
f 2758/2313/1923 2628/2183/1827 2535/2090/1743
f 2628/2183/1827 2758/2313/1923 2626/2182/1825
f 2726/2281/1904 2655/2210/1851 2724/2280/1902
f 2655/2210/1851 2726/2281/1904 2531/2087/1739
f 2563/2118/1769 2783/2338/1941 2561/2117/1767
f 2516/2071/45 2515/2070/1725 2772/2328/1933
f 2578/2133/1653 2542/2098/1750 2576/2132/1781
f 2784/2339/1942 2385/1940/1608 2429/1984/1651
f 2517/2072/1726 2516/2071/45 2773/2327/1780
f 2517/2072/1726 2469/2024/45 2516/2071/45
f 2428/1983/1650 2427/1982/45 2768/2323/1932
f 2428/1983/1650 2381/1936/45 2427/1982/45
s 0
f 2785/2340/1943 2786/2341/1943 2787/2342/1943
f 2787/2342/1943 2788/2343/1943 2785/2340/1943
f 2789/2344/1944 2790/2345/1944 2791/2343/1944
f 2791/2343/1944 2792/2342/1944 2789/2344/1944
f 2793/2346/1945 2794/2347/1945 2795/2341/1945
f 2795/2341/1945 2796/2340/1945 2793/2346/1945
f 2797/2348/1946 2798/2349/1946 2799/2350/1946
f 2799/2350/1946 2800/2351/1946 2797/2348/1946
f 2801/2352/1947 2802/2353/1947 2803/2351/1947
f 2803/2351/1947 2804/2350/1947 2801/2352/1947
s 1
f 2805/2354/1948 2806/2355/1949 2807/2352/1950
f 2807/2352/1950 2808/2356/1951 2805/2354/1948
f 2809/2357/1952 2810/2358/1953 2811/2353/1954
f 2811/2353/1954 2812/2359/1955 2809/2357/1952
s 0
f 2813/2360/1956 2814/2361/1956 2815/2362/1956
f 2815/2362/1956 2816/2363/1956 2813/2360/1956
f 2817/2364/1957 2818/2365/1957 2819/2366/1957
f 2819/2366/1957 2820/2367/1957 2817/2364/1957
s 1
f 2821/2365/1958 2822/2362/1959 2823/2349/1960
f 2823/2349/1960 2824/2344/1961 2821/2365/1958
f 2825/2345/1962 2826/2348/1963 2827/2363/1964
f 2827/2363/1964 2828/2364/1965 2825/2345/1962
s 0
f 2829/2348/1966 2830/2345/1966 2831/2344/1966
f 2831/2344/1966 2832/2349/1966 2829/2348/1966
f 2833/2368/1967 2834/2369/1967 2835/2370/1967
f 2836/2370/1968 2837/2371/1968 2838/2353/1968
f 2839/2368/1969 2840/2370/1969 2841/2353/1969
s 1
f 2842/2353/1970 2843/2352/1970 2844/2355/1970
s 0
f 2845/2368/1971 2846/2353/1971 2847/2355/1971
f 2848/2355/1972 2849/2372/1972 2850/2373/1972
f 2851/2368/1973 2852/2355/1973 2853/2373/1973
f 2854/2368/1974 2855/2373/1974 2856/2374/1974
f 2857/2347/1975 2858/2368/1975 2859/2374/1975
s 1
f 2860/2375/1976 2861/2376/1977 2862/2346/1978
f 2862/2346/1978 2863/2367/1979 2860/2375/1976
f 2864/2377/1980 2865/2366/1981 2866/2347/1982
f 2866/2347/1982 2867/2378/1983 2864/2377/1980
s 0
f 2868/2347/1984 2869/2346/1984 2870/2376/1984
f 2871/2376/1985 2872/2379/1985 2873/2380/1985
f 2874/2380/1986 2875/2346/1986 2876/2381/1986
f 2877/2376/1987 2878/2380/1987 2879/2381/1987
f 2880/2347/1988 2881/2376/1988 2882/2381/1988
f 2883/2347/1989 2884/2381/1989 2885/2382/1989
f 2886/2383/1990 2887/2347/1990 2888/2382/1990
f 2889/2384/1991 2890/2385/1991 2891/2386/1991
f 2892/2386/1992 2893/2387/1992 2894/2367/1992
f 2895/2384/1993 2896/2386/1993 2897/2367/1993
f 2898/2367/1994 2899/2366/1994 2900/2377/1994
f 2901/2384/1995 2902/2367/1995 2903/2377/1995
f 2904/2384/1996 2905/2377/1996 2906/2388/1996
f 2907/2384/1997 2908/2388/1997 2909/2389/1997
f 2910/2365/1998 2911/2364/1998 2912/2363/1998
f 2913/2363/1998 2914/2362/1998 2915/2365/1998
s 1
f 2916/2356/1999 2917/2390/2000 2918/2391/2001
f 2918/2391/2001 2919/2354/2002 2916/2356/1999
f 2920/2358/2003 2921/2357/2004 2922/2392/2005
f 2922/2392/2005 2923/2393/2006 2920/2358/2003
f 2924/2394/2007 2925/2393/2008 2926/2392/2009
f 2926/2392/2009 2927/2395/2010 2924/2394/2007
f 2928/2396/2011 2929/2397/2012 2930/2391/2013
f 2930/2391/2013 2931/2390/2014 2928/2396/2011
s 0
f 2932/2396/2015 2933/2398/2015 2934/2360/2015
f 2935/2360/2016 2936/2399/2016 2937/2395/2016
f 2938/2360/2017 2939/2395/2017 2940/2400/2017
f 2941/2396/2018 2942/2360/2018 2943/2400/2018
f 2944/2401/2019 2945/2396/2019 2946/2400/2019
o Object007_Material_#295_0
v 42.267193 170.066132 82.213196
v -0.106087 170.525223 82.967766
v -0.106087 124.314095 133.180099
v 103.114700 119.313271 -98.759445
v 95.927170 163.083710 -107.704086
v 94.883751 166.221527 -43.799789
v -42.479366 170.066132 82.213196
v -45.089642 123.700279 132.273972
v -95.095932 166.221527 -43.799789
v -96.139336 163.083710 -107.704086
v -103.326874 119.313271 -98.759445
v -0.106087 120.092369 -246.092361
v -0.106087 160.538589 -200.025772
v 51.013798 159.920212 -199.221222
v 103.053909 118.420181 -165.752747
v -53.597637 119.517677 -245.323303
v -51.225971 159.920212 -199.221222
v -103.266075 118.420181 -165.752747
v 96.129684 166.634033 -36.658703
v 104.253227 120.624489 26.312012
v 104.287697 120.042633 -36.615467
v -96.341858 166.634033 -36.658703
v -104.499870 120.042633 -36.615467
v -104.465401 120.624489 26.312012
v -95.214470 165.649796 52.922630
v 95.002296 165.649796 52.922623
v 84.914894 155.909561 -192.178696
v 70.220375 118.823448 -243.149841
v -83.661316 167.146240 65.891602
v 44.877468 123.700279 132.273972
v 90.658661 121.002831 117.365799
v 83.449142 167.146240 65.891602
v -70.432549 118.823448 -243.149841
v -85.127068 155.909561 -192.178696
v -88.412277 166.812149 64.940796
v -98.660423 120.310219 105.112785
v -90.870834 121.002831 117.365799
v 94.055046 117.557640 -227.646866
v 85.303436 118.282814 -237.293839
v 90.658661 121.002831 117.365799
v 98.448250 120.310219 105.112785
v 88.200096 166.812149 64.940781
v 100.423897 143.457352 -150.525772
v -100.636070 143.457352 -150.525772
v -85.515610 118.282814 -237.293839
v -94.267227 117.557640 -227.646866
v -90.870834 121.002831 117.365799
v 53.385464 119.517677 -245.323303
v -91.298721 153.872681 -187.995590
v 91.086548 153.872681 -187.995590
v 98.661369 152.703369 -139.619308
v 96.944305 159.369370 -124.890755
v -97.156479 159.369370 -124.890755
v -98.873543 152.703369 -139.619308
v -88.412277 166.812149 64.940796
v 88.200096 166.812149 64.940781
v 104.206390 121.064240 79.161324
v -104.418564 121.064240 79.161324
v 103.088501 120.034088 -43.756866
v -103.300682 120.034088 -43.756866
v 104.193893 121.190269 89.409195
v -104.406067 121.190269 89.409195
vn 0.1707 0.7278 0.6642
vn -0.0000 0.7358 0.6772
vn -0.0000 0.7348 0.6783
vn 0.9863 0.1652 0.0010
vn 0.9876 0.1566 0.0104
vn 0.9854 0.1700 0.0025
vn -0.1707 0.7278 0.6642
vn -0.1420 0.7365 0.6613
vn -0.9854 0.1700 0.0025
vn -0.9876 0.1566 0.0104
vn -0.9863 0.1652 0.0010
vn -0.0000 0.7520 -0.6591
vn -0.0000 0.7515 -0.6598
vn 0.1100 0.7580 -0.6429
vn 0.9919 0.1239 0.0265
vn -0.0664 0.7521 -0.6557
vn -0.1100 0.7580 -0.6429
vn -0.9919 0.1239 0.0265
vn 0.9835 0.1808 0.0052
vn 0.9814 0.1917 0.0062
vn 0.9850 0.1725 -0.0011
vn -0.9835 0.1808 0.0052
vn -0.9850 0.1725 -0.0011
vn -0.9814 0.1917 0.0062
vn -0.9803 0.1976 0.0063
vn 0.9803 0.1976 0.0063
vn 0.4234 0.6972 -0.5784
vn 0.1894 0.7504 -0.6333
vn -0.2292 0.7339 0.6395
vn 0.1420 0.7365 0.6613
vn 0.4310 0.6914 0.5798
vn 0.2292 0.7339 0.6395
vn -0.1894 0.7504 -0.6333
vn -0.4234 0.6972 -0.5784
vn -0.2472 0.7354 0.6310
vn -0.7271 0.5335 0.4321
vn -0.4311 0.6914 0.5798
vn 0.6052 0.6135 -0.5074
vn 0.3948 0.7073 -0.5865
vn 0.4311 0.6914 0.5798
vn 0.7271 0.5335 0.4321
vn 0.2472 0.7354 0.6310
vn 0.9951 0.0653 0.0746
vn -0.9951 0.0653 0.0746
vn -0.3948 0.7073 -0.5865
vn -0.6052 0.6135 -0.5074
vn -0.4310 0.6914 0.5798
vn 0.0664 0.7521 -0.6557
vn -0.5680 0.6277 -0.5324
vn 0.5680 0.6277 -0.5324
vn 0.9884 0.1474 0.0367
vn 0.9718 0.2359 0.0065
vn -0.9718 0.2359 0.0065
vn -0.9884 0.1474 0.0367
vn 0.9795 0.2015 -0.0011
vn -0.9795 0.2015 -0.0011
vn 0.9846 0.1749 -0.0018
vn -0.9846 0.1749 -0.0018
vn 0.9795 0.2014 -0.0013
vn -0.9795 0.2014 -0.0013
vt 0.555496 0.791904
vt 0.556433 0.844506
vt 0.618767 0.844506
vt 0.590626 0.437824
vt 0.601407 0.385069
vt 0.524385 0.381287
vt 0.555496 0.897109
vt 0.617642 0.900349
vt 0.569058 0.303844
vt 0.491948 0.304746
vt 0.500750 0.357867
vt 0.147935 0.844506
vt 0.205122 0.844506
vt 0.206121 0.781045
vt 0.671371 0.438900
vt 0.148889 0.910911
vt 0.206121 0.907967
vt 0.420022 0.355926
vt 0.515778 0.380790
vt 0.439881 0.436244
vt 0.515725 0.436945
vt 0.577677 0.303668
vt 0.575631 0.359786
vt 0.651449 0.361919
vt 0.685527 0.308887
vt 0.407808 0.381976
vt 0.214864 0.738960
vt 0.151587 0.757202
vt 0.535234 0.948232
vt 0.617642 0.788663
vt 0.599135 0.731830
vt 0.535234 0.740780
vt 0.151587 0.931810
vt 0.214864 0.950052
vt 0.834334 0.340032
vt 0.917448 0.350888
vt 0.929291 0.339057
vt 0.170833 0.727614
vt 0.158857 0.738478
vt 0.929464 0.425728
vt 0.917599 0.413919
vt 0.834505 0.424928
vt 0.653018 0.408724
vt 0.439489 0.326456
vt 0.158857 0.950534
vt 0.170833 0.961399
vt 0.599135 0.957183
vt 0.148889 0.778101
vt 0.220056 0.957714
vt 0.220056 0.731299
vt 0.639873 0.397580
vt 0.622121 0.389546
vt 0.471081 0.308446
vt 0.453041 0.315811
vt 0.534054 0.954130
vt 0.534054 0.734882
vt 0.376183 0.435714
vt 0.715122 0.363769
vt 0.524333 0.436955
vt 0.567030 0.359475
vt 0.363832 0.435562
vt 0.727471 0.364078
s 1
usemtl Material_295
f 2947/2402/2020 2948/2403/2021 2949/2404/2022
f 2950/2405/2023 2951/2406/2024 2952/2407/2025
f 2953/2408/2026 2954/2409/2027 2949/2404/2022
f 2955/2410/2028 2956/2411/2029 2957/2412/2030
f 2958/2413/2031 2959/2414/2032 2960/2415/2033
f 2951/2406/2024 2950/2405/2023 2961/2416/2034
f 2958/2413/2031 2962/2417/2035 2963/2418/2036
f 2956/2411/2029 2964/2419/2037 2957/2412/2030
f 2965/2420/2038 2966/2421/2039 2967/2422/2040
f 2968/2423/2041 2969/2424/2042 2970/2425/2043
f 2971/2426/2044 2968/2423/2041 2970/2425/2043
f 2966/2421/2039 2965/2420/2038 2972/2427/2045
f 2960/2415/2033 2973/2428/2046 2974/2429/2047
f 2954/2409/2027 2953/2408/2026 2975/2430/2048
f 2976/2431/2049 2977/2432/2050 2978/2433/2051
f 2979/2434/2052 2980/2435/2053 2963/2418/2036
f 2978/2433/2051 2947/2402/2020 2976/2431/2049
f 2981/2436/2054 2982/2437/2055 2983/2438/2056
f 2984/2439/2057 2985/2440/2058 2973/2428/2046
f 2986/2441/2059 2987/2442/2060 2988/2443/2061
f 2951/2406/2024 2961/2416/2034 2989/2444/2062
f 2956/2411/2029 2990/2445/2063 2964/2419/2037
f 2980/2435/2053 2991/2446/2064 2992/2447/2065
f 2975/2430/2048 2993/2448/2066 2954/2409/2027
f 2960/2415/2033 2994/2449/2067 2958/2413/2031
f 2985/2440/2058 2974/2429/2047 2973/2428/2046
f 2991/2446/2064 2980/2435/2053 2979/2434/2052
f 2949/2404/2022 2976/2431/2049 2947/2402/2020
f 2992/2447/2065 2995/2450/2068 2980/2435/2053
f 2973/2428/2046 2996/2451/2069 2984/2439/2057
f 2951/2406/2024 2997/2452/2070 2998/2453/2071
f 2956/2411/2029 2999/2454/2072 3000/2455/2073
f 2956/2411/2029 3000/2455/2073 2990/2445/2063
f 2951/2406/2024 2989/2444/2062 2997/2452/2070
f 2963/2418/2036 2959/2414/2032 2958/2413/2031
f 2949/2404/2022 2948/2403/2021 2953/2408/2026
f 2963/2418/2036 2962/2417/2035 2979/2434/2052
f 2974/2429/2047 2994/2449/2067 2960/2415/2033
f 2993/2448/2066 2975/2430/2048 3001/2456/2054
f 3002/2457/2061 2978/2433/2051 2977/2432/2050
f 2972/2427/2045 3003/2458/2074 2966/2421/2039
f 2970/2425/2043 3004/2459/2075 2971/2426/2044
f 2952/2407/2025 3005/2460/2076 2950/2405/2023
f 2957/2412/2030 3006/2461/2077 2955/2410/2028
f 3007/2462/2078 3003/2458/2074 2972/2427/2045
f 3008/2463/2079 2971/2426/2044 3004/2459/2075
o Plane001_Material_#316_0
v -526.109375 -0.000089 -709.946289
v -526.109375 0.000089 617.241699
v 530.370239 -0.000089 -709.946289
v 530.370239 0.000089 617.241699
vn -0.0000 1.0000 -0.0000
vt 0.000000 0.000000
vt 0.000000 1.000000
vt 1.000000 0.000000
vt 1.000000 1.000000
s 0
usemtl Material_316
f 3009/2464/2080 3010/2465/2080 3011/2466/2080
f 3012/2467/2080 3011/2466/2080 3010/2465/2080
