<?xml version="1.0" encoding="utf-8"?>
<COLLADA xmlns="http://www.collada.org/2005/11/COLLADASchema" version="1.4.1">
  <asset>
    <contributor>
      <author>Mixamo</author>
      <authoring_tool>COLLADA Mixamo exporter</authoring_tool>
      <comments/>
    </contributor>
    <created>2025-11-05T16:02:45Z</created>
    <modified>2025-11-05T16:02:45Z</modified>
    <revision/>
    <title/>
    <unit meter="0.010000"/>
    <up_axis>Y_UP</up_axis>
  </asset>
  <library_animations>
    <animation id="mixamorig_Hips-anim" name="mixamorig_Hips">
      <source id="mixamorig_Hips-Matrix-animation-input">
        <float_array id="mixamorig_Hips-Matrix-animation-input-array" count="30">

0.000000 0.033333 0.066667 0.100000 0.133333 0.166667 0.200000 0.233333 0.266667 0.300000 0.333333 0.366667 0.400000 0.433333 0.466667 0.500000
0.533333 0.566667 0.600000 0.633333 0.666667 0.700000 0.733333 0.766667 0.800000 0.833333 0.866667 0.900000 0.933333 0.966667</float_array>
        <technique_common>
          <accessor source="#mixamorig_Hips-Matrix-animation-input-array" count="30">
            <param name="TIME" type="float"/>
          </accessor>
        </technique_common>
      </source>
      <source id="mixamorig_Hips-Matrix-animation-output-transform">
        <float_array id="mixamorig_Hips-Matrix-animation-output-transform-array" count="480">

0.981933 0.073110 0.174535 0.191016 -0.075029 0.997172 0.004411 204.626038 -0.173719 -0.017426 0.984641 -1.455737 0.000000 0.000000 0.000000 1.000000
0.987597 0.054959 0.147076 0.710372 -0.054206 0.998488 -0.009126 205.390472 -0.147356 0.001040 0.989083 -1.998086 0.000000 0.000000 0.000000 1.000000
0.993766 0.035013 0.105843 1.400209 -0.032610 0.999171 -0.024352 205.044510 -0.106608 0.020748 0.994085 -2.533527 0.000000 0.000000 0.000000 1.000000
0.998257 0.011561 0.057870 2.196817 -0.009389 0.999246 -0.037673 204.037674 -0.058262 0.037064 0.997613 -2.847592 0.000000 0.000000 0.000000 1.000000
0.999918 -0.005389 0.011603 2.963320 0.005898 0.999000 -0.044322 202.696716 -0.011352 0.044387 0.998950 -2.694263 0.000000 0.000000 0.000000 1.000000
0.999613 -0.007521 -0.026774 3.651001 0.006367 0.999058 -0.042927 201.109177 0.027072 0.042740 0.998719 -1.927029 0.000000 0.000000 0.000000 1.000000
0.998298 -0.005420 -0.058069 4.581274 0.003015 0.999137 -0.041420 198.851288 0.058243 0.041175 0.997453 -0.509850 0.000000 0.000000 0.000000 1.000000
0.997051 -0.011409 -0.075892 5.376598 0.008252 0.999093 -0.041774 196.944290 0.076300 0.041025 0.996241 0.606896 0.000000 0.000000 0.000000 1.000000
0.996654 -0.029903 -0.076065 6.213536 0.027253 0.998993 -0.035643 197.185699 0.077054 0.033451 0.996466 1.751594 0.000000 0.000000 0.000000 1.000000
0.996303 -0.043748 -0.073938 7.150250 0.042244 0.998870 -0.021797 197.585052 0.074808 0.018593 0.997025 3.523089 0.000000 0.000000 0.000000 1.000000
0.995364 -0.064821 -0.071061 8.333468 0.064100 0.997867 -0.012387 198.065704 0.071712 0.007774 0.997395 4.805981 0.000000 0.000000 0.000000 1.000000
0.994161 -0.089739 -0.059919 9.529552 0.089644 0.995965 -0.004283 199.057526 0.060062 -0.001113 0.998194 5.077097 0.000000 0.000000 0.000000 1.000000
0.992544 -0.110228 -0.052021 10.337423 0.110444 0.993882 0.001284 200.278793 0.051561 -0.007020 0.998645 4.529480 0.000000 0.000000 0.000000 1.000000
0.991543 -0.118037 -0.053942 10.717367 0.118338 0.992970 0.002415 201.895309 0.053278 -0.008778 0.998541 3.677777 0.000000 0.000000 0.000000 1.000000
0.991816 -0.113212 -0.059021 10.650597 0.113558 0.993528 0.002536 203.514343 0.058352 -0.009217 0.998254 2.745689 0.000000 0.000000 0.000000 1.000000
0.993477 -0.103866 -0.047072 10.298809 0.103754 0.994591 -0.004826 204.359268 0.047319 -0.000089 0.998880 1.833642 0.000000 0.000000 0.000000 1.000000
0.996081 -0.086224 -0.019679 9.714133 0.085965 0.996205 -0.013642 204.776031 0.020781 0.011897 0.999713 1.191506 0.000000 0.000000 0.000000 1.000000
0.998100 -0.059771 0.014927 8.785244 0.060048 0.998017 -0.018860 204.793503 -0.013770 0.019721 0.999711 0.677689 0.000000 0.000000 0.000000 1.000000
0.998098 -0.039285 0.047512 7.911970 0.040206 0.999019 -0.018586 204.068344 -0.046736 0.020461 0.998698 0.499549 0.000000 0.000000 0.000000 1.000000
0.996161 -0.033197 0.081002 6.974856 0.034270 0.999342 -0.011889 202.291779 -0.080554 0.014619 0.996643 1.164211 0.000000 0.000000 0.000000 1.000000
0.992752 -0.031647 0.115937 6.104837 0.032929 0.999416 -0.009160 199.077438 -0.115579 0.012911 0.993214 1.797203 0.000000 0.000000 0.000000 1.000000
0.989582 -0.026244 0.141560 5.259989 0.026933 0.999633 -0.002948 197.040283 -0.141430 0.006730 0.989925 2.502313 0.000000 0.000000 0.000000 1.000000
0.988691 -0.013046 0.149401 4.456912 0.012682 0.999914 0.003388 196.582550 -0.149432 -0.001455 0.988771 3.202527 0.000000 0.000000 0.000000 1.000000
0.988338 0.000049 0.152279 3.474059 -0.001352 0.999963 0.008455 196.999908 -0.152273 -0.008563 0.988301 4.061579 0.000000 0.000000 0.000000 1.000000
0.987978 0.017686 0.153580 2.353843 -0.019797 0.999729 0.012226 197.208008 -0.153322 -0.015119 0.988061 4.977845 0.000000 0.000000 0.000000 1.000000
0.988015 0.040688 0.148897 1.287620 -0.042726 0.999032 0.010511 197.700500 -0.148326 -0.016747 0.988797 5.051956 0.000000 0.000000 0.000000 1.000000
0.987181 0.064260 0.146094 0.538671 -0.065735 0.997823 0.005283 198.715317 -0.145437 -0.014819 0.989257 3.936646 0.000000 0.000000 0.000000 1.000000
0.984935 0.081242 0.152655 0.131488 -0.082304 0.996607 0.000640 201.040039 -0.152085 -0.013194 0.988279 2.346549 0.000000 0.000000 0.000000 1.000000
0.981693 0.083645 0.171123 -0.006443 -0.085045 0.996377 0.000855 203.213577 -0.170432 -0.015393 0.985249 0.443728 0.000000 0.000000 0.000000 1.000000
0.981933 0.073111 0.174535 0.191018 -0.075029 0.997172 0.004411 204.626022 -0.173719 -0.017426 0.984641 -1.455740 0.000000 0.000000 0.000000 1.000000</float_array>
        <technique_common>
          <accessor source="#mixamorig_Hips-Matrix-animation-output-transform-array" count="30" stride="16">
            <param type="float4x4"/>
          </accessor>
        </technique_common>
      </source>
      <source id="mixamorig_Hips-Interpolations">
        <Name_array id="mixamorig_Hips-Interpolations-array" count="30">
 LINEAR LINEAR LINEAR LINEAR LINEAR LINEAR LINEAR LINEAR LINEAR LINEAR LINEAR
LINEAR LINEAR LINEAR LINEAR LINEAR LINEAR LINEAR LINEAR LINEAR LINEAR LINEAR LINEAR
LINEAR LINEAR LINEAR LINEAR LINEAR LINEAR LINEAR</Name_array>
        <technique_common>
          <accessor source="#mixamorig_Hips-Interpolations-array" count="30">
            <param type="name"/>
          </accessor>
        </technique_common>
      </source>
      <sampler id="mixamorig_Hips-Matrix-animation-transform">
        <input semantic="INPUT" source="#mixamorig_Hips-Matrix-animation-input"/>
        <input semantic="OUTPUT" source="#mixamorig_Hips-Matrix-animation-output-transform"/>
        <input semantic="INTERPOLATION" source="#mixamorig_Hips-Interpolations"/>
      </sampler>
      <channel source="#mixamorig_Hips-Matrix-animation-transform" target="mixamorig_Hips/matrix"/>
    </animation>
    <animation id="mixamorig_Spine-anim" name="mixamorig_Spine">
      <source id="mixamorig_Spine-Matrix-animation-input">
        <float_array id="mixamorig_Spine-Matrix-animation-input-array" count="30">

0.000000 0.033333 0.066667 0.100000 0.133333 0.166667 0.200000 0.233333 0.266667 0.300000 0.333333 0.366667 0.400000 0.433333 0.466667 0.500000
0.533333 0.566667 0.600000 0.633333 0.666667 0.700000 0.733333 0.766667 0.800000 0.833333 0.866667 0.900000 0.933333 0.966667</float_array>
        <technique_common>
          <accessor source="#mixamorig_Spine-Matrix-animation-input-array" count="30">
            <param name="TIME" type="float"/>
          </accessor>
        </technique_common>
      </source>
      <source id="mixamorig_Spine-Matrix-animation-output-transform">
        <float_array id="mixamorig_Spine-Matrix-animation-output-transform-array" count="480">

0.997817 -0.063119 -0.019397 -0.194800 0.064095 0.996447 0.054639 19.804800 0.015879 -0.055763 0.998318 -3.889700 0.000000 0.000000 0.000000 1.000000
0.998555 -0.052834 -0.009809 -0.194800 0.053339 0.996683 0.061463 19.804800 0.006529 -0.061897 0.998061 -3.889700 0.000000 0.000000 0.000000 1.000000
0.999134 -0.041601 0.000364 -0.194800 0.041475 0.996707 0.069683 19.804800 -0.003262 -0.069608 0.997569 -3.889700 0.000000 0.000000 0.000000 1.000000
0.999411 -0.033362 0.008085 -0.194800 0.032653 0.996579 0.075925 19.804800 -0.010590 -0.075616 0.997081 -3.889700 0.000000 0.000000 0.000000 1.000000
0.999339 -0.033177 0.014879 -0.194800 0.031872 0.996225 0.080742 19.804800 -0.017501 -0.080215 0.996624 -3.889700 0.000000 0.000000 0.000000 1.000000
0.998631 -0.046973 0.022999 -0.194800 0.044831 0.995275 0.086128 19.804800 -0.026936 -0.084979 0.996019 -3.889700 0.000000 0.000000 0.000000 1.000000
0.997420 -0.064049 0.032412 -0.194800 0.060564 0.993244 0.098990 19.804800 -0.038533 -0.096772 0.994560 -3.889700 0.000000 0.000000 0.000000 1.000000
0.997625 -0.060138 0.033595 -0.194800 0.056545 0.993456 0.099240 19.804800 -0.039343 -0.097105 0.994496 -3.889700 0.000000 0.000000 0.000000 1.000000
0.998968 -0.036097 0.027551 -0.194800 0.033429 0.995215 0.091816 19.804800 -0.030733 -0.090801 0.995395 -3.889700 0.000000 0.000000 0.000000 1.000000
0.999510 -0.019713 0.024313 -0.194800 0.017604 0.996303 0.084090 19.804800 -0.025880 -0.083621 0.996162 -3.889700 0.000000 0.000000 0.000000 1.000000
0.999745 -0.007037 0.021451 -0.194800 0.005485 0.997422 0.071543 19.804800 -0.021900 -0.071407 0.997207 -3.889700 0.000000 0.000000 0.000000 1.000000
0.999852 0.006081 0.016108 -0.194800 -0.006995 0.998332 0.057308 19.804800 -0.015733 -0.057412 0.998227 -3.889700 0.000000 0.000000 0.000000 1.000000
0.999825 0.014449 0.011916 -0.194800 -0.014970 0.998881 0.044865 19.804800 -0.011254 -0.045035 0.998922 -3.889700 0.000000 0.000000 0.000000 1.000000
0.999869 0.012959 0.009706 -0.194800 -0.013292 0.999298 0.035035 19.804800 -0.009246 -0.035160 0.999339 -3.889700 0.000000 0.000000 0.000000 1.000000
0.999951 0.008024 0.005745 -0.194800 -0.008184 0.999564 0.028384 19.804800 -0.005515 -0.028430 0.999581 -3.889700 0.000000 0.000000 0.000000 1.000000
0.999990 0.003734 -0.002503 -0.194800 -0.003653 0.999495 0.031555 19.804800 0.002619 -0.031546 0.999499 -3.889700 0.000000 0.000000 0.000000 1.000000
0.999915 -0.004996 -0.012014 -0.194800 0.005497 0.999102 0.042010 19.804800 0.011794 -0.042072 0.999045 -3.889700 0.000000 0.000000 0.000000 1.000000
0.999635 -0.016678 -0.021248 -0.194800 0.017769 0.998476 0.052252 19.804800 0.020344 -0.052611 0.998408 -3.889700 0.000000 0.000000 0.000000 1.000000
0.999395 -0.019346 -0.028886 -0.194800 0.021074 0.997930 0.060762 19.804800 0.027650 -0.061334 0.997734 -3.889700 0.000000 0.000000 0.000000 1.000000
0.999226 -0.004236 -0.039108 -0.194800 0.006931 0.997589 0.069055 19.804800 0.038721 -0.069272 0.996846 -3.889700 0.000000 0.000000 0.000000 1.000000
0.998698 0.012014 -0.049583 -0.194800 -0.008145 0.996959 0.077500 19.804800 0.050364 -0.076995 0.995759 -3.889700 0.000000 0.000000 0.000000 1.000000
0.998552 0.011451 -0.052571 -0.194800 -0.007497 0.997170 0.074801 19.804800 0.053278 -0.074298 0.995812 -3.889700 0.000000 0.000000 0.000000 1.000000
0.998805 -0.006369 -0.048459 -0.194800 0.009809 0.997422 0.071084 19.804800 0.047881 -0.071475 0.996293 -3.889700 0.000000 0.000000 0.000000 1.000000
0.998716 -0.022509 -0.045394 -0.194800 0.025681 0.997177 0.070554 19.804800 0.043677 -0.071630 0.996475 -3.889700 0.000000 0.000000 0.000000 1.000000
0.998473 -0.034490 -0.043154 -0.194800 0.037371 0.996996 0.067844 19.804800 0.040684 -0.069353 0.996762 -3.889700 0.000000 0.000000 0.000000 1.000000
0.997855 -0.052399 -0.039235 -0.194800 0.054882 0.996366 0.065138 19.804800 0.035680 -0.067151 0.997105 -3.889700 0.000000 0.000000 0.000000 1.000000
0.997197 -0.066335 -0.034609 -0.194800 0.068456 0.995588 0.064182 19.804800 0.030199 -0.066371 0.997338 -3.889700 0.000000 0.000000 0.000000 1.000000
0.997013 -0.070638 -0.031226 -0.194800 0.072600 0.995111 0.066955 19.804800 0.026344 -0.069022 0.997267 -3.889700 0.000000 0.000000 0.000000 1.000000
0.997289 -0.068562 -0.026705 -0.194800 0.070072 0.995708 0.060459 19.804800 0.022446 -0.062166 0.997813 -3.889700 0.000000 0.000000 0.000000 1.000000
0.997817 -0.063119 -0.019397 -0.194800 0.064095 0.996447 0.054639 19.804800 0.015879 -0.055763 0.998318 -3.889700 0.000000 0.000000 0.000000 1.000000</float_array>
        <technique_common>
          <accessor source="#mixamorig_Spine-Matrix-animation-output-transform-array" count="30" stride="16">
            <param type="float4x4"/>
          </accessor>
        </technique_common>
      </source>
      <source id="mixamorig_Spine-Interpolations">
        <Name_array id="mixamorig_Spine-Interpolations-array" count="30">
 LINEAR LINEAR LINEAR LINEAR LINEAR LINEAR LINEAR LINEAR LINEAR LINEAR LINEAR
LINEAR LINEAR LINEAR LINEAR LINEAR LINEAR LINEAR LINEAR LINEAR LINEAR LINEAR LINEAR
LINEAR LINEAR LINEAR LINEAR LINEAR LINEAR LINEAR</Name_array>
        <technique_common>
          <accessor source="#mixamorig_Spine-Interpolations-array" count="30">
            <param type="name"/>
          </accessor>
        </technique_common>
      </source>
      <sampler id="mixamorig_Spine-Matrix-animation-transform">
        <input semantic="INPUT" source="#mixamorig_Spine-Matrix-animation-input"/>
        <input semantic="OUTPUT" source="#mixamorig_Spine-Matrix-animation-output-transform"/>
        <input semantic="INTERPOLATION" source="#mixamorig_Spine-Interpolations"/>
      </sampler>
      <channel source="#mixamorig_Spine-Matrix-animation-transform" target="mixamorig_Spine/matrix"/>
    </animation>
    <animation id="mixamorig_Spine1-anim" name="mixamorig_Spine1">
      <source id="mixamorig_Spine1-Matrix-animation-input">
        <float_array id="mixamorig_Spine1-Matrix-animation-input-array" count="30">

0.000000 0.033333 0.066667 0.100000 0.133333 0.166667 0.200000 0.233333 0.266667 0.300000 0.333333 0.366667 0.400000 0.433333 0.466667 0.500000
0.533333 0.566667 0.600000 0.633333 0.666667 0.700000 0.733333 0.766667 0.800000 0.833333 0.866667 0.900000 0.933333 0.966667</float_array>
        <technique_common>
          <accessor source="#mixamorig_Spine1-Matrix-animation-input-array" count="30">
            <param name="TIME" type="float"/>
          </accessor>
        </technique_common>
      </source>
      <source id="mixamorig_Spine1-Matrix-animation-output-transform">
        <float_array id="mixamorig_Spine1-Matrix-animation-output-transform-array" count="480">

0.999170 -0.005443 -0.040361 0.000000 0.001979 0.996347 -0.085371 23.620100 0.040678 0.085221 0.995531 0.000000 0.000000 0.000000 0.000000 1.000000
0.999753 0.003563 -0.021944 0.000000 -0.005304 0.996795 -0.079817 23.620100 0.021589 0.079914 0.996568 0.000000 0.000000 0.000000 0.000000 1.000000
0.999969 0.007828 -0.001139 0.000000 -0.007893 0.996938 -0.077799 23.620100 0.000526 0.077805 0.996968 -0.000000 0.000000 0.000000 0.000000 1.000000
0.999761 0.016263 0.014587 -0.000000 -0.015107 0.996984 -0.076121 23.620100 -0.015781 0.075882 0.996992 0.000000 0.000000 0.000000 0.000000 1.000000
0.999346 0.023046 0.027869 0.000000 -0.020742 0.996554 -0.080315 23.620100 -0.029623 0.079684 0.996380 0.000000 0.000000 0.000000 0.000000 1.000000
0.998912 0.029740 0.035932 0.000000 -0.026471 0.995746 -0.088256 23.620100 -0.038404 0.087208 0.995450 -0.000000 0.000000 0.000000 0.000000 1.000000
0.998473 0.036172 0.041762 0.000000 -0.032001 0.994813 -0.096552 23.620100 -0.045038 0.095068 0.994451 0.000000 0.000000 0.000000 0.000000 1.000000
0.998217 0.036149 0.047488 0.000000 -0.031523 0.994998 -0.094786 23.620100 -0.050677 0.093120 0.994364 0.000000 0.000000 0.000000 0.000000 1.000000
0.998260 0.031986 0.049546 -0.000000 -0.027511 0.995695 -0.088512 23.620100 -0.052164 0.086995 0.994842 0.000000 0.000000 0.000000 0.000000 1.000000
0.998381 0.029905 0.048391 -0.000000 -0.025804 0.996194 -0.083259 23.620100 -0.050697 0.081876 0.995352 0.000000 0.000000 0.000000 0.000000 1.000000
0.998510 0.033404 0.043149 0.000000 -0.030023 0.996597 -0.076770 23.620100 -0.045566 0.075360 0.996115 0.000000 0.000000 0.000000 0.000000 1.000000
0.998757 0.037029 0.033371 0.000000 -0.034400 0.996501 -0.076178 23.620100 -0.036075 0.074936 0.996536 0.000000 0.000000 0.000000 0.000000 1.000000
0.998848 0.040916 0.025055 0.000000 -0.038800 0.996057 -0.079784 23.620100 -0.028220 0.078720 0.996497 -0.000000 0.000000 0.000000 0.000000 1.000000
0.998864 0.043365 0.019747 0.000000 -0.041615 0.995783 -0.081760 23.620100 -0.023209 0.080845 0.996456 -0.000000 0.000000 0.000000 0.000000 1.000000
0.999137 0.039890 0.011594 0.000000 -0.038799 0.995823 -0.082647 23.620100 -0.014843 0.082125 0.996511 0.000000 0.000000 0.000000 0.000000 1.000000
0.999392 0.034601 -0.004199 -0.000000 -0.034827 0.996123 -0.080782 23.620100 0.001388 0.080879 0.996723 0.000000 0.000000 0.000000 0.000000 1.000000
0.999322 0.028736 -0.023024 0.000000 -0.030521 0.996218 -0.081352 23.620100 0.020600 0.081999 0.996419 0.000000 0.000000 0.000000 0.000000 1.000000
0.998894 0.022523 -0.041269 0.000000 -0.025971 0.996041 -0.085013 23.620100 0.039191 0.085991 0.995525 0.000000 0.000000 0.000000 0.000000 1.000000
0.998397 0.014298 -0.054770 0.000000 -0.019392 0.995418 -0.093633 23.620100 0.053180 0.094545 0.994099 0.000000 0.000000 0.000000 0.000000 1.000000
0.997905 0.003210 -0.064611 0.000000 -0.010029 0.994370 -0.105492 23.620100 0.063908 0.105919 0.992319 -0.000000 0.000000 0.000000 0.000000 1.000000
0.997228 -0.005702 -0.074187 0.000000 -0.002794 0.993486 -0.113920 23.620100 0.074354 0.113811 0.990716 0.000000 0.000000 0.000000 0.000000 1.000000
0.996688 -0.006565 -0.081052 0.000000 -0.002583 0.993677 -0.112245 23.620100 0.081277 0.112083 0.990369 -0.000000 0.000000 0.000000 0.000000 1.000000
0.996478 -0.001454 -0.083848 0.000000 -0.007440 0.994374 -0.105662 23.620100 0.083529 0.105913 0.990861 0.000000 0.000000 0.000000 0.000000 1.000000
0.996328 0.003573 -0.085545 0.000000 -0.011945 0.995158 -0.097558 23.620100 0.084782 0.098222 0.991547 -0.000000 0.000000 0.000000 0.000000 1.000000
0.996613 0.001414 -0.082222 0.000000 -0.008838 0.995903 -0.089992 23.620100 0.081758 0.090414 0.992543 0.000000 0.000000 0.000000 0.000000 1.000000
0.997005 -0.000384 -0.077331 0.000000 -0.006116 0.996465 -0.083790 23.620100 0.077090 0.084012 0.993478 0.000000 0.000000 0.000000 0.000000 1.000000
0.997533 -0.006697 -0.069872 0.000000 0.000866 0.996536 -0.083155 23.620100 0.070187 0.082889 0.994084 0.000000 0.000000 0.000000 0.000000 1.000000
0.997944 -0.014508 -0.062429 -0.000000 0.009050 0.996181 -0.086839 23.620100 0.063450 0.086096 0.994264 0.000000 0.000000 0.000000 0.000000 1.000000
0.998438 -0.015340 -0.053721 0.000000 0.010650 0.996194 -0.086516 23.620100 0.054843 0.085809 0.994801 0.000000 0.000000 0.000000 0.000000 1.000000
0.999170 -0.005443 -0.040361 0.000000 0.001979 0.996347 -0.085371 23.620100 0.040678 0.085221 0.995531 0.000000 0.000000 0.000000 0.000000 1.000000</float_array>
        <technique_common>
          <accessor source="#mixamorig_Spine1-Matrix-animation-output-transform-array" count="30" stride="16">
            <param type="float4x4"/>
          </accessor>
        </technique_common>
      </source>
      <source id="mixamorig_Spine1-Interpolations">
        <Name_array id="mixamorig_Spine1-Interpolations-array" count="30">
 LINEAR LINEAR LINEAR LINEAR LINEAR LINEAR LINEAR LINEAR LINEAR LINEAR LINEAR
LINEAR LINEAR LINEAR LINEAR LINEAR LINEAR LINEAR LINEAR LINEAR LINEAR LINEAR LINEAR
LINEAR LINEAR LINEAR LINEAR LINEAR LINEAR LINEAR</Name_array>
        <technique_common>
          <accessor source="#mixamorig_Spine1-Interpolations-array" count="30">
            <param type="name"/>
          </accessor>
        </technique_common>
      </source>
      <sampler id="mixamorig_Spine1-Matrix-animation-transform">
        <input semantic="INPUT" source="#mixamorig_Spine1-Matrix-animation-input"/>
        <input semantic="OUTPUT" source="#mixamorig_Spine1-Matrix-animation-output-transform"/>
        <input semantic="INTERPOLATION" source="#mixamorig_Spine1-Interpolations"/>
      </sampler>
      <channel source="#mixamorig_Spine1-Matrix-animation-transform" target="mixamorig_Spine1/matrix"/>
    </animation>
    <animation id="mixamorig_Spine2-anim" name="mixamorig_Spine2">
      <source id="mixamorig_Spine2-Matrix-animation-input">
        <float_array id="mixamorig_Spine2-Matrix-animation-input-array" count="30">

0.000000 0.033333 0.066667 0.100000 0.133333 0.166667 0.200000 0.233333 0.266667 0.300000 0.333333 0.366667 0.400000 0.433333 0.466667 0.500000
0.533333 0.566667 0.600000 0.633333 0.666667 0.700000 0.733333 0.766667 0.800000 0.833333 0.866667 0.900000 0.933333 0.966667</float_array>
        <technique_common>
          <accessor source="#mixamorig_Spine2-Matrix-animation-input-array" count="30">
            <param name="TIME" type="float"/>
          </accessor>
        </technique_common>
      </source>
      <source id="mixamorig_Spine2-Matrix-animation-output-transform">
        <float_array id="mixamorig_Spine2-Matrix-animation-output-transform-array" count="480">

0.999051 0.013057 -0.041542 -0.000000 -0.017643 0.993549 -0.112023 27.833500 0.039812 0.112650 0.992837 0.000000 0.000000 0.000000 0.000000 1.000000
0.999398 0.024534 -0.024538 -0.000000 -0.027026 0.993896 -0.106963 27.833500 0.021764 0.107562 0.993960 0.000000 0.000000 0.000000 0.000000 1.000000
0.999494 0.031451 -0.004656 0.000000 -0.031767 0.993924 -0.105388 27.833500 0.001313 0.105482 0.994420 0.000000 0.000000 0.000000 0.000000 1.000000
0.999081 0.041707 0.009921 0.000000 -0.040453 0.993760 -0.103950 27.833500 -0.014195 0.103453 0.994533 0.000000 0.000000 0.000000 0.000000 1.000000
0.998500 0.049908 0.022511 -0.000000 -0.047188 0.992984 -0.108423 27.833500 -0.027764 0.107198 0.993850 0.000000 0.000000 0.000000 0.000000 1.000000
0.997900 0.057331 0.030158 -0.000000 -0.053449 0.991727 -0.116704 27.833500 -0.036600 0.114847 0.992709 -0.000000 0.000000 0.000000 0.000000 1.000000
0.997307 0.063988 0.035847 0.000000 -0.059037 0.990357 -0.125331 27.833500 -0.043521 0.122877 0.991467 0.000000 0.000000 0.000000 0.000000 1.000000
0.997054 0.064463 0.041556 0.000000 -0.058887 0.990568 -0.123724 27.833500 -0.049140 0.120912 0.991446 0.000000 0.000000 0.000000 0.000000 1.000000
0.997211 0.060675 0.043455 0.000000 -0.055227 0.991578 -0.117149 27.833500 -0.050197 0.114422 0.992163 0.000000 0.000000 0.000000 0.000000 1.000000
0.997391 0.058691 0.042035 0.000000 -0.053691 0.992308 -0.111549 27.833500 -0.048258 0.109001 0.992870 0.000000 0.000000 0.000000 0.000000 1.000000
0.997436 0.061921 0.035879 -0.000000 -0.057866 0.992813 -0.104755 27.833500 -0.042108 0.102410 0.993851 0.000000 0.000000 0.000000 0.000000 1.000000
0.997601 0.064520 0.025073 -0.000000 -0.061592 0.992683 -0.103859 27.833500 -0.031590 0.102066 0.994276 0.000000 0.000000 0.000000 0.000000 1.000000
0.997600 0.067376 0.015942 0.000000 -0.065287 0.992075 -0.107353 27.833500 -0.023048 0.106055 0.994093 0.000000 0.000000 0.000000 0.000000 1.000000
0.997553 0.069158 0.010302 -0.000000 -0.067623 0.991696 -0.109387 27.833500 -0.017782 0.108422 0.993946 0.000000 0.000000 0.000000 0.000000 1.000000
0.997908 0.064588 0.002747 0.000000 -0.063891 0.991842 -0.110306 27.833500 -0.009849 0.109899 0.993894 0.000000 0.000000 0.000000 0.000000 1.000000
0.998298 0.057081 -0.011973 0.000000 -0.058044 0.992416 -0.108362 27.833500 0.005697 0.108872 0.994039 0.000000 0.000000 0.000000 0.000000 1.000000
0.998373 0.048820 -0.029453 0.000000 -0.051752 0.992721 -0.108751 27.833500 0.023929 0.110098 0.993633 0.000000 0.000000 0.000000 0.000000 1.000000
0.998097 0.040590 -0.046429 0.000000 -0.045581 0.992655 -0.112060 27.833500 0.041540 0.113963 0.992616 0.000000 0.000000 0.000000 0.000000 1.000000
0.997776 0.031183 -0.058921 0.000000 -0.038126 0.991962 -0.120654 27.833500 0.054685 0.122632 0.990945 -0.000000 0.000000 0.000000 0.000000 1.000000
0.997513 0.019551 -0.067720 0.000000 -0.028444 0.990713 -0.132958 27.833500 0.064492 0.134553 0.988805 0.000000 0.000000 0.000000 0.000000 1.000000
0.997018 0.010270 -0.076482 0.000000 -0.021083 0.989649 -0.141953 27.833500 0.074233 0.143142 0.986914 -0.000000 0.000000 0.000000 0.000000 1.000000
0.996498 0.008542 -0.083173 0.000000 -0.020212 0.989875 -0.140497 27.833500 0.081131 0.141686 0.986581 0.000000 0.000000 0.000000 0.000000 1.000000
0.996183 0.013067 -0.086311 0.000000 -0.024559 0.990748 -0.133471 27.833500 0.083768 0.135081 0.987287 0.000000 0.000000 0.000000 0.000000 1.000000
0.995934 0.017701 -0.088331 0.000000 -0.028700 0.991760 -0.124851 27.833500 0.085394 0.126879 0.988236 0.000000 0.000000 0.000000 0.000000 1.000000
0.996302 0.015575 -0.084492 -0.000000 -0.025426 0.992830 -0.116798 27.833500 0.082067 0.118515 0.989555 -0.000000 0.000000 0.000000 0.000000 1.000000
0.996784 0.014103 -0.078888 0.000000 -0.022741 0.993704 -0.109701 27.833500 0.076844 0.111142 0.990829 0.000000 0.000000 0.000000 0.000000 1.000000
0.997477 0.008689 -0.070461 0.000000 -0.016335 0.993943 -0.108672 27.833500 0.069090 0.109548 0.991577 0.000000 0.000000 0.000000 0.000000 1.000000
0.998051 0.002002 -0.062374 0.000000 -0.009031 0.993597 -0.112616 27.833500 0.061749 0.112960 0.991679 0.000000 0.000000 0.000000 0.000000 1.000000
0.998559 0.001836 -0.053635 0.000000 -0.007885 0.993588 -0.112786 27.833500 0.053084 0.113047 0.992171 0.000000 0.000000 0.000000 0.000000 1.000000
0.999051 0.013057 -0.041542 0.000000 -0.017643 0.993549 -0.112023 27.833500 0.039812 0.112650 0.992837 0.000000 0.000000 0.000000 0.000000 1.000000</float_array>
        <technique_common>
          <accessor source="#mixamorig_Spine2-Matrix-animation-output-transform-array" count="30" stride="16">
            <param type="float4x4"/>
          </accessor>
        </technique_common>
      </source>
      <source id="mixamorig_Spine2-Interpolations">
        <Name_array id="mixamorig_Spine2-Interpolations-array" count="30">
 LINEAR LINEAR LINEAR LINEAR LINEAR LINEAR LINEAR LINEAR LINEAR LINEAR LINEAR
LINEAR LINEAR LINEAR LINEAR LINEAR LINEAR LINEAR LINEAR LINEAR LINEAR LINEAR LINEAR
LINEAR LINEAR LINEAR LINEAR LINEAR LINEAR LINEAR</Name_array>
        <technique_common>
          <accessor source="#mixamorig_Spine2-Interpolations-array" count="30">
            <param type="name"/>
          </accessor>
        </technique_common>
      </source>
      <sampler id="mixamorig_Spine2-Matrix-animation-transform">
        <input semantic="INPUT" source="#mixamorig_Spine2-Matrix-animation-input"/>
        <input semantic="OUTPUT" source="#mixamorig_Spine2-Matrix-animation-output-transform"/>
        <input semantic="INTERPOLATION" source="#mixamorig_Spine2-Interpolations"/>
      </sampler>
      <channel source="#mixamorig_Spine2-Matrix-animation-transform" target="mixamorig_Spine2/matrix"/>
    </animation>
    <animation id="mixamorig_Neck-anim" name="mixamorig_Neck">
      <source id="mixamorig_Neck-Matrix-animation-input">
        <float_array id="mixamorig_Neck-Matrix-animation-input-array" count="30">

0.000000 0.033333 0.066667 0.100000 0.133333 0.166667 0.200000 0.233333 0.266667 0.300000 0.333333 0.366667 0.400000 0.433333 0.466667 0.500000
0.533333 0.566667 0.600000 0.633333 0.666667 0.700000 0.733333 0.766667 0.800000 0.833333 0.866667 0.900000 0.933333 0.966667</float_array>
        <technique_common>
          <accessor source="#mixamorig_Neck-Matrix-animation-input-array" count="30">
            <param name="TIME" type="float"/>
          </accessor>
        </technique_common>
      </source>
      <source id="mixamorig_Neck-Matrix-animation-output-transform">
        <float_array id="mixamorig_Neck-Matrix-animation-output-transform-array" count="480">

0.998737 0.037778 -0.033117 0.000000 -0.041079 0.993578 -0.105429 31.294100 0.028921 0.106656 0.993875 0.000000 0.000000 0.000000 0.000000 1.000000
0.998869 0.032818 -0.034393 0.000000 -0.036521 0.992898 -0.113227 31.294100 0.030433 0.114355 0.992974 -0.000000 0.000000 0.000000 0.000000 1.000000
0.998614 0.039104 -0.035239 0.000000 -0.042757 0.993043 -0.109717 31.294100 0.030704 0.111072 0.993338 0.000000 0.000000 0.000000 0.000000 1.000000
0.998333 0.046814 -0.033766 0.000000 -0.050065 0.993428 -0.102925 31.294100 0.028726 0.104444 0.994116 -0.000000 0.000000 0.000000 0.000000 1.000000
0.997606 0.061376 -0.031866 0.000000 -0.064066 0.993722 -0.091720 31.294100 0.026036 0.093542 0.995275 0.000000 0.000000 0.000000 0.000000 1.000000
0.996909 0.072507 -0.030251 0.000000 -0.074719 0.994003 -0.079843 31.294100 0.024281 0.081857 0.996348 -0.000000 0.000000 0.000000 0.000000 1.000000
0.996664 0.076082 -0.029535 0.000000 -0.078059 0.994283 -0.072855 31.294100 0.023823 0.074917 0.996905 0.000000 0.000000 0.000000 0.000000 1.000000
0.996750 0.075207 -0.028851 -0.000000 -0.077150 0.994307 -0.073488 31.294100 0.023160 0.075475 0.996879 -0.000000 0.000000 0.000000 0.000000 1.000000
0.997123 0.070294 -0.028356 0.000000 -0.072358 0.994175 -0.079877 31.294100 0.022576 0.081699 0.996401 0.000000 0.000000 0.000000 0.000000 1.000000
0.997524 0.064479 -0.028090 0.000000 -0.066647 0.994178 -0.084666 31.294100 0.022467 0.086329 0.996013 0.000000 0.000000 0.000000 0.000000 1.000000
0.997605 0.063379 -0.027711 -0.000000 -0.065533 0.994192 -0.085370 31.294100 0.022140 0.086982 0.995964 -0.000000 0.000000 0.000000 0.000000 1.000000
0.997209 0.069700 -0.026758 0.000000 -0.071650 0.994167 -0.080610 31.294100 0.020983 0.082302 0.996386 0.000000 0.000000 0.000000 0.000000 1.000000
0.996634 0.077729 -0.026044 -0.000000 -0.079459 0.994107 -0.073742 31.294100 0.020159 0.075563 0.996937 0.000000 0.000000 0.000000 0.000000 1.000000
0.996165 0.083976 -0.024563 0.000000 -0.085582 0.993582 -0.073967 31.294100 0.018194 0.075786 0.996958 0.000000 0.000000 0.000000 0.000000 1.000000
0.996023 0.086649 -0.020743 0.000000 -0.088039 0.992924 -0.079692 31.294100 0.013691 0.081201 0.996604 0.000000 0.000000 0.000000 0.000000 1.000000
0.996185 0.085717 -0.016350 0.000000 -0.086844 0.992183 -0.089619 31.294100 0.008540 0.090697 0.995842 0.000000 0.000000 0.000000 0.000000 1.000000
0.996474 0.082837 -0.013354 0.000000 -0.083745 0.991748 -0.097070 31.294100 0.005203 0.097846 0.995188 0.000000 0.000000 0.000000 0.000000 1.000000
0.997204 0.073651 -0.012649 -0.000000 -0.074538 0.992402 -0.097893 31.294100 0.005343 0.098563 0.995117 0.000000 0.000000 0.000000 0.000000 1.000000
0.997747 0.065678 -0.013670 0.000000 -0.066651 0.993645 -0.090710 31.294100 0.007626 0.091416 0.995784 0.000000 0.000000 0.000000 0.000000 1.000000
0.998064 0.060241 -0.015491 0.000000 -0.061267 0.995094 -0.077677 31.294100 0.010736 0.078475 0.996858 -0.000000 0.000000 0.000000 0.000000 1.000000
0.998281 0.056071 -0.017089 0.000000 -0.057093 0.996133 -0.066776 31.294100 0.013279 0.067637 0.997622 -0.000000 0.000000 0.000000 0.000000 1.000000
0.998350 0.054323 -0.018597 0.000000 -0.055457 0.996200 -0.067157 31.294100 0.014878 0.068078 0.997569 0.000000 0.000000 0.000000 0.000000 1.000000
0.998280 0.055414 -0.019138 -0.000000 -0.056730 0.995423 -0.076905 31.294100 0.014789 0.077858 0.996855 -0.000000 0.000000 0.000000 0.000000 1.000000
0.998140 0.058104 -0.018469 0.000000 -0.059469 0.994621 -0.084810 31.294100 0.013441 0.085750 0.996226 0.000000 0.000000 0.000000 0.000000 1.000000
0.997841 0.062897 -0.018897 0.000000 -0.064294 0.994236 -0.085793 31.294100 0.013392 0.086823 0.996134 0.000000 0.000000 0.000000 0.000000 1.000000
0.997797 0.063461 -0.019313 0.000000 -0.064931 0.993947 -0.088619 31.294100 0.013572 0.089678 0.995878 0.000000 0.000000 0.000000 0.000000 1.000000
0.997839 0.062275 -0.020953 0.000000 -0.063876 0.994137 -0.087239 31.294100 0.015397 0.088389 0.995967 -0.000000 0.000000 0.000000 0.000000 1.000000
0.998083 0.057225 -0.023565 0.000000 -0.059108 0.994273 -0.089035 31.294100 0.018335 0.090257 0.995750 -0.000000 0.000000 0.000000 0.000000 1.000000
0.998213 0.052475 -0.028575 -0.000000 -0.054947 0.994056 -0.093985 31.294100 0.023474 0.095387 0.995163 -0.000000 0.000000 0.000000 0.000000 1.000000
0.998737 0.037778 -0.033117 0.000000 -0.041079 0.993578 -0.105429 31.294100 0.028921 0.106656 0.993875 0.000000 0.000000 0.000000 0.000000 1.000000</float_array>
        <technique_common>
          <accessor source="#mixamorig_Neck-Matrix-animation-output-transform-array" count="30" stride="16">
            <param type="float4x4"/>
          </accessor>
        </technique_common>
      </source>
      <source id="mixamorig_Neck-Interpolations">
        <Name_array id="mixamorig_Neck-Interpolations-array" count="30">
 LINEAR LINEAR LINEAR LINEAR LINEAR LINEAR LINEAR LINEAR LINEAR LINEAR LINEAR
LINEAR LINEAR LINEAR LINEAR LINEAR LINEAR LINEAR LINEAR LINEAR LINEAR LINEAR LINEAR
LINEAR LINEAR LINEAR LINEAR LINEAR LINEAR LINEAR</Name_array>
        <technique_common>
          <accessor source="#mixamorig_Neck-Interpolations-array" count="30">
            <param type="name"/>
          </accessor>
        </technique_common>
      </source>
      <sampler id="mixamorig_Neck-Matrix-animation-transform">
        <input semantic="INPUT" source="#mixamorig_Neck-Matrix-animation-input"/>
        <input semantic="OUTPUT" source="#mixamorig_Neck-Matrix-animation-output-transform"/>
        <input semantic="INTERPOLATION" source="#mixamorig_Neck-Interpolations"/>
      </sampler>
      <channel source="#mixamorig_Neck-Matrix-animation-transform" target="mixamorig_Neck/matrix"/>
    </animation>
    <animation id="mixamorig_Head-anim" name="mixamorig_Head">
      <source id="mixamorig_Head-Matrix-animation-input">
        <float_array id="mixamorig_Head-Matrix-animation-input-array" count="30">

0.000000 0.033333 0.066667 0.100000 0.133333 0.166667 0.200000 0.233333 0.266667 0.300000 0.333333 0.366667 0.400000 0.433333 0.466667 0.500000
0.533333 0.566667 0.600000 0.633333 0.666667 0.700000 0.733333 0.766667 0.800000 0.833333 0.866667 0.900000 0.933333 0.966667</float_array>
        <technique_common>
          <accessor source="#mixamorig_Head-Matrix-animation-input-array" count="30">
            <param name="TIME" type="float"/>
          </accessor>
        </technique_common>
      </source>
      <source id="mixamorig_Head-Matrix-animation-output-transform">
        <float_array id="mixamorig_Head-Matrix-animation-output-transform-array" count="480">

0.997669 -0.024383 -0.063741 0.000000 0.025689 0.999475 0.019749 23.188999 0.063226 -0.021341 0.997771 0.000000 0.000000 0.000000 0.000000 1.000000
0.997114 -0.035143 -0.067292 0.000000 0.035393 0.999370 0.002522 23.188999 0.067161 -0.004897 0.997730 0.000000 0.000000 0.000000 0.000000 1.000000
0.996793 -0.038155 -0.070341 0.000000 0.037737 0.999261 -0.007266 23.188999 0.070566 0.004588 0.997497 -0.000000 0.000000 0.000000 0.000000 1.000000
0.997381 -0.033273 -0.064223 -0.000000 0.032792 0.999426 -0.008525 23.188999 0.064470 0.006396 0.997899 -0.000000 0.000000 0.000000 0.000000 1.000000
0.997989 -0.025219 -0.058149 -0.000000 0.025018 0.999678 -0.004186 23.188999 0.058236 0.002723 0.998299 0.000000 0.000000 0.000000 0.000000 1.000000
0.998432 -0.016764 -0.053414 -0.000000 0.017064 0.999841 0.005167 23.188999 0.053319 -0.006071 0.998559 0.000000 0.000000 0.000000 0.000000 1.000000
0.998611 -0.006336 -0.052311 -0.000000 0.007182 0.999846 0.016005 23.188999 0.052202 -0.016358 0.998503 -0.000000 0.000000 0.000000 0.000000 1.000000
0.998712 0.004931 -0.050494 0.000000 -0.004232 0.999894 0.013931 23.188999 0.050557 -0.013699 0.998627 0.000000 0.000000 0.000000 0.000000 1.000000
0.998759 0.012895 -0.048116 0.000000 -0.012792 0.999915 0.002456 23.188999 0.048143 -0.001838 0.998839 0.000000 0.000000 0.000000 0.000000 1.000000
0.998959 0.010264 -0.044443 0.000000 -0.010783 0.999876 -0.011462 23.188999 0.044320 0.011930 0.998946 0.000000 0.000000 0.000000 0.000000 1.000000
0.999131 0.005686 -0.041295 0.000000 -0.006294 0.999873 -0.014610 23.188999 0.041207 0.014857 0.999040 0.000000 0.000000 0.000000 0.000000 1.000000
0.999301 0.000466 -0.037383 0.000000 -0.000546 0.999998 -0.002127 23.188999 0.037382 0.002146 0.999299 0.000000 0.000000 0.000000 0.000000 1.000000
0.999370 -0.005753 -0.035032 0.000000 0.006231 0.999889 0.013564 23.188999 0.034950 -0.013774 0.999294 -0.000000 0.000000 0.000000 0.000000 1.000000
0.999527 -0.003505 -0.030537 0.000000 0.004296 0.999655 0.025898 23.188999 0.030436 -0.026017 0.999198 0.000000 0.000000 0.000000 0.000000 1.000000
0.999823 0.010496 -0.015644 0.000000 -0.009985 0.999424 0.032431 23.188999 0.015976 -0.032269 0.999352 0.000000 0.000000 0.000000 0.000000 1.000000
0.999700 0.024273 0.003182 -0.000000 -0.024364 0.999159 0.032966 23.188999 -0.002380 -0.033034 0.999451 0.000000 0.000000 0.000000 0.000000 1.000000
0.999380 0.030509 0.017582 -0.000000 -0.030986 0.999140 0.027553 23.188999 -0.016726 -0.028081 0.999466 0.000000 0.000000 0.000000 0.000000 1.000000
0.999273 0.029888 0.023680 -0.000000 -0.030486 0.999215 0.025304 23.188999 -0.022905 -0.026007 0.999399 0.000000 0.000000 0.000000 0.000000 1.000000
0.999444 0.024655 0.022433 0.000000 -0.025283 0.999285 0.028126 23.188999 -0.021723 -0.028677 0.999353 0.000000 0.000000 0.000000 0.000000 1.000000
0.999655 0.020000 0.017009 0.000000 -0.020634 0.999067 0.037945 23.188999 -0.016234 -0.038282 0.999135 0.000000 0.000000 0.000000 0.000000 1.000000
0.999798 0.015858 0.012385 0.000000 -0.016385 0.998910 0.043711 23.188999 -0.011678 -0.043905 0.998967 0.000000 0.000000 0.000000 0.000000 1.000000
0.999935 0.009211 0.006646 -0.000000 -0.009469 0.999155 0.039993 23.188999 -0.006272 -0.040053 0.999178 0.000000 0.000000 0.000000 0.000000 1.000000
0.999985 0.004420 0.003349 0.000000 -0.004517 0.999550 0.029659 23.188999 -0.003217 -0.029674 0.999554 0.000000 0.000000 0.000000 0.000000 1.000000
0.999977 0.003143 0.005981 0.000000 -0.003224 0.999904 0.013488 23.188999 -0.005938 -0.013507 0.999891 0.000000 0.000000 0.000000 0.000000 1.000000
0.999971 0.007014 0.003072 -0.000000 -0.007011 0.999975 -0.001052 23.188999 -0.003079 0.001030 0.999995 -0.000000 0.000000 0.000000 0.000000 1.000000
0.999857 0.016843 -0.001449 0.000000 -0.016840 0.999856 0.002180 23.188999 0.001485 -0.002155 0.999997 -0.000000 0.000000 0.000000 0.000000 1.000000
0.999714 0.021410 -0.010623 0.000000 -0.021281 0.999699 0.012167 23.188999 0.010881 -0.011938 0.999870 0.000000 0.000000 0.000000 0.000000 1.000000
0.999613 0.016313 -0.022525 0.000000 -0.015895 0.999701 0.018605 23.188999 0.022821 -0.018240 0.999573 -0.000000 0.000000 0.000000 0.000000 1.000000
0.998997 -0.004361 -0.044567 0.000000 0.005273 0.999778 0.020381 23.188999 0.044468 -0.020596 0.998798 0.000000 0.000000 0.000000 0.000000 1.000000
0.997669 -0.024383 -0.063741 0.000000 0.025689 0.999475 0.019749 23.188999 0.063226 -0.021341 0.997771 -0.000000 0.000000 0.000000 0.000000 1.000000</float_array>
        <technique_common>
          <accessor source="#mixamorig_Head-Matrix-animation-output-transform-array" count="30" stride="16">
            <param type="float4x4"/>
          </accessor>
        </technique_common>
      </source>
      <source id="mixamorig_Head-Interpolations">
        <Name_array id="mixamorig_Head-Interpolations-array" count="30">
 LINEAR LINEAR LINEAR LINEAR LINEAR LINEAR LINEAR LINEAR LINEAR LINEAR LINEAR
LINEAR LINEAR LINEAR LINEAR LINEAR LINEAR LINEAR LINEAR LINEAR LINEAR LINEAR LINEAR
LINEAR LINEAR LINEAR LINEAR LINEAR LINEAR LINEAR</Name_array>
        <technique_common>
          <accessor source="#mixamorig_Head-Interpolations-array" count="30">
            <param type="name"/>
          </accessor>
        </technique_common>
      </source>
      <sampler id="mixamorig_Head-Matrix-animation-transform">
        <input semantic="INPUT" source="#mixamorig_Head-Matrix-animation-input"/>
        <input semantic="OUTPUT" source="#mixamorig_Head-Matrix-animation-output-transform"/>
        <input semantic="INTERPOLATION" source="#mixamorig_Head-Interpolations"/>
      </sampler>
      <channel source="#mixamorig_Head-Matrix-animation-transform" target="mixamorig_Head/matrix"/>
    </animation>
    <animation id="mixamorig_LeftShoulder-anim" name="mixamorig_LeftShoulder">
      <source id="mixamorig_LeftShoulder-Matrix-animation-input">
        <float_array id="mixamorig_LeftShoulder-Matrix-animation-input-array" count="30">

0.000000 0.033333 0.066667 0.100000 0.133333 0.166667 0.200000 0.233333 0.266667 0.300000 0.333333 0.366667 0.400000 0.433333 0.466667 0.500000
0.533333 0.566667 0.600000 0.633333 0.666667 0.700000 0.733333 0.766667 0.800000 0.833333 0.866667 0.900000 0.933333 0.966667</float_array>
        <technique_common>
          <accessor source="#mixamorig_LeftShoulder-Matrix-animation-input-array" count="30">
            <param name="TIME" type="float"/>
          </accessor>
        </technique_common>
      </source>
      <source id="mixamorig_LeftShoulder-Matrix-animation-output-transform">
        <float_array id="mixamorig_LeftShoulder-Matrix-animation-output-transform-array" count="480">

0.208698 0.973161 0.096964 12.603400 0.014469 0.096064 -0.995270 19.313700 -0.977873 0.209114 0.005968 0.359200 0.000000 0.000000 0.000000 1.000000
0.210174 0.973920 0.085474 12.603400 0.013242 0.084583 -0.996328 19.313700 -0.977574 0.210535 0.004881 0.359200 0.000000 0.000000 0.000000 1.000000
0.190251 0.980457 0.050078 12.603400 0.008927 0.049280 -0.998745 19.313700 -0.981695 0.190460 0.000623 0.359200 0.000000 0.000000 0.000000 1.000000
0.140047 0.990083 0.011059 12.603400 0.005052 0.010455 -0.999933 19.313700 -0.990132 0.140093 -0.003537 0.359200 0.000000 0.000000 0.000000 1.000000
0.088799 0.995835 -0.020681 12.603400 0.003509 -0.021076 -0.999772 19.313700 -0.996043 0.088706 -0.005366 0.359200 0.000000 0.000000 0.000000 1.000000
0.045695 0.998122 -0.040801 12.603400 0.003616 -0.041008 -0.999152 19.313700 -0.998949 0.045509 -0.005483 0.359200 0.000000 0.000000 0.000000 1.000000
0.022238 0.998683 -0.046240 12.603400 0.004083 -0.046342 -0.998917 19.313700 -0.999744 0.022025 -0.005108 0.359200 0.000000 0.000000 0.000000 1.000000
0.005789 0.998832 -0.047975 12.603400 0.004471 -0.048002 -0.998837 19.313700 -0.999973 0.005567 -0.004744 0.359200 0.000000 0.000000 0.000000 1.000000
0.001145 0.998859 -0.047735 12.603400 0.004558 -0.047739 -0.998849 19.313700 -0.999989 0.000926 -0.004607 0.359200 0.000000 0.000000 0.000000 1.000000
0.006683 0.998760 -0.049329 12.603400 0.004323 -0.049358 -0.998772 19.313700 -0.999968 0.006462 -0.004647 0.359200 0.000000 0.000000 0.000000 1.000000
0.007892 0.997354 -0.072265 12.603400 0.004025 -0.072299 -0.997375 19.313700 -0.999961 0.007580 -0.004585 0.359200 0.000000 0.000000 0.000000 1.000000
0.015673 0.994800 -0.100637 12.603400 0.003320 -0.100701 -0.994911 19.313700 -0.999872 0.015259 -0.004881 0.359200 0.000000 0.000000 0.000000 1.000000
0.026334 0.994168 -0.104577 12.603400 0.002630 -0.104682 -0.994502 19.313700 -0.999650 0.025914 -0.005371 0.359200 0.000000 0.000000 0.000000 1.000000
0.047925 0.993979 -0.098537 12.603400 0.001562 -0.098725 -0.995114 19.313700 -0.998850 0.047537 -0.006284 0.359200 0.000000 0.000000 0.000000 1.000000
0.074588 0.992706 -0.094713 12.603400 0.000297 -0.095000 -0.995477 19.313700 -0.997214 0.074223 -0.007381 0.359200 0.000000 0.000000 0.000000 1.000000
0.094927 0.992089 -0.082146 12.603400 -0.000099 -0.082510 -0.996590 19.313700 -0.995484 0.094612 -0.007735 0.359200 0.000000 0.000000 0.000000 1.000000
0.131474 0.989929 -0.052499 12.603400 0.000363 -0.053007 -0.998594 19.313700 -0.991320 0.131270 -0.007329 0.359200 0.000000 0.000000 0.000000 1.000000
0.171243 0.985196 -0.007988 12.603400 0.003219 -0.008667 -0.999957 19.313700 -0.985224 0.171210 -0.004655 0.359200 0.000000 0.000000 0.000000 1.000000
0.212922 0.976262 0.039712 12.603400 0.008284 0.038838 -0.999211 19.313700 -0.977034 0.213083 0.000183 0.359200 0.000000 0.000000 0.000000 1.000000
0.257156 0.961588 0.096019 12.603400 0.016727 0.094916 -0.995345 19.313700 -0.966225 0.257565 0.008324 0.359200 0.000000 0.000000 0.000000 1.000000
0.283877 0.950090 0.129397 12.603400 0.023071 0.128142 -0.991487 19.313700 -0.958583 0.284446 0.014457 0.359200 0.000000 0.000000 0.000000 1.000000
0.294871 0.945865 0.135613 12.603400 0.024823 0.134293 -0.990631 19.313700 -0.955215 0.295475 0.016120 0.359200 0.000000 0.000000 0.000000 1.000000
0.285687 0.950308 0.123685 12.603400 0.022389 0.122411 -0.992227 19.313700 -0.958061 0.286236 0.013694 0.359200 0.000000 0.000000 0.000000 1.000000
0.261768 0.958331 0.114362 12.603400 0.019556 0.113202 -0.993379 19.313700 -0.964933 0.262271 0.010892 0.359200 0.000000 0.000000 0.000000 1.000000
0.250221 0.961782 0.111201 12.603400 0.018457 0.110095 -0.993750 19.313700 -0.968013 0.250709 0.009797 0.359200 0.000000 0.000000 0.000000 1.000000
0.235007 0.965691 0.110509 12.603400 0.017482 0.109476 -0.993836 19.313700 -0.971836 0.235490 0.008845 0.359200 0.000000 0.000000 0.000000 1.000000
0.224886 0.968748 0.104660 12.603400 0.016206 0.103678 -0.994479 19.313700 -0.974250 0.225341 0.007616 0.359200 0.000000 0.000000 0.000000 1.000000
0.212486 0.972281 0.097566 12.603400 0.014728 0.096648 -0.995210 19.313700 -0.977053 0.212905 0.006216 0.359200 0.000000 0.000000 0.000000 1.000000
0.206140 0.974315 0.090640 12.603400 0.013654 0.089757 -0.995870 19.313700 -0.978427 0.206527 0.005199 0.359200 0.000000 0.000000 0.000000 1.000000
0.208698 0.973161 0.096963 12.603400 0.014469 0.096063 -0.995270 19.313700 -0.977873 0.209114 0.005968 0.359200 0.000000 0.000000 0.000000 1.000000</float_array>
        <technique_common>
          <accessor source="#mixamorig_LeftShoulder-Matrix-animation-output-transform-array" count="30" stride="16">
            <param type="float4x4"/>
          </accessor>
        </technique_common>
      </source>
      <source id="mixamorig_LeftShoulder-Interpolations">
        <Name_array id="mixamorig_LeftShoulder-Interpolations-array" count="30">
 LINEAR LINEAR LINEAR LINEAR LINEAR LINEAR LINEAR LINEAR LINEAR LINEAR LINEAR
LINEAR LINEAR LINEAR LINEAR LINEAR LINEAR LINEAR LINEAR LINEAR LINEAR LINEAR LINEAR
LINEAR LINEAR LINEAR LINEAR LINEAR LINEAR LINEAR</Name_array>
        <technique_common>
          <accessor source="#mixamorig_LeftShoulder-Interpolations-array" count="30">
            <param type="name"/>
          </accessor>
        </technique_common>
      </source>
      <sampler id="mixamorig_LeftShoulder-Matrix-animation-transform">
        <input semantic="INPUT" source="#mixamorig_LeftShoulder-Matrix-animation-input"/>
        <input semantic="OUTPUT" source="#mixamorig_LeftShoulder-Matrix-animation-output-transform"/>
        <input semantic="INTERPOLATION" source="#mixamorig_LeftShoulder-Interpolations"/>
      </sampler>
      <channel source="#mixamorig_LeftShoulder-Matrix-animation-transform" target="mixamorig_LeftShoulder/matrix"/>
    </animation>
    <animation id="mixamorig_LeftArm-anim" name="mixamorig_LeftArm">
      <source id="mixamorig_LeftArm-Matrix-animation-input">
        <float_array id="mixamorig_LeftArm-Matrix-animation-input-array" count="30">

0.000000 0.033333 0.066667 0.100000 0.133333 0.166667 0.200000 0.233333 0.266667 0.300000 0.333333 0.366667 0.400000 0.433333 0.466667 0.500000
0.533333 0.566667 0.600000 0.633333 0.666667 0.700000 0.733333 0.766667 0.800000 0.833333 0.866667 0.900000 0.933333 0.966667</float_array>
        <technique_common>
          <accessor source="#mixamorig_LeftArm-Matrix-animation-input-array" count="30">
            <param name="TIME" type="float"/>
          </accessor>
        </technique_common>
      </source>
      <source id="mixamorig_LeftArm-Matrix-animation-output-transform">
        <float_array id="mixamorig_LeftArm-Matrix-animation-output-transform-array" count="480">

0.996689 0.014921 0.079927 0.000000 0.075336 0.200300 -0.976834 26.583300 -0.030585 0.979621 0.198513 0.000000 0.000000 0.000000 0.000000 1.000000
0.996769 0.074809 0.029228 0.000000 0.015830 0.173781 -0.984657 26.583300 -0.078741 0.981939 0.172035 0.000000 0.000000 0.000000 0.000000 1.000000
0.988996 0.144132 -0.033352 0.000000 -0.059054 0.177921 -0.982271 26.583300 -0.135643 0.973432 0.184475 0.000000 0.000000 0.000000 0.000000 1.000000
0.973024 0.213101 -0.088392 -0.000000 -0.130360 0.191739 -0.972750 26.583300 -0.190346 0.958031 0.214346 0.000000 0.000000 0.000000 0.000000 1.000000
0.959246 0.262666 -0.104186 0.000000 -0.161448 0.206852 -0.964959 26.583300 -0.231910 0.942454 0.240829 -0.000000 0.000000 0.000000 0.000000 1.000000
0.953548 0.288008 -0.088305 -0.000000 -0.156539 0.223289 -0.962101 26.583300 -0.257375 0.931232 0.258002 0.000000 0.000000 0.000000 0.000000 1.000000
0.938517 0.334841 -0.084072 0.000000 -0.164644 0.220065 -0.961490 26.583300 -0.303445 0.916217 0.261665 0.000000 0.000000 0.000000 0.000000 1.000000
0.910232 0.398861 -0.111297 0.000000 -0.204526 0.199329 -0.958351 26.583300 -0.360064 0.895085 0.263013 0.000000 0.000000 0.000000 0.000000 1.000000
0.890909 0.420594 -0.171411 0.000000 -0.264668 0.174069 -0.948499 26.583300 -0.369096 0.890393 0.266398 0.000000 0.000000 0.000000 0.000000 1.000000
0.870652 0.440587 -0.218740 0.000000 -0.314293 0.156188 -0.936389 26.583300 -0.378397 0.884018 0.274460 0.000000 0.000000 0.000000 0.000000 1.000000
0.871893 0.445183 -0.203996 0.000000 -0.309954 0.179192 -0.933712 26.583300 -0.379119 0.877327 0.294223 -0.000000 0.000000 0.000000 0.000000 1.000000
0.899316 0.410190 -0.151575 0.000000 -0.259991 0.222826 -0.939550 26.583300 -0.351619 0.884360 0.307036 0.000000 0.000000 0.000000 0.000000 1.000000
0.935875 0.342543 -0.082474 -0.000000 -0.177221 0.255347 -0.950469 26.583300 -0.304517 0.904136 0.299679 0.000000 0.000000 0.000000 0.000000 1.000000
0.965557 0.260181 0.002331 0.000000 -0.073824 0.282537 -0.956412 26.583300 -0.249499 0.923298 0.292013 0.000000 0.000000 0.000000 0.000000 1.000000
0.982305 0.172574 0.072764 -0.000000 0.016768 0.305915 -0.951911 26.583300 -0.186535 0.936287 0.297608 0.000000 0.000000 0.000000 0.000000 1.000000
0.984585 0.104126 0.140532 0.000000 0.099276 0.328809 -0.939164 26.583300 -0.143999 0.938638 0.313404 -0.000000 0.000000 0.000000 0.000000 1.000000
0.981563 0.050311 0.184400 -0.000000 0.156020 0.346429 -0.925011 26.583300 -0.110420 0.936726 0.332192 0.000000 0.000000 0.000000 0.000000 1.000000
0.979469 0.004531 0.201545 0.000000 0.186370 0.360797 -0.913833 26.583300 -0.076858 0.932633 0.352545 0.000000 0.000000 0.000000 0.000000 1.000000
0.980290 -0.027318 0.195666 0.000000 0.191353 0.377670 -0.905952 26.583300 -0.049148 0.925537 0.375454 -0.000000 0.000000 0.000000 0.000000 1.000000
0.985187 -0.039310 0.166919 0.000000 0.169149 0.382895 -0.908174 26.583300 -0.028212 0.922955 0.383872 -0.000000 0.000000 0.000000 0.000000 1.000000
0.992957 -0.019319 0.116886 -0.000000 0.114562 0.407950 -0.905788 26.583300 -0.030185 0.912800 0.407290 0.000000 0.000000 0.000000 0.000000 1.000000
0.997150 -0.001741 0.075423 -0.000000 0.068587 0.437346 -0.896674 26.583300 -0.031425 0.899292 0.436219 0.000000 0.000000 0.000000 0.000000 1.000000
0.998814 0.010975 0.047440 0.000000 0.037051 0.460864 -0.886697 26.583300 -0.031595 0.887403 0.459911 -0.000000 0.000000 0.000000 0.000000 1.000000
0.999098 0.027928 0.031995 0.000000 0.015905 0.452484 -0.891631 26.583300 -0.039379 0.891335 0.451631 0.000000 0.000000 0.000000 0.000000 1.000000
0.998011 0.062987 0.002430 0.000000 -0.024095 0.416831 -0.908665 26.583300 -0.058247 0.906799 0.417520 0.000000 0.000000 0.000000 0.000000 1.000000
0.995439 0.095400 0.000913 -0.000000 -0.034961 0.373668 -0.926903 26.583300 -0.088768 0.922643 0.375299 0.000000 0.000000 0.000000 0.000000 1.000000
0.994007 0.108180 0.015745 0.000000 -0.020997 0.330273 -0.943652 26.583300 -0.107284 0.937665 0.330565 -0.000000 0.000000 0.000000 0.000000 1.000000
0.995101 0.087863 0.045328 -0.000000 0.018510 0.284806 -0.958407 26.583300 -0.097118 0.954550 0.281784 0.000000 0.000000 0.000000 0.000000 1.000000
0.995658 0.051609 0.077469 -0.000000 0.062550 0.245414 -0.967398 26.583300 -0.068938 0.968044 0.241121 0.000000 0.000000 0.000000 0.000000 1.000000
0.996689 0.014921 0.079927 -0.000000 0.075336 0.200300 -0.976834 26.583300 -0.030584 0.979621 0.198513 0.000000 0.000000 0.000000 0.000000 1.000000</float_array>
        <technique_common>
          <accessor source="#mixamorig_LeftArm-Matrix-animation-output-transform-array" count="30" stride="16">
            <param type="float4x4"/>
          </accessor>
        </technique_common>
      </source>
      <source id="mixamorig_LeftArm-Interpolations">
        <Name_array id="mixamorig_LeftArm-Interpolations-array" count="30">
 LINEAR LINEAR LINEAR LINEAR LINEAR LINEAR LINEAR LINEAR LINEAR LINEAR LINEAR
LINEAR LINEAR LINEAR LINEAR LINEAR LINEAR LINEAR LINEAR LINEAR LINEAR LINEAR LINEAR
LINEAR LINEAR LINEAR LINEAR LINEAR LINEAR LINEAR</Name_array>
        <technique_common>
          <accessor source="#mixamorig_LeftArm-Interpolations-array" count="30">
            <param type="name"/>
          </accessor>
        </technique_common>
      </source>
      <sampler id="mixamorig_LeftArm-Matrix-animation-transform">
        <input semantic="INPUT" source="#mixamorig_LeftArm-Matrix-animation-input"/>
        <input semantic="OUTPUT" source="#mixamorig_LeftArm-Matrix-animation-output-transform"/>
        <input semantic="INTERPOLATION" source="#mixamorig_LeftArm-Interpolations"/>
      </sampler>
      <channel source="#mixamorig_LeftArm-Matrix-animation-transform" target="mixamorig_LeftArm/matrix"/>
    </animation>
    <animation id="mixamorig_LeftForeArm-anim" name="mixamorig_LeftForeArm">
      <source id="mixamorig_LeftForeArm-Matrix-animation-input">
        <float_array id="mixamorig_LeftForeArm-Matrix-animation-input-array" count="30">

0.000000 0.033333 0.066667 0.100000 0.133333 0.166667 0.200000 0.233333 0.266667 0.300000 0.333333 0.366667 0.400000 0.433333 0.466667 0.500000
0.533333 0.566667 0.600000 0.633333 0.666667 0.700000 0.733333 0.766667 0.800000 0.833333 0.866667 0.900000 0.933333 0.966667</float_array>
        <technique_common>
          <accessor source="#mixamorig_LeftForeArm-Matrix-animation-input-array" count="30">
            <param name="TIME" type="float"/>
          </accessor>
        </technique_common>
      </source>
      <source id="mixamorig_LeftForeArm-Matrix-animation-output-transform">
        <float_array id="mixamorig_LeftForeArm-Matrix-animation-output-transform-array" count="480">

0.805876 -0.592085 0.000000 -0.000000 0.592085 0.805876 0.000000 55.127701 -0.000000 -0.000000 1.000000 0.000000 0.000000 0.000000 0.000000 1.000000
0.841567 -0.540153 -0.000000 0.000000 0.540153 0.841567 0.000000 55.127701 0.000000 -0.000000 1.000000 0.000000 0.000000 0.000000 0.000000 1.000000
0.847724 -0.530437 0.000000 0.000000 0.530437 0.847724 -0.000000 55.127701 -0.000000 0.000000 1.000000 0.000000 0.000000 0.000000 0.000000 1.000000
0.847799 -0.530317 -0.000000 0.000000 0.530317 0.847799 -0.000000 55.127701 0.000000 0.000000 1.000000 -0.000000 0.000000 0.000000 0.000000 1.000000
0.862874 -0.505419 -0.000000 0.000000 0.505419 0.862874 -0.000000 55.127701 0.000000 -0.000000 1.000000 0.000000 0.000000 0.000000 0.000000 1.000000
0.897023 -0.441984 0.000000 0.000000 0.441984 0.897023 -0.000000 55.127701 -0.000000 0.000000 1.000000 0.000000 0.000000 0.000000 0.000000 1.000000
0.907503 -0.420047 -0.000000 -0.000000 0.420047 0.907503 0.000000 55.127701 -0.000000 -0.000000 1.000000 0.000000 0.000000 0.000000 0.000000 1.000000
0.897327 -0.441366 -0.000000 0.000000 0.441366 0.897327 -0.000000 55.127701 0.000000 0.000000 1.000000 0.000000 0.000000 0.000000 0.000000 1.000000
0.909723 -0.415215 0.000000 0.000000 0.415215 0.909723 0.000000 55.127701 -0.000000 -0.000000 1.000000 0.000000 0.000000 0.000000 0.000000 1.000000
0.905232 -0.424917 0.000000 -0.000000 0.424917 0.905232 0.000000 55.127701 -0.000000 0.000000 1.000000 0.000000 0.000000 0.000000 0.000000 1.000000
0.890893 -0.454214 -0.000000 0.000000 0.454214 0.890893 0.000000 55.127701 -0.000000 -0.000000 1.000000 -0.000000 0.000000 0.000000 0.000000 1.000000
0.884135 -0.467232 -0.000000 -0.000000 0.467232 0.884135 0.000000 55.127701 0.000000 -0.000000 1.000000 0.000000 0.000000 0.000000 0.000000 1.000000
0.883167 -0.469058 -0.000000 0.000000 0.469058 0.883167 0.000000 55.127701 0.000000 -0.000000 1.000000 0.000000 0.000000 0.000000 0.000000 1.000000
0.887713 -0.460398 -0.000000 0.000000 0.460398 0.887713 0.000000 55.127701 0.000000 -0.000000 1.000000 -0.000000 0.000000 0.000000 0.000000 1.000000
0.895096 -0.445874 -0.000000 0.000000 0.445874 0.895096 0.000001 55.127701 -0.000000 -0.000001 1.000000 0.000000 0.000000 0.000000 0.000000 1.000000
0.885609 -0.464431 -0.000000 0.000000 0.464431 0.885609 0.000000 55.127701 0.000000 -0.000000 1.000000 0.000000 0.000000 0.000000 0.000000 1.000000
0.867120 -0.498099 0.000000 0.000000 0.498099 0.867120 -0.000000 55.127701 -0.000000 0.000000 1.000000 -0.000000 0.000000 0.000000 0.000000 1.000000
0.839266 -0.543721 -0.000000 0.000000 0.543721 0.839266 0.000000 55.127701 -0.000000 -0.000000 1.000000 -0.000000 0.000000 0.000000 0.000000 1.000000
0.795981 -0.605321 0.000000 0.000000 0.605321 0.795981 -0.000000 55.127701 0.000000 0.000000 1.000000 0.000000 0.000000 0.000000 0.000000 1.000000
0.730733 -0.682664 -0.000000 0.000000 0.682664 0.730733 0.000000 55.127701 -0.000000 -0.000000 1.000000 -0.000000 0.000000 0.000000 0.000000 1.000000
0.624204 -0.781262 -0.000000 0.000000 0.781262 0.624204 0.000000 55.127701 -0.000000 -0.000000 1.000000 0.000000 0.000000 0.000000 0.000000 1.000000
0.539630 -0.841902 -0.000000 -0.000000 0.841902 0.539630 -0.000000 55.127701 0.000000 -0.000000 1.000000 0.000000 0.000000 0.000000 0.000000 1.000000
0.486232 -0.873830 -0.000000 0.000000 0.873830 0.486232 0.000000 55.127701 0.000000 -0.000000 1.000000 0.000000 0.000000 0.000000 0.000000 1.000000
0.448747 -0.893659 0.000000 -0.000000 0.893659 0.448747 0.000000 55.127701 -0.000000 0.000000 1.000000 0.000000 0.000000 0.000000 0.000000 1.000000
0.414438 -0.910077 -0.000000 0.000000 0.910077 0.414438 0.000000 55.127701 -0.000000 -0.000000 1.000000 0.000000 0.000000 0.000000 0.000000 1.000000
0.402667 -0.915346 -0.000000 0.000000 0.915346 0.402667 0.000000 55.127701 -0.000000 -0.000000 1.000000 0.000000 0.000000 0.000000 0.000000 1.000000
0.432260 -0.901749 -0.000000 0.000000 0.901749 0.432260 -0.000000 55.127701 0.000000 -0.000000 1.000000 0.000000 0.000000 0.000000 0.000000 1.000000
0.535030 -0.844833 -0.000000 0.000000 0.844833 0.535030 0.000000 55.127701 -0.000000 -0.000000 1.000000 0.000000 0.000000 0.000000 0.000000 1.000000
0.668467 -0.743742 0.000000 0.000000 0.743742 0.668467 -0.000000 55.127701 0.000000 0.000000 1.000000 0.000000 0.000000 0.000000 0.000000 1.000000
0.805875 -0.592085 -0.000000 0.000000 0.592085 0.805875 0.000000 55.127701 -0.000000 -0.000000 1.000000 0.000000 0.000000 0.000000 0.000000 1.000000</float_array>
        <technique_common>
          <accessor source="#mixamorig_LeftForeArm-Matrix-animation-output-transform-array" count="30" stride="16">
            <param type="float4x4"/>
          </accessor>
        </technique_common>
      </source>
      <source id="mixamorig_LeftForeArm-Interpolations">
        <Name_array id="mixamorig_LeftForeArm-Interpolations-array" count="30">
 LINEAR LINEAR LINEAR LINEAR LINEAR LINEAR LINEAR LINEAR LINEAR LINEAR LINEAR
LINEAR LINEAR LINEAR LINEAR LINEAR LINEAR LINEAR LINEAR LINEAR LINEAR LINEAR LINEAR
LINEAR LINEAR LINEAR LINEAR LINEAR LINEAR LINEAR</Name_array>
        <technique_common>
          <accessor source="#mixamorig_LeftForeArm-Interpolations-array" count="30">
            <param type="name"/>
          </accessor>
        </technique_common>
      </source>
      <sampler id="mixamorig_LeftForeArm-Matrix-animation-transform">
        <input semantic="INPUT" source="#mixamorig_LeftForeArm-Matrix-animation-input"/>
        <input semantic="OUTPUT" source="#mixamorig_LeftForeArm-Matrix-animation-output-transform"/>
        <input semantic="INTERPOLATION" source="#mixamorig_LeftForeArm-Interpolations"/>
      </sampler>
      <channel source="#mixamorig_LeftForeArm-Matrix-animation-transform" target="mixamorig_LeftForeArm/matrix"/>
    </animation>
    <animation id="mixamorig_LeftHand-anim" name="mixamorig_LeftHand">
      <source id="mixamorig_LeftHand-Matrix-animation-input">
        <float_array id="mixamorig_LeftHand-Matrix-animation-input-array" count="30">

0.000000 0.033333 0.066667 0.100000 0.133333 0.166667 0.200000 0.233333 0.266667 0.300000 0.333333 0.366667 0.400000 0.433333 0.466667 0.500000
0.533333 0.566667 0.600000 0.633333 0.666667 0.700000 0.733333 0.766667 0.800000 0.833333 0.866667 0.900000 0.933333 0.966667</float_array>
        <technique_common>
          <accessor source="#mixamorig_LeftHand-Matrix-animation-input-array" count="30">
            <param name="TIME" type="float"/>
          </accessor>
        </technique_common>
      </source>
      <source id="mixamorig_LeftHand-Matrix-animation-output-transform">
        <float_array id="mixamorig_LeftHand-Matrix-animation-output-transform-array" count="480">

0.883839 -0.351718 0.308420 0.000000 0.341296 0.935729 0.089039 52.773300 -0.319914 0.026567 0.947074 0.000000 0.000000 0.000000 0.000000 1.000000
0.883261 -0.207785 0.420329 0.000000 0.258680 0.963621 -0.067223 52.773300 -0.391070 0.168106 0.904878 0.000000 0.000000 0.000000 0.000000 1.000000
0.828676 -0.015574 0.559511 0.000000 0.192834 0.946362 -0.259258 52.773300 -0.525462 0.322734 0.787231 -0.000000 0.000000 0.000000 0.000000 1.000000
0.723368 0.184922 0.665238 -0.000000 0.152942 0.896620 -0.415549 52.773300 -0.673310 0.402338 0.620304 0.000000 0.000000 0.000000 0.000000 1.000000
0.634698 0.276018 0.721784 0.000000 0.181438 0.854695 -0.486391 52.773300 -0.751158 0.439671 0.492393 0.000000 0.000000 0.000000 0.000000 1.000000
0.618012 0.233980 0.750543 0.000000 0.245685 0.849388 -0.467096 52.773300 -0.746794 0.473068 0.467446 0.000000 0.000000 0.000000 0.000000 1.000000
0.683466 0.138146 0.716791 -0.000000 0.261104 0.870704 -0.416774 52.773300 -0.681688 0.472008 0.559026 0.000000 0.000000 0.000000 0.000000 1.000000
0.756345 0.074801 0.649882 0.000000 0.234739 0.896246 -0.376351 52.773300 -0.610606 0.437204 0.660313 0.000000 0.000000 0.000000 0.000000 1.000000
0.788023 0.068265 0.611849 0.000000 0.198424 0.912637 -0.357383 52.773300 -0.582793 0.403031 0.705633 -0.000000 0.000000 0.000000 0.000000 1.000000
0.805024 0.109726 0.583007 0.000000 0.132183 0.924864 -0.356587 52.773300 -0.578329 0.364124 0.730034 0.000000 0.000000 0.000000 0.000000 1.000000
0.809925 0.156059 0.565391 -0.000000 0.080150 0.925463 -0.370262 52.773300 -0.581032 0.345200 0.737047 0.000000 0.000000 0.000000 0.000000 1.000000
0.791825 0.176150 0.584794 -0.000000 0.066200 0.927109 -0.368898 52.773300 -0.607149 0.330816 0.722448 0.000000 0.000000 0.000000 0.000000 1.000000
0.791741 0.137289 0.595229 0.000000 0.077119 0.944155 -0.320349 52.773300 -0.605969 0.299537 0.736939 -0.000000 0.000000 0.000000 0.000000 1.000000
0.773148 0.086488 0.628301 0.000000 0.086514 0.967017 -0.239571 52.773300 -0.628297 0.239581 0.740164 0.000000 0.000000 0.000000 0.000000 1.000000
0.775606 0.012821 0.631087 0.000000 0.099061 0.984932 -0.141756 52.773300 -0.623395 0.172463 0.762650 0.000000 0.000000 0.000000 0.000000 1.000000
0.791841 -0.059978 0.607775 -0.000000 0.097416 0.994829 -0.028744 52.773300 -0.602908 0.081968 0.793589 0.000000 0.000000 0.000000 0.000000 1.000000
0.817080 -0.126148 0.562555 0.000000 0.112577 0.991895 0.058913 52.773300 -0.565427 0.015194 0.824659 0.000000 0.000000 0.000000 0.000000 1.000000
0.844607 -0.181173 0.503800 0.000000 0.153929 0.983446 0.095602 52.773300 -0.512781 -0.003196 0.858514 0.000000 0.000000 0.000000 0.000000 1.000000
0.886405 -0.213907 0.410525 0.000000 0.187011 0.976716 0.105131 52.773300 -0.423455 -0.016416 0.905769 0.000000 0.000000 0.000000 0.000000 1.000000
0.910477 -0.218062 0.351399 -0.000000 0.171094 0.972179 0.159985 52.773300 -0.376509 -0.085540 0.922455 0.000000 0.000000 0.000000 0.000000 1.000000
0.931482 -0.205465 0.300209 0.000000 0.168026 0.974926 0.145898 52.773300 -0.322658 -0.085459 0.942650 0.000000 0.000000 0.000000 0.000000 1.000000
0.934698 -0.217823 0.280878 0.000000 0.170161 0.968002 0.184438 52.773300 -0.312066 -0.124599 0.941855 0.000000 0.000000 0.000000 0.000000 1.000000
0.922423 -0.255615 0.289477 0.000000 0.208288 0.960518 0.184447 52.773300 -0.325195 -0.109844 0.939246 0.000000 0.000000 0.000000 0.000000 1.000000
0.920450 -0.278061 0.274688 0.000000 0.224045 0.951211 0.212137 52.773300 -0.320273 -0.133718 0.937840 -0.000000 0.000000 0.000000 0.000000 1.000000
0.911784 -0.314545 0.264030 0.000000 0.274055 0.944865 0.179234 52.773300 -0.305849 -0.091064 0.947715 0.000000 0.000000 0.000000 0.000000 1.000000
0.913658 -0.337174 0.227030 0.000000 0.301735 0.936815 0.177014 52.773300 -0.272369 -0.093228 0.957666 0.000000 0.000000 0.000000 0.000000 1.000000
0.916737 -0.346895 0.198133 0.000000 0.312372 0.931616 0.185785 52.773300 -0.249032 -0.108424 0.962407 0.000000 0.000000 0.000000 0.000000 1.000000
0.905276 -0.373682 0.202082 0.000000 0.344181 0.923979 0.166738 52.773300 -0.249027 -0.081391 0.965071 0.000000 0.000000 0.000000 0.000000 1.000000
0.898033 -0.369359 0.238980 0.000000 0.349990 0.928960 0.120584 52.773300 -0.266541 -0.024648 0.963508 -0.000000 0.000000 0.000000 0.000000 1.000000
0.883839 -0.351718 0.308420 0.000000 0.341296 0.935729 0.089038 52.773300 -0.319914 0.026567 0.947074 0.000000 0.000000 0.000000 0.000000 1.000000</float_array>
        <technique_common>
          <accessor source="#mixamorig_LeftHand-Matrix-animation-output-transform-array" count="30" stride="16">
            <param type="float4x4"/>
          </accessor>
        </technique_common>
      </source>
      <source id="mixamorig_LeftHand-Interpolations">
        <Name_array id="mixamorig_LeftHand-Interpolations-array" count="30">
 LINEAR LINEAR LINEAR LINEAR LINEAR LINEAR LINEAR LINEAR LINEAR LINEAR LINEAR
LINEAR LINEAR LINEAR LINEAR LINEAR LINEAR LINEAR LINEAR LINEAR LINEAR LINEAR LINEAR
LINEAR LINEAR LINEAR LINEAR LINEAR LINEAR LINEAR</Name_array>
        <technique_common>
          <accessor source="#mixamorig_LeftHand-Interpolations-array" count="30">
            <param type="name"/>
          </accessor>
        </technique_common>
      </source>
      <sampler id="mixamorig_LeftHand-Matrix-animation-transform">
        <input semantic="INPUT" source="#mixamorig_LeftHand-Matrix-animation-input"/>
        <input semantic="OUTPUT" source="#mixamorig_LeftHand-Matrix-animation-output-transform"/>
        <input semantic="INTERPOLATION" source="#mixamorig_LeftHand-Interpolations"/>
      </sampler>
      <channel source="#mixamorig_LeftHand-Matrix-animation-transform" target="mixamorig_LeftHand/matrix"/>
    </animation>
    <animation id="mixamorig_LeftHandMiddle1-anim" name="mixamorig_LeftHandMiddle1">
      <source id="mixamorig_LeftHandMiddle1-Matrix-animation-input">
        <float_array id="mixamorig_LeftHandMiddle1-Matrix-animation-input-array" count="30">

0.000000 0.033333 0.066667 0.100000 0.133333 0.166667 0.200000 0.233333 0.266667 0.300000 0.333333 0.366667 0.400000 0.433333 0.466667 0.500000
0.533333 0.566667 0.600000 0.633333 0.666667 0.700000 0.733333 0.766667 0.800000 0.833333 0.866667 0.900000 0.933333 0.966667</float_array>
        <technique_common>
          <accessor source="#mixamorig_LeftHandMiddle1-Matrix-animation-input-array" count="30">
            <param name="TIME" type="float"/>
          </accessor>
        </technique_common>
      </source>
      <source id="mixamorig_LeftHandMiddle1-Matrix-animation-output-transform">
        <float_array id="mixamorig_LeftHandMiddle1-Matrix-animation-output-transform-array" count="480">

0.991113 0.130147 -0.027520 0.000000 -0.132612 0.950403 -0.281331 27.744600 -0.010459 0.282480 0.959216 0.000000 0.000000 0.000000 0.000000 1.000000
0.988239 0.149723 -0.031105 0.000000 -0.151988 0.939258 -0.307724 27.744600 -0.016858 0.308832 0.950967 -0.000000 0.000000 0.000000 0.000000 1.000000
0.986040 0.163325 -0.032392 0.000000 -0.165117 0.934053 -0.316673 27.744600 -0.021465 0.317601 0.947981 0.000000 0.000000 0.000000 0.000000 1.000000
0.987495 0.155527 -0.025789 0.000000 -0.156753 0.951224 -0.265710 27.744600 -0.016794 0.266430 0.963708 -0.000000 0.000000 0.000000 0.000000 1.000000
0.990767 0.134493 -0.017098 0.000000 -0.135232 0.971388 -0.195240 27.744600 -0.009649 0.195750 0.980606 0.000000 0.000000 0.000000 0.000000 1.000000
0.991243 0.131045 -0.016255 0.000000 -0.131752 0.973252 -0.188209 27.744600 -0.008843 0.188703 0.981994 0.000000 0.000000 0.000000 0.000000 1.000000
0.990771 0.134424 -0.017383 -0.000000 -0.135196 0.970910 -0.197625 27.744600 -0.009688 0.198151 0.980124 0.000000 0.000000 0.000000 0.000000 1.000000
0.989358 0.144056 -0.020438 0.000000 -0.144971 0.964037 -0.222747 27.744600 -0.012385 0.223340 0.974662 0.000000 0.000000 0.000000 0.000000 1.000000
0.988307 0.150929 -0.021663 -0.000000 -0.151808 0.960717 -0.232329 27.744600 -0.014253 0.232901 0.972396 -0.000000 0.000000 0.000000 0.000000 1.000000
0.988813 0.147873 -0.019549 0.000000 -0.148600 0.965257 -0.214933 27.744600 -0.012913 0.215434 0.976433 0.000000 0.000000 0.000000 0.000000 1.000000
0.989288 0.144673 -0.019464 0.000000 -0.145464 0.965843 -0.214448 27.744600 -0.012226 0.214982 0.976541 -0.000000 0.000000 0.000000 0.000000 1.000000
0.989472 0.142571 -0.024860 -0.000000 -0.144122 0.955092 -0.258897 27.744600 -0.013167 0.259754 0.965585 -0.000000 0.000000 0.000000 0.000000 1.000000
0.989835 0.138953 -0.030312 0.000000 -0.141583 0.942607 -0.302400 27.744600 -0.013447 0.303617 0.952699 0.000000 0.000000 0.000000 0.000000 1.000000
0.990427 0.134370 -0.031596 -0.000000 -0.137484 0.939858 -0.312673 27.744600 -0.012318 0.314024 0.949335 0.000000 0.000000 0.000000 0.000000 1.000000
0.991172 0.128976 -0.030705 -0.000000 -0.132160 0.942712 -0.306315 27.744600 -0.010561 0.307669 0.951435 0.000000 0.000000 0.000000 0.000000 1.000000
0.991833 0.124694 -0.026811 0.000000 -0.127232 0.952631 -0.276236 27.744600 -0.008904 0.277391 0.960716 -0.000000 0.000000 0.000000 0.000000 1.000000
0.992437 0.120639 -0.022700 0.000000 -0.122525 0.962152 -0.243415 27.744600 -0.007525 0.244356 0.969657 0.000000 0.000000 0.000000 0.000000 1.000000
0.992594 0.119579 -0.021381 0.000000 -0.121262 0.964971 -0.232649 27.744600 -0.007188 0.233519 0.972326 -0.000000 0.000000 0.000000 0.000000 1.000000
0.992838 0.117538 -0.021384 -0.000000 -0.119278 0.965165 -0.232870 27.744600 -0.006732 0.233753 0.972273 -0.000000 0.000000 0.000000 0.000000 1.000000
0.992988 0.115832 -0.023629 0.000000 -0.118043 0.960649 -0.251434 27.744600 -0.006425 0.252461 0.967586 -0.000000 0.000000 0.000000 0.000000 1.000000
0.993277 0.112614 -0.026820 0.000000 -0.115625 0.953758 -0.277447 27.744600 -0.005665 0.278683 0.960366 0.000000 0.000000 0.000000 0.000000 1.000000
0.993515 0.110442 -0.027036 0.000000 -0.113589 0.953433 -0.279399 27.744600 -0.005080 0.280658 0.959794 0.000000 0.000000 0.000000 0.000000 1.000000
0.994192 0.104692 -0.024930 -0.000000 -0.107557 0.958726 -0.263203 27.744600 -0.003655 0.264356 0.964418 0.000000 0.000000 0.000000 0.000000 1.000000
0.994837 0.099154 -0.021631 -0.000000 -0.101453 0.966226 -0.236884 27.744600 -0.002588 0.237855 0.971297 -0.000000 0.000000 0.000000 0.000000 1.000000
0.994741 0.100309 -0.020710 0.000000 -0.102382 0.968002 -0.229107 27.744600 -0.002935 0.230023 0.973181 0.000000 0.000000 0.000000 0.000000 1.000000
0.994664 0.101525 -0.018322 0.000000 -0.103109 0.972489 -0.208889 27.744600 -0.003390 0.209663 0.977768 0.000000 0.000000 0.000000 0.000000 1.000000
0.994475 0.103721 -0.016175 0.000000 -0.104901 0.976112 -0.190268 27.744600 -0.003946 0.190913 0.981599 0.000000 0.000000 0.000000 0.000000 1.000000
0.993652 0.110988 -0.018381 0.000000 -0.112376 0.971570 -0.208385 27.744600 -0.005270 0.209127 0.977874 -0.000000 0.000000 0.000000 0.000000 1.000000
0.992255 0.121845 -0.024154 0.000000 -0.123962 0.958919 -0.255163 27.744600 -0.007929 0.256181 0.966596 0.000000 0.000000 0.000000 0.000000 1.000000
0.991113 0.130147 -0.027519 0.000000 -0.132613 0.950403 -0.281331 27.744600 -0.010460 0.282480 0.959216 0.000000 0.000000 0.000000 0.000000 1.000000</float_array>
        <technique_common>
          <accessor source="#mixamorig_LeftHandMiddle1-Matrix-animation-output-transform-array" count="30" stride="16">
            <param type="float4x4"/>
          </accessor>
        </technique_common>
      </source>
      <source id="mixamorig_LeftHandMiddle1-Interpolations">
        <Name_array id="mixamorig_LeftHandMiddle1-Interpolations-array" count="30">
 LINEAR LINEAR LINEAR LINEAR LINEAR LINEAR LINEAR LINEAR LINEAR LINEAR LINEAR
LINEAR LINEAR LINEAR LINEAR LINEAR LINEAR LINEAR LINEAR LINEAR LINEAR LINEAR LINEAR
LINEAR LINEAR LINEAR LINEAR LINEAR LINEAR LINEAR</Name_array>
        <technique_common>
          <accessor source="#mixamorig_LeftHandMiddle1-Interpolations-array" count="30">
            <param type="name"/>
          </accessor>
        </technique_common>
      </source>
      <sampler id="mixamorig_LeftHandMiddle1-Matrix-animation-transform">
        <input semantic="INPUT" source="#mixamorig_LeftHandMiddle1-Matrix-animation-input"/>
        <input semantic="OUTPUT" source="#mixamorig_LeftHandMiddle1-Matrix-animation-output-transform"/>
        <input semantic="INTERPOLATION" source="#mixamorig_LeftHandMiddle1-Interpolations"/>
      </sampler>
      <channel source="#mixamorig_LeftHandMiddle1-Matrix-animation-transform" target="mixamorig_LeftHandMiddle1/matrix"/>
    </animation>
    <animation id="mixamorig_LeftHandMiddle2-anim" name="mixamorig_LeftHandMiddle2">
      <source id="mixamorig_LeftHandMiddle2-Matrix-animation-input">
        <float_array id="mixamorig_LeftHandMiddle2-Matrix-animation-input-array" count="30">

0.000000 0.033333 0.066667 0.100000 0.133333 0.166667 0.200000 0.233333 0.266667 0.300000 0.333333 0.366667 0.400000 0.433333 0.466667 0.500000
0.533333 0.566667 0.600000 0.633333 0.666667 0.700000 0.733333 0.766667 0.800000 0.833333 0.866667 0.900000 0.933333 0.966667</float_array>
        <technique_common>
          <accessor source="#mixamorig_LeftHandMiddle2-Matrix-animation-input-array" count="30">
            <param name="TIME" type="float"/>
          </accessor>
        </technique_common>
      </source>
      <source id="mixamorig_LeftHandMiddle2-Matrix-animation-output-transform">
        <float_array id="mixamorig_LeftHandMiddle2-Matrix-animation-output-transform-array" count="480">

0.998145 0.058225 -0.017814 0.000000 -0.059951 0.888583 -0.454781 6.931600 -0.010650 0.455005 0.890425 -0.000000 0.000000 0.000000 0.000000 1.000000
0.998147 0.058195 -0.017792 0.000000 -0.059918 0.888755 -0.454450 6.931600 -0.010634 0.454674 0.890594 0.000000 0.000000 0.000000 0.000000 1.000000
0.998149 0.058164 -0.017769 0.000000 -0.059884 0.888929 -0.454114 6.931600 -0.010617 0.454338 0.890766 0.000000 0.000000 0.000000 0.000000 1.000000
0.998159 0.058020 -0.017664 -0.000000 -0.059727 0.889734 -0.452555 6.931600 -0.010541 0.452777 0.891562 0.000000 0.000000 0.000000 0.000000 1.000000
0.998166 0.057927 -0.017596 0.000000 -0.059624 0.890255 -0.451542 6.931600 -0.010492 0.451763 0.892076 0.000000 0.000000 0.000000 0.000000 1.000000
0.998157 0.058045 -0.017682 0.000000 -0.059753 0.889597 -0.452822 6.931600 -0.010554 0.453044 0.891426 0.000000 0.000000 0.000000 0.000000 1.000000
0.998151 0.058130 -0.017744 0.000000 -0.059846 0.889121 -0.453742 6.931600 -0.010599 0.453965 0.890956 0.000000 0.000000 0.000000 0.000000 1.000000
0.998143 0.058248 -0.017831 0.000000 -0.059976 0.888455 -0.455029 6.931600 -0.010662 0.455253 0.890298 0.000000 0.000000 0.000000 0.000000 1.000000
0.998141 0.058268 -0.017846 0.000000 -0.059998 0.888339 -0.455252 6.931600 -0.010673 0.455477 0.890184 0.000000 0.000000 0.000000 0.000000 1.000000
0.998154 0.058096 -0.017719 0.000000 -0.059809 0.889311 -0.453376 6.931600 -0.010581 0.453598 0.891143 0.000000 0.000000 0.000000 0.000000 1.000000
0.998163 0.057970 -0.017627 0.000000 -0.059671 0.890017 -0.452005 6.931600 -0.010514 0.452227 0.891841 -0.000000 0.000000 0.000000 0.000000 1.000000
0.998166 0.057924 -0.017594 0.000000 -0.059621 0.890271 -0.451511 6.931600 -0.010490 0.451732 0.892092 0.000000 0.000000 0.000000 0.000000 1.000000
0.998167 0.057905 -0.017580 0.000000 -0.059601 0.890377 -0.451305 6.931600 -0.010480 0.451525 0.892197 0.000000 0.000000 0.000000 0.000000 1.000000
0.998165 0.057932 -0.017600 0.000000 -0.059630 0.890225 -0.451602 6.931600 -0.010494 0.451823 0.892046 0.000000 0.000000 0.000000 0.000000 1.000000
0.998161 0.057989 -0.017641 0.000000 -0.059692 0.889911 -0.452211 6.931600 -0.010524 0.452433 0.891736 0.000000 0.000000 0.000000 0.000000 1.000000
0.998162 0.057974 -0.017630 0.000000 -0.059676 0.889994 -0.452050 6.931600 -0.010516 0.452272 0.891818 -0.000000 0.000000 0.000000 0.000000 1.000000
0.998170 0.057862 -0.017549 -0.000000 -0.059554 0.890616 -0.450841 6.931600 -0.010458 0.451061 0.892432 0.000000 0.000000 0.000000 0.000000 1.000000
0.998171 0.057859 -0.017546 0.000000 -0.059550 0.890634 -0.450804 6.931600 -0.010456 0.451024 0.892450 -0.000000 0.000000 0.000000 0.000000 1.000000
0.998169 0.057880 -0.017562 0.000000 -0.059573 0.890516 -0.451035 6.931600 -0.010467 0.451255 0.892333 0.000000 0.000000 0.000000 0.000000 1.000000
0.998166 0.057925 -0.017594 0.000000 -0.059622 0.890268 -0.451517 6.931600 -0.010490 0.451738 0.892089 0.000000 0.000000 0.000000 0.000000 1.000000
0.998153 0.058108 -0.017729 -0.000000 -0.059823 0.889239 -0.453514 6.931600 -0.010588 0.453737 0.891073 0.000000 0.000000 0.000000 0.000000 1.000000
0.998148 0.058173 -0.017776 0.000000 -0.059893 0.888877 -0.454214 6.931600 -0.010622 0.454438 0.890715 0.000000 0.000000 0.000000 0.000000 1.000000
0.998130 0.058427 -0.017963 0.000000 -0.060172 0.887440 -0.456978 6.931600 -0.010759 0.457205 0.889296 0.000000 0.000000 0.000000 0.000000 1.000000
0.998115 0.058638 -0.018120 -0.000000 -0.060403 0.886240 -0.459271 6.931600 -0.010872 0.459500 0.888111 -0.000000 0.000000 0.000000 0.000000 1.000000
0.998116 0.058627 -0.018111 0.000000 -0.060391 0.886303 -0.459151 6.931600 -0.010866 0.459380 0.888173 0.000000 0.000000 0.000000 0.000000 1.000000
0.998117 0.058614 -0.018102 0.000000 -0.060377 0.886375 -0.459015 6.931600 -0.010859 0.459243 0.888244 -0.000000 0.000000 0.000000 0.000000 1.000000
0.998119 0.058574 -0.018072 0.000000 -0.060333 0.886608 -0.458569 6.931600 -0.010837 0.458797 0.888475 0.000000 0.000000 0.000000 0.000000 1.000000
0.998129 0.058439 -0.017972 0.000000 -0.060185 0.887376 -0.457102 6.931600 -0.010765 0.457328 0.889233 0.000000 0.000000 0.000000 0.000000 1.000000
0.998138 0.058318 -0.017883 0.000000 -0.060053 0.888058 -0.455792 6.931600 -0.010700 0.456017 0.889907 0.000000 0.000000 0.000000 0.000000 1.000000
0.998145 0.058225 -0.017814 0.000000 -0.059951 0.888583 -0.454781 6.931600 -0.010650 0.455005 0.890425 0.000000 0.000000 0.000000 0.000000 1.000000</float_array>
        <technique_common>
          <accessor source="#mixamorig_LeftHandMiddle2-Matrix-animation-output-transform-array" count="30" stride="16">
            <param type="float4x4"/>
          </accessor>
        </technique_common>
      </source>
      <source id="mixamorig_LeftHandMiddle2-Interpolations">
        <Name_array id="mixamorig_LeftHandMiddle2-Interpolations-array" count="30">
 LINEAR LINEAR LINEAR LINEAR LINEAR LINEAR LINEAR LINEAR LINEAR LINEAR LINEAR
LINEAR LINEAR LINEAR LINEAR LINEAR LINEAR LINEAR LINEAR LINEAR LINEAR LINEAR LINEAR
LINEAR LINEAR LINEAR LINEAR LINEAR LINEAR LINEAR</Name_array>
        <technique_common>
          <accessor source="#mixamorig_LeftHandMiddle2-Interpolations-array" count="30">
            <param type="name"/>
          </accessor>
        </technique_common>
      </source>
      <sampler id="mixamorig_LeftHandMiddle2-Matrix-animation-transform">
        <input semantic="INPUT" source="#mixamorig_LeftHandMiddle2-Matrix-animation-input"/>
        <input semantic="OUTPUT" source="#mixamorig_LeftHandMiddle2-Matrix-animation-output-transform"/>
        <input semantic="INTERPOLATION" source="#mixamorig_LeftHandMiddle2-Interpolations"/>
      </sampler>
      <channel source="#mixamorig_LeftHandMiddle2-Matrix-animation-transform" target="mixamorig_LeftHandMiddle2/matrix"/>
    </animation>
    <animation id="mixamorig_LeftHandMiddle3-anim" name="mixamorig_LeftHandMiddle3">
      <source id="mixamorig_LeftHandMiddle3-Matrix-animation-input">
        <float_array id="mixamorig_LeftHandMiddle3-Matrix-animation-input-array" count="30">

0.000000 0.033333 0.066667 0.100000 0.133333 0.166667 0.200000 0.233333 0.266667 0.300000 0.333333 0.366667 0.400000 0.433333 0.466667 0.500000
0.533333 0.566667 0.600000 0.633333 0.666667 0.700000 0.733333 0.766667 0.800000 0.833333 0.866667 0.900000 0.933333 0.966667</float_array>
        <technique_common>
          <accessor source="#mixamorig_LeftHandMiddle3-Matrix-animation-input-array" count="30">
            <param name="TIME" type="float"/>
          </accessor>
        </technique_common>
      </source>
      <source id="mixamorig_LeftHandMiddle3-Matrix-animation-output-transform">
        <float_array id="mixamorig_LeftHandMiddle3-Matrix-animation-output-transform-array" count="480">

0.999472 0.032221 -0.004306 -0.000000 -0.032161 0.960825 -0.275284 6.823600 -0.004732 0.275277 0.961353 0.000000 0.000000 0.000000 0.000000 1.000000
0.999472 0.032193 -0.004298 0.000000 -0.032133 0.960906 -0.275004 6.823600 -0.004724 0.274997 0.961433 -0.000000 0.000000 0.000000 0.000000 1.000000
0.999473 0.032166 -0.004289 0.000000 -0.032106 0.960983 -0.274736 6.823600 -0.004715 0.274729 0.961510 0.000000 0.000000 0.000000 0.000000 1.000000
0.999479 0.031997 -0.004238 0.000000 -0.031938 0.961475 -0.273032 6.823600 -0.004662 0.273025 0.961996 0.000000 0.000000 0.000000 0.000000 1.000000
0.999483 0.031879 -0.004202 0.000000 -0.031821 0.961814 -0.271847 6.823600 -0.004625 0.271840 0.962331 0.000000 0.000000 0.000000 0.000000 1.000000
0.999478 0.032016 -0.004243 0.000000 -0.031957 0.961421 -0.273220 6.823600 -0.004668 0.273213 0.961942 0.000000 0.000000 0.000000 0.000000 1.000000
0.999475 0.032116 -0.004274 0.000000 -0.032057 0.961128 -0.274234 6.823600 -0.004699 0.274227 0.961653 0.000000 0.000000 0.000000 0.000000 1.000000
0.999470 0.032260 -0.004318 0.000000 -0.032200 0.960710 -0.275681 6.823600 -0.004745 0.275674 0.961239 0.000000 0.000000 0.000000 0.000000 1.000000
0.999469 0.032289 -0.004327 0.000000 -0.032229 0.960623 -0.275979 6.823600 -0.004754 0.275972 0.961154 -0.000000 0.000000 0.000000 0.000000 1.000000
0.999476 0.032087 -0.004265 0.000000 -0.032028 0.961213 -0.273943 6.823600 -0.004690 0.273936 0.961737 0.000000 0.000000 0.000000 0.000000 1.000000
0.999481 0.031938 -0.004220 -0.000000 -0.031879 0.961644 -0.272441 6.823600 -0.004643 0.272434 0.962163 0.000000 0.000000 0.000000 0.000000 1.000000
0.999483 0.031881 -0.004203 -0.000000 -0.031823 0.961809 -0.271866 6.823600 -0.004625 0.271859 0.962326 0.000000 0.000000 0.000000 0.000000 1.000000
0.999484 0.031854 -0.004194 0.000000 -0.031796 0.961886 -0.271596 6.823600 -0.004617 0.271589 0.962402 -0.000000 0.000000 0.000000 0.000000 1.000000
0.999483 0.031883 -0.004203 0.000000 -0.031824 0.961804 -0.271882 6.823600 -0.004626 0.271875 0.962321 0.000000 0.000000 0.000000 0.000000 1.000000
0.999481 0.031946 -0.004222 0.000000 -0.031887 0.961622 -0.272520 6.823600 -0.004646 0.272513 0.962141 0.000000 0.000000 0.000000 0.000000 1.000000
0.999481 0.031928 -0.004217 -0.000000 -0.031869 0.961674 -0.272336 6.823600 -0.004640 0.272330 0.962193 0.000000 0.000000 0.000000 0.000000 1.000000
0.999486 0.031797 -0.004177 -0.000000 -0.031739 0.962050 -0.271022 6.823600 -0.004599 0.271016 0.962564 0.000000 0.000000 0.000000 0.000000 1.000000
0.999486 0.031793 -0.004176 -0.000000 -0.031735 0.962062 -0.270980 6.823600 -0.004598 0.270974 0.962576 0.000000 0.000000 0.000000 0.000000 1.000000
0.999485 0.031817 -0.004183 -0.000000 -0.031759 0.961993 -0.271222 6.823600 -0.004605 0.271215 0.962508 0.000000 0.000000 0.000000 0.000000 1.000000
0.999483 0.031868 -0.004199 0.000000 -0.031809 0.961848 -0.271730 6.823600 -0.004621 0.271724 0.962364 0.000000 0.000000 0.000000 0.000000 1.000000
0.999476 0.032081 -0.004263 0.000000 -0.032021 0.961232 -0.273875 6.823600 -0.004688 0.273868 0.961756 0.000000 0.000000 0.000000 0.000000 1.000000
0.999474 0.032155 -0.004286 -0.000000 -0.032096 0.961015 -0.274628 6.823600 -0.004711 0.274621 0.961541 0.000000 0.000000 0.000000 0.000000 1.000000
0.999464 0.032452 -0.004377 -0.000000 -0.032391 0.960146 -0.277615 6.823600 -0.004806 0.277608 0.960682 0.000000 0.000000 0.000000 0.000000 1.000000
0.999455 0.032698 -0.004454 0.000000 -0.032636 0.959416 -0.280099 6.823600 -0.004885 0.280091 0.959961 0.000000 0.000000 0.000000 0.000000 1.000000
0.999456 0.032685 -0.004450 -0.000000 -0.032623 0.959456 -0.279965 6.823600 -0.004881 0.279957 0.960000 0.000000 0.000000 0.000000 0.000000 1.000000
0.999456 0.032670 -0.004445 -0.000000 -0.032608 0.959501 -0.279812 6.823600 -0.004876 0.279805 0.960044 0.000000 0.000000 0.000000 0.000000 1.000000
0.999458 0.032621 -0.004430 0.000000 -0.032560 0.959643 -0.279329 6.823600 -0.004861 0.279322 0.960185 0.000000 0.000000 0.000000 0.000000 1.000000
0.999463 0.032465 -0.004382 0.000000 -0.032404 0.960108 -0.277746 6.823600 -0.004810 0.277739 0.960645 0.000000 0.000000 0.000000 0.000000 1.000000
0.999468 0.032326 -0.004339 0.000000 -0.032266 0.960516 -0.276349 6.823600 -0.004766 0.276342 0.961048 0.000000 0.000000 0.000000 0.000000 1.000000
0.999472 0.032220 -0.004306 0.000000 -0.032161 0.960825 -0.275284 6.823600 -0.004732 0.275277 0.961353 0.000000 0.000000 0.000000 0.000000 1.000000</float_array>
        <technique_common>
          <accessor source="#mixamorig_LeftHandMiddle3-Matrix-animation-output-transform-array" count="30" stride="16">
            <param type="float4x4"/>
          </accessor>
        </technique_common>
      </source>
      <source id="mixamorig_LeftHandMiddle3-Interpolations">
        <Name_array id="mixamorig_LeftHandMiddle3-Interpolations-array" count="30">
 LINEAR LINEAR LINEAR LINEAR LINEAR LINEAR LINEAR LINEAR LINEAR LINEAR LINEAR
LINEAR LINEAR LINEAR LINEAR LINEAR LINEAR LINEAR LINEAR LINEAR LINEAR LINEAR LINEAR
LINEAR LINEAR LINEAR LINEAR LINEAR LINEAR LINEAR</Name_array>
        <technique_common>
          <accessor source="#mixamorig_LeftHandMiddle3-Interpolations-array" count="30">
            <param type="name"/>
          </accessor>
        </technique_common>
      </source>
      <sampler id="mixamorig_LeftHandMiddle3-Matrix-animation-transform">
        <input semantic="INPUT" source="#mixamorig_LeftHandMiddle3-Matrix-animation-input"/>
        <input semantic="OUTPUT" source="#mixamorig_LeftHandMiddle3-Matrix-animation-output-transform"/>
        <input semantic="INTERPOLATION" source="#mixamorig_LeftHandMiddle3-Interpolations"/>
      </sampler>
      <channel source="#mixamorig_LeftHandMiddle3-Matrix-animation-transform" target="mixamorig_LeftHandMiddle3/matrix"/>
    </animation>
    <animation id="mixamorig_LeftHandThumb1-anim" name="mixamorig_LeftHandThumb1">
      <source id="mixamorig_LeftHandThumb1-Matrix-animation-input">
        <float_array id="mixamorig_LeftHandThumb1-Matrix-animation-input-array" count="30">

0.000000 0.033333 0.066667 0.100000 0.133333 0.166667 0.200000 0.233333 0.266667 0.300000 0.333333 0.366667 0.400000 0.433333 0.466667 0.500000
0.533333 0.566667 0.600000 0.633333 0.666667 0.700000 0.733333 0.766667 0.800000 0.833333 0.866667 0.900000 0.933333 0.966667</float_array>
        <technique_common>
          <accessor source="#mixamorig_LeftHandThumb1-Matrix-animation-input-array" count="30">
            <param name="TIME" type="float"/>
          </accessor>
        </technique_common>
      </source>
      <source id="mixamorig_LeftHandThumb1-Matrix-animation-output-transform">
        <float_array id="mixamorig_LeftHandThumb1-Matrix-animation-output-transform-array" count="480">

0.868071 -0.198046 0.455225 -6.128800 0.297856 0.941371 -0.158440 11.123100 -0.397157 0.273128 0.876166 3.291500 0.000000 0.000000 0.000000 1.000000
0.868346 -0.210964 0.448854 -6.128800 0.283479 0.953734 -0.100153 11.123100 -0.406959 0.214208 0.887975 3.291500 0.000000 0.000000 0.000000 1.000000
0.868424 -0.223052 0.442817 -6.128800 0.266655 0.963049 -0.037849 11.123100 -0.418012 0.150948 0.895813 3.291500 0.000000 0.000000 0.000000 1.000000
0.867473 -0.234988 0.438487 -6.128800 0.252362 0.967442 0.019202 11.123100 -0.428723 0.094001 0.898533 3.291500 0.000000 0.000000 0.000000 1.000000
0.865034 -0.247644 0.436335 -6.128800 0.245915 0.967339 0.061491 11.123100 -0.437311 0.054110 0.897681 3.291500 0.000000 0.000000 0.000000 1.000000
0.860547 -0.263071 0.436179 -6.128800 0.251406 0.964101 0.085470 11.123100 -0.443005 0.036107 0.895792 3.291500 0.000000 0.000000 0.000000 1.000000
0.854286 -0.281214 0.437166 -6.128800 0.266201 0.959052 0.096732 11.123100 -0.446467 0.033737 0.894164 3.291500 0.000000 0.000000 0.000000 1.000000
0.847307 -0.299284 0.438748 -6.128800 0.285349 0.953276 0.099197 11.123100 -0.447937 0.041146 0.893118 3.291500 0.000000 0.000000 0.000000 1.000000
0.840869 -0.314444 0.440527 -6.128800 0.303848 0.947814 0.096561 11.123100 -0.447901 0.052658 0.892531 3.291500 0.000000 0.000000 0.000000 1.000000
0.836512 -0.323888 0.441979 -6.128800 0.316697 0.944016 0.092389 11.123100 -0.447159 0.062689 0.892255 3.291500 0.000000 0.000000 0.000000 1.000000
0.834460 -0.327812 0.442962 -6.128800 0.323358 0.942167 0.088097 11.123100 -0.446224 0.069722 0.892201 3.291500 0.000000 0.000000 0.000000 1.000000
0.833242 -0.329513 0.443993 -6.128800 0.328301 0.940986 0.082237 11.123100 -0.444889 0.077240 0.892249 3.291500 0.000000 0.000000 0.000000 1.000000
0.832689 -0.329403 0.445110 -6.128800 0.331997 0.940310 0.074792 11.123100 -0.443178 0.085497 0.892347 3.291500 0.000000 0.000000 0.000000 1.000000
0.832751 -0.327635 0.446297 -6.128800 0.334544 0.940073 0.065896 11.123100 -0.441142 0.094431 0.892455 3.291500 0.000000 0.000000 0.000000 1.000000
0.833374 -0.324358 0.447527 -6.128800 0.336033 0.940202 0.055687 11.123100 -0.438828 0.103976 0.892535 3.291500 0.000000 0.000000 0.000000 1.000000
0.834499 -0.319720 0.448765 -6.128800 0.336555 0.940621 0.044301 11.123100 -0.436282 0.114065 0.892551 3.291500 0.000000 0.000000 0.000000 1.000000
0.836067 -0.313868 0.449976 -6.128800 0.336196 0.941252 0.031881 11.123100 -0.433547 0.124625 0.892471 3.291500 0.000000 0.000000 0.000000 1.000000
0.838016 -0.306949 0.451123 -6.128800 0.335047 0.942018 0.018568 11.123100 -0.430665 0.135588 0.892269 3.291500 0.000000 0.000000 0.000000 1.000000
0.840281 -0.299113 0.452172 -6.128800 0.333199 0.942846 0.004504 11.123100 -0.427676 0.146879 0.891919 3.291500 0.000000 0.000000 0.000000 1.000000
0.842797 -0.290513 0.453095 -6.128800 0.330747 0.943665 -0.010166 11.123100 -0.424617 0.158427 0.891404 3.291500 0.000000 0.000000 0.000000 1.000000
0.845501 -0.281302 0.453870 -6.128800 0.327789 0.944412 -0.025296 11.123100 -0.421525 0.170161 0.890709 3.291500 0.000000 0.000000 0.000000 1.000000
0.848326 -0.271640 0.454483 -6.128800 0.324433 0.945031 -0.040741 11.123100 -0.418433 0.182011 0.889823 3.291500 0.000000 0.000000 0.000000 1.000000
0.851210 -0.261688 0.454929 -6.128800 0.320787 0.945473 -0.056357 11.123100 -0.415376 0.193907 0.888742 3.291500 0.000000 0.000000 0.000000 1.000000
0.854090 -0.251610 0.455216 -6.128800 0.316971 0.945699 -0.071997 11.123100 -0.412382 0.205782 0.887465 3.291500 0.000000 0.000000 0.000000 1.000000
0.856907 -0.241575 0.455360 -6.128800 0.313108 0.945676 -0.087519 11.123100 -0.409481 0.217572 0.885995 3.291500 0.000000 0.000000 0.000000 1.000000
0.859601 -0.231751 0.455387 -6.128800 0.309329 0.945385 -0.102780 11.123100 -0.406697 0.229214 0.884341 3.291500 0.000000 0.000000 0.000000 1.000000
0.862117 -0.222312 0.455337 -6.128800 0.305769 0.944810 -0.117640 11.123100 -0.404054 0.240648 0.882513 3.291500 0.000000 0.000000 0.000000 1.000000
0.864402 -0.213432 0.455255 -6.128800 0.302573 0.943947 -0.131961 11.123100 -0.401572 0.251815 0.880528 3.291500 0.000000 0.000000 0.000000 1.000000
0.866403 -0.205284 0.455197 -6.128800 0.299885 0.942798 -0.145605 11.123100 -0.399268 0.262659 0.878405 3.291500 0.000000 0.000000 0.000000 1.000000
0.868071 -0.198046 0.455225 -6.128800 0.297856 0.941371 -0.158440 11.123100 -0.397157 0.273128 0.876166 3.291500 0.000000 0.000000 0.000000 1.000000</float_array>
        <technique_common>
          <accessor source="#mixamorig_LeftHandThumb1-Matrix-animation-output-transform-array" count="30" stride="16">
            <param type="float4x4"/>
          </accessor>
        </technique_common>
      </source>
      <source id="mixamorig_LeftHandThumb1-Interpolations">
        <Name_array id="mixamorig_LeftHandThumb1-Interpolations-array" count="30">
 LINEAR LINEAR LINEAR LINEAR LINEAR LINEAR LINEAR LINEAR LINEAR LINEAR LINEAR
LINEAR LINEAR LINEAR LINEAR LINEAR LINEAR LINEAR LINEAR LINEAR LINEAR LINEAR LINEAR
LINEAR LINEAR LINEAR LINEAR LINEAR LINEAR LINEAR</Name_array>
        <technique_common>
          <accessor source="#mixamorig_LeftHandThumb1-Interpolations-array" count="30">
            <param type="name"/>
          </accessor>
        </technique_common>
      </source>
      <sampler id="mixamorig_LeftHandThumb1-Matrix-animation-transform">
        <input semantic="INPUT" source="#mixamorig_LeftHandThumb1-Matrix-animation-input"/>
        <input semantic="OUTPUT" source="#mixamorig_LeftHandThumb1-Matrix-animation-output-transform"/>
        <input semantic="INTERPOLATION" source="#mixamorig_LeftHandThumb1-Interpolations"/>
      </sampler>
      <channel source="#mixamorig_LeftHandThumb1-Matrix-animation-transform" target="mixamorig_LeftHandThumb1/matrix"/>
    </animation>
    <animation id="mixamorig_LeftHandThumb2-anim" name="mixamorig_LeftHandThumb2">
      <source id="mixamorig_LeftHandThumb2-Matrix-animation-input">
        <float_array id="mixamorig_LeftHandThumb2-Matrix-animation-input-array" count="30">

0.000000 0.033333 0.066667 0.100000 0.133333 0.166667 0.200000 0.233333 0.266667 0.300000 0.333333 0.366667 0.400000 0.433333 0.466667 0.500000
0.533333 0.566667 0.600000 0.633333 0.666667 0.700000 0.733333 0.766667 0.800000 0.833333 0.866667 0.900000 0.933333 0.966667</float_array>
        <technique_common>
          <accessor source="#mixamorig_LeftHandThumb2-Matrix-animation-input-array" count="30">
            <param name="TIME" type="float"/>
          </accessor>
        </technique_common>
      </source>
      <source id="mixamorig_LeftHandThumb2-Matrix-animation-output-transform">
        <float_array id="mixamorig_LeftHandThumb2-Matrix-animation-output-transform-array" count="480">

0.914947 0.146468 -0.376058 0.000000 -0.174413 0.983812 -0.041166 11.224300 0.363941 0.103254 0.925681 0.000000 0.000000 0.000000 0.000000 1.000000
0.958392 0.084471 -0.272670 -0.000000 -0.123063 0.984153 -0.127663 11.224300 0.257565 0.155907 0.953600 0.000000 0.000000 0.000000 0.000000 1.000000
0.964519 0.189762 -0.183559 0.000000 -0.222038 0.959184 -0.175113 11.224300 0.142838 0.209657 0.967286 0.000000 0.000000 0.000000 0.000000 1.000000
0.946563 0.251317 -0.202133 -0.000000 -0.282058 0.948988 -0.140943 11.224300 0.156401 0.190425 0.969163 0.000000 0.000000 0.000000 0.000000 1.000000
0.911866 0.269070 -0.310002 0.000000 -0.294482 0.954926 -0.037376 11.224300 0.285972 0.125372 0.950001 0.000000 0.000000 0.000000 0.000000 1.000000
0.888966 0.289721 -0.354685 0.000000 -0.307773 0.951442 0.005787 11.224300 0.339139 0.104018 0.934968 0.000000 0.000000 0.000000 0.000000 1.000000
0.881660 0.311703 -0.354283 -0.000000 -0.330220 0.943864 0.008648 11.224300 0.337091 0.109367 0.935098 0.000000 0.000000 0.000000 0.000000 1.000000
0.885116 0.334152 -0.323902 -0.000000 -0.359813 0.932789 -0.020943 11.224300 0.295134 0.135081 0.945859 0.000000 0.000000 0.000000 0.000000 1.000000
0.885587 0.351893 -0.303161 0.000000 -0.382555 0.922766 -0.046413 11.224300 0.263414 0.157078 0.951808 -0.000000 0.000000 0.000000 0.000000 1.000000
0.878086 0.357718 -0.317808 0.000000 -0.389829 0.919947 -0.041605 11.224300 0.277484 0.160423 0.947242 0.000000 0.000000 0.000000 0.000000 1.000000
0.871013 0.359290 -0.335033 0.000000 -0.393510 0.918534 -0.038003 11.224300 0.294085 0.164940 0.941440 0.000000 0.000000 0.000000 0.000000 1.000000
0.862813 0.356357 -0.358558 0.000000 -0.395706 0.917491 -0.040345 11.224300 0.314596 0.176693 0.932635 0.000000 0.000000 0.000000 0.000000 1.000000
0.852844 0.348604 -0.388758 0.000000 -0.392437 0.919042 -0.036799 11.224300 0.344457 0.183947 0.920605 0.000000 0.000000 0.000000 0.000000 1.000000
0.842996 0.338530 -0.418037 0.000000 -0.381581 0.924094 -0.021141 11.224300 0.379148 0.177336 0.908184 -0.000000 0.000000 0.000000 0.000000 1.000000
0.842501 0.329999 -0.425785 -0.000000 -0.373929 0.927214 -0.021269 11.224300 0.387775 0.177132 0.904574 -0.000000 0.000000 0.000000 0.000000 1.000000
0.846481 0.320972 -0.424790 0.000000 -0.364777 0.930796 -0.023583 11.224300 0.387824 0.174916 0.904985 0.000000 0.000000 0.000000 0.000000 1.000000
0.852256 0.310746 -0.420829 -0.000000 -0.352518 0.935520 -0.023112 11.224300 0.386512 0.168047 0.906846 0.000000 0.000000 0.000000 0.000000 1.000000
0.857806 0.298562 -0.418366 -0.000000 -0.339495 0.940274 -0.025077 11.224300 0.385891 0.163544 0.907932 0.000000 0.000000 0.000000 0.000000 1.000000
0.863327 0.284948 -0.416499 0.000000 -0.325608 0.945080 -0.028351 11.224300 0.385546 0.160091 0.908694 0.000000 0.000000 0.000000 0.000000 1.000000
0.869954 0.270863 -0.412083 -0.000000 -0.309655 0.950406 -0.029013 11.224300 0.383788 0.152844 0.910684 0.000000 0.000000 0.000000 0.000000 1.000000
0.878128 0.256747 -0.403698 -0.000000 -0.291167 0.956342 -0.025129 11.224300 0.379621 0.139610 0.914547 0.000000 0.000000 0.000000 0.000000 1.000000
0.884662 0.241561 -0.398775 0.000000 -0.274126 0.961348 -0.025792 11.224300 0.377131 0.132131 0.916686 0.000000 0.000000 0.000000 0.000000 1.000000
0.872913 0.217521 -0.436700 0.000000 -0.278046 0.957319 -0.078939 11.224300 0.400890 0.190330 0.896137 0.000000 0.000000 0.000000 0.000000 1.000000
0.864453 0.193105 -0.464145 0.000000 -0.277231 0.953316 -0.119711 11.224300 0.419361 0.232160 0.877632 0.000000 0.000000 0.000000 0.000000 1.000000
0.874182 0.183137 -0.449741 0.000000 -0.256881 0.960362 -0.108247 11.224300 0.412090 0.210158 0.886575 -0.000000 0.000000 0.000000 0.000000 1.000000
0.891153 0.178002 -0.417327 -0.000000 -0.228660 0.970670 -0.074259 11.224300 0.391868 0.161602 0.905717 -0.000000 0.000000 0.000000 0.000000 1.000000
0.893700 0.165657 -0.416962 0.000000 -0.217342 0.972867 -0.079328 11.224300 0.392507 0.161519 0.905455 0.000000 0.000000 0.000000 0.000000 1.000000
0.901724 0.157745 -0.402505 0.000000 -0.200672 0.977398 -0.066510 11.224300 0.382916 0.140745 0.912998 0.000000 0.000000 0.000000 0.000000 1.000000
0.907072 0.150644 -0.393100 0.000000 -0.188326 0.980340 -0.058873 11.224300 0.376502 0.127433 0.917609 -0.000000 0.000000 0.000000 0.000000 1.000000
0.914968 0.146474 -0.376004 0.000000 -0.174430 0.983807 -0.041212 11.224300 0.363879 0.103294 0.925701 -0.000000 0.000000 0.000000 0.000000 1.000000</float_array>
        <technique_common>
          <accessor source="#mixamorig_LeftHandThumb2-Matrix-animation-output-transform-array" count="30" stride="16">
            <param type="float4x4"/>
          </accessor>
        </technique_common>
      </source>
      <source id="mixamorig_LeftHandThumb2-Interpolations">
        <Name_array id="mixamorig_LeftHandThumb2-Interpolations-array" count="30">
 LINEAR LINEAR LINEAR LINEAR LINEAR LINEAR LINEAR LINEAR LINEAR LINEAR LINEAR
LINEAR LINEAR LINEAR LINEAR LINEAR LINEAR LINEAR LINEAR LINEAR LINEAR LINEAR LINEAR
LINEAR LINEAR LINEAR LINEAR LINEAR LINEAR LINEAR</Name_array>
        <technique_common>
          <accessor source="#mixamorig_LeftHandThumb2-Interpolations-array" count="30">
            <param type="name"/>
          </accessor>
        </technique_common>
      </source>
      <sampler id="mixamorig_LeftHandThumb2-Matrix-animation-transform">
        <input semantic="INPUT" source="#mixamorig_LeftHandThumb2-Matrix-animation-input"/>
        <input semantic="OUTPUT" source="#mixamorig_LeftHandThumb2-Matrix-animation-output-transform"/>
        <input semantic="INTERPOLATION" source="#mixamorig_LeftHandThumb2-Interpolations"/>
      </sampler>
      <channel source="#mixamorig_LeftHandThumb2-Matrix-animation-transform" target="mixamorig_LeftHandThumb2/matrix"/>
    </animation>
    <animation id="mixamorig_LeftHandThumb3-anim" name="mixamorig_LeftHandThumb3">
      <source id="mixamorig_LeftHandThumb3-Matrix-animation-input">
        <float_array id="mixamorig_LeftHandThumb3-Matrix-animation-input-array" count="30">

0.000000 0.033333 0.066667 0.100000 0.133333 0.166667 0.200000 0.233333 0.266667 0.300000 0.333333 0.366667 0.400000 0.433333 0.466667 0.500000
0.533333 0.566667 0.600000 0.633333 0.666667 0.700000 0.733333 0.766667 0.800000 0.833333 0.866667 0.900000 0.933333 0.966667</float_array>
        <technique_common>
          <accessor source="#mixamorig_LeftHandThumb3-Matrix-animation-input-array" count="30">
            <param name="TIME" type="float"/>
          </accessor>
        </technique_common>
      </source>
      <source id="mixamorig_LeftHandThumb3-Matrix-animation-output-transform">
        <float_array id="mixamorig_LeftHandThumb3-Matrix-animation-output-transform-array" count="480">

0.975168 -0.093335 0.200838 0.000000 0.110501 0.990965 -0.076010 8.955600 -0.191929 0.096316 0.976671 0.000100 0.000000 0.000000 0.000000 1.000000
0.938005 -0.228306 0.260811 -0.000000 0.254609 0.964397 -0.071498 8.955600 -0.235202 0.133470 0.962739 0.000100 0.000000 0.000000 0.000000 1.000000
0.914362 -0.288447 0.284148 0.000000 0.322425 0.943203 -0.080061 8.955600 -0.244916 0.164821 0.955432 0.000100 0.000000 0.000000 0.000000 1.000000
0.901285 -0.312050 0.300517 0.000000 0.347350 0.935059 -0.070799 8.955600 -0.258909 0.168194 0.951145 0.000100 0.000000 0.000000 0.000000 1.000000
0.907164 -0.293667 0.301352 0.000000 0.323287 0.944847 -0.052442 8.955600 -0.269331 0.144997 0.952070 0.000100 0.000000 0.000000 0.000000 1.000000
0.913326 -0.278676 0.296945 0.000000 0.305523 0.951014 -0.047208 8.955600 -0.269243 0.133840 0.953727 0.000100 0.000000 0.000000 0.000000 1.000000
0.919515 -0.268064 0.287460 0.000000 0.295465 0.953725 -0.055749 8.955600 -0.259214 0.136197 0.956169 0.000100 0.000000 0.000000 0.000000 1.000000
0.923344 -0.265844 0.277062 0.000000 0.296192 0.952308 -0.073348 8.955600 -0.244349 0.149789 0.958048 0.000100 0.000000 0.000000 0.000000 1.000000
0.927583 -0.260891 0.267444 0.000000 0.292874 0.952192 -0.086922 8.955600 -0.231981 0.158954 0.959645 0.000100 0.000000 0.000000 0.000000 1.000000
0.930979 -0.253603 0.262611 0.000000 0.285218 0.954266 -0.089591 8.955600 -0.227880 0.158309 0.960733 0.000100 0.000000 0.000000 0.000000 1.000000
0.932524 -0.250728 0.259874 0.000000 0.282422 0.954850 -0.092189 8.955600 -0.225027 0.159363 0.961232 0.000100 0.000000 0.000000 0.000000 1.000000
0.945294 -0.221392 0.239591 0.000000 0.251930 0.962030 -0.105019 8.955600 -0.207243 0.159634 0.965177 0.000100 0.000000 0.000000 0.000000 1.000000
0.960320 -0.179245 0.213674 0.000000 0.207554 0.971053 -0.118228 8.955600 -0.186297 0.157886 0.969724 0.000100 0.000000 0.000000 0.000000 1.000000
0.970733 -0.139054 0.195809 0.000000 0.164366 0.979131 -0.119524 8.955600 -0.175103 0.148210 0.973331 0.000100 0.000000 0.000000 0.000000 1.000000
0.971263 -0.117294 0.207098 0.000000 0.136806 0.987156 -0.082509 8.955600 -0.194760 0.108470 0.974835 0.000100 0.000000 0.000000 0.000000 1.000000
0.963009 -0.128234 0.237000 0.000000 0.140230 0.989521 -0.034397 8.955600 -0.230105 0.066359 0.970901 0.000100 0.000000 0.000000 0.000000 1.000000
0.954999 -0.138578 0.262245 0.000000 0.141685 0.989886 0.007121 8.955600 -0.260580 0.030356 0.964975 0.000100 0.000000 0.000000 0.000000 1.000000
0.950536 -0.150162 0.271905 0.000000 0.151297 0.988344 0.016911 8.955600 -0.271275 0.025064 0.962176 0.000100 0.000000 0.000000 0.000000 1.000000
0.945906 -0.165745 0.278908 0.000000 0.167481 0.985715 0.017769 8.955600 -0.277869 0.029904 0.960153 0.000100 0.000000 0.000000 0.000000 1.000000
0.944715 -0.176388 0.276406 0.000000 0.182576 0.983186 0.003402 8.955600 -0.272359 0.047251 0.961035 0.000100 0.000000 0.000000 0.000000 1.000000
0.943723 -0.187529 0.272432 0.000000 0.198829 0.979931 -0.014218 8.955600 -0.264298 0.067586 0.962070 0.000100 0.000000 0.000000 0.000000 1.000000
0.938875 -0.199485 0.280570 0.000000 0.210234 0.977615 -0.008426 8.955600 -0.272609 0.066896 0.959797 0.000100 0.000000 0.000000 0.000000 1.000000
0.940271 -0.172862 0.293274 -0.000000 0.169178 0.984849 0.038086 8.955600 -0.295414 0.013805 0.955269 0.000100 0.000000 0.000000 0.000000 1.000000
0.916688 -0.184244 0.354594 0.000000 0.130898 0.976856 0.169171 8.955600 -0.377556 -0.108661 0.919589 0.000100 0.000000 0.000000 0.000000 1.000000
0.920151 -0.178121 0.348704 0.000000 0.128351 0.978546 0.161162 8.955600 -0.369930 -0.103537 0.923273 0.000100 0.000000 0.000000 0.000000 1.000000
0.923819 -0.174257 0.340870 0.000000 0.130977 0.980533 0.146288 8.955600 -0.359726 -0.090498 0.928659 0.000100 0.000000 0.000000 0.000000 1.000000
0.921138 -0.175207 0.347574 -0.000000 0.125265 0.978895 0.161470 8.955600 -0.368530 -0.105197 0.923645 0.000100 0.000000 0.000000 0.000000 1.000000
0.928526 -0.179924 0.324758 -0.000000 0.154303 0.982617 0.103221 8.955600 -0.337684 -0.045732 0.940148 0.000100 0.000000 0.000000 0.000000 1.000000
0.954552 -0.140880 0.262646 -0.000000 0.144397 0.989502 0.005966 8.955600 -0.260729 0.032231 0.964874 0.000100 0.000000 0.000000 0.000000 1.000000
0.975168 -0.093335 0.200838 0.000000 0.110502 0.990965 -0.076010 8.955600 -0.191929 0.096316 0.976671 0.000100 0.000000 0.000000 0.000000 1.000000</float_array>
        <technique_common>
          <accessor source="#mixamorig_LeftHandThumb3-Matrix-animation-output-transform-array" count="30" stride="16">
            <param type="float4x4"/>
          </accessor>
        </technique_common>
      </source>
      <source id="mixamorig_LeftHandThumb3-Interpolations">
        <Name_array id="mixamorig_LeftHandThumb3-Interpolations-array" count="30">
 LINEAR LINEAR LINEAR LINEAR LINEAR LINEAR LINEAR LINEAR LINEAR LINEAR LINEAR
LINEAR LINEAR LINEAR LINEAR LINEAR LINEAR LINEAR LINEAR LINEAR LINEAR LINEAR LINEAR
LINEAR LINEAR LINEAR LINEAR LINEAR LINEAR LINEAR</Name_array>
        <technique_common>
          <accessor source="#mixamorig_LeftHandThumb3-Interpolations-array" count="30">
            <param type="name"/>
          </accessor>
        </technique_common>
      </source>
      <sampler id="mixamorig_LeftHandThumb3-Matrix-animation-transform">
        <input semantic="INPUT" source="#mixamorig_LeftHandThumb3-Matrix-animation-input"/>
        <input semantic="OUTPUT" source="#mixamorig_LeftHandThumb3-Matrix-animation-output-transform"/>
        <input semantic="INTERPOLATION" source="#mixamorig_LeftHandThumb3-Interpolations"/>
      </sampler>
      <channel source="#mixamorig_LeftHandThumb3-Matrix-animation-transform" target="mixamorig_LeftHandThumb3/matrix"/>
    </animation>
    <animation id="mixamorig_LeftHandIndex1-anim" name="mixamorig_LeftHandIndex1">
      <source id="mixamorig_LeftHandIndex1-Matrix-animation-input">
        <float_array id="mixamorig_LeftHandIndex1-Matrix-animation-input-array" count="30">

0.000000 0.033333 0.066667 0.100000 0.133333 0.166667 0.200000 0.233333 0.266667 0.300000 0.333333 0.366667 0.400000 0.433333 0.466667 0.500000
0.533333 0.566667 0.600000 0.633333 0.666667 0.700000 0.733333 0.766667 0.800000 0.833333 0.866667 0.900000 0.933333 0.966667</float_array>
        <technique_common>
          <accessor source="#mixamorig_LeftHandIndex1-Matrix-animation-input-array" count="30">
            <param name="TIME" type="float"/>
          </accessor>
        </technique_common>
      </source>
      <source id="mixamorig_LeftHandIndex1-Matrix-animation-output-transform">
        <float_array id="mixamorig_LeftHandIndex1-Matrix-animation-output-transform-array" count="480">

0.998118 0.060533 0.009838 -5.152100 -0.061071 0.995720 0.069373 28.490200 -0.005596 -0.069844 0.997542 0.454700 0.000000 0.000000 0.000000 1.000000
0.997161 0.070516 0.026393 -5.152100 -0.070804 0.997439 0.010150 28.490200 -0.025610 -0.011990 0.999600 0.454700 0.000000 0.000000 0.000000 1.000000
0.995938 0.076906 0.046827 -5.152100 -0.075902 0.996853 -0.022847 28.490200 -0.048436 0.019200 0.998642 0.454700 0.000000 0.000000 0.000000 1.000000
0.995399 0.061406 0.073556 -5.152100 -0.062949 0.997839 0.018836 28.490200 -0.072241 -0.023379 0.997113 0.454700 0.000000 0.000000 0.000000 1.000000
0.994072 0.037175 0.102173 -5.152100 -0.045254 0.995931 0.077931 28.490200 -0.098860 -0.082093 0.991709 0.454700 0.000000 0.000000 0.000000 1.000000
0.991819 0.033254 0.123247 -5.152100 -0.040277 0.997677 0.054940 28.490200 -0.121134 -0.059455 0.990854 0.454700 0.000000 0.000000 0.000000 1.000000
0.989551 0.034681 0.139950 -5.152100 -0.036885 0.999232 0.013187 28.490200 -0.139386 -0.018211 0.990071 0.454700 0.000000 0.000000 0.000000 1.000000
0.987557 0.041041 0.151810 -5.152100 -0.035135 0.998525 -0.041384 28.490200 -0.153284 0.035535 0.987543 0.454700 0.000000 0.000000 0.000000 1.000000
0.985730 0.043185 0.162701 -5.152100 -0.032409 0.997137 -0.068318 28.490200 -0.165186 0.062070 0.984307 0.454700 0.000000 0.000000 0.000000 1.000000
0.984230 0.037686 0.172833 -5.152100 -0.028499 0.998061 -0.055333 28.490200 -0.174583 0.049535 0.983396 0.454700 0.000000 0.000000 0.000000 1.000000
0.983576 0.035995 0.176867 -5.152100 -0.025871 0.997910 -0.059222 28.490200 -0.178629 0.053674 0.982451 0.454700 0.000000 0.000000 0.000000 1.000000
0.984234 0.046325 0.170700 -5.152100 -0.023786 0.990992 -0.131788 28.490200 -0.175267 0.125650 0.976470 0.454700 0.000000 0.000000 0.000000 1.000000
0.985228 0.056089 0.161800 -5.152100 -0.022404 0.978936 -0.202933 28.490200 -0.169774 0.196311 0.965732 0.454700 0.000000 0.000000 0.000000 1.000000
0.985952 0.057669 0.156761 -5.152100 -0.021956 0.975110 -0.220631 28.490200 -0.165582 0.214090 0.962677 0.454700 0.000000 0.000000 0.000000 1.000000
0.986674 0.055674 0.152888 -5.152100 -0.022386 0.977153 -0.211356 28.490200 -0.161162 0.205117 0.965378 0.454700 0.000000 0.000000 0.000000 1.000000
0.987172 0.049372 0.151834 -5.152100 -0.024488 0.986555 -0.161587 28.490200 -0.157770 0.155796 0.975108 0.454700 0.000000 0.000000 0.000000 1.000000
0.987683 0.043006 0.150440 -5.152100 -0.027775 0.994405 -0.101919 28.490200 -0.153981 0.096485 0.983352 0.454700 0.000000 0.000000 0.000000 1.000000
0.988708 0.041068 0.144116 -5.152100 -0.031077 0.996999 -0.070909 28.490200 -0.146596 0.065630 0.987017 0.454700 0.000000 0.000000 0.000000 1.000000
0.990020 0.042392 0.134396 -5.152100 -0.034814 0.997695 -0.058245 28.490200 -0.136556 0.052985 0.989214 0.454700 0.000000 0.000000 0.000000 1.000000
0.991545 0.047671 0.120692 -5.152100 -0.038967 0.996535 -0.073479 28.490200 -0.123777 0.068155 0.989967 0.454700 0.000000 0.000000 0.000000 1.000000
0.993011 0.053893 0.104998 -5.152100 -0.043244 0.993927 -0.101187 28.490200 -0.109813 0.095940 0.989311 0.454700 0.000000 0.000000 0.000000 1.000000
0.994094 0.054654 0.093760 -5.152100 -0.046875 0.995425 -0.083257 28.490200 -0.097882 0.078370 0.992108 0.454700 0.000000 0.000000 0.000000 1.000000
0.995130 0.049426 0.085282 -5.152100 -0.046242 0.998172 -0.038917 28.490200 -0.087050 0.034783 0.995597 0.454700 0.000000 0.000000 0.000000 1.000000
0.996086 0.040994 0.078305 -5.152100 -0.043082 0.998755 0.025156 28.490200 -0.077177 -0.028431 0.996612 0.454700 0.000000 0.000000 0.000000 1.000000
0.996920 0.039261 0.067884 -5.152100 -0.043340 0.997275 0.059708 28.490200 -0.065355 -0.062466 0.995905 0.454700 0.000000 0.000000 0.000000 1.000000
0.997624 0.035227 0.059200 -5.152100 -0.041738 0.992762 0.112610 28.490200 -0.054804 -0.114814 0.991874 0.454700 0.000000 0.000000 0.000000 1.000000
0.998239 0.031407 0.050320 -5.152100 -0.039097 0.986347 0.159972 28.490200 -0.044609 -0.161658 0.985838 0.454700 0.000000 0.000000 0.000000 1.000000
0.998650 0.036005 0.037444 -5.152100 -0.041223 0.987902 0.149497 28.490200 -0.031609 -0.150839 0.988053 0.454700 0.000000 0.000000 0.000000 1.000000
0.998478 0.050697 0.021719 -5.152100 -0.052525 0.994178 0.094077 28.490200 -0.016823 -0.095074 0.995328 0.454700 0.000000 0.000000 0.000000 1.000000
0.998118 0.060533 0.009838 -5.152100 -0.061071 0.995720 0.069373 28.490200 -0.005596 -0.069843 0.997542 0.454700 0.000000 0.000000 0.000000 1.000000</float_array>
        <technique_common>
          <accessor source="#mixamorig_LeftHandIndex1-Matrix-animation-output-transform-array" count="30" stride="16">
            <param type="float4x4"/>
          </accessor>
        </technique_common>
      </source>
      <source id="mixamorig_LeftHandIndex1-Interpolations">
        <Name_array id="mixamorig_LeftHandIndex1-Interpolations-array" count="30">
 LINEAR LINEAR LINEAR LINEAR LINEAR LINEAR LINEAR LINEAR LINEAR LINEAR LINEAR
LINEAR LINEAR LINEAR LINEAR LINEAR LINEAR LINEAR LINEAR LINEAR LINEAR LINEAR LINEAR
LINEAR LINEAR LINEAR LINEAR LINEAR LINEAR LINEAR</Name_array>
        <technique_common>
          <accessor source="#mixamorig_LeftHandIndex1-Interpolations-array" count="30">
            <param type="name"/>
          </accessor>
        </technique_common>
      </source>
      <sampler id="mixamorig_LeftHandIndex1-Matrix-animation-transform">
        <input semantic="INPUT" source="#mixamorig_LeftHandIndex1-Matrix-animation-input"/>
        <input semantic="OUTPUT" source="#mixamorig_LeftHandIndex1-Matrix-animation-output-transform"/>
        <input semantic="INTERPOLATION" source="#mixamorig_LeftHandIndex1-Interpolations"/>
      </sampler>
      <channel source="#mixamorig_LeftHandIndex1-Matrix-animation-transform" target="mixamorig_LeftHandIndex1/matrix"/>
    </animation>
    <animation id="mixamorig_LeftHandIndex2-anim" name="mixamorig_LeftHandIndex2">
      <source id="mixamorig_LeftHandIndex2-Matrix-animation-input">
        <float_array id="mixamorig_LeftHandIndex2-Matrix-animation-input-array" count="30">

0.000000 0.033333 0.066667 0.100000 0.133333 0.166667 0.200000 0.233333 0.266667 0.300000 0.333333 0.366667 0.400000 0.433333 0.466667 0.500000
0.533333 0.566667 0.600000 0.633333 0.666667 0.700000 0.733333 0.766667 0.800000 0.833333 0.866667 0.900000 0.933333 0.966667</float_array>
        <technique_common>
          <accessor source="#mixamorig_LeftHandIndex2-Matrix-animation-input-array" count="30">
            <param name="TIME" type="float"/>
          </accessor>
        </technique_common>
      </source>
      <source id="mixamorig_LeftHandIndex2-Matrix-animation-output-transform">
        <float_array id="mixamorig_LeftHandIndex2-Matrix-animation-output-transform-array" count="480">

0.999067 0.042448 -0.007996 0.000000 -0.042947 0.956355 -0.289035 7.062900 -0.004622 0.289108 0.957285 -0.000100 0.000000 0.000000 0.000000 1.000000
0.999051 0.042781 -0.008149 0.000000 -0.043293 0.955295 -0.292466 7.062900 -0.004727 0.292541 0.956241 -0.000100 0.000000 0.000000 0.000000 1.000000
0.999042 0.042983 -0.008242 -0.000000 -0.043503 0.954644 -0.294553 7.062900 -0.004792 0.294629 0.955600 -0.000100 0.000000 0.000000 0.000000 1.000000
0.999016 0.043523 -0.008495 -0.000000 -0.044065 0.952880 -0.300130 7.062900 -0.004968 0.300209 0.953861 -0.000100 0.000000 0.000000 0.000000 1.000000
0.998996 0.043954 -0.008700 0.000000 -0.044515 0.951445 -0.304584 7.062900 -0.005110 0.304666 0.952446 -0.000100 0.000000 0.000000 0.000000 1.000000
0.998996 0.043938 -0.008692 0.000000 -0.044498 0.951498 -0.304419 7.062900 -0.005105 0.304501 0.952498 -0.000100 0.000000 0.000000 0.000000 1.000000
0.999002 0.043813 -0.008633 0.000000 -0.044367 0.951918 -0.303123 7.062900 -0.005063 0.303204 0.952912 -0.000100 0.000000 0.000000 0.000000 1.000000
0.999018 0.043487 -0.008478 0.000000 -0.044027 0.953001 -0.299753 7.062900 -0.004956 0.299832 0.953979 -0.000100 0.000000 0.000000 0.000000 1.000000
0.999025 0.043350 -0.008414 0.000000 -0.043885 0.953449 -0.298343 7.062900 -0.004911 0.298421 0.954422 -0.000100 0.000000 0.000000 0.000000 1.000000
0.999018 0.043488 -0.008478 0.000000 -0.044029 0.952997 -0.299765 7.062900 -0.004956 0.299844 0.953975 -0.000100 0.000000 0.000000 0.000000 1.000000
0.999014 0.043571 -0.008517 0.000000 -0.044115 0.952723 -0.300620 7.062900 -0.004983 0.300699 0.953706 -0.000100 0.000000 0.000000 0.000000 1.000000
0.999031 0.043214 -0.008350 0.000000 -0.043743 0.953896 -0.296934 7.062900 -0.004867 0.297011 0.954862 -0.000100 0.000000 0.000000 0.000000 1.000000
0.999051 0.042792 -0.008154 0.000000 -0.043304 0.955260 -0.292579 7.062900 -0.004731 0.292654 0.956207 -0.000100 0.000000 0.000000 0.000000 1.000000
0.999060 0.042597 -0.008064 0.000000 -0.043101 0.955882 -0.290570 7.062900 -0.004669 0.290645 0.956820 -0.000100 0.000000 0.000000 0.000000 1.000000
0.999066 0.042472 -0.008006 0.000000 -0.042972 0.956279 -0.289282 7.062900 -0.004630 0.289356 0.957210 -0.000100 0.000000 0.000000 0.000000 1.000000
0.999065 0.042494 -0.008016 0.000000 -0.042994 0.956212 -0.289501 7.062900 -0.004637 0.289575 0.957144 -0.000100 0.000000 0.000000 0.000000 1.000000
0.999062 0.042550 -0.008042 0.000000 -0.043052 0.956035 -0.290076 7.062900 -0.004654 0.290151 0.956970 -0.000100 0.000000 0.000000 0.000000 1.000000
0.999062 0.042551 -0.008043 0.000000 -0.043054 0.956029 -0.290095 7.062900 -0.004655 0.290169 0.956964 -0.000100 0.000000 0.000000 0.000000 1.000000
0.999065 0.042479 -0.008010 0.000000 -0.042978 0.956259 -0.289347 7.062900 -0.004632 0.289421 0.957191 -0.000100 0.000000 0.000000 0.000000 1.000000
0.999073 0.042316 -0.007935 -0.000000 -0.042810 0.956771 -0.287674 7.062900 -0.004581 0.287747 0.957695 -0.000100 0.000000 0.000000 0.000000 1.000000
0.999069 0.042388 -0.007968 -0.000000 -0.042884 0.956545 -0.288412 7.062900 -0.004604 0.288486 0.957473 -0.000100 0.000000 0.000000 0.000000 1.000000
0.999070 0.042375 -0.007962 0.000000 -0.042871 0.956586 -0.288280 7.062900 -0.004599 0.288353 0.957513 -0.000100 0.000000 0.000000 0.000000 1.000000
0.999064 0.042510 -0.008024 -0.000000 -0.043011 0.956160 -0.289668 7.062900 -0.004642 0.289742 0.957093 -0.000100 0.000000 0.000000 0.000000 1.000000
0.999054 0.042724 -0.008123 0.000000 -0.043234 0.955477 -0.291882 7.062900 -0.004710 0.291957 0.956420 -0.000100 0.000000 0.000000 0.000000 1.000000
0.999055 0.042703 -0.008113 0.000000 -0.043212 0.955545 -0.291660 7.062900 -0.004703 0.291735 0.956488 -0.000100 0.000000 0.000000 0.000000 1.000000
0.999060 0.042591 -0.008061 0.000000 -0.043095 0.955901 -0.290510 7.062900 -0.004668 0.290584 0.956838 -0.000100 0.000000 0.000000 0.000000 1.000000
0.999068 0.042419 -0.007982 -0.000000 -0.042916 0.956448 -0.288730 7.062900 -0.004613 0.288804 0.957377 -0.000100 0.000000 0.000000 0.000000 1.000000
0.999082 0.042108 -0.007841 0.000000 -0.042593 0.957423 -0.285529 7.062900 -0.004516 0.285601 0.958338 -0.000100 0.000000 0.000000 0.000000 1.000000
0.999079 0.042185 -0.007875 -0.000000 -0.042673 0.957185 -0.286316 7.062900 -0.004540 0.286388 0.958103 -0.000100 0.000000 0.000000 0.000000 1.000000
0.999067 0.042449 -0.007996 0.000000 -0.042947 0.956355 -0.289034 7.062900 -0.004622 0.289108 0.957285 -0.000100 0.000000 0.000000 0.000000 1.000000</float_array>
        <technique_common>
          <accessor source="#mixamorig_LeftHandIndex2-Matrix-animation-output-transform-array" count="30" stride="16">
            <param type="float4x4"/>
          </accessor>
        </technique_common>
      </source>
      <source id="mixamorig_LeftHandIndex2-Interpolations">
        <Name_array id="mixamorig_LeftHandIndex2-Interpolations-array" count="30">
 LINEAR LINEAR LINEAR LINEAR LINEAR LINEAR LINEAR LINEAR LINEAR LINEAR LINEAR
LINEAR LINEAR LINEAR LINEAR LINEAR LINEAR LINEAR LINEAR LINEAR LINEAR LINEAR LINEAR
LINEAR LINEAR LINEAR LINEAR LINEAR LINEAR LINEAR</Name_array>
        <technique_common>
          <accessor source="#mixamorig_LeftHandIndex2-Interpolations-array" count="30">
            <param type="name"/>
          </accessor>
        </technique_common>
      </source>
      <sampler id="mixamorig_LeftHandIndex2-Matrix-animation-transform">
        <input semantic="INPUT" source="#mixamorig_LeftHandIndex2-Matrix-animation-input"/>
        <input semantic="OUTPUT" source="#mixamorig_LeftHandIndex2-Matrix-animation-output-transform"/>
        <input semantic="INTERPOLATION" source="#mixamorig_LeftHandIndex2-Interpolations"/>
      </sampler>
      <channel source="#mixamorig_LeftHandIndex2-Matrix-animation-transform" target="mixamorig_LeftHandIndex2/matrix"/>
    </animation>
    <animation id="mixamorig_LeftHandIndex3-anim" name="mixamorig_LeftHandIndex3">
      <source id="mixamorig_LeftHandIndex3-Matrix-animation-input">
        <float_array id="mixamorig_LeftHandIndex3-Matrix-animation-input-array" count="30">

0.000000 0.033333 0.066667 0.100000 0.133333 0.166667 0.200000 0.233333 0.266667 0.300000 0.333333 0.366667 0.400000 0.433333 0.466667 0.500000
0.533333 0.566667 0.600000 0.633333 0.666667 0.700000 0.733333 0.766667 0.800000 0.833333 0.866667 0.900000 0.933333 0.966667</float_array>
        <technique_common>
          <accessor source="#mixamorig_LeftHandIndex3-Matrix-animation-input-array" count="30">
            <param name="TIME" type="float"/>
          </accessor>
        </technique_common>
      </source>
      <source id="mixamorig_LeftHandIndex3-Matrix-animation-output-transform">
        <float_array id="mixamorig_LeftHandIndex3-Matrix-animation-output-transform-array" count="480">

0.999995 0.003069 -0.000562 -0.000000 -0.003100 0.997737 -0.067159 6.495300 0.000355 0.067160 0.997742 0.000000 0.000000 0.000000 0.000000 1.000000
0.999994 0.003430 -0.000587 0.000000 -0.003463 0.997489 -0.070739 6.495300 0.000343 0.070741 0.997495 -0.000000 0.000000 0.000000 0.000000 1.000000
0.999993 0.003649 -0.000603 0.000000 -0.003684 0.997331 -0.072917 6.495300 0.000335 0.072918 0.997338 -0.000000 0.000000 0.000000 0.000000 1.000000
0.999991 0.004237 -0.000648 0.000000 -0.004275 0.996885 -0.078748 6.495300 0.000312 0.078750 0.996894 0.000000 0.000000 0.000000 0.000000 1.000000
0.999989 0.004709 -0.000686 -0.000000 -0.004750 0.996503 -0.083424 6.495300 0.000291 0.083426 0.996514 0.000000 0.000000 0.000000 0.000000 1.000000
0.999989 0.004693 -0.000685 0.000000 -0.004733 0.996516 -0.083264 6.495300 0.000292 0.083266 0.996527 0.000000 0.000000 0.000000 0.000000 1.000000
0.999989 0.004557 -0.000674 -0.000000 -0.004596 0.996629 -0.081915 6.495300 0.000298 0.081917 0.996639 0.000000 0.000000 0.000000 0.000000 1.000000
0.999991 0.004198 -0.000645 0.000000 -0.004235 0.996916 -0.078356 6.495300 0.000314 0.078358 0.996925 0.000000 0.000000 0.000000 0.000000 1.000000
0.999992 0.004049 -0.000633 0.000000 -0.004086 0.997032 -0.076880 6.495300 0.000320 0.076882 0.997040 0.000000 0.000000 0.000000 0.000000 1.000000
0.999991 0.004199 -0.000645 0.000000 -0.004237 0.996916 -0.078368 6.495300 0.000314 0.078370 0.996924 0.000000 0.000000 0.000000 0.000000 1.000000
0.999991 0.004289 -0.000652 0.000000 -0.004328 0.996844 -0.079267 6.495300 0.000310 0.079269 0.996853 0.000000 0.000000 0.000000 0.000000 1.000000
0.999992 0.003901 -0.000622 -0.000000 -0.003936 0.997145 -0.075407 6.495300 0.000326 0.075409 0.997153 0.000000 0.000000 0.000000 0.000000 1.000000
0.999994 0.003442 -0.000588 0.000000 -0.003475 0.997480 -0.070857 6.495300 0.000343 0.070859 0.997486 -0.000000 0.000000 0.000000 0.000000 1.000000
0.999995 0.003231 -0.000574 0.000000 -0.003262 0.997628 -0.068760 6.495300 0.000350 0.068761 0.997633 0.000000 0.000000 0.000000 0.000000 1.000000
0.999995 0.003095 -0.000564 0.000000 -0.003126 0.997720 -0.067416 6.495300 0.000354 0.067417 0.997725 -0.000000 0.000000 0.000000 0.000000 1.000000
0.999995 0.003118 -0.000566 -0.000000 -0.003149 0.997704 -0.067647 6.495300 0.000354 0.067648 0.997709 0.000000 0.000000 0.000000 0.000000 1.000000
0.999995 0.003179 -0.000570 0.000000 -0.003211 0.997663 -0.068257 6.495300 0.000352 0.068259 0.997668 0.000000 0.000000 0.000000 0.000000 1.000000
0.999995 0.003182 -0.000570 -0.000000 -0.003214 0.997661 -0.068282 6.495300 0.000351 0.068284 0.997666 0.000000 0.000000 0.000000 0.000000 1.000000
0.999995 0.003103 -0.000565 0.000000 -0.003134 0.997714 -0.067501 6.495300 0.000354 0.067502 0.997719 0.000000 0.000000 0.000000 0.000000 1.000000
0.999996 0.002926 -0.000553 -0.000000 -0.002957 0.997832 -0.065748 6.495300 0.000359 0.065750 0.997836 0.000000 0.000000 0.000000 0.000000 1.000000
0.999995 0.003004 -0.000558 -0.000000 -0.003034 0.997781 -0.066514 6.495300 0.000357 0.066515 0.997785 0.000000 0.000000 0.000000 0.000000 1.000000
0.999995 0.002990 -0.000557 0.000000 -0.003020 0.997790 -0.066377 6.495300 0.000357 0.066378 0.997794 0.000000 0.000000 0.000000 0.000000 1.000000
0.999995 0.003138 -0.000567 -0.000000 -0.003170 0.997691 -0.067850 6.495300 0.000353 0.067851 0.997695 0.000000 0.000000 0.000000 0.000000 1.000000
0.999994 0.003375 -0.000583 0.000000 -0.003408 0.997527 -0.070203 6.495300 0.000345 0.070204 0.997533 0.000000 0.000000 0.000000 0.000000 1.000000
0.999994 0.003353 -0.000582 -0.000000 -0.003386 0.997543 -0.069982 6.495300 0.000346 0.069984 0.997548 0.000000 0.000000 0.000000 0.000000 1.000000
0.999995 0.003234 -0.000574 0.000000 -0.003266 0.997626 -0.068793 6.495300 0.000350 0.068795 0.997631 0.000000 0.000000 0.000000 0.000000 1.000000
0.999995 0.003048 -0.000561 -0.000000 -0.003079 0.997752 -0.066950 6.495300 0.000356 0.066951 0.997756 0.000000 0.000000 0.000000 0.000000 1.000000
0.999996 0.002710 -0.000539 0.000000 -0.002739 0.997971 -0.063604 6.495300 0.000365 0.063605 0.997975 0.000000 0.000000 0.000000 0.000000 1.000000
0.999996 0.002787 -0.000544 0.000000 -0.002816 0.997923 -0.064361 6.495300 0.000363 0.064362 0.997927 0.000000 0.000000 0.000000 0.000000 1.000000
0.999995 0.003069 -0.000562 0.000000 -0.003100 0.997737 -0.067159 6.495300 0.000355 0.067160 0.997742 0.000000 0.000000 0.000000 0.000000 1.000000</float_array>
        <technique_common>
          <accessor source="#mixamorig_LeftHandIndex3-Matrix-animation-output-transform-array" count="30" stride="16">
            <param type="float4x4"/>
          </accessor>
        </technique_common>
      </source>
      <source id="mixamorig_LeftHandIndex3-Interpolations">
        <Name_array id="mixamorig_LeftHandIndex3-Interpolations-array" count="30">
 LINEAR LINEAR LINEAR LINEAR LINEAR LINEAR LINEAR LINEAR LINEAR LINEAR LINEAR
LINEAR LINEAR LINEAR LINEAR LINEAR LINEAR LINEAR LINEAR LINEAR LINEAR LINEAR LINEAR
LINEAR LINEAR LINEAR LINEAR LINEAR LINEAR LINEAR</Name_array>
        <technique_common>
          <accessor source="#mixamorig_LeftHandIndex3-Interpolations-array" count="30">
            <param type="name"/>
          </accessor>
        </technique_common>
      </source>
      <sampler id="mixamorig_LeftHandIndex3-Matrix-animation-transform">
        <input semantic="INPUT" source="#mixamorig_LeftHandIndex3-Matrix-animation-input"/>
        <input semantic="OUTPUT" source="#mixamorig_LeftHandIndex3-Matrix-animation-output-transform"/>
        <input semantic="INTERPOLATION" source="#mixamorig_LeftHandIndex3-Interpolations"/>
      </sampler>
      <channel source="#mixamorig_LeftHandIndex3-Matrix-animation-transform" target="mixamorig_LeftHandIndex3/matrix"/>
    </animation>
    <animation id="mixamorig_LeftHandRing1-anim" name="mixamorig_LeftHandRing1">
      <source id="mixamorig_LeftHandRing1-Matrix-animation-input">
        <float_array id="mixamorig_LeftHandRing1-Matrix-animation-input-array" count="30">

0.000000 0.033333 0.066667 0.100000 0.133333 0.166667 0.200000 0.233333 0.266667 0.300000 0.333333 0.366667 0.400000 0.433333 0.466667 0.500000
0.533333 0.566667 0.600000 0.633333 0.666667 0.700000 0.733333 0.766667 0.800000 0.833333 0.866667 0.900000 0.933333 0.966667</float_array>
        <technique_common>
          <accessor source="#mixamorig_LeftHandRing1-Matrix-animation-input-array" count="30">
            <param name="TIME" type="float"/>
          </accessor>
        </technique_common>
      </source>
      <source id="mixamorig_LeftHandRing1-Matrix-animation-output-transform">
        <float_array id="mixamorig_LeftHandRing1-Matrix-animation-output-transform-array" count="480">

0.990154 0.123438 -0.066018 4.241000 -0.139164 0.817072 -0.559488 25.484100 -0.015120 0.563167 0.826205 -0.079300 0.000000 0.000000 0.000000 1.000000
0.989257 0.127985 -0.070638 4.241000 -0.145001 0.797731 -0.585320 25.484100 -0.018562 0.589275 0.807719 -0.079300 0.000000 0.000000 0.000000 1.000000
0.988731 0.131145 -0.072197 4.241000 -0.148267 0.791170 -0.593352 25.484100 -0.020695 0.597370 0.801699 -0.079300 0.000000 0.000000 0.000000 1.000000
0.989144 0.131586 -0.065415 4.241000 -0.145696 0.820197 -0.553218 25.484100 -0.019143 0.556743 0.830464 -0.079300 0.000000 0.000000 0.000000 1.000000
0.989868 0.130376 -0.056235 4.241000 -0.141022 0.856631 -0.496282 25.484100 -0.016531 0.499184 0.866338 -0.079300 0.000000 0.000000 0.000000 1.000000
0.989765 0.131524 -0.055377 4.241000 -0.141706 0.859935 -0.490338 25.484100 -0.016871 0.493167 0.869771 -0.079300 0.000000 0.000000 0.000000 1.000000
0.989499 0.132902 -0.056817 4.241000 -0.143438 0.854543 -0.499181 25.484100 -0.017789 0.502089 0.864633 -0.079300 0.000000 0.000000 0.000000 1.000000
0.989237 0.133503 -0.059893 4.241000 -0.145115 0.842645 -0.518546 25.484100 -0.018759 0.521657 0.852949 -0.079300 0.000000 0.000000 0.000000 1.000000
0.989156 0.133652 -0.060890 4.241000 -0.145626 0.838707 -0.524751 25.484100 -0.019066 0.527928 0.849075 -0.079300 0.000000 0.000000 0.000000 1.000000
0.989355 0.133274 -0.058437 4.241000 -0.144365 0.848323 -0.509418 25.484100 -0.018319 0.512431 0.858533 -0.079300 0.000000 0.000000 0.000000 1.000000
0.989443 0.132935 -0.057717 4.241000 -0.143801 0.851091 -0.504941 25.484100 -0.018002 0.507910 0.861222 -0.079300 0.000000 0.000000 0.000000 1.000000
0.989498 0.130347 -0.062478 4.241000 -0.143444 0.832190 -0.535616 25.484100 -0.017822 0.538953 0.842147 -0.079300 0.000000 0.000000 0.000000 1.000000
0.989683 0.126431 -0.067396 4.241000 -0.142265 0.811520 -0.566742 25.484100 -0.016961 0.570483 0.821134 -0.079300 0.000000 0.000000 0.000000 1.000000
0.990043 0.122946 -0.068550 4.241000 -0.139922 0.806322 -0.574688 25.484100 -0.015382 0.578558 0.815496 -0.079300 0.000000 0.000000 0.000000 1.000000
0.990596 0.119023 -0.067479 4.241000 -0.136191 0.810540 -0.569629 25.484100 -0.013105 0.573462 0.819127 -0.079300 0.000000 0.000000 0.000000 1.000000
0.991017 0.117591 -0.063698 4.241000 -0.133219 0.826226 -0.547361 25.484100 -0.011736 0.550929 0.834469 -0.079300 0.000000 0.000000 0.000000 1.000000
0.991099 0.118858 -0.059963 4.241000 -0.132602 0.841400 -0.523892 25.484100 -0.011816 0.527180 0.849671 -0.079300 0.000000 0.000000 0.000000 1.000000
0.991017 0.120221 -0.058581 4.241000 -0.133170 0.846945 -0.514734 25.484100 -0.012267 0.517911 0.855346 -0.079300 0.000000 0.000000 0.000000 1.000000
0.990756 0.122355 -0.058584 4.241000 -0.135007 0.847079 -0.514033 25.484100 -0.013269 0.517190 0.855767 -0.079300 0.000000 0.000000 0.000000 1.000000
0.990818 0.120842 -0.060636 4.241000 -0.134588 0.838884 -0.527408 25.484100 -0.012867 0.530727 0.847445 -0.079300 0.000000 0.000000 0.000000 1.000000
0.990962 0.118121 -0.063567 4.241000 -0.133603 0.826799 -0.546401 25.484100 -0.011985 0.549956 0.835108 -0.079300 0.000000 0.000000 0.000000 1.000000
0.991041 0.117378 -0.063716 4.241000 -0.133049 0.826123 -0.547557 25.484100 -0.011634 0.551129 0.834339 -0.079300 0.000000 0.000000 0.000000 1.000000
0.991135 0.117533 -0.061946 4.241000 -0.132364 0.833357 -0.536653 25.484100 -0.011451 0.540095 0.841526 -0.079300 0.000000 0.000000 0.000000 1.000000
0.991091 0.119428 -0.058951 4.241000 -0.132648 0.845433 -0.517346 25.484100 -0.011946 0.520557 0.853744 -0.079300 0.000000 0.000000 0.000000 1.000000
0.991017 0.120375 -0.058261 4.241000 -0.133167 0.848202 -0.512660 25.484100 -0.012294 0.515814 0.856612 -0.079300 0.000000 0.000000 0.000000 1.000000
0.990972 0.121909 -0.055793 4.241000 -0.133472 0.857807 -0.496339 25.484100 -0.012648 0.499305 0.866334 -0.079300 0.000000 0.000000 0.000000 1.000000
0.991148 0.121661 -0.053152 4.241000 -0.132205 0.867686 -0.479210 25.484100 -0.012182 0.481995 0.876089 -0.079300 0.000000 0.000000 0.000000 1.000000
0.991369 0.119053 -0.054908 4.241000 -0.130621 0.860971 -0.491597 25.484100 -0.011252 0.494526 0.869090 -0.079300 0.000000 0.000000 0.000000 1.000000
0.991044 0.118759 -0.061063 4.241000 -0.133004 0.836999 -0.530794 25.484100 -0.011927 0.534162 0.845298 -0.079300 0.000000 0.000000 0.000000 1.000000
0.990155 0.123427 -0.066018 4.241000 -0.139155 0.817074 -0.559488 25.484100 -0.015115 0.563166 0.826205 -0.079300 0.000000 0.000000 0.000000 1.000000</float_array>
        <technique_common>
          <accessor source="#mixamorig_LeftHandRing1-Matrix-animation-output-transform-array" count="30" stride="16">
            <param type="float4x4"/>
          </accessor>
        </technique_common>
      </source>
      <source id="mixamorig_LeftHandRing1-Interpolations">
        <Name_array id="mixamorig_LeftHandRing1-Interpolations-array" count="30">
 LINEAR LINEAR LINEAR LINEAR LINEAR LINEAR LINEAR LINEAR LINEAR LINEAR LINEAR
LINEAR LINEAR LINEAR LINEAR LINEAR LINEAR LINEAR LINEAR LINEAR LINEAR LINEAR LINEAR
LINEAR LINEAR LINEAR LINEAR LINEAR LINEAR LINEAR</Name_array>
        <technique_common>
          <accessor source="#mixamorig_LeftHandRing1-Interpolations-array" count="30">
            <param type="name"/>
          </accessor>
        </technique_common>
      </source>
      <sampler id="mixamorig_LeftHandRing1-Matrix-animation-transform">
        <input semantic="INPUT" source="#mixamorig_LeftHandRing1-Matrix-animation-input"/>
        <input semantic="OUTPUT" source="#mixamorig_LeftHandRing1-Matrix-animation-output-transform"/>
        <input semantic="INTERPOLATION" source="#mixamorig_LeftHandRing1-Interpolations"/>
      </sampler>
      <channel source="#mixamorig_LeftHandRing1-Matrix-animation-transform" target="mixamorig_LeftHandRing1/matrix"/>
    </animation>
    <animation id="mixamorig_LeftHandRing2-anim" name="mixamorig_LeftHandRing2">
      <source id="mixamorig_LeftHandRing2-Matrix-animation-input">
        <float_array id="mixamorig_LeftHandRing2-Matrix-animation-input-array" count="30">

0.000000 0.033333 0.066667 0.100000 0.133333 0.166667 0.200000 0.233333 0.266667 0.300000 0.333333 0.366667 0.400000 0.433333 0.466667 0.500000
0.533333 0.566667 0.600000 0.633333 0.666667 0.700000 0.733333 0.766667 0.800000 0.833333 0.866667 0.900000 0.933333 0.966667</float_array>
        <technique_common>
          <accessor source="#mixamorig_LeftHandRing2-Matrix-animation-input-array" count="30">
            <param name="TIME" type="float"/>
          </accessor>
        </technique_common>
      </source>
      <source id="mixamorig_LeftHandRing2-Matrix-animation-output-transform">
        <float_array id="mixamorig_LeftHandRing2-Matrix-animation-output-transform-array" count="480">

0.999366 0.035461 -0.003260 0.000000 -0.034844 0.954839 -0.295075 6.309800 -0.007351 0.295001 0.955469 0.000000 0.000000 0.000000 0.000000 1.000000
0.999376 0.035176 -0.003184 0.000000 -0.034571 0.955720 -0.292240 6.309800 -0.007237 0.292168 0.956340 -0.000000 0.000000 0.000000 0.000000 1.000000
0.999380 0.035066 -0.003155 0.000000 -0.034465 0.956057 -0.291148 6.309800 -0.007193 0.291076 0.956673 -0.000000 0.000000 0.000000 0.000000 1.000000
0.999377 0.035156 -0.003179 -0.000000 -0.034551 0.955782 -0.292040 6.309800 -0.007229 0.291968 0.956401 0.000000 0.000000 0.000000 0.000000 1.000000
0.999368 0.035392 -0.003242 0.000000 -0.034778 0.955053 -0.294388 6.309800 -0.007323 0.294315 0.955680 0.000000 0.000000 0.000000 0.000000 1.000000
0.999363 0.035526 -0.003277 0.000000 -0.034906 0.954637 -0.295720 6.309800 -0.007377 0.295646 0.955269 -0.000000 0.000000 0.000000 0.000000 1.000000
0.999364 0.035516 -0.003275 0.000000 -0.034896 0.954668 -0.295621 6.309800 -0.007373 0.295547 0.955300 -0.000000 0.000000 0.000000 0.000000 1.000000
0.999370 0.035348 -0.003230 -0.000000 -0.034735 0.955190 -0.293950 6.309800 -0.007305 0.293877 0.955815 0.000000 0.000000 0.000000 0.000000 1.000000
0.999375 0.035192 -0.003188 0.000000 -0.034586 0.955672 -0.292396 6.309800 -0.007243 0.292324 0.956292 0.000000 0.000000 0.000000 0.000000 1.000000
0.999377 0.035142 -0.003175 0.000000 -0.034538 0.955826 -0.291896 6.309800 -0.007223 0.291824 0.956445 0.000000 0.000000 0.000000 0.000000 1.000000
0.999382 0.035020 -0.003143 0.000000 -0.034421 0.956198 -0.290689 6.309800 -0.007175 0.290618 0.956812 0.000000 0.000000 0.000000 0.000000 1.000000
0.999384 0.034950 -0.003125 -0.000000 -0.034354 0.956414 -0.289988 6.309800 -0.007146 0.289917 0.957025 -0.000000 0.000000 0.000000 0.000000 1.000000
0.999386 0.034900 -0.003111 0.000000 -0.034306 0.956566 -0.289490 6.309800 -0.007127 0.289419 0.957176 0.000000 0.000000 0.000000 0.000000 1.000000
0.999385 0.034933 -0.003121 0.000000 -0.034338 0.956463 -0.289827 6.309800 -0.007140 0.289756 0.957074 0.000000 0.000000 0.000000 0.000000 1.000000
0.999382 0.035008 -0.003140 0.000000 -0.034409 0.956237 -0.290564 6.309800 -0.007170 0.290492 0.956850 0.000000 0.000000 0.000000 0.000000 1.000000
0.999385 0.034932 -0.003120 0.000000 -0.034336 0.956468 -0.289810 6.309800 -0.007140 0.289739 0.957079 -0.000000 0.000000 0.000000 0.000000 1.000000
0.999385 0.034930 -0.003119 -0.000000 -0.034335 0.956474 -0.289790 6.309800 -0.007139 0.289719 0.957085 0.000000 0.000000 0.000000 0.000000 1.000000
0.999385 0.034931 -0.003120 0.000000 -0.034336 0.956470 -0.289804 6.309800 -0.007139 0.289732 0.957081 0.000000 0.000000 0.000000 0.000000 1.000000
0.999385 0.034933 -0.003120 -0.000000 -0.034338 0.956464 -0.289824 6.309800 -0.007140 0.289753 0.957075 0.000000 0.000000 0.000000 0.000000 1.000000
0.999379 0.035098 -0.003164 0.000000 -0.034496 0.955958 -0.291469 6.309800 -0.007206 0.291397 0.956575 0.000000 0.000000 0.000000 0.000000 1.000000
0.999364 0.035512 -0.003274 -0.000000 -0.034892 0.954680 -0.295583 6.309800 -0.007371 0.295509 0.955312 0.000000 0.000000 0.000000 0.000000 1.000000
0.999358 0.035674 -0.003317 0.000000 -0.035048 0.954174 -0.297192 6.309800 -0.007437 0.297118 0.954812 0.000000 0.000000 0.000000 0.000000 1.000000
0.999343 0.036094 -0.003431 0.000000 -0.035449 0.952850 -0.301365 6.309800 -0.007608 0.301289 0.953503 -0.000000 0.000000 0.000000 0.000000 1.000000
0.999320 0.036688 -0.003597 -0.000000 -0.036018 0.950937 -0.307280 6.309800 -0.007853 0.307200 0.951612 0.000000 0.000000 0.000000 0.000000 1.000000
0.999324 0.036584 -0.003567 -0.000000 -0.035919 0.951274 -0.306248 6.309800 -0.007810 0.306169 0.951945 0.000000 0.000000 0.000000 0.000000 1.000000
0.999331 0.036403 -0.003517 0.000000 -0.035745 0.951858 -0.304449 6.309800 -0.007736 0.304371 0.952522 0.000000 0.000000 0.000000 0.000000 1.000000
0.999337 0.036252 -0.003475 0.000000 -0.035601 0.952342 -0.302946 6.309800 -0.007673 0.302869 0.953001 0.000000 0.000000 0.000000 0.000000 1.000000
0.999353 0.035818 -0.003356 0.000000 -0.035186 0.953720 -0.298629 6.309800 -0.007496 0.298554 0.954363 -0.000000 0.000000 0.000000 0.000000 1.000000
0.999361 0.035586 -0.003293 -0.000000 -0.034963 0.954450 -0.296314 6.309800 -0.007401 0.296240 0.955085 -0.000000 0.000000 0.000000 0.000000 1.000000
0.999366 0.035462 -0.003260 0.000000 -0.034844 0.954838 -0.295078 6.309800 -0.007351 0.295005 0.955468 0.000000 0.000000 0.000000 0.000000 1.000000</float_array>
        <technique_common>
          <accessor source="#mixamorig_LeftHandRing2-Matrix-animation-output-transform-array" count="30" stride="16">
            <param type="float4x4"/>
          </accessor>
        </technique_common>
      </source>
      <source id="mixamorig_LeftHandRing2-Interpolations">
        <Name_array id="mixamorig_LeftHandRing2-Interpolations-array" count="30">
 LINEAR LINEAR LINEAR LINEAR LINEAR LINEAR LINEAR LINEAR LINEAR LINEAR LINEAR
LINEAR LINEAR LINEAR LINEAR LINEAR LINEAR LINEAR LINEAR LINEAR LINEAR LINEAR LINEAR
LINEAR LINEAR LINEAR LINEAR LINEAR LINEAR LINEAR</Name_array>
        <technique_common>
          <accessor source="#mixamorig_LeftHandRing2-Interpolations-array" count="30">
            <param type="name"/>
          </accessor>
        </technique_common>
      </source>
      <sampler id="mixamorig_LeftHandRing2-Matrix-animation-transform">
        <input semantic="INPUT" source="#mixamorig_LeftHandRing2-Matrix-animation-input"/>
        <input semantic="OUTPUT" source="#mixamorig_LeftHandRing2-Matrix-animation-output-transform"/>
        <input semantic="INTERPOLATION" source="#mixamorig_LeftHandRing2-Interpolations"/>
      </sampler>
      <channel source="#mixamorig_LeftHandRing2-Matrix-animation-transform" target="mixamorig_LeftHandRing2/matrix"/>
    </animation>
    <animation id="mixamorig_LeftHandRing3-anim" name="mixamorig_LeftHandRing3">
      <source id="mixamorig_LeftHandRing3-Matrix-animation-input">
        <float_array id="mixamorig_LeftHandRing3-Matrix-animation-input-array" count="30">

0.000000 0.033333 0.066667 0.100000 0.133333 0.166667 0.200000 0.233333 0.266667 0.300000 0.333333 0.366667 0.400000 0.433333 0.466667 0.500000
0.533333 0.566667 0.600000 0.633333 0.666667 0.700000 0.733333 0.766667 0.800000 0.833333 0.866667 0.900000 0.933333 0.966667</float_array>
        <technique_common>
          <accessor source="#mixamorig_LeftHandRing3-Matrix-animation-input-array" count="30">
            <param name="TIME" type="float"/>
          </accessor>
        </technique_common>
      </source>
      <source id="mixamorig_LeftHandRing3-Matrix-animation-output-transform">
        <float_array id="mixamorig_LeftHandRing3-Matrix-animation-output-transform-array" count="480">

0.999764 0.021725 0.000487 0.000000 -0.021097 0.975756 -0.217844 6.359500 -0.005208 0.217782 0.975983 -0.000000 0.000000 0.000000 0.000000 1.000000
0.999770 0.021430 0.000523 0.000000 -0.020817 0.976407 -0.214934 6.359500 -0.005116 0.214873 0.976629 0.000000 0.000000 0.000000 0.000000 1.000000
0.999773 0.021316 0.000536 0.000000 -0.020708 0.976656 -0.213811 6.359500 -0.005081 0.213751 0.976875 -0.000000 0.000000 0.000000 0.000000 1.000000
0.999771 0.021409 0.000525 0.000000 -0.020797 0.976453 -0.214728 6.359500 -0.005110 0.214667 0.976674 0.000000 0.000000 0.000000 0.000000 1.000000
0.999765 0.021652 0.000496 0.000000 -0.021028 0.975916 -0.217131 6.359500 -0.005185 0.217069 0.976142 -0.000000 0.000000 0.000000 0.000000 1.000000
0.999762 0.021791 0.000479 0.000000 -0.021160 0.975609 -0.218495 6.359500 -0.005229 0.218433 0.975838 0.000000 0.000000 0.000000 0.000000 1.000000
0.999763 0.021782 0.000480 0.000000 -0.021151 0.975630 -0.218402 6.359500 -0.005226 0.218340 0.975859 0.000000 0.000000 0.000000 0.000000 1.000000
0.999766 0.021610 0.000501 0.000000 -0.020987 0.976011 -0.216709 6.359500 -0.005172 0.216648 0.976236 0.000000 0.000000 0.000000 0.000000 1.000000
0.999770 0.021449 0.000520 0.000000 -0.020835 0.976363 -0.215129 6.359500 -0.005122 0.215069 0.976585 -0.000000 0.000000 0.000000 0.000000 1.000000
0.999771 0.021397 0.000527 0.000000 -0.020785 0.976479 -0.214610 6.359500 -0.005106 0.214550 0.976700 0.000000 0.000000 0.000000 0.000000 1.000000
0.999774 0.021271 0.000541 0.000000 -0.020665 0.976753 -0.213370 6.359500 -0.005067 0.213310 0.976971 0.000000 0.000000 0.000000 0.000000 1.000000
0.999775 0.021197 0.000550 0.000000 -0.020596 0.976913 -0.212645 6.359500 -0.005045 0.212586 0.977129 0.000000 0.000000 0.000000 0.000000 1.000000
0.999776 0.021145 0.000556 0.000000 -0.020545 0.977026 -0.212126 6.359500 -0.005029 0.212067 0.977242 0.000000 0.000000 0.000000 0.000000 1.000000
0.999776 0.021179 0.000552 -0.000000 -0.020578 0.976953 -0.212462 6.359500 -0.005039 0.212403 0.977169 -0.000000 0.000000 0.000000 0.000000 1.000000
0.999774 0.021254 0.000543 0.000000 -0.020650 0.976789 -0.213207 6.359500 -0.005062 0.213148 0.977007 -0.000000 0.000000 0.000000 0.000000 1.000000
0.999776 0.021176 0.000552 -0.000000 -0.020576 0.976958 -0.212437 6.359500 -0.005038 0.212378 0.977175 -0.000000 0.000000 0.000000 0.000000 1.000000
0.999776 0.021175 0.000553 0.000000 -0.020574 0.976961 -0.212425 6.359500 -0.005038 0.212366 0.977177 -0.000000 0.000000 0.000000 0.000000 1.000000
0.999776 0.021177 0.000552 0.000000 -0.020576 0.976956 -0.212447 6.359500 -0.005039 0.212388 0.977172 0.000000 0.000000 0.000000 0.000000 1.000000
0.999776 0.021180 0.000552 0.000000 -0.020579 0.976950 -0.212474 6.359500 -0.005039 0.212414 0.977167 -0.000000 0.000000 0.000000 0.000000 1.000000
0.999772 0.021350 0.000532 0.000000 -0.020741 0.976580 -0.214150 6.359500 -0.005092 0.214090 0.976801 -0.000000 0.000000 0.000000 0.000000 1.000000
0.999763 0.021776 0.000481 0.000000 -0.021145 0.975642 -0.218346 6.359500 -0.005224 0.218284 0.975871 0.000000 0.000000 0.000000 0.000000 1.000000
0.999759 0.021943 0.000460 -0.000000 -0.021304 0.975269 -0.219991 6.359500 -0.005276 0.219929 0.975502 -0.000000 0.000000 0.000000 0.000000 1.000000
0.999750 0.022377 0.000405 0.000000 -0.021716 0.974286 -0.224264 6.359500 -0.005413 0.224199 0.974528 0.000000 0.000000 0.000000 0.000000 1.000000
0.999736 0.022992 0.000324 0.000000 -0.022299 0.972860 -0.230318 6.359500 -0.005611 0.230250 0.973115 0.000000 0.000000 0.000000 0.000000 1.000000
0.999738 0.022885 0.000338 0.000000 -0.022198 0.973110 -0.229267 6.359500 -0.005576 0.229200 0.973363 0.000000 0.000000 0.000000 0.000000 1.000000
0.999742 0.022699 0.000363 -0.000000 -0.022021 0.973544 -0.227435 6.359500 -0.005516 0.227368 0.973793 0.000000 0.000000 0.000000 0.000000 1.000000
0.999746 0.022543 0.000384 0.000000 -0.021874 0.973904 -0.225902 6.359500 -0.005466 0.225836 0.974150 0.000000 0.000000 0.000000 0.000000 1.000000
0.999756 0.022094 0.000441 0.000000 -0.021448 0.974928 -0.221483 6.359500 -0.005323 0.221419 0.975164 0.000000 0.000000 0.000000 0.000000 1.000000
0.999761 0.021854 0.000471 0.000000 -0.021219 0.975468 -0.219115 6.359500 -0.005248 0.219053 0.975699 0.000000 0.000000 0.000000 0.000000 1.000000
0.999764 0.021725 0.000487 0.000000 -0.021097 0.975756 -0.217844 6.359500 -0.005208 0.217782 0.975984 0.000000 0.000000 0.000000 0.000000 1.000000</float_array>
        <technique_common>
          <accessor source="#mixamorig_LeftHandRing3-Matrix-animation-output-transform-array" count="30" stride="16">
            <param type="float4x4"/>
          </accessor>
        </technique_common>
      </source>
      <source id="mixamorig_LeftHandRing3-Interpolations">
        <Name_array id="mixamorig_LeftHandRing3-Interpolations-array" count="30">
 LINEAR LINEAR LINEAR LINEAR LINEAR LINEAR LINEAR LINEAR LINEAR LINEAR LINEAR
LINEAR LINEAR LINEAR LINEAR LINEAR LINEAR LINEAR LINEAR LINEAR LINEAR LINEAR LINEAR
LINEAR LINEAR LINEAR LINEAR LINEAR LINEAR LINEAR</Name_array>
        <technique_common>
          <accessor source="#mixamorig_LeftHandRing3-Interpolations-array" count="30">
            <param type="name"/>
          </accessor>
        </technique_common>
      </source>
      <sampler id="mixamorig_LeftHandRing3-Matrix-animation-transform">
        <input semantic="INPUT" source="#mixamorig_LeftHandRing3-Matrix-animation-input"/>
        <input semantic="OUTPUT" source="#mixamorig_LeftHandRing3-Matrix-animation-output-transform"/>
        <input semantic="INTERPOLATION" source="#mixamorig_LeftHandRing3-Interpolations"/>
      </sampler>
      <channel source="#mixamorig_LeftHandRing3-Matrix-animation-transform" target="mixamorig_LeftHandRing3/matrix"/>
    </animation>
    <animation id="mixamorig_LeftHandPinky1-anim" name="mixamorig_LeftHandPinky1">
      <source id="mixamorig_LeftHandPinky1-Matrix-animation-input">
        <float_array id="mixamorig_LeftHandPinky1-Matrix-animation-input-array" count="30">

0.000000 0.033333 0.066667 0.100000 0.133333 0.166667 0.200000 0.233333 0.266667 0.300000 0.333333 0.366667 0.400000 0.433333 0.466667 0.500000
0.533333 0.566667 0.600000 0.633333 0.666667 0.700000 0.733333 0.766667 0.800000 0.833333 0.866667 0.900000 0.933333 0.966667</float_array>
        <technique_common>
          <accessor source="#mixamorig_LeftHandPinky1-Matrix-animation-input-array" count="30">
            <param name="TIME" type="float"/>
          </accessor>
        </technique_common>
      </source>
      <source id="mixamorig_LeftHandPinky1-Matrix-animation-output-transform">
        <float_array id="mixamorig_LeftHandPinky1-Matrix-animation-output-transform-array" count="480">

0.970405 0.231621 -0.068315 8.780900 -0.233762 0.830021 -0.506380 21.905800 -0.060585 0.507363 0.859600 0.441000 0.000000 0.000000 0.000000 1.000000
0.966631 0.246325 -0.070341 8.780900 -0.246451 0.819282 -0.517725 21.905800 -0.069899 0.517785 0.852651 0.441000 0.000000 0.000000 0.000000 1.000000
0.965955 0.248973 -0.070308 8.780900 -0.248714 0.818871 -0.517293 21.905800 -0.071218 0.517169 0.852915 0.441000 0.000000 0.000000 0.000000 1.000000
0.970330 0.233117 -0.064156 8.780900 -0.234821 0.845380 -0.479783 21.905800 -0.057609 0.480613 0.875038 0.441000 0.000000 0.000000 0.000000 1.000000
0.975352 0.213173 -0.056964 8.780900 -0.216481 0.874504 -0.434026 21.905800 -0.042707 0.435659 0.899098 0.441000 0.000000 0.000000 0.000000 1.000000
0.975136 0.214219 -0.056744 8.780900 -0.217401 0.875090 -0.432381 21.905800 -0.042968 0.433967 0.899904 0.441000 0.000000 0.000000 0.000000 1.000000
0.974039 0.218810 -0.058053 8.780900 -0.221669 0.869828 -0.440752 21.905800 -0.045945 0.442179 0.895749 0.441000 0.000000 0.000000 0.000000 1.000000
0.971986 0.227115 -0.060517 8.780900 -0.229298 0.859713 -0.456417 21.905800 -0.051632 0.457507 0.887706 0.441000 0.000000 0.000000 0.000000 1.000000
0.970918 0.231424 -0.061328 8.780900 -0.233182 0.856045 -0.461317 21.905800 -0.054260 0.462201 0.885113 0.441000 0.000000 0.000000 0.000000 1.000000
0.972299 0.226072 -0.059381 8.780900 -0.228292 0.863948 -0.448861 21.905800 -0.050173 0.449983 0.891626 0.441000 0.000000 0.000000 0.000000 1.000000
0.973015 0.223089 -0.058931 8.780900 -0.225596 0.866134 -0.446002 21.905800 -0.048456 0.447262 0.893090 0.441000 0.000000 0.000000 0.000000 1.000000
0.971672 0.227618 -0.063586 8.780900 -0.229979 0.848708 -0.476240 21.905800 -0.054435 0.477373 0.877013 0.441000 0.000000 0.000000 0.000000 1.000000
0.970224 0.232304 -0.068556 8.780900 -0.234397 0.829231 -0.507380 21.905800 -0.061017 0.508342 0.858991 0.441000 0.000000 0.000000 0.000000 1.000000
0.969983 0.232859 -0.070068 8.780900 -0.234972 0.823322 -0.516651 21.905800 -0.062619 0.517607 0.853324 0.441000 0.000000 0.000000 0.000000 1.000000
0.970503 0.230689 -0.070048 8.780900 -0.233122 0.823872 -0.516613 21.905800 -0.061467 0.517704 0.853349 0.441000 0.000000 0.000000 0.000000 1.000000
0.972062 0.224816 -0.067473 8.780900 -0.227875 0.834943 -0.500943 21.905800 -0.056284 0.502323 0.862846 0.441000 0.000000 0.000000 0.000000 1.000000
0.974025 0.217216 -0.063972 8.780900 -0.220912 0.849486 -0.479137 21.905800 -0.049733 0.480823 0.875406 0.441000 0.000000 0.000000 0.000000 1.000000
0.974719 0.214381 -0.062956 8.780900 -0.218306 0.853747 -0.472713 21.905800 -0.047593 0.474506 0.878965 0.441000 0.000000 0.000000 0.000000 1.000000
0.975258 0.211880 -0.063085 8.780900 -0.216123 0.853736 -0.473735 21.905800 -0.046517 0.475648 0.878405 0.441000 0.000000 0.000000 0.000000 1.000000
0.975181 0.211570 -0.065268 8.780900 -0.216146 0.845812 -0.487732 21.905800 -0.047985 0.489735 0.870550 0.441000 0.000000 0.000000 0.000000 1.000000
0.975199 0.210481 -0.068443 8.780900 -0.215658 0.834082 -0.507739 21.905800 -0.049782 0.509907 0.858788 0.441000 0.000000 0.000000 0.000000 1.000000
0.975782 0.207589 -0.068964 8.780900 -0.213281 0.832864 -0.510733 21.905800 -0.048585 0.513073 0.856969 0.441000 0.000000 0.000000 0.000000 1.000000
0.977467 0.199860 -0.067925 8.780900 -0.206522 0.838897 -0.503588 21.905800 -0.043666 0.506269 0.861270 0.441000 0.000000 0.000000 0.000000 1.000000
0.979163 0.192273 -0.065352 8.780900 -0.199508 0.850735 -0.486258 21.905800 -0.037897 0.489164 0.871368 0.441000 0.000000 0.000000 0.000000 1.000000
0.979210 0.192213 -0.064829 8.780900 -0.199366 0.852930 -0.482456 21.905800 -0.037440 0.485350 0.873518 0.441000 0.000000 0.000000 0.000000 1.000000
0.979425 0.191706 -0.063050 8.780900 -0.198573 0.859770 -0.470494 21.905800 -0.035988 0.473334 0.880148 0.441000 0.000000 0.000000 0.000000 1.000000
0.979353 0.192533 -0.061633 8.780900 -0.199013 0.864659 -0.461258 21.905800 -0.035516 0.464000 0.885123 0.441000 0.000000 0.000000 0.000000 1.000000
0.976564 0.205696 -0.063340 8.780900 -0.210838 0.855153 -0.473562 21.905800 -0.043244 0.475818 0.878480 0.441000 0.000000 0.000000 0.000000 1.000000
0.973405 0.219117 -0.066859 8.780900 -0.222868 0.838185 -0.497770 21.905800 -0.053030 0.499433 0.864728 0.441000 0.000000 0.000000 0.000000 1.000000
0.970422 0.231624 -0.068049 8.780900 -0.233627 0.830029 -0.506430 21.905800 -0.060819 0.507349 0.859592 0.441000 0.000000 0.000000 0.000000 1.000000</float_array>
        <technique_common>
          <accessor source="#mixamorig_LeftHandPinky1-Matrix-animation-output-transform-array" count="30" stride="16">
            <param type="float4x4"/>
          </accessor>
        </technique_common>
      </source>
      <source id="mixamorig_LeftHandPinky1-Interpolations">
        <Name_array id="mixamorig_LeftHandPinky1-Interpolations-array" count="30">
 LINEAR LINEAR LINEAR LINEAR LINEAR LINEAR LINEAR LINEAR LINEAR LINEAR LINEAR
LINEAR LINEAR LINEAR LINEAR LINEAR LINEAR LINEAR LINEAR LINEAR LINEAR LINEAR LINEAR
LINEAR LINEAR LINEAR LINEAR LINEAR LINEAR LINEAR</Name_array>
        <technique_common>
          <accessor source="#mixamorig_LeftHandPinky1-Interpolations-array" count="30">
            <param type="name"/>
          </accessor>
        </technique_common>
      </source>
      <sampler id="mixamorig_LeftHandPinky1-Matrix-animation-transform">
        <input semantic="INPUT" source="#mixamorig_LeftHandPinky1-Matrix-animation-input"/>
        <input semantic="OUTPUT" source="#mixamorig_LeftHandPinky1-Matrix-animation-output-transform"/>
        <input semantic="INTERPOLATION" source="#mixamorig_LeftHandPinky1-Interpolations"/>
      </sampler>
      <channel source="#mixamorig_LeftHandPinky1-Matrix-animation-transform" target="mixamorig_LeftHandPinky1/matrix"/>
    </animation>
    <animation id="mixamorig_LeftHandPinky2-anim" name="mixamorig_LeftHandPinky2">
      <source id="mixamorig_LeftHandPinky2-Matrix-animation-input">
        <float_array id="mixamorig_LeftHandPinky2-Matrix-animation-input-array" count="30">

0.000000 0.033333 0.066667 0.100000 0.133333 0.166667 0.200000 0.233333 0.266667 0.300000 0.333333 0.366667 0.400000 0.433333 0.466667 0.500000
0.533333 0.566667 0.600000 0.633333 0.666667 0.700000 0.733333 0.766667 0.800000 0.833333 0.866667 0.900000 0.933333 0.966667</float_array>
        <technique_common>
          <accessor source="#mixamorig_LeftHandPinky2-Matrix-animation-input-array" count="30">
            <param name="TIME" type="float"/>
          </accessor>
        </technique_common>
      </source>
      <source id="mixamorig_LeftHandPinky2-Matrix-animation-output-transform">
        <float_array id="mixamorig_LeftHandPinky2-Matrix-animation-output-transform-array" count="480">

0.998875 0.044887 -0.015287 0.000000 -0.046657 0.872809 -0.485826 6.536700 -0.008465 0.485993 0.873922 0.000000 0.000000 0.000000 0.000000 1.000000
0.998877 0.044860 -0.015269 -0.000000 -0.046627 0.872970 -0.485540 6.536700 -0.008452 0.485706 0.874081 0.000000 0.000000 0.000000 0.000000 1.000000
0.998874 0.044905 -0.015298 -0.000000 -0.046677 0.872702 -0.486016 6.536700 -0.008474 0.486183 0.873816 0.000000 0.000000 0.000000 0.000000 1.000000
0.998857 0.045217 -0.015496 0.000000 -0.047014 0.870891 -0.489223 6.536700 -0.008626 0.489392 0.872021 -0.000000 0.000000 0.000000 0.000000 1.000000
0.998835 0.045612 -0.015748 -0.000000 -0.047441 0.868571 -0.493289 6.536700 -0.008822 0.493462 0.869723 0.000000 0.000000 0.000000 0.000000 1.000000
0.998830 0.045702 -0.015805 0.000000 -0.047538 0.868042 -0.494211 6.536700 -0.008867 0.494384 0.869199 -0.000000 0.000000 0.000000 0.000000 1.000000
0.998832 0.045660 -0.015779 0.000000 -0.047492 0.868290 -0.493779 6.536700 -0.008845 0.493952 0.869444 0.000000 0.000000 0.000000 0.000000 1.000000
0.998840 0.045528 -0.015694 0.000000 -0.047350 0.869067 -0.492424 6.536700 -0.008780 0.492596 0.870214 0.000000 0.000000 0.000000 0.000000 1.000000
0.998839 0.045536 -0.015699 -0.000000 -0.047358 0.869022 -0.492501 6.536700 -0.008784 0.492673 0.870170 0.000000 0.000000 0.000000 0.000000 1.000000
0.998832 0.045669 -0.015784 0.000000 -0.047503 0.868235 -0.493874 6.536700 -0.008850 0.494047 0.869390 -0.000000 0.000000 0.000000 0.000000 1.000000
0.998837 0.045583 -0.015729 0.000000 -0.047409 0.868747 -0.492981 6.536700 -0.008807 0.493153 0.869898 0.000000 0.000000 0.000000 0.000000 1.000000
0.998858 0.045207 -0.015489 0.000000 -0.047003 0.870950 -0.489118 6.536700 -0.008622 0.489287 0.872080 -0.000000 0.000000 0.000000 0.000000 1.000000
0.998876 0.044868 -0.015274 -0.000000 -0.046636 0.872922 -0.485626 6.536700 -0.008456 0.485792 0.874033 0.000000 0.000000 0.000000 0.000000 1.000000
0.998878 0.044836 -0.015254 0.000000 -0.046601 0.873108 -0.485295 6.536700 -0.008440 0.485461 0.874218 -0.000000 0.000000 0.000000 0.000000 1.000000
0.998879 0.044809 -0.015237 0.000000 -0.046572 0.873264 -0.485016 6.536700 -0.008427 0.485182 0.874372 0.000000 0.000000 0.000000 0.000000 1.000000
0.998881 0.044785 -0.015222 0.000000 -0.046547 0.873398 -0.484778 6.536700 -0.008416 0.484944 0.874505 -0.000000 0.000000 0.000000 0.000000 1.000000
0.998872 0.044943 -0.015322 0.000000 -0.046717 0.872487 -0.486399 6.536700 -0.008492 0.486566 0.873603 0.000000 0.000000 0.000000 0.000000 1.000000
0.998870 0.044971 -0.015340 -0.000000 -0.046748 0.872322 -0.486692 6.536700 -0.008506 0.486859 0.873439 0.000000 0.000000 0.000000 0.000000 1.000000
0.998875 0.044886 -0.015286 0.000000 -0.046656 0.872813 -0.485820 6.536700 -0.008465 0.485987 0.873925 0.000000 0.000000 0.000000 0.000000 1.000000
0.998879 0.044813 -0.015240 0.000000 -0.046577 0.873238 -0.485063 6.536700 -0.008429 0.485229 0.874346 0.000000 0.000000 0.000000 0.000000 1.000000
0.998878 0.044826 -0.015248 -0.000000 -0.046591 0.873164 -0.485194 6.536700 -0.008435 0.485360 0.874273 0.000000 0.000000 0.000000 0.000000 1.000000
0.998875 0.044884 -0.015284 0.000000 -0.046654 0.872828 -0.485793 6.536700 -0.008464 0.485959 0.873940 0.000000 0.000000 0.000000 0.000000 1.000000
0.998857 0.045214 -0.015493 0.000000 -0.047010 0.870910 -0.489188 6.536700 -0.008625 0.489358 0.872040 0.000000 0.000000 0.000000 0.000000 1.000000
0.998834 0.045628 -0.015758 0.000000 -0.047458 0.868477 -0.493453 6.536700 -0.008829 0.493626 0.869629 0.000000 0.000000 0.000000 0.000000 1.000000
0.998831 0.045689 -0.015797 -0.000000 -0.047524 0.868120 -0.494074 6.536700 -0.008860 0.494247 0.869276 0.000000 0.000000 0.000000 0.000000 1.000000
0.998831 0.045677 -0.015789 0.000000 -0.047511 0.868191 -0.493950 6.536700 -0.008854 0.494123 0.869347 0.000000 0.000000 0.000000 0.000000 1.000000
0.998835 0.045616 -0.015750 0.000000 -0.047445 0.868551 -0.493324 6.536700 -0.008824 0.493497 0.869703 0.000000 0.000000 0.000000 0.000000 1.000000
0.998858 0.045195 -0.015481 0.000000 -0.046990 0.871021 -0.488994 6.536700 -0.008616 0.489163 0.872150 0.000000 0.000000 0.000000 0.000000 1.000000
0.998875 0.044897 -0.015293 0.000000 -0.046668 0.872751 -0.485930 6.536700 -0.008470 0.486097 0.873864 0.000000 0.000000 0.000000 0.000000 1.000000
0.998875 0.044887 -0.015287 0.000000 -0.046657 0.872809 -0.485826 6.536700 -0.008465 0.485993 0.873922 0.000000 0.000000 0.000000 0.000000 1.000000</float_array>
        <technique_common>
          <accessor source="#mixamorig_LeftHandPinky2-Matrix-animation-output-transform-array" count="30" stride="16">
            <param type="float4x4"/>
          </accessor>
        </technique_common>
      </source>
      <source id="mixamorig_LeftHandPinky2-Interpolations">
        <Name_array id="mixamorig_LeftHandPinky2-Interpolations-array" count="30">
 LINEAR LINEAR LINEAR LINEAR LINEAR LINEAR LINEAR LINEAR LINEAR LINEAR LINEAR
LINEAR LINEAR LINEAR LINEAR LINEAR LINEAR LINEAR LINEAR LINEAR LINEAR LINEAR LINEAR
LINEAR LINEAR LINEAR LINEAR LINEAR LINEAR LINEAR</Name_array>
        <technique_common>
          <accessor source="#mixamorig_LeftHandPinky2-Interpolations-array" count="30">
            <param type="name"/>
          </accessor>
        </technique_common>
      </source>
      <sampler id="mixamorig_LeftHandPinky2-Matrix-animation-transform">
        <input semantic="INPUT" source="#mixamorig_LeftHandPinky2-Matrix-animation-input"/>
        <input semantic="OUTPUT" source="#mixamorig_LeftHandPinky2-Matrix-animation-output-transform"/>
        <input semantic="INTERPOLATION" source="#mixamorig_LeftHandPinky2-Interpolations"/>
      </sampler>
      <channel source="#mixamorig_LeftHandPinky2-Matrix-animation-transform" target="mixamorig_LeftHandPinky2/matrix"/>
    </animation>
    <animation id="mixamorig_LeftHandPinky3-anim" name="mixamorig_LeftHandPinky3">
      <source id="mixamorig_LeftHandPinky3-Matrix-animation-input">
        <float_array id="mixamorig_LeftHandPinky3-Matrix-animation-input-array" count="30">

0.000000 0.033333 0.066667 0.100000 0.133333 0.166667 0.200000 0.233333 0.266667 0.300000 0.333333 0.366667 0.400000 0.433333 0.466667 0.500000
0.533333 0.566667 0.600000 0.633333 0.666667 0.700000 0.733333 0.766667 0.800000 0.833333 0.866667 0.900000 0.933333 0.966667</float_array>
        <technique_common>
          <accessor source="#mixamorig_LeftHandPinky3-Matrix-animation-input-array" count="30">
            <param name="TIME" type="float"/>
          </accessor>
        </technique_common>
      </source>
      <source id="mixamorig_LeftHandPinky3-Matrix-animation-output-transform">
        <float_array id="mixamorig_LeftHandPinky3-Matrix-animation-output-transform-array" count="480">

0.999643 0.026648 -0.001829 -0.000000 -0.026679 0.992767 -0.117053 4.149100 -0.001303 0.117060 0.993124 0.000000 0.000000 0.000000 0.000000 1.000000
0.999644 0.026615 -0.001823 0.000000 -0.026646 0.992807 -0.116727 4.149100 -0.001297 0.116734 0.993162 -0.000000 0.000000 0.000000 0.000000 1.000000
0.999643 0.026669 -0.001834 0.000000 -0.026700 0.992741 -0.117269 4.149100 -0.001307 0.117276 0.993098 0.000000 0.000000 0.000000 0.000000 1.000000
0.999633 0.027031 -0.001909 0.000000 -0.027063 0.992293 -0.120922 4.149100 -0.001375 0.120929 0.992660 0.000000 0.000000 0.000000 0.000000 1.000000
0.999620 0.027491 -0.002006 0.000000 -0.027525 0.991704 -0.125563 4.149100 -0.001462 0.125570 0.992084 -0.000000 0.000000 0.000000 0.000000 1.000000
0.999617 0.027595 -0.002029 0.000000 -0.027630 0.991567 -0.126616 4.149100 -0.001482 0.126623 0.991950 0.000000 0.000000 0.000000 0.000000 1.000000
0.999618 0.027546 -0.002018 -0.000000 -0.027581 0.991631 -0.126123 4.149100 -0.001473 0.126130 0.992013 0.000000 0.000000 0.000000 0.000000 1.000000
0.999623 0.027393 -0.001985 0.000000 -0.027427 0.991831 -0.124574 4.149100 -0.001443 0.124582 0.992208 0.000000 0.000000 0.000000 0.000000 1.000000
0.999623 0.027402 -0.001987 0.000000 -0.027436 0.991820 -0.124663 4.149100 -0.001445 0.124671 0.992197 -0.000000 0.000000 0.000000 0.000000 1.000000
0.999618 0.027557 -0.002021 0.000000 -0.027592 0.991617 -0.126232 4.149100 -0.001475 0.126239 0.991999 -0.000000 0.000000 0.000000 0.000000 1.000000
0.999621 0.027456 -0.001999 0.000000 -0.027490 0.991749 -0.125211 4.149100 -0.001456 0.125219 0.992128 0.000000 0.000000 0.000000 0.000000 1.000000
0.999633 0.027020 -0.001906 0.000000 -0.027052 0.992308 -0.120803 4.149100 -0.001372 0.120810 0.992675 -0.000000 0.000000 0.000000 0.000000 1.000000
0.999644 0.026625 -0.001825 0.000000 -0.026656 0.992795 -0.116824 4.149100 -0.001299 0.116831 0.993151 0.000000 0.000000 0.000000 0.000000 1.000000
0.999645 0.026587 -0.001817 -0.000000 -0.026618 0.992840 -0.116448 4.149100 -0.001292 0.116455 0.993195 0.000000 0.000000 0.000000 0.000000 1.000000
0.999646 0.026556 -0.001810 0.000000 -0.026587 0.992878 -0.116131 4.149100 -0.001286 0.116138 0.993232 -0.000000 0.000000 0.000000 0.000000 1.000000
0.999646 0.026529 -0.001805 -0.000000 -0.026560 0.992910 -0.115860 4.149100 -0.001281 0.115867 0.993264 0.000000 0.000000 0.000000 0.000000 1.000000
0.999641 0.026712 -0.001842 0.000000 -0.026743 0.992688 -0.117705 4.149100 -0.001315 0.117712 0.993047 0.000000 0.000000 0.000000 0.000000 1.000000
0.999641 0.026745 -0.001849 0.000000 -0.026777 0.992648 -0.118038 4.149100 -0.001321 0.118045 0.993007 0.000000 0.000000 0.000000 0.000000 1.000000
0.999643 0.026647 -0.001829 -0.000000 -0.026678 0.992768 -0.117046 4.149100 -0.001303 0.117053 0.993125 -0.000000 0.000000 0.000000 0.000000 1.000000
0.999646 0.026562 -0.001812 -0.000000 -0.026592 0.992872 -0.116184 4.149100 -0.001287 0.116191 0.993226 -0.000000 0.000000 0.000000 0.000000 1.000000
0.999645 0.026576 -0.001815 0.000000 -0.026607 0.992854 -0.116334 4.149100 -0.001290 0.116341 0.993209 0.000000 0.000000 0.000000 0.000000 1.000000
0.999643 0.026644 -0.001829 -0.000000 -0.026675 0.992772 -0.117015 4.149100 -0.001302 0.117022 0.993128 0.000000 0.000000 0.000000 0.000000 1.000000
0.999633 0.027027 -0.001908 -0.000000 -0.027060 0.992298 -0.120883 4.149100 -0.001374 0.120890 0.992665 0.000000 0.000000 0.000000 0.000000 1.000000
0.999620 0.027510 -0.002010 -0.000000 -0.027544 0.991679 -0.125751 4.149100 -0.001466 0.125758 0.992060 0.000000 0.000000 0.000000 0.000000 1.000000
0.999618 0.027580 -0.002026 0.000000 -0.027615 0.991587 -0.126460 4.149100 -0.001479 0.126468 0.991970 -0.000000 0.000000 0.000000 0.000000 1.000000
0.999618 0.027566 -0.002023 0.000000 -0.027601 0.991606 -0.126318 4.149100 -0.001477 0.126326 0.991988 -0.000000 0.000000 0.000000 0.000000 1.000000
0.999620 0.027495 -0.002007 -0.000000 -0.027529 0.991699 -0.125603 4.149100 -0.001463 0.125611 0.992079 0.000000 0.000000 0.000000 0.000000 1.000000
0.999633 0.027005 -0.001904 -0.000000 -0.027038 0.992325 -0.120661 4.149100 -0.001369 0.120669 0.992692 0.000000 0.000000 0.000000 0.000000 1.000000
0.999643 0.026659 -0.001832 0.000000 -0.026690 0.992753 -0.117171 4.149100 -0.001305 0.117178 0.993110 -0.000000 0.000000 0.000000 0.000000 1.000000
0.999643 0.026648 -0.001829 0.000000 -0.026679 0.992767 -0.117052 4.149100 -0.001303 0.117059 0.993124 0.000000 0.000000 0.000000 0.000000 1.000000</float_array>
        <technique_common>
          <accessor source="#mixamorig_LeftHandPinky3-Matrix-animation-output-transform-array" count="30" stride="16">
            <param type="float4x4"/>
          </accessor>
        </technique_common>
      </source>
      <source id="mixamorig_LeftHandPinky3-Interpolations">
        <Name_array id="mixamorig_LeftHandPinky3-Interpolations-array" count="30">
 LINEAR LINEAR LINEAR LINEAR LINEAR LINEAR LINEAR LINEAR LINEAR LINEAR LINEAR
LINEAR LINEAR LINEAR LINEAR LINEAR LINEAR LINEAR LINEAR LINEAR LINEAR LINEAR LINEAR
LINEAR LINEAR LINEAR LINEAR LINEAR LINEAR LINEAR</Name_array>
        <technique_common>
          <accessor source="#mixamorig_LeftHandPinky3-Interpolations-array" count="30">
            <param type="name"/>
          </accessor>
        </technique_common>
      </source>
      <sampler id="mixamorig_LeftHandPinky3-Matrix-animation-transform">
        <input semantic="INPUT" source="#mixamorig_LeftHandPinky3-Matrix-animation-input"/>
        <input semantic="OUTPUT" source="#mixamorig_LeftHandPinky3-Matrix-animation-output-transform"/>
        <input semantic="INTERPOLATION" source="#mixamorig_LeftHandPinky3-Interpolations"/>
      </sampler>
      <channel source="#mixamorig_LeftHandPinky3-Matrix-animation-transform" target="mixamorig_LeftHandPinky3/matrix"/>
    </animation>
    <animation id="mixamorig_RightShoulder-anim" name="mixamorig_RightShoulder">
      <source id="mixamorig_RightShoulder-Matrix-animation-input">
        <float_array id="mixamorig_RightShoulder-Matrix-animation-input-array" count="30">

0.000000 0.033333 0.066667 0.100000 0.133333 0.166667 0.200000 0.233333 0.266667 0.300000 0.333333 0.366667 0.400000 0.433333 0.466667 0.500000
0.533333 0.566667 0.600000 0.633333 0.666667 0.700000 0.733333 0.766667 0.800000 0.833333 0.866667 0.900000 0.933333 0.966667</float_array>
        <technique_common>
          <accessor source="#mixamorig_RightShoulder-Matrix-animation-input-array" count="30">
            <param name="TIME" type="float"/>
          </accessor>
        </technique_common>
      </source>
      <source id="mixamorig_RightShoulder-Matrix-animation-output-transform">
        <float_array id="mixamorig_RightShoulder-Matrix-animation-output-transform-array" count="480">

-0.110630 -0.989330 0.094806 -12.989600 0.116797 -0.107673 -0.987302 19.103399 0.986975 -0.098152 0.127462 -0.116200 0.000000 0.000000 0.000000 1.000000
-0.104929 -0.989813 0.096230 -12.989600 0.116780 -0.108358 -0.987229 19.103399 0.987599 -0.092351 0.126961 -0.116200 0.000000 0.000000 0.000000 1.000000
-0.091349 -0.993477 0.068261 -12.989600 0.121516 -0.079156 -0.989428 19.103399 0.988377 -0.082088 0.127954 -0.116200 0.000000 0.000000 0.000000 1.000000
-0.064894 -0.997088 0.040057 -12.989600 0.125894 -0.048001 -0.990882 19.103399 0.989919 -0.059259 0.128642 -0.116200 0.000000 0.000000 0.000000 1.000000
-0.028880 -0.999580 -0.002518 -12.989600 0.130981 -0.001287 -0.991384 19.103399 0.990964 -0.028961 0.130964 -0.116200 0.000000 0.000000 0.000000 1.000000
-0.000985 -0.999413 -0.034242 -12.989600 0.133588 0.033804 -0.990460 19.103399 0.991037 -0.005550 0.133476 -0.116200 0.000000 0.000000 0.000000 1.000000
0.011940 -0.998798 -0.047550 -12.989600 0.134271 0.048724 -0.989746 19.103399 0.990873 0.005433 0.134691 -0.116200 0.000000 0.000000 0.000000 1.000000
0.012791 -0.998906 -0.044978 -12.989600 0.133894 0.046288 -0.989914 19.103399 0.990913 0.006640 0.134340 -0.116200 0.000000 0.000000 0.000000 1.000000
0.002774 -0.999364 -0.035557 -12.989600 0.133334 0.035609 -0.990431 19.103399 0.991067 -0.001994 0.133348 -0.116200 0.000000 0.000000 0.000000 1.000000
-0.015592 -0.999511 -0.027098 -12.989600 0.133082 0.024786 -0.990795 19.103399 0.990982 -0.019054 0.132630 -0.116200 0.000000 0.000000 0.000000 1.000000
-0.025377 -0.999497 -0.019034 -12.989600 0.132433 0.015511 -0.991071 19.103399 0.990867 -0.027671 0.131973 -0.116200 0.000000 0.000000 0.000000 1.000000
-0.027013 -0.999516 -0.015424 -12.989600 0.132002 0.011728 -0.991180 19.103399 0.990881 -0.028811 0.131622 -0.116200 0.000000 0.000000 0.000000 1.000000
-0.029487 -0.999471 -0.013717 -12.989600 0.131808 0.009715 -0.991228 19.103399 0.990837 -0.031037 0.131452 -0.116200 0.000000 0.000000 0.000000 1.000000
-0.031384 -0.999412 -0.013831 -12.989600 0.131804 0.009578 -0.991229 19.103399 0.990779 -0.032932 0.131426 -0.116200 0.000000 0.000000 0.000000 1.000000
-0.029629 -0.999515 -0.009537 -12.989600 0.131206 0.005570 -0.991339 19.103399 0.990912 -0.030623 0.130977 -0.116200 0.000000 0.000000 0.000000 1.000000
-0.029767 -0.999556 0.001446 -12.989600 0.129913 -0.005303 -0.991511 19.103399 0.991078 -0.029326 0.130013 -0.116200 0.000000 0.000000 0.000000 1.000000
-0.041090 -0.999004 0.017414 -12.989600 0.128196 -0.022556 -0.991492 19.103399 0.990897 -0.038509 0.128995 -0.116200 0.000000 0.000000 0.000000 1.000000
-0.067629 -0.996629 0.046448 -12.989600 0.124605 -0.054627 -0.990702 19.103399 0.989899 -0.061213 0.127879 -0.116200 0.000000 0.000000 0.000000 1.000000
-0.104651 -0.991499 0.077320 -12.989600 0.119639 -0.089734 -0.988754 19.103399 0.987287 -0.094223 0.128012 -0.116200 0.000000 0.000000 0.000000 1.000000
-0.140148 -0.985123 0.099457 -12.989600 0.114886 -0.115949 -0.986589 19.103399 0.983443 -0.126842 0.129427 -0.116200 0.000000 0.000000 0.000000 1.000000
-0.169396 -0.979870 0.105636 -12.989600 0.112413 -0.125696 -0.985679 19.103399 0.979116 -0.155095 0.131443 -0.116200 0.000000 0.000000 0.000000 1.000000
-0.191780 -0.975410 0.108604 -12.989600 0.110645 -0.131441 -0.985130 19.103399 0.975181 -0.176911 0.133132 -0.116200 0.000000 0.000000 0.000000 1.000000
-0.204254 -0.972800 0.109269 -12.989600 0.109790 -0.133683 -0.984924 19.103399 0.972742 -0.189178 0.134109 -0.116200 0.000000 0.000000 0.000000 1.000000
-0.198638 -0.974281 0.106396 -12.989600 0.110670 -0.130162 -0.985297 19.103399 0.973804 -0.183942 0.133679 -0.116200 0.000000 0.000000 0.000000 1.000000
-0.183982 -0.978235 0.095957 -12.989600 0.113401 -0.118096 -0.986506 19.103399 0.976366 -0.170618 0.132660 -0.116200 0.000000 0.000000 0.000000 1.000000
-0.157863 -0.983151 0.092164 -12.989600 0.115283 -0.111046 -0.987106 19.103399 0.980708 -0.145202 0.130871 -0.116200 0.000000 0.000000 0.000000 1.000000
-0.140145 -0.986660 0.082831 -12.989600 0.117520 -0.099641 -0.988059 19.103399 0.983132 -0.128738 0.129917 -0.116200 0.000000 0.000000 0.000000 1.000000
-0.121690 -0.989491 0.078102 -12.989600 0.118869 -0.092649 -0.988578 19.103399 0.985425 -0.111017 0.128895 -0.116200 0.000000 0.000000 0.000000 1.000000
-0.115547 -0.990273 0.077512 -12.989600 0.119133 -0.091287 -0.988673 19.103399 0.986132 -0.105004 0.128522 -0.116200 0.000000 0.000000 0.000000 1.000000
-0.110629 -0.989330 0.094806 -12.989600 0.116797 -0.107672 -0.987302 19.103399 0.986975 -0.098151 0.127462 -0.116200 0.000000 0.000000 0.000000 1.000000</float_array>
        <technique_common>
          <accessor source="#mixamorig_RightShoulder-Matrix-animation-output-transform-array" count="30" stride="16">
            <param type="float4x4"/>
          </accessor>
        </technique_common>
      </source>
      <source id="mixamorig_RightShoulder-Interpolations">
        <Name_array id="mixamorig_RightShoulder-Interpolations-array" count="30">
 LINEAR LINEAR LINEAR LINEAR LINEAR LINEAR LINEAR LINEAR LINEAR LINEAR LINEAR
LINEAR LINEAR LINEAR LINEAR LINEAR LINEAR LINEAR LINEAR LINEAR LINEAR LINEAR LINEAR
LINEAR LINEAR LINEAR LINEAR LINEAR LINEAR LINEAR</Name_array>
        <technique_common>
          <accessor source="#mixamorig_RightShoulder-Interpolations-array" count="30">
            <param type="name"/>
          </accessor>
        </technique_common>
      </source>
      <sampler id="mixamorig_RightShoulder-Matrix-animation-transform">
        <input semantic="INPUT" source="#mixamorig_RightShoulder-Matrix-animation-input"/>
        <input semantic="OUTPUT" source="#mixamorig_RightShoulder-Matrix-animation-output-transform"/>
        <input semantic="INTERPOLATION" source="#mixamorig_RightShoulder-Interpolations"/>
      </sampler>
      <channel source="#mixamorig_RightShoulder-Matrix-animation-transform" target="mixamorig_RightShoulder/matrix"/>
    </animation>
    <animation id="mixamorig_RightArm-anim" name="mixamorig_RightArm">
      <source id="mixamorig_RightArm-Matrix-animation-input">
        <float_array id="mixamorig_RightArm-Matrix-animation-input-array" count="30">

0.000000 0.033333 0.066667 0.100000 0.133333 0.166667 0.200000 0.233333 0.266667 0.300000 0.333333 0.366667 0.400000 0.433333 0.466667 0.500000
0.533333 0.566667 0.600000 0.633333 0.666667 0.700000 0.733333 0.766667 0.800000 0.833333 0.866667 0.900000 0.933333 0.966667</float_array>
        <technique_common>
          <accessor source="#mixamorig_RightArm-Matrix-animation-input-array" count="30">
            <param name="TIME" type="float"/>
          </accessor>
        </technique_common>
      </source>
      <source id="mixamorig_RightArm-Matrix-animation-output-transform">
        <float_array id="mixamorig_RightArm-Matrix-animation-output-transform-array" count="480">

0.914788 -0.312700 -0.255698 0.000000 -0.146421 0.333264 -0.931395 26.891899 0.376462 0.889468 0.259080 0.000000 0.000000 0.000000 0.000000 1.000000
0.946978 -0.218166 -0.235875 0.000000 -0.155254 0.332026 -0.930406 26.891899 0.281299 0.917694 0.280550 -0.000000 0.000000 0.000000 0.000000 1.000000
0.967226 -0.124700 -0.221185 0.000000 -0.173434 0.311785 -0.934190 26.891899 0.185456 0.941934 0.279940 0.000000 0.000000 0.000000 0.000000 1.000000
0.973219 -0.037568 -0.226790 0.000000 -0.206613 0.289552 -0.934597 26.891899 0.100778 0.956425 0.274036 0.000000 0.000000 0.000000 0.000000 1.000000
0.969709 0.032380 -0.242108 -0.000000 -0.242224 0.255300 -0.936029 26.891899 0.031502 0.966320 0.255410 -0.000000 0.000000 0.000000 0.000000 1.000000
0.956100 0.087537 -0.279662 0.000000 -0.292650 0.235914 -0.926661 26.891899 -0.015141 0.967823 0.251175 -0.000000 0.000000 0.000000 0.000000 1.000000
0.938946 0.120482 -0.322279 -0.000000 -0.342633 0.242104 -0.907738 26.891899 -0.031341 0.962741 0.268604 0.000000 0.000000 0.000000 0.000000 1.000000
0.924435 0.146720 -0.351985 0.000000 -0.379443 0.261938 -0.887362 26.891899 -0.037995 0.953867 0.297816 0.000000 0.000000 0.000000 0.000000 1.000000
0.893115 0.193082 -0.406282 0.000000 -0.447130 0.282290 -0.848756 26.891899 -0.049190 0.939698 0.338450 0.000000 0.000000 0.000000 0.000000 1.000000
0.867775 0.217123 -0.447017 0.000000 -0.494751 0.292774 -0.818233 26.891899 -0.046782 0.931204 0.361484 0.000000 0.000000 0.000000 0.000000 1.000000
0.863160 0.208214 -0.460001 0.000000 -0.503864 0.296021 -0.811475 26.891899 -0.032790 0.932212 0.360425 -0.000000 0.000000 0.000000 0.000000 1.000000
0.870409 0.184143 -0.456596 0.000000 -0.492035 0.293270 -0.819692 26.891899 -0.017035 0.938128 0.345869 0.000000 0.000000 0.000000 0.000000 1.000000
0.885666 0.145953 -0.440786 0.000000 -0.464317 0.282607 -0.839370 26.891899 0.002060 0.948067 0.318064 0.000000 0.000000 0.000000 0.000000 1.000000
0.902789 0.100216 -0.418245 0.000000 -0.429385 0.265468 -0.863224 26.891899 0.024522 0.958897 0.282693 0.000000 0.000000 0.000000 0.000000 1.000000
0.918430 0.059662 -0.391058 -0.000000 -0.392807 0.254461 -0.883715 26.891899 0.046785 0.965241 0.257140 0.000000 0.000000 0.000000 0.000000 1.000000
0.935671 0.013384 -0.352619 0.000000 -0.344465 0.251472 -0.904492 26.891899 0.076568 0.967772 0.239906 0.000000 0.000000 0.000000 0.000000 1.000000
0.951086 -0.033787 -0.307072 0.000000 -0.289008 0.253822 -0.923065 26.891899 0.109129 0.966661 0.231642 0.000000 0.000000 0.000000 0.000000 1.000000
0.960562 -0.080274 -0.266228 0.000000 -0.236102 0.270319 -0.933372 26.891899 0.146892 0.959418 0.240705 0.000000 0.000000 0.000000 0.000000 1.000000
0.962813 -0.136278 -0.233278 0.000000 -0.185055 0.296429 -0.936955 26.891899 0.196837 0.945282 0.260187 0.000000 0.000000 0.000000 0.000000 1.000000
0.955460 -0.213617 -0.203626 0.000000 -0.128488 0.320051 -0.938647 26.891899 0.265682 0.923003 0.278349 0.000000 0.000000 0.000000 0.000000 1.000000
0.931169 -0.316304 -0.181320 0.000000 -0.071500 0.329244 -0.941534 26.891899 0.357509 0.889691 0.283966 -0.000000 0.000000 0.000000 0.000000 1.000000
0.899359 -0.408489 -0.155851 0.000000 -0.018566 0.320465 -0.947078 26.891899 0.436816 0.854657 0.280629 0.000000 0.000000 0.000000 0.000000 1.000000
0.870444 -0.475214 -0.128445 0.000000 0.022706 0.299407 -0.953855 26.891899 0.491743 0.827361 0.271408 0.000000 0.000000 0.000000 0.000000 1.000000
0.848429 -0.517415 -0.111577 -0.000000 0.041848 0.275709 -0.960330 26.891899 0.527652 0.810103 0.255573 -0.000000 0.000000 0.000000 0.000000 1.000000
0.832843 -0.542561 -0.109542 -0.000000 0.040539 0.257164 -0.965517 26.891899 0.552023 0.799684 0.236172 0.000000 0.000000 0.000000 0.000000 1.000000
0.836617 -0.533740 -0.123266 -0.000000 0.019190 0.253443 -0.967160 26.891899 0.547453 0.806777 0.222277 0.000000 0.000000 0.000000 0.000000 1.000000
0.855887 -0.495133 -0.149336 0.000000 -0.016611 0.262292 -0.964846 26.891899 0.516896 0.828279 0.216268 0.000000 0.000000 0.000000 0.000000 1.000000
0.886101 -0.425379 -0.184059 0.000000 -0.063511 0.281932 -0.957330 26.891899 0.459121 0.859980 0.222804 -0.000000 0.000000 0.000000 0.000000 1.000000
0.905665 -0.362104 -0.220572 0.000000 -0.109293 0.303268 -0.946617 26.891899 0.409666 0.881424 0.235084 0.000000 0.000000 0.000000 0.000000 1.000000
0.914788 -0.312700 -0.255697 -0.000000 -0.146420 0.333264 -0.931395 26.891899 0.376462 0.889468 0.259080 -0.000000 0.000000 0.000000 0.000000 1.000000</float_array>
        <technique_common>
          <accessor source="#mixamorig_RightArm-Matrix-animation-output-transform-array" count="30" stride="16">
            <param type="float4x4"/>
          </accessor>
        </technique_common>
      </source>
      <source id="mixamorig_RightArm-Interpolations">
        <Name_array id="mixamorig_RightArm-Interpolations-array" count="30">
 LINEAR LINEAR LINEAR LINEAR LINEAR LINEAR LINEAR LINEAR LINEAR LINEAR LINEAR
LINEAR LINEAR LINEAR LINEAR LINEAR LINEAR LINEAR LINEAR LINEAR LINEAR LINEAR LINEAR
LINEAR LINEAR LINEAR LINEAR LINEAR LINEAR LINEAR</Name_array>
        <technique_common>
          <accessor source="#mixamorig_RightArm-Interpolations-array" count="30">
            <param type="name"/>
          </accessor>
        </technique_common>
      </source>
      <sampler id="mixamorig_RightArm-Matrix-animation-transform">
        <input semantic="INPUT" source="#mixamorig_RightArm-Matrix-animation-input"/>
        <input semantic="OUTPUT" source="#mixamorig_RightArm-Matrix-animation-output-transform"/>
        <input semantic="INTERPOLATION" source="#mixamorig_RightArm-Interpolations"/>
      </sampler>
      <channel source="#mixamorig_RightArm-Matrix-animation-transform" target="mixamorig_RightArm/matrix"/>
    </animation>
    <animation id="mixamorig_RightForeArm-anim" name="mixamorig_RightForeArm">
      <source id="mixamorig_RightForeArm-Matrix-animation-input">
        <float_array id="mixamorig_RightForeArm-Matrix-animation-input-array" count="30">

0.000000 0.033333 0.066667 0.100000 0.133333 0.166667 0.200000 0.233333 0.266667 0.300000 0.333333 0.366667 0.400000 0.433333 0.466667 0.500000
0.533333 0.566667 0.600000 0.633333 0.666667 0.700000 0.733333 0.766667 0.800000 0.833333 0.866667 0.900000 0.933333 0.966667</float_array>
        <technique_common>
          <accessor source="#mixamorig_RightForeArm-Matrix-animation-input-array" count="30">
            <param name="TIME" type="float"/>
          </accessor>
        </technique_common>
      </source>
      <source id="mixamorig_RightForeArm-Matrix-animation-output-transform">
        <float_array id="mixamorig_RightForeArm-Matrix-animation-output-transform-array" count="480">

0.843234 0.537546 -0.000000 0.000000 -0.537546 0.843234 -0.000000 55.842701 -0.000000 0.000000 1.000000 0.000000 0.000000 0.000000 0.000000 1.000000
0.834876 0.550439 0.000000 0.000000 -0.550439 0.834876 0.000000 55.842701 0.000000 -0.000000 1.000000 0.000000 0.000000 0.000000 0.000000 1.000000
0.830346 0.557248 0.000000 0.000000 -0.557248 0.830346 -0.000000 55.842701 -0.000000 0.000000 1.000000 -0.000000 0.000000 0.000000 0.000000 1.000000
0.829080 0.559131 -0.000000 0.000000 -0.559131 0.829080 -0.000000 55.842701 -0.000000 0.000000 1.000000 0.000000 0.000000 0.000000 0.000000 1.000000
0.826746 0.562575 0.000000 0.000000 -0.562575 0.826746 -0.000000 55.842701 -0.000000 0.000000 1.000000 0.000000 0.000000 0.000000 0.000000 1.000000
0.816160 0.577826 -0.000000 0.000000 -0.577826 0.816160 0.000000 55.842701 0.000000 -0.000000 1.000000 0.000000 0.000000 0.000000 0.000000 1.000000
0.780987 0.624547 0.000000 -0.000000 -0.624547 0.780987 0.000000 55.842701 -0.000000 -0.000000 1.000000 0.000000 0.000000 0.000000 0.000000 1.000000
0.740021 0.672584 0.000000 0.000000 -0.672584 0.740021 0.000000 55.842701 -0.000000 -0.000000 1.000000 0.000000 0.000000 0.000000 0.000000 1.000000
0.741807 0.670614 -0.000000 0.000000 -0.670614 0.741807 -0.000000 55.842701 0.000000 0.000000 1.000000 0.000000 0.000000 0.000000 0.000000 1.000000
0.734309 0.678815 -0.000000 0.000000 -0.678815 0.734309 0.000000 55.842701 0.000000 0.000000 1.000000 0.000000 0.000000 0.000000 0.000000 1.000000
0.704838 0.709368 -0.000000 0.000000 -0.709368 0.704838 -0.000000 55.842701 -0.000000 0.000000 1.000000 -0.000000 0.000000 0.000000 0.000000 1.000000
0.674559 0.738221 0.000000 -0.000000 -0.738221 0.674559 -0.000000 55.842701 -0.000000 0.000000 1.000000 0.000000 0.000000 0.000000 0.000000 1.000000
0.651256 0.758858 0.000000 -0.000000 -0.758858 0.651256 0.000000 55.842701 0.000000 -0.000000 1.000000 0.000000 0.000000 0.000000 0.000000 1.000000
0.652640 0.757668 -0.000000 -0.000000 -0.757668 0.652640 0.000000 55.842701 0.000000 -0.000000 1.000000 0.000000 0.000000 0.000000 0.000000 1.000000
0.679047 0.734095 0.000000 -0.000000 -0.734095 0.679047 -0.000000 55.842701 -0.000000 0.000000 1.000000 0.000000 0.000000 0.000000 0.000000 1.000000
0.709310 0.704896 0.000000 0.000000 -0.704896 0.709310 -0.000000 55.842701 -0.000000 0.000000 1.000000 0.000000 0.000000 0.000000 0.000000 1.000000
0.745884 0.666075 0.000000 -0.000000 -0.666075 0.745884 -0.000000 55.842701 -0.000000 0.000000 1.000000 0.000000 0.000000 0.000000 0.000000 1.000000
0.783858 0.620940 0.000000 0.000000 -0.620940 0.783858 -0.000000 55.842701 -0.000000 0.000000 1.000000 0.000000 0.000000 0.000000 0.000000 1.000000
0.810873 0.585222 0.000000 -0.000000 -0.585222 0.810873 0.000000 55.842701 0.000000 -0.000000 1.000000 -0.000000 0.000000 0.000000 0.000000 1.000000
0.822505 0.568757 -0.000000 0.000000 -0.568757 0.822505 -0.000000 55.842701 -0.000000 0.000000 1.000000 0.000000 0.000000 0.000000 0.000000 1.000000
0.808455 0.588558 -0.000000 0.000000 -0.588558 0.808455 -0.000000 55.842701 0.000000 0.000000 1.000000 0.000000 0.000000 0.000000 0.000000 1.000000
0.810367 0.585922 -0.000000 0.000000 -0.585922 0.810367 -0.000000 55.842701 -0.000000 0.000000 1.000000 0.000000 0.000000 0.000000 0.000000 1.000000
0.825965 0.563721 0.000000 -0.000000 -0.563721 0.825965 0.000000 55.842701 0.000000 -0.000000 1.000000 0.000000 0.000000 0.000000 0.000000 1.000000
0.844324 0.535833 -0.000000 0.000000 -0.535833 0.844324 0.000000 55.842701 0.000000 -0.000000 1.000000 0.000000 0.000000 0.000000 0.000000 1.000000
0.853456 0.521166 -0.000000 0.000000 -0.521166 0.853456 -0.000000 55.842701 -0.000000 0.000000 1.000000 0.000000 0.000000 0.000000 0.000000 1.000000
0.866494 0.499187 -0.000000 0.000000 -0.499187 0.866494 -0.000000 55.842701 0.000000 0.000000 1.000000 0.000000 0.000000 0.000000 0.000000 1.000000
0.872031 0.489450 -0.000000 0.000000 -0.489450 0.872031 0.000000 55.842701 0.000000 -0.000000 1.000000 0.000000 0.000000 0.000000 0.000000 1.000000
0.883394 0.468632 -0.000000 0.000000 -0.468632 0.883394 0.000000 55.842701 0.000000 -0.000000 1.000000 0.000000 0.000000 0.000000 0.000000 1.000000
0.875681 0.482891 -0.000000 -0.000000 -0.482891 0.875681 -0.000000 55.842701 -0.000000 0.000000 1.000000 0.000000 0.000000 0.000000 0.000000 1.000000
0.843234 0.537547 0.000000 -0.000000 -0.537547 0.843234 0.000000 55.842701 0.000000 -0.000000 1.000000 0.000000 0.000000 0.000000 0.000000 1.000000</float_array>
        <technique_common>
          <accessor source="#mixamorig_RightForeArm-Matrix-animation-output-transform-array" count="30" stride="16">
            <param type="float4x4"/>
          </accessor>
        </technique_common>
      </source>
      <source id="mixamorig_RightForeArm-Interpolations">
        <Name_array id="mixamorig_RightForeArm-Interpolations-array" count="30">
 LINEAR LINEAR LINEAR LINEAR LINEAR LINEAR LINEAR LINEAR LINEAR LINEAR LINEAR
LINEAR LINEAR LINEAR LINEAR LINEAR LINEAR LINEAR LINEAR LINEAR LINEAR LINEAR LINEAR
LINEAR LINEAR LINEAR LINEAR LINEAR LINEAR LINEAR</Name_array>
        <technique_common>
          <accessor source="#mixamorig_RightForeArm-Interpolations-array" count="30">
            <param type="name"/>
          </accessor>
        </technique_common>
      </source>
      <sampler id="mixamorig_RightForeArm-Matrix-animation-transform">
        <input semantic="INPUT" source="#mixamorig_RightForeArm-Matrix-animation-input"/>
        <input semantic="OUTPUT" source="#mixamorig_RightForeArm-Matrix-animation-output-transform"/>
        <input semantic="INTERPOLATION" source="#mixamorig_RightForeArm-Interpolations"/>
      </sampler>
      <channel source="#mixamorig_RightForeArm-Matrix-animation-transform" target="mixamorig_RightForeArm/matrix"/>
    </animation>
    <animation id="mixamorig_RightHand-anim" name="mixamorig_RightHand">
      <source id="mixamorig_RightHand-Matrix-animation-input">
        <float_array id="mixamorig_RightHand-Matrix-animation-input-array" count="30">

0.000000 0.033333 0.066667 0.100000 0.133333 0.166667 0.200000 0.233333 0.266667 0.300000 0.333333 0.366667 0.400000 0.433333 0.466667 0.500000
0.533333 0.566667 0.600000 0.633333 0.666667 0.700000 0.733333 0.766667 0.800000 0.833333 0.866667 0.900000 0.933333 0.966667</float_array>
        <technique_common>
          <accessor source="#mixamorig_RightHand-Matrix-animation-input-array" count="30">
            <param name="TIME" type="float"/>
          </accessor>
        </technique_common>
      </source>
      <source id="mixamorig_RightHand-Matrix-animation-output-transform">
        <float_array id="mixamorig_RightHand-Matrix-animation-output-transform-array" count="480">

0.893218 0.100913 -0.438154 0.000000 -0.145756 0.986852 -0.069852 50.313702 0.425344 0.126256 0.896182 0.000000 0.000000 0.000000 0.000000 1.000000
0.889114 0.075631 -0.451394 0.000000 -0.113147 0.991961 -0.056664 50.313702 0.443479 0.101454 0.890524 0.000000 0.000000 0.000000 0.000000 1.000000
0.894366 0.056764 -0.443720 -0.000000 -0.090027 0.994461 -0.054241 50.313702 0.438183 0.088458 0.894523 -0.000000 0.000000 0.000000 0.000000 1.000000
0.908040 0.050299 -0.415853 0.000000 -0.082790 0.994731 -0.060458 50.313702 0.410621 0.089327 0.907420 0.000000 0.000000 0.000000 0.000000 1.000000
0.923436 0.063912 -0.378392 0.000000 -0.097008 0.992886 -0.069038 50.313702 0.371288 0.100459 0.923067 0.000000 0.000000 0.000000 0.000000 1.000000
0.936519 0.094582 -0.337619 0.000000 -0.126552 0.989202 -0.073923 50.313702 0.326982 0.111957 0.938375 0.000000 0.000000 0.000000 0.000000 1.000000
0.944080 0.121786 -0.306401 0.000000 -0.148811 0.986637 -0.066353 50.313702 0.294226 0.108238 0.949587 0.000000 0.000000 0.000000 0.000000 1.000000
0.945087 0.143814 -0.293474 -0.000000 -0.161162 0.986283 -0.035677 50.313702 0.284318 0.081015 0.955301 -0.000000 0.000000 0.000000 0.000000 1.000000
0.949755 0.185454 -0.252134 0.000000 -0.182440 0.982576 0.035494 50.313702 0.254324 0.012289 0.967041 -0.000000 0.000000 0.000000 0.000000 1.000000
0.954665 0.201805 -0.218834 -0.000000 -0.184307 0.977987 0.097843 50.313702 0.233762 -0.053074 0.970844 0.000000 0.000000 0.000000 0.000000 1.000000
0.955545 0.202955 -0.213877 0.000000 -0.175916 0.974563 0.138853 50.313702 0.236618 -0.095056 0.966942 0.000000 0.000000 0.000000 0.000000 1.000000
0.948840 0.221680 -0.224856 -0.000000 -0.185944 0.967827 0.169515 50.313702 0.255200 -0.119032 0.959533 0.000000 0.000000 0.000000 0.000000 1.000000
0.916927 0.306544 -0.255489 0.000000 -0.250600 0.940578 0.229154 50.313702 0.310554 -0.146092 0.939262 0.000000 0.000000 0.000000 0.000000 1.000000
0.847912 0.445499 -0.287360 0.000000 -0.355017 0.879725 0.316303 50.313702 0.393710 -0.166180 0.904089 0.000000 0.000000 0.000000 0.000000 1.000000
0.784140 0.529621 -0.323460 -0.000000 -0.418079 0.836023 0.355353 50.313702 0.458622 -0.143415 0.876982 0.000000 0.000000 0.000000 0.000000 1.000000
0.741732 0.550193 -0.383563 0.000000 -0.431667 0.829312 0.354833 50.313702 0.513320 -0.097619 0.852627 0.000000 0.000000 0.000000 0.000000 1.000000
0.708882 0.540934 -0.452634 -0.000000 -0.420011 0.839290 0.345228 50.313702 0.566637 -0.054615 0.822156 0.000000 0.000000 0.000000 0.000000 1.000000
0.689594 0.506541 -0.517567 0.000000 -0.393081 0.862045 0.319948 50.313702 0.608233 -0.017188 0.793573 0.000000 0.000000 0.000000 0.000000 1.000000
0.689100 0.446414 -0.570837 0.000000 -0.357045 0.894631 0.268617 50.313702 0.630603 0.018711 0.775880 -0.000000 0.000000 0.000000 0.000000 1.000000
0.707927 0.363403 -0.605622 0.000000 -0.315276 0.929898 0.189449 50.313702 0.632013 0.056822 0.772872 0.000000 0.000000 0.000000 0.000000 1.000000
0.748874 0.253328 -0.612383 0.000000 -0.255143 0.963038 0.086375 50.313702 0.611629 0.091561 0.785829 0.000000 0.000000 0.000000 0.000000 1.000000
0.788436 0.155447 -0.595151 0.000000 -0.194228 0.980956 -0.001092 50.313702 0.583647 0.116456 0.803613 0.000000 0.000000 0.000000 0.000000 1.000000
0.818931 0.068253 -0.569819 0.000000 -0.129433 0.989287 -0.067521 50.313702 0.559106 0.129049 0.818992 -0.000000 0.000000 0.000000 0.000000 1.000000
0.843513 -0.009134 -0.537032 0.000000 -0.062443 0.991408 -0.114941 50.313702 0.533467 0.130488 0.835695 0.000000 0.000000 0.000000 0.000000 1.000000
0.862888 -0.075273 -0.499759 -0.000000 -0.003147 0.988027 -0.154249 50.313702 0.505386 0.134673 0.852319 0.000000 0.000000 0.000000 0.000000 1.000000
0.877901 -0.119866 -0.463597 0.000000 0.034202 0.981386 -0.188977 50.313702 0.477620 0.150047 0.865659 0.000000 0.000000 0.000000 0.000000 1.000000
0.887295 -0.140677 -0.439223 0.000000 0.045639 0.974453 -0.219908 50.313702 0.458938 0.175077 0.871048 0.000000 0.000000 0.000000 0.000000 1.000000
0.897944 -0.104571 -0.427506 -0.000000 0.010607 0.976223 -0.216510 50.313702 0.439982 0.189879 0.877703 0.000000 0.000000 0.000000 0.000000 1.000000
0.901005 -0.025048 -0.433085 -0.000000 -0.053616 0.984247 -0.168470 50.313702 0.430483 0.175013 0.885469 0.000000 0.000000 0.000000 0.000000 1.000000
0.893218 0.100913 -0.438154 -0.000000 -0.145756 0.986852 -0.069852 50.313702 0.425344 0.126257 0.896182 -0.000000 0.000000 0.000000 0.000000 1.000000</float_array>
        <technique_common>
          <accessor source="#mixamorig_RightHand-Matrix-animation-output-transform-array" count="30" stride="16">
            <param type="float4x4"/>
          </accessor>
        </technique_common>
      </source>
      <source id="mixamorig_RightHand-Interpolations">
        <Name_array id="mixamorig_RightHand-Interpolations-array" count="30">
 LINEAR LINEAR LINEAR LINEAR LINEAR LINEAR LINEAR LINEAR LINEAR LINEAR LINEAR
LINEAR LINEAR LINEAR LINEAR LINEAR LINEAR LINEAR LINEAR LINEAR LINEAR LINEAR LINEAR
LINEAR LINEAR LINEAR LINEAR LINEAR LINEAR LINEAR</Name_array>
        <technique_common>
          <accessor source="#mixamorig_RightHand-Interpolations-array" count="30">
            <param type="name"/>
          </accessor>
        </technique_common>
      </source>
      <sampler id="mixamorig_RightHand-Matrix-animation-transform">
        <input semantic="INPUT" source="#mixamorig_RightHand-Matrix-animation-input"/>
        <input semantic="OUTPUT" source="#mixamorig_RightHand-Matrix-animation-output-transform"/>
        <input semantic="INTERPOLATION" source="#mixamorig_RightHand-Interpolations"/>
      </sampler>
      <channel source="#mixamorig_RightHand-Matrix-animation-transform" target="mixamorig_RightHand/matrix"/>
    </animation>
    <animation id="mixamorig_RightHandMiddle1-anim" name="mixamorig_RightHandMiddle1">
      <source id="mixamorig_RightHandMiddle1-Matrix-animation-input">
        <float_array id="mixamorig_RightHandMiddle1-Matrix-animation-input-array" count="30">

0.000000 0.033333 0.066667 0.100000 0.133333 0.166667 0.200000 0.233333 0.266667 0.300000 0.333333 0.366667 0.400000 0.433333 0.466667 0.500000
0.533333 0.566667 0.600000 0.633333 0.666667 0.700000 0.733333 0.766667 0.800000 0.833333 0.866667 0.900000 0.933333 0.966667</float_array>
        <technique_common>
          <accessor source="#mixamorig_RightHandMiddle1-Matrix-animation-input-array" count="30">
            <param name="TIME" type="float"/>
          </accessor>
        </technique_common>
      </source>
      <source id="mixamorig_RightHandMiddle1-Matrix-animation-output-transform">
        <float_array id="mixamorig_RightHandMiddle1-Matrix-animation-output-transform-array" count="480">

0.989890 -0.135505 0.041904 0.000000 0.141093 0.910530 -0.388622 26.065500 0.014505 0.390606 0.920444 0.000000 0.000000 0.000000 0.000000 1.000000
0.991472 -0.123010 0.043029 0.000000 0.129947 0.908288 -0.397651 26.065500 0.009832 0.399851 0.916527 0.000000 0.000000 0.000000 0.000000 1.000000
0.992989 -0.109624 0.044210 0.000000 0.118114 0.905667 -0.407205 26.065500 0.004600 0.409573 0.912266 0.000000 0.000000 0.000000 0.000000 1.000000
0.994295 -0.096429 0.045586 0.000000 0.106659 0.902107 -0.418123 26.065500 -0.000804 0.420600 0.907246 0.000000 0.000000 0.000000 0.000000 1.000000
0.995365 -0.083112 0.048390 0.000000 0.095934 0.893461 -0.438776 26.065500 -0.006768 0.441384 0.897293 0.000000 0.000000 0.000000 0.000000 1.000000
0.996226 -0.067767 0.054226 0.000000 0.085506 0.873492 -0.479270 26.065500 -0.014887 0.482098 0.875991 0.000000 0.000000 0.000000 0.000000 1.000000
0.996747 -0.051769 0.061772 0.000000 0.076679 0.845158 -0.528988 26.065500 -0.024822 0.532003 0.846378 0.000000 0.000000 0.000000 0.000000 1.000000
0.996948 -0.039633 0.067267 0.000000 0.070756 0.822844 -0.563845 26.065500 -0.033003 0.566884 0.823136 0.000000 0.000000 0.000000 0.000000 1.000000
0.997139 -0.033353 0.067832 0.000000 0.066083 0.820328 -0.568062 26.065500 -0.036698 0.570920 0.820185 0.000000 0.000000 0.000000 0.000000 1.000000
0.997401 -0.032051 0.064528 0.000000 0.062282 0.833805 -0.548535 26.065500 -0.036223 0.551128 0.833634 0.000000 0.000000 0.000000 0.000000 1.000000
0.997637 -0.031590 0.061008 -0.000000 0.059078 0.847738 -0.527114 26.065500 -0.035067 0.529473 0.847602 0.000000 0.000000 0.000000 0.000000 1.000000
0.997860 -0.033791 0.055984 0.000000 0.057137 0.866932 -0.495140 26.065500 -0.031803 0.497279 0.867008 0.000000 0.000000 0.000000 0.000000 1.000000
0.997989 -0.039561 0.049517 -0.000000 0.057711 0.890176 -0.451947 26.065500 -0.026199 0.453896 0.890670 0.000000 0.000000 0.000000 0.000000 1.000000
0.997971 -0.046242 0.043769 0.000000 0.060191 0.909326 -0.411707 26.065500 -0.020763 0.413506 0.910265 -0.000000 0.000000 0.000000 0.000000 1.000000
0.997832 -0.052755 0.039347 0.000000 0.063762 0.923020 -0.379432 26.065500 -0.016301 0.381118 0.924383 -0.000000 0.000000 0.000000 0.000000 1.000000
0.997572 -0.059402 0.036361 0.000000 0.068482 0.931673 -0.356784 26.065500 -0.012683 0.358408 0.933479 -0.000000 0.000000 0.000000 0.000000 1.000000
0.997184 -0.066479 0.034699 0.000000 0.074367 0.936215 -0.343470 26.065500 -0.009652 0.345083 0.938522 0.000000 0.000000 0.000000 0.000000 1.000000
0.996832 -0.073281 0.030923 0.000000 0.079292 0.946121 -0.313954 26.065500 -0.006250 0.315411 0.948934 -0.000000 0.000000 0.000000 0.000000 1.000000
0.996594 -0.078189 0.026201 -0.000000 0.082389 0.957500 -0.276416 26.065500 -0.003475 0.277633 0.960681 0.000000 0.000000 0.000000 0.000000 1.000000
0.996410 -0.081701 0.022165 0.000000 0.084640 0.966241 -0.243342 26.065500 -0.001535 0.244344 0.969687 0.000000 0.000000 0.000000 0.000000 1.000000
0.996184 -0.085013 0.019731 -0.000000 0.087272 0.970964 -0.222737 26.065500 -0.000222 0.223609 0.974679 0.000000 0.000000 0.000000 0.000000 1.000000
0.995765 -0.089977 0.018853 -0.000000 0.091926 0.972339 -0.214723 26.065500 0.000988 0.215547 0.976493 0.000000 0.000000 0.000000 0.000000 1.000000
0.995377 -0.094602 0.016564 0.000000 0.096015 0.976167 -0.194627 26.065500 0.002243 0.195317 0.980738 0.000000 0.000000 0.000000 0.000000 1.000000
0.995103 -0.097820 0.014167 0.000000 0.098793 0.979882 -0.173410 26.065500 0.003081 0.173961 0.984748 0.000000 0.000000 0.000000 0.000000 1.000000
0.994461 -0.104030 0.014980 0.000000 0.105024 0.978071 -0.179853 26.065500 0.004058 0.180430 0.983579 0.000000 0.000000 0.000000 0.000000 1.000000
0.993428 -0.112771 0.019585 0.000000 0.114320 0.969150 -0.218355 26.065500 0.005643 0.219159 0.975673 0.000000 0.000000 0.000000 0.000000 1.000000
0.992131 -0.122631 0.025266 -0.000000 0.124937 0.956384 -0.264047 26.065500 0.008217 0.265125 0.964179 -0.000000 0.000000 0.000000 0.000000 1.000000
0.990872 -0.131004 0.031805 0.000000 0.134333 0.939696 -0.314524 26.065500 0.011317 0.315925 0.948717 -0.000000 0.000000 0.000000 0.000000 1.000000
0.990297 -0.133960 0.036956 0.000000 0.138347 0.925365 -0.352929 26.065500 0.013081 0.354617 0.934920 -0.000000 0.000000 0.000000 0.000000 1.000000
0.989890 -0.135506 0.041904 -0.000000 0.141093 0.910531 -0.388622 26.065500 0.014505 0.390605 0.920444 0.000000 0.000000 0.000000 0.000000 1.000000</float_array>
        <technique_common>
          <accessor source="#mixamorig_RightHandMiddle1-Matrix-animation-output-transform-array" count="30" stride="16">
            <param type="float4x4"/>
          </accessor>
        </technique_common>
      </source>
      <source id="mixamorig_RightHandMiddle1-Interpolations">
        <Name_array id="mixamorig_RightHandMiddle1-Interpolations-array" count="30">
 LINEAR LINEAR LINEAR LINEAR LINEAR LINEAR LINEAR LINEAR LINEAR LINEAR LINEAR
LINEAR LINEAR LINEAR LINEAR LINEAR LINEAR LINEAR LINEAR LINEAR LINEAR LINEAR LINEAR
LINEAR LINEAR LINEAR LINEAR LINEAR LINEAR LINEAR</Name_array>
        <technique_common>
          <accessor source="#mixamorig_RightHandMiddle1-Interpolations-array" count="30">
            <param type="name"/>
          </accessor>
        </technique_common>
      </source>
      <sampler id="mixamorig_RightHandMiddle1-Matrix-animation-transform">
        <input semantic="INPUT" source="#mixamorig_RightHandMiddle1-Matrix-animation-input"/>
        <input semantic="OUTPUT" source="#mixamorig_RightHandMiddle1-Matrix-animation-output-transform"/>
        <input semantic="INTERPOLATION" source="#mixamorig_RightHandMiddle1-Interpolations"/>
      </sampler>
      <channel source="#mixamorig_RightHandMiddle1-Matrix-animation-transform" target="mixamorig_RightHandMiddle1/matrix"/>
    </animation>
    <animation id="mixamorig_RightHandMiddle2-anim" name="mixamorig_RightHandMiddle2">
      <source id="mixamorig_RightHandMiddle2-Matrix-animation-input">
        <float_array id="mixamorig_RightHandMiddle2-Matrix-animation-input-array" count="30">

0.000000 0.033333 0.066667 0.100000 0.133333 0.166667 0.200000 0.233333 0.266667 0.300000 0.333333 0.366667 0.400000 0.433333 0.466667 0.500000
0.533333 0.566667 0.600000 0.633333 0.666667 0.700000 0.733333 0.766667 0.800000 0.833333 0.866667 0.900000 0.933333 0.966667</float_array>
        <technique_common>
          <accessor source="#mixamorig_RightHandMiddle2-Matrix-animation-input-array" count="30">
            <param name="TIME" type="float"/>
          </accessor>
        </technique_common>
      </source>
      <source id="mixamorig_RightHandMiddle2-Matrix-animation-output-transform">
        <float_array id="mixamorig_RightHandMiddle2-Matrix-animation-output-transform-array" count="480">

0.996886 -0.072645 0.030665 -0.000000 0.076132 0.785468 -0.614202 6.160000 0.020533 0.614624 0.788553 -0.000000 0.000000 0.000000 0.000000 1.000000
0.996885 -0.072662 0.030682 0.000000 0.076151 0.785320 -0.614388 6.160000 0.020547 0.614811 0.788407 0.000000 0.000000 0.000000 0.000000 1.000000
0.996883 -0.072676 0.030697 -0.000000 0.076167 0.785195 -0.614547 6.160000 0.020559 0.614969 0.788283 0.000000 0.000000 0.000000 0.000000 1.000000
0.996882 -0.072685 0.030707 -0.000000 0.076177 0.785117 -0.614644 6.160000 0.020567 0.615067 0.788206 0.000000 0.000000 0.000000 0.000000 1.000000
0.996883 -0.072676 0.030698 0.000000 0.076168 0.785193 -0.614549 6.160000 0.020559 0.614971 0.788281 0.000000 0.000000 0.000000 0.000000 1.000000
0.996860 -0.072897 0.030937 -0.000000 0.076423 0.783193 -0.617064 6.160000 0.020752 0.617491 0.786304 0.000000 0.000000 0.000000 0.000000 1.000000
0.996805 -0.073401 0.031491 -0.000000 0.077006 0.778568 -0.622817 6.160000 0.021198 0.623253 0.781733 0.000000 0.000000 0.000000 0.000000 1.000000
0.996761 -0.073810 0.031946 0.000000 0.077481 0.774753 -0.627499 6.160000 0.021566 0.627941 0.777962 0.000000 0.000000 0.000000 0.000000 1.000000
0.996746 -0.073942 0.032095 0.000000 0.077636 0.773501 -0.629022 6.160000 0.021686 0.629467 0.776725 0.000000 0.000000 0.000000 0.000000 1.000000
0.996759 -0.073828 0.031966 -0.000000 0.077502 0.774587 -0.627701 6.160000 0.021582 0.628144 0.777798 0.000000 0.000000 0.000000 0.000000 1.000000
0.996788 -0.073559 0.031666 0.000000 0.077190 0.777099 -0.624627 6.160000 0.021339 0.625065 0.780281 0.000000 0.000000 0.000000 0.000000 1.000000
0.996822 -0.073250 0.031324 0.000000 0.076831 0.779962 -0.621092 6.160000 0.021063 0.621525 0.783111 0.000000 0.000000 0.000000 0.000000 1.000000
0.996849 -0.072995 0.031045 0.000000 0.076537 0.782294 -0.618190 6.160000 0.020839 0.618618 0.785416 0.000000 0.000000 0.000000 0.000000 1.000000
0.996865 -0.072843 0.030878 -0.000000 0.076360 0.783686 -0.616446 6.160000 0.020705 0.616872 0.786791 0.000000 0.000000 0.000000 0.000000 1.000000
0.996874 -0.072763 0.030792 0.000000 0.076268 0.784405 -0.615543 6.160000 0.020635 0.615967 0.787502 -0.000000 0.000000 0.000000 0.000000 1.000000
0.996878 -0.072724 0.030749 -0.000000 0.076222 0.784764 -0.615090 6.160000 0.020601 0.615514 0.787857 0.000000 0.000000 0.000000 0.000000 1.000000
0.996882 -0.072689 0.030711 -0.000000 0.076182 0.785079 -0.614693 6.160000 0.020570 0.615116 0.788168 0.000000 0.000000 0.000000 0.000000 1.000000
0.996884 -0.072664 0.030685 0.000000 0.076154 0.785299 -0.614415 6.160000 0.020550 0.614838 0.788386 0.000000 0.000000 0.000000 0.000000 1.000000
0.996889 -0.072617 0.030634 -0.000000 0.076100 0.785722 -0.613881 6.160000 0.020509 0.614303 0.788804 0.000000 0.000000 0.000000 0.000000 1.000000
0.996893 -0.072579 0.030592 0.000000 0.076055 0.786071 -0.613440 6.160000 0.020475 0.613861 0.789149 0.000000 0.000000 0.000000 0.000000 1.000000
0.996890 -0.072614 0.030630 0.000000 0.076096 0.785755 -0.613839 6.160000 0.020506 0.614260 0.788837 0.000000 0.000000 0.000000 0.000000 1.000000
0.996886 -0.072652 0.030671 0.000000 0.076139 0.785411 -0.614274 6.160000 0.020539 0.614696 0.788496 -0.000000 0.000000 0.000000 0.000000 1.000000
0.996886 -0.072644 0.030663 0.000000 0.076130 0.785484 -0.614182 6.160000 0.020531 0.614604 0.788568 0.000000 0.000000 0.000000 0.000000 1.000000
0.996888 -0.072632 0.030650 0.000000 0.076116 0.785594 -0.614042 6.160000 0.020521 0.614464 0.788678 0.000000 0.000000 0.000000 0.000000 1.000000
0.996893 -0.072582 0.030596 -0.000000 0.076059 0.786043 -0.613476 6.160000 0.020478 0.613897 0.789121 0.000000 0.000000 0.000000 0.000000 1.000000
0.996905 -0.072468 0.030473 0.000000 0.075927 0.787063 -0.612182 6.160000 0.020380 0.612601 0.790129 0.000000 0.000000 0.000000 0.000000 1.000000
0.996901 -0.072509 0.030517 0.000000 0.075974 0.786699 -0.612644 6.160000 0.020415 0.613064 0.789770 0.000000 0.000000 0.000000 0.000000 1.000000
0.996881 -0.072698 0.030721 0.000000 0.076192 0.785000 -0.614793 6.160000 0.020578 0.615216 0.788090 0.000000 0.000000 0.000000 0.000000 1.000000
0.996876 -0.072739 0.030766 0.000000 0.076240 0.784622 -0.615269 6.160000 0.020614 0.615693 0.787716 0.000000 0.000000 0.000000 0.000000 1.000000
0.996886 -0.072645 0.030665 0.000000 0.076132 0.785468 -0.614202 6.160000 0.020533 0.614625 0.788553 -0.000000 0.000000 0.000000 0.000000 1.000000</float_array>
        <technique_common>
          <accessor source="#mixamorig_RightHandMiddle2-Matrix-animation-output-transform-array" count="30" stride="16">
            <param type="float4x4"/>
          </accessor>
        </technique_common>
      </source>
      <source id="mixamorig_RightHandMiddle2-Interpolations">
        <Name_array id="mixamorig_RightHandMiddle2-Interpolations-array" count="30">
 LINEAR LINEAR LINEAR LINEAR LINEAR LINEAR LINEAR LINEAR LINEAR LINEAR LINEAR
LINEAR LINEAR LINEAR LINEAR LINEAR LINEAR LINEAR LINEAR LINEAR LINEAR LINEAR LINEAR
LINEAR LINEAR LINEAR LINEAR LINEAR LINEAR LINEAR</Name_array>
        <technique_common>
          <accessor source="#mixamorig_RightHandMiddle2-Interpolations-array" count="30">
            <param type="name"/>
          </accessor>
        </technique_common>
      </source>
      <sampler id="mixamorig_RightHandMiddle2-Matrix-animation-transform">
        <input semantic="INPUT" source="#mixamorig_RightHandMiddle2-Matrix-animation-input"/>
        <input semantic="OUTPUT" source="#mixamorig_RightHandMiddle2-Matrix-animation-output-transform"/>
        <input semantic="INTERPOLATION" source="#mixamorig_RightHandMiddle2-Interpolations"/>
      </sampler>
      <channel source="#mixamorig_RightHandMiddle2-Matrix-animation-transform" target="mixamorig_RightHandMiddle2/matrix"/>
    </animation>
    <animation id="mixamorig_RightHandMiddle3-anim" name="mixamorig_RightHandMiddle3">
      <source id="mixamorig_RightHandMiddle3-Matrix-animation-input">
        <float_array id="mixamorig_RightHandMiddle3-Matrix-animation-input-array" count="30">

0.000000 0.033333 0.066667 0.100000 0.133333 0.166667 0.200000 0.233333 0.266667 0.300000 0.333333 0.366667 0.400000 0.433333 0.466667 0.500000
0.533333 0.566667 0.600000 0.633333 0.666667 0.700000 0.733333 0.766667 0.800000 0.833333 0.866667 0.900000 0.933333 0.966667</float_array>
        <technique_common>
          <accessor source="#mixamorig_RightHandMiddle3-Matrix-animation-input-array" count="30">
            <param name="TIME" type="float"/>
          </accessor>
        </technique_common>
      </source>
      <source id="mixamorig_RightHandMiddle3-Matrix-animation-output-transform">
        <float_array id="mixamorig_RightHandMiddle3-Matrix-animation-output-transform-array" count="480">

0.998460 -0.053293 0.015394 0.000000 0.053594 0.855198 -0.515523 7.279100 0.014309 0.515554 0.856738 0.000000 0.000000 0.000000 0.000000 1.000000
0.998459 -0.053308 0.015403 0.000000 0.053609 0.855110 -0.515668 7.279100 0.014318 0.515699 0.856650 0.000000 0.000000 0.000000 0.000000 1.000000
0.998459 -0.053318 0.015409 -0.000000 0.053619 0.855047 -0.515770 7.279100 0.014324 0.515802 0.856588 0.000000 0.000000 0.000000 0.000000 1.000000
0.998458 -0.053322 0.015412 -0.000000 0.053624 0.855021 -0.515814 7.279100 0.014327 0.515846 0.856562 0.000000 0.000000 0.000000 0.000000 1.000000
0.998459 -0.053305 0.015401 0.000000 0.053607 0.855125 -0.515643 7.279100 0.014316 0.515674 0.856665 0.000000 0.000000 0.000000 0.000000 1.000000
0.998443 -0.053569 0.015568 0.000000 0.053874 0.853489 -0.518319 7.279100 0.014479 0.518351 0.855045 0.000000 0.000000 0.000000 0.000000 1.000000
0.998403 -0.054183 0.015961 0.000000 0.054495 0.849641 -0.524539 7.279100 0.014860 0.524571 0.851237 0.000000 0.000000 0.000000 0.000000 1.000000
0.998371 -0.054683 0.016285 -0.000000 0.055001 0.846459 -0.529606 7.279100 0.015176 0.529639 0.848087 0.000000 0.000000 0.000000 0.000000 1.000000
0.998360 -0.054844 0.016390 -0.000000 0.055164 0.845427 -0.531234 7.279100 0.015279 0.531267 0.847067 0.000000 0.000000 0.000000 0.000000 1.000000
0.998370 -0.054699 0.016295 0.000000 0.055017 0.846359 -0.529763 7.279100 0.015186 0.529796 0.847989 0.000000 0.000000 0.000000 0.000000 1.000000
0.998392 -0.054366 0.016079 -0.000000 0.054681 0.848483 -0.526391 7.279100 0.014975 0.526423 0.850091 0.000000 0.000000 0.000000 0.000000 1.000000
0.998416 -0.053985 0.015833 -0.000000 0.054294 0.850895 -0.522523 7.279100 0.014736 0.522555 0.852478 0.000000 0.000000 0.000000 0.000000 1.000000
0.998436 -0.053671 0.015633 0.000000 0.053977 0.852855 -0.519350 7.279100 0.014541 0.519382 0.854418 0.000000 0.000000 0.000000 0.000000 1.000000
0.998448 -0.053484 0.015514 0.000000 0.053787 0.854021 -0.517451 7.279100 0.014426 0.517482 0.855572 0.000000 0.000000 0.000000 0.000000 1.000000
0.998454 -0.053387 0.015453 0.000000 0.053690 0.854617 -0.516475 7.279100 0.014367 0.516506 0.856163 0.000000 0.000000 0.000000 0.000000 1.000000
0.998457 -0.053340 0.015423 -0.000000 0.053642 0.854908 -0.515999 7.279100 0.014338 0.516031 0.856450 0.000000 0.000000 0.000000 0.000000 1.000000
0.998460 -0.053300 0.015398 -0.000000 0.053601 0.855158 -0.515589 7.279100 0.014313 0.515620 0.856698 0.000000 0.000000 0.000000 0.000000 1.000000
0.998462 -0.053273 0.015381 0.000000 0.053574 0.855325 -0.515315 7.279100 0.014297 0.515346 0.856863 0.000000 0.000000 0.000000 0.000000 1.000000
0.998465 -0.053219 0.015347 0.000000 0.053519 0.855659 -0.514765 7.279100 0.014264 0.514796 0.857194 0.000000 0.000000 0.000000 0.000000 1.000000
0.998468 -0.053175 0.015319 -0.000000 0.053475 0.855929 -0.514321 7.279100 0.014237 0.514353 0.857461 0.000000 0.000000 0.000000 0.000000 1.000000
0.998465 -0.053221 0.015349 0.000000 0.053522 0.855640 -0.514797 7.279100 0.014265 0.514828 0.857175 0.000000 0.000000 0.000000 0.000000 1.000000
0.998462 -0.053272 0.015380 0.000000 0.053573 0.855328 -0.515310 7.279100 0.014297 0.515342 0.856866 0.000000 0.000000 0.000000 0.000000 1.000000
0.998462 -0.053267 0.015377 0.000000 0.053568 0.855364 -0.515250 7.279100 0.014293 0.515282 0.856902 0.000000 0.000000 0.000000 0.000000 1.000000
0.998463 -0.053255 0.015370 0.000000 0.053556 0.855432 -0.515139 7.279100 0.014286 0.515170 0.856969 0.000000 0.000000 0.000000 0.000000 1.000000
0.998466 -0.053199 0.015334 -0.000000 0.053499 0.855783 -0.514562 7.279100 0.014251 0.514593 0.857316 0.000000 0.000000 0.000000 0.000000 1.000000
0.998475 -0.053063 0.015249 0.000000 0.053362 0.856614 -0.513191 7.279100 0.014169 0.513222 0.858139 0.000000 0.000000 0.000000 0.000000 1.000000
0.998471 -0.053116 0.015282 0.000000 0.053415 0.856289 -0.513728 7.279100 0.014201 0.513759 0.857817 0.000000 0.000000 0.000000 0.000000 1.000000
0.998457 -0.053351 0.015430 0.000000 0.053653 0.854845 -0.516102 7.279100 0.014344 0.516133 0.856388 0.000000 0.000000 0.000000 0.000000 1.000000
0.998453 -0.053405 0.015464 0.000000 0.053708 0.854508 -0.516655 7.279100 0.014378 0.516686 0.856054 -0.000000 0.000000 0.000000 0.000000 1.000000
0.998460 -0.053293 0.015394 0.000000 0.053595 0.855198 -0.515523 7.279100 0.014309 0.515554 0.856738 0.000000 0.000000 0.000000 0.000000 1.000000</float_array>
        <technique_common>
          <accessor source="#mixamorig_RightHandMiddle3-Matrix-animation-output-transform-array" count="30" stride="16">
            <param type="float4x4"/>
          </accessor>
        </technique_common>
      </source>
      <source id="mixamorig_RightHandMiddle3-Interpolations">
        <Name_array id="mixamorig_RightHandMiddle3-Interpolations-array" count="30">
 LINEAR LINEAR LINEAR LINEAR LINEAR LINEAR LINEAR LINEAR LINEAR LINEAR LINEAR
LINEAR LINEAR LINEAR LINEAR LINEAR LINEAR LINEAR LINEAR LINEAR LINEAR LINEAR LINEAR
LINEAR LINEAR LINEAR LINEAR LINEAR LINEAR LINEAR</Name_array>
        <technique_common>
          <accessor source="#mixamorig_RightHandMiddle3-Interpolations-array" count="30">
            <param type="name"/>
          </accessor>
        </technique_common>
      </source>
      <sampler id="mixamorig_RightHandMiddle3-Matrix-animation-transform">
        <input semantic="INPUT" source="#mixamorig_RightHandMiddle3-Matrix-animation-input"/>
        <input semantic="OUTPUT" source="#mixamorig_RightHandMiddle3-Matrix-animation-output-transform"/>
        <input semantic="INTERPOLATION" source="#mixamorig_RightHandMiddle3-Interpolations"/>
      </sampler>
      <channel source="#mixamorig_RightHandMiddle3-Matrix-animation-transform" target="mixamorig_RightHandMiddle3/matrix"/>
    </animation>
    <animation id="mixamorig_RightHandThumb1-anim" name="mixamorig_RightHandThumb1">
      <source id="mixamorig_RightHandThumb1-Matrix-animation-input">
        <float_array id="mixamorig_RightHandThumb1-Matrix-animation-input-array" count="30">

0.000000 0.033333 0.066667 0.100000 0.133333 0.166667 0.200000 0.233333 0.266667 0.300000 0.333333 0.366667 0.400000 0.433333 0.466667 0.500000
0.533333 0.566667 0.600000 0.633333 0.666667 0.700000 0.733333 0.766667 0.800000 0.833333 0.866667 0.900000 0.933333 0.966667</float_array>
        <technique_common>
          <accessor source="#mixamorig_RightHandThumb1-Matrix-animation-input-array" count="30">
            <param name="TIME" type="float"/>
          </accessor>
        </technique_common>
      </source>
      <source id="mixamorig_RightHandThumb1-Matrix-animation-output-transform">
        <float_array id="mixamorig_RightHandThumb1-Matrix-animation-output-transform-array" count="480">

0.946015 0.268200 -0.182002 6.157100 -0.304892 0.926888 -0.218907 9.502000 0.109985 0.262580 0.958622 3.930000 0.000000 0.000000 0.000000 1.000000
0.945336 0.273557 -0.177501 6.157100 -0.308419 0.926820 -0.214203 9.502000 0.105915 0.257239 0.960526 3.930000 0.000000 0.000000 0.000000 1.000000
0.941759 0.282495 -0.182444 6.157100 -0.319162 0.921751 -0.220250 9.502000 0.105949 0.265652 0.958230 3.930000 0.000000 0.000000 0.000000 1.000000
0.936076 0.295613 -0.190722 6.157100 -0.335344 0.913648 -0.229765 9.502000 0.106331 0.279035 0.954376 3.930000 0.000000 0.000000 0.000000 1.000000
0.925866 0.319821 -0.201212 6.157100 -0.363259 0.899967 -0.241043 9.502000 0.103994 0.296266 0.949427 3.930000 0.000000 0.000000 0.000000 1.000000
0.907096 0.361516 -0.215599 6.157100 -0.409719 0.875729 -0.255401 9.502000 0.096474 0.320008 0.942490 3.930000 0.000000 0.000000 0.000000 1.000000
0.883600 0.408710 -0.228490 6.157100 -0.460622 0.846384 -0.267322 9.502000 0.084133 0.341453 0.936126 3.930000 0.000000 0.000000 0.000000 1.000000
0.867220 0.440371 -0.232387 6.157100 -0.492556 0.827066 -0.270834 9.502000 0.072932 0.349336 0.934155 3.930000 0.000000 0.000000 0.000000 1.000000
0.870075 0.439297 -0.223578 6.157100 -0.487872 0.832227 -0.263399 9.502000 0.070357 0.338254 0.938421 3.930000 0.000000 0.000000 0.000000 1.000000
0.885245 0.414339 -0.211342 6.157100 -0.458947 0.851925 -0.252172 9.502000 0.075563 0.320229 0.944322 3.930000 0.000000 0.000000 0.000000 1.000000
0.891327 0.396357 -0.220086 6.157100 -0.445231 0.856807 -0.260098 9.502000 0.085479 0.329822 0.940165 3.930000 0.000000 0.000000 0.000000 1.000000
0.899782 0.369691 -0.231777 6.157100 -0.424801 0.863534 -0.271759 9.502000 0.099680 0.342983 0.934038 3.930000 0.000000 0.000000 0.000000 1.000000
0.913871 0.331071 -0.235015 6.157100 -0.389395 0.878591 -0.276496 9.502000 0.114942 0.344196 0.931836 3.930000 0.000000 0.000000 0.000000 1.000000
0.927091 0.293785 -0.232792 6.157100 -0.352650 0.894110 -0.276053 9.502000 0.127041 0.338021 0.932525 3.930000 0.000000 0.000000 0.000000 1.000000
0.936087 0.265893 -0.230307 6.157100 -0.324668 0.905052 -0.274721 9.502000 0.135393 0.331936 0.933535 3.930000 0.000000 0.000000 0.000000 1.000000
0.940065 0.249971 -0.231931 6.157100 -0.310142 0.909490 -0.276840 9.502000 0.141737 0.332180 0.932506 3.930000 0.000000 0.000000 0.000000 1.000000
0.939760 0.245502 -0.237865 6.157100 -0.308778 0.908188 -0.282577 9.502000 0.146653 0.339002 0.929285 3.930000 0.000000 0.000000 0.000000 1.000000
0.942345 0.235456 -0.237794 6.157100 -0.298923 0.911705 -0.281850 9.502000 0.150434 0.336682 0.929524 3.930000 0.000000 0.000000 0.000000 1.000000
0.946189 0.218525 -0.238692 6.157100 -0.282944 0.916607 -0.282442 9.502000 0.157066 0.334780 0.929114 3.930000 0.000000 0.000000 0.000000 1.000000
0.951386 0.197916 -0.235997 6.157100 -0.261563 0.923754 -0.279755 9.502000 0.162636 0.327883 0.930614 3.930000 0.000000 0.000000 0.000000 1.000000
0.957026 0.177429 -0.229392 6.157100 -0.238298 0.931927 -0.273361 9.502000 0.165275 0.316277 0.934159 3.930000 0.000000 0.000000 0.000000 1.000000
0.959662 0.167369 -0.225914 6.157100 -0.226772 0.935761 -0.270047 9.502000 0.166204 0.310385 0.935969 3.930000 0.000000 0.000000 0.000000 1.000000
0.963081 0.151339 -0.222647 6.157100 -0.209448 0.940803 -0.266499 9.502000 0.169135 0.303294 0.937767 3.930000 0.000000 0.000000 0.000000 1.000000
0.968168 0.135069 -0.210728 6.157100 -0.187317 0.949406 -0.252074 9.502000 0.166019 0.283523 0.944485 3.930000 0.000000 0.000000 0.000000 1.000000
0.967194 0.137434 -0.213654 6.157100 -0.191112 0.947729 -0.255513 9.502000 0.167369 0.287962 0.942903 3.930000 0.000000 0.000000 0.000000 1.000000
0.962478 0.161031 -0.218416 6.157100 -0.216485 0.940965 -0.260230 9.502000 0.163617 0.297750 0.940518 3.930000 0.000000 0.000000 0.000000 1.000000
0.958539 0.186903 -0.215105 6.157100 -0.239913 0.936637 -0.255250 9.502000 0.153768 0.296273 0.942644 3.930000 0.000000 0.000000 0.000000 1.000000
0.957762 0.210708 -0.195689 6.157100 -0.254071 0.938784 -0.232664 9.502000 0.134685 0.272555 0.952666 3.930000 0.000000 0.000000 0.000000 1.000000
0.953848 0.237852 -0.183302 6.157100 -0.275504 0.936001 -0.219087 9.502000 0.119461 0.259476 0.958333 3.930000 0.000000 0.000000 0.000000 1.000000
0.946015 0.268200 -0.182002 6.157100 -0.304892 0.926888 -0.218906 9.502000 0.109985 0.262580 0.958622 3.930000 0.000000 0.000000 0.000000 1.000000</float_array>
        <technique_common>
          <accessor source="#mixamorig_RightHandThumb1-Matrix-animation-output-transform-array" count="30" stride="16">
            <param type="float4x4"/>
          </accessor>
        </technique_common>
      </source>
      <source id="mixamorig_RightHandThumb1-Interpolations">
        <Name_array id="mixamorig_RightHandThumb1-Interpolations-array" count="30">
 LINEAR LINEAR LINEAR LINEAR LINEAR LINEAR LINEAR LINEAR LINEAR LINEAR LINEAR
LINEAR LINEAR LINEAR LINEAR LINEAR LINEAR LINEAR LINEAR LINEAR LINEAR LINEAR LINEAR
LINEAR LINEAR LINEAR LINEAR LINEAR LINEAR LINEAR</Name_array>
        <technique_common>
          <accessor source="#mixamorig_RightHandThumb1-Interpolations-array" count="30">
            <param type="name"/>
          </accessor>
        </technique_common>
      </source>
      <sampler id="mixamorig_RightHandThumb1-Matrix-animation-transform">
        <input semantic="INPUT" source="#mixamorig_RightHandThumb1-Matrix-animation-input"/>
        <input semantic="OUTPUT" source="#mixamorig_RightHandThumb1-Matrix-animation-output-transform"/>
        <input semantic="INTERPOLATION" source="#mixamorig_RightHandThumb1-Interpolations"/>
      </sampler>
      <channel source="#mixamorig_RightHandThumb1-Matrix-animation-transform" target="mixamorig_RightHandThumb1/matrix"/>
    </animation>
    <animation id="mixamorig_RightHandThumb2-anim" name="mixamorig_RightHandThumb2">
      <source id="mixamorig_RightHandThumb2-Matrix-animation-input">
        <float_array id="mixamorig_RightHandThumb2-Matrix-animation-input-array" count="30">

0.000000 0.033333 0.066667 0.100000 0.133333 0.166667 0.200000 0.233333 0.266667 0.300000 0.333333 0.366667 0.400000 0.433333 0.466667 0.500000
0.533333 0.566667 0.600000 0.633333 0.666667 0.700000 0.733333 0.766667 0.800000 0.833333 0.866667 0.900000 0.933333 0.966667</float_array>
        <technique_common>
          <accessor source="#mixamorig_RightHandThumb2-Matrix-animation-input-array" count="30">
            <param name="TIME" type="float"/>
          </accessor>
        </technique_common>
      </source>
      <source id="mixamorig_RightHandThumb2-Matrix-animation-output-transform">
        <float_array id="mixamorig_RightHandThumb2-Matrix-animation-output-transform-array" count="480">

0.979201 -0.110956 -0.169862 -0.000000 0.140396 0.974955 0.172485 10.349100 0.146470 -0.192745 0.970256 0.000000 0.000000 0.000000 0.000000 1.000000
0.980017 -0.115409 -0.162012 -0.000000 0.143415 0.974345 0.173447 10.349100 0.137839 -0.193216 0.971426 -0.000000 0.000000 0.000000 0.000000 1.000000
0.981539 -0.116322 -0.151826 0.000000 0.143208 0.973140 0.180249 10.349100 0.126781 -0.198664 0.971833 0.000000 0.000000 0.000000 0.000000 1.000000
0.982831 -0.118051 -0.141801 0.000000 0.143812 0.971602 0.187904 10.349100 0.115592 -0.205071 0.971897 0.000000 0.000000 0.000000 0.000000 1.000000
0.983873 -0.124101 -0.128816 0.000000 0.147968 0.969312 0.196313 10.349100 0.100500 -0.212208 0.972043 0.000000 0.000000 0.000000 0.000000 1.000000
0.984622 -0.137683 -0.107531 0.000000 0.157750 0.965190 0.208621 10.349100 0.075064 -0.222376 0.972067 0.000000 0.000000 0.000000 0.000000 1.000000
0.983569 -0.159880 -0.083842 0.000000 0.174778 0.959607 0.220471 10.349100 0.045207 -0.231502 0.971783 0.000000 0.000000 0.000000 0.000000 1.000000
0.981475 -0.178846 -0.068706 0.000000 0.189914 0.955498 0.225735 10.349100 0.025276 -0.234602 0.971763 -0.000000 0.000000 0.000000 0.000000 1.000000
0.980104 -0.185610 -0.070316 0.000000 0.196705 0.955637 0.219239 10.349100 0.026503 -0.228709 0.973134 0.000000 0.000000 0.000000 0.000000 1.000000
0.979570 -0.183151 -0.083056 -0.000000 0.196748 0.958287 0.207307 10.349100 0.041623 -0.219413 0.974744 0.000000 0.000000 0.000000 0.000000 1.000000
0.981226 -0.171594 -0.088038 0.000000 0.186762 0.959305 0.211786 10.349100 0.048114 -0.224252 0.973343 -0.000000 0.000000 0.000000 0.000000 1.000000
0.983676 -0.151628 -0.096908 0.000000 0.169635 0.961051 0.218184 10.349100 0.060050 -0.231062 0.971084 -0.000000 0.000000 0.000000 0.000000 1.000000
0.984906 -0.129918 -0.114378 0.000000 0.152411 0.964139 0.217270 10.349100 0.082049 -0.231423 0.969387 0.000000 0.000000 0.000000 0.000000 1.000000
0.984640 -0.111898 -0.134027 0.000000 0.138830 0.967282 0.212347 10.349100 0.105881 -0.227692 0.967960 0.000000 0.000000 0.000000 0.000000 1.000000
0.983942 -0.096219 -0.150335 0.000000 0.126696 0.969774 0.208536 10.349100 0.125726 -0.224234 0.966391 0.000000 0.000000 0.000000 0.000000 1.000000
0.983301 -0.084222 -0.161328 0.000000 0.117254 0.971145 0.207677 10.349100 0.139181 -0.223125 0.964802 0.000000 0.000000 0.000000 0.000000 1.000000
0.982768 -0.078768 -0.167219 0.000000 0.113344 0.971421 0.208551 10.349100 0.146013 -0.223911 0.963610 0.000000 0.000000 0.000000 0.000000 1.000000
0.981955 -0.067287 -0.176738 0.000000 0.103964 0.972739 0.207291 10.349100 0.157972 -0.221924 0.962182 -0.000000 0.000000 0.000000 0.000000 1.000000
0.980817 -0.046532 -0.189293 0.000000 0.086418 0.974243 0.208283 10.349100 0.174726 -0.220646 0.959576 0.000000 0.000000 0.000000 0.000000 1.000000
0.978979 -0.026679 -0.202209 -0.000000 0.069563 0.975639 0.208063 10.349100 0.191733 -0.217756 0.956985 0.000000 0.000000 0.000000 0.000000 1.000000
0.976870 -0.015371 -0.213281 0.000000 0.060173 0.976868 0.205204 10.349100 0.205193 -0.213291 0.955198 0.000000 0.000000 0.000000 0.000000 1.000000
0.975811 -0.013188 -0.218218 -0.000000 0.058652 0.977377 0.203209 10.349100 0.210602 -0.211093 0.954509 0.000000 0.000000 0.000000 0.000000 1.000000
0.973708 -0.005006 -0.227747 -0.000000 0.052114 0.978141 0.201307 10.349100 0.221760 -0.207883 0.952684 0.000000 0.000000 0.000000 0.000000 1.000000
0.971107 0.004070 -0.238611 -0.000000 0.043923 0.979725 0.195472 10.349100 0.234569 -0.200304 0.951239 0.000000 0.000000 0.000000 0.000000 1.000000
0.971489 0.006375 -0.236998 0.000000 0.041830 0.979348 0.197809 10.349100 0.233365 -0.202083 0.951159 -0.000000 0.000000 0.000000 0.000000 1.000000
0.974482 -0.006143 -0.224382 0.000000 0.052092 0.978524 0.199444 10.349100 0.218338 -0.206043 0.953873 0.000000 0.000000 0.000000 0.000000 1.000000
0.976829 -0.028521 -0.212112 -0.000000 0.070837 0.978306 0.194680 10.349100 0.201958 -0.205194 0.957658 0.000000 0.000000 0.000000 0.000000 1.000000
0.977465 -0.063515 -0.201313 0.000000 0.100586 0.978576 0.179644 10.349100 0.185590 -0.195845 0.962913 0.000000 0.000000 0.000000 0.000000 1.000000
0.978183 -0.090184 -0.187147 0.000000 0.123014 0.977389 0.171982 10.349100 0.167406 -0.191251 0.967160 -0.000000 0.000000 0.000000 0.000000 1.000000
0.979201 -0.110956 -0.169863 0.000000 0.140396 0.974955 0.172485 10.349100 0.146470 -0.192745 0.970256 0.000000 0.000000 0.000000 0.000000 1.000000</float_array>
        <technique_common>
          <accessor source="#mixamorig_RightHandThumb2-Matrix-animation-output-transform-array" count="30" stride="16">
            <param type="float4x4"/>
          </accessor>
        </technique_common>
      </source>
      <source id="mixamorig_RightHandThumb2-Interpolations">
        <Name_array id="mixamorig_RightHandThumb2-Interpolations-array" count="30">
 LINEAR LINEAR LINEAR LINEAR LINEAR LINEAR LINEAR LINEAR LINEAR LINEAR LINEAR
LINEAR LINEAR LINEAR LINEAR LINEAR LINEAR LINEAR LINEAR LINEAR LINEAR LINEAR LINEAR
LINEAR LINEAR LINEAR LINEAR LINEAR LINEAR LINEAR</Name_array>
        <technique_common>
          <accessor source="#mixamorig_RightHandThumb2-Interpolations-array" count="30">
            <param type="name"/>
          </accessor>
        </technique_common>
      </source>
      <sampler id="mixamorig_RightHandThumb2-Matrix-animation-transform">
        <input semantic="INPUT" source="#mixamorig_RightHandThumb2-Matrix-animation-input"/>
        <input semantic="OUTPUT" source="#mixamorig_RightHandThumb2-Matrix-animation-output-transform"/>
        <input semantic="INTERPOLATION" source="#mixamorig_RightHandThumb2-Interpolations"/>
      </sampler>
      <channel source="#mixamorig_RightHandThumb2-Matrix-animation-transform" target="mixamorig_RightHandThumb2/matrix"/>
    </animation>
    <animation id="mixamorig_RightHandThumb3-anim" name="mixamorig_RightHandThumb3">
      <source id="mixamorig_RightHandThumb3-Matrix-animation-input">
        <float_array id="mixamorig_RightHandThumb3-Matrix-animation-input-array" count="30">

0.000000 0.033333 0.066667 0.100000 0.133333 0.166667 0.200000 0.233333 0.266667 0.300000 0.333333 0.366667 0.400000 0.433333 0.466667 0.500000
0.533333 0.566667 0.600000 0.633333 0.666667 0.700000 0.733333 0.766667 0.800000 0.833333 0.866667 0.900000 0.933333 0.966667</float_array>
        <technique_common>
          <accessor source="#mixamorig_RightHandThumb3-Matrix-animation-input-array" count="30">
            <param name="TIME" type="float"/>
          </accessor>
        </technique_common>
      </source>
      <source id="mixamorig_RightHandThumb3-Matrix-animation-output-transform">
        <float_array id="mixamorig_RightHandThumb3-Matrix-animation-output-transform-array" count="480">

0.955684 0.245023 0.163195 0.000000 -0.232697 0.968275 -0.091083 8.574700 -0.180335 0.049071 0.982380 0.000000 0.000000 0.000000 0.000000 1.000000
0.954929 0.249112 0.161411 -0.000000 -0.236957 0.967255 -0.090936 8.574700 -0.178779 0.048590 0.982689 0.000000 0.000000 0.000000 0.000000 1.000000
0.954237 0.252769 0.159812 -0.000000 -0.240764 0.966327 -0.090805 8.574700 -0.177383 0.048173 0.982962 0.000000 0.000000 0.000000 0.000000 1.000000
0.953656 0.255770 0.158498 0.000000 -0.243887 0.965553 -0.090697 8.574700 -0.176236 0.047839 0.983185 0.000000 0.000000 0.000000 0.000000 1.000000
0.953066 0.258758 0.157191 0.000000 -0.246994 0.964773 -0.090598 8.574700 -0.175097 0.047521 0.983404 -0.000000 0.000000 0.000000 0.000000 1.000000
0.952226 0.262927 0.155356 0.000000 -0.251330 0.963666 -0.090445 8.574700 -0.173492 0.047078 0.983709 0.000000 0.000000 0.000000 0.000000 1.000000
0.951045 0.268645 0.152789 0.000000 -0.257289 0.962120 -0.090157 8.574700 -0.171221 0.046432 0.984138 0.000000 0.000000 0.000000 0.000000 1.000000
0.949873 0.274123 0.150325 -0.000000 -0.262993 0.960601 -0.089888 8.574700 -0.169043 0.045848 0.984542 0.000000 0.000000 0.000000 0.000000 1.000000
0.949620 0.275273 0.149822 0.000000 -0.264185 0.960277 -0.089858 8.574700 -0.168606 0.045750 0.984621 0.000000 0.000000 0.000000 0.000000 1.000000
0.950205 0.272563 0.151060 -0.000000 -0.261359 0.961035 -0.090021 8.574700 -0.169710 0.046058 0.984417 0.000000 0.000000 0.000000 0.000000 1.000000
0.950526 0.271068 0.151732 -0.000000 -0.259801 0.961450 -0.090095 8.574700 -0.170305 0.046217 0.984307 0.000000 0.000000 0.000000 0.000000 1.000000
0.951067 0.268517 0.152871 0.000000 -0.257147 0.962153 -0.090208 8.574700 -0.171308 0.046483 0.984120 0.000000 0.000000 0.000000 0.000000 1.000000
0.952026 0.263902 0.154925 0.000000 -0.252345 0.963405 -0.090406 8.574700 -0.173114 0.046975 0.983781 -0.000000 0.000000 0.000000 0.000000 1.000000
0.953053 0.258826 0.157158 0.000000 -0.247066 0.964755 -0.090590 8.574700 -0.175066 0.047509 0.983410 0.000000 0.000000 0.000000 0.000000 1.000000
0.954022 0.253885 0.159323 0.000000 -0.241925 0.966040 -0.090765 8.574700 -0.176957 0.048048 0.983045 -0.000000 0.000000 0.000000 0.000000 1.000000
0.954936 0.249073 0.161428 -0.000000 -0.236916 0.967265 -0.090938 8.574700 -0.178794 0.048595 0.982686 0.000000 0.000000 0.000000 0.000000 1.000000
0.955550 0.245755 0.162876 -0.000000 -0.233460 0.968094 -0.091057 8.574700 -0.180057 0.048984 0.982436 0.000000 0.000000 0.000000 0.000000 1.000000
0.956387 0.241107 0.164900 -0.000000 -0.228617 0.969233 -0.091224 8.574700 -0.181821 0.049546 0.982083 0.000000 0.000000 0.000000 0.000000 1.000000
0.957355 0.235528 0.167324 0.000000 -0.222799 0.970568 -0.091425 8.574700 -0.183932 0.050246 0.981654 -0.000000 0.000000 0.000000 0.000000 1.000000
0.958125 0.230931 0.169315 0.000000 -0.218004 0.971641 -0.091590 8.574700 -0.185664 0.050843 0.981297 0.000000 0.000000 0.000000 0.000000 1.000000
0.958601 0.228006 0.170578 -0.000000 -0.214951 0.972311 -0.091693 8.574700 -0.186762 0.051231 0.981069 0.000000 0.000000 0.000000 0.000000 1.000000
0.958813 0.226689 0.171143 0.000000 -0.213577 0.972610 -0.091734 8.574700 -0.187251 0.051403 0.980966 0.000000 0.000000 0.000000 0.000000 1.000000
0.959256 0.223875 0.172362 -0.000000 -0.210636 0.973241 -0.091843 8.574700 -0.188311 0.051796 0.980743 0.000000 0.000000 0.000000 0.000000 1.000000
0.959664 0.221227 0.173503 0.000000 -0.207870 0.973826 -0.091940 8.574700 -0.189302 0.052165 0.980532 0.000000 0.000000 0.000000 0.000000 1.000000
0.959526 0.222126 0.173116 0.000000 -0.208809 0.973628 -0.091906 8.574700 -0.188965 0.052038 0.980604 0.000000 0.000000 0.000000 0.000000 1.000000
0.959025 0.225348 0.171727 0.000000 -0.212175 0.972911 -0.091791 8.574700 -0.187760 0.051593 0.980859 0.000000 0.000000 0.000000 0.000000 1.000000
0.958389 0.229317 0.170013 0.000000 -0.216319 0.972012 -0.091648 8.574700 -0.186271 0.051058 0.981171 -0.000000 0.000000 0.000000 0.000000 1.000000
0.957512 0.234603 0.167725 0.000000 -0.221835 0.970786 -0.091458 8.574700 -0.184281 0.050365 0.981582 0.000000 0.000000 0.000000 0.000000 1.000000
0.956694 0.239359 0.165660 0.000000 -0.226795 0.969655 -0.091287 8.574700 -0.182484 0.049762 0.981949 -0.000000 0.000000 0.000000 0.000000 1.000000
0.955684 0.245023 0.163196 0.000000 -0.232697 0.968275 -0.091083 8.574700 -0.180336 0.049071 0.982380 -0.000000 0.000000 0.000000 0.000000 1.000000</float_array>
        <technique_common>
          <accessor source="#mixamorig_RightHandThumb3-Matrix-animation-output-transform-array" count="30" stride="16">
            <param type="float4x4"/>
          </accessor>
        </technique_common>
      </source>
      <source id="mixamorig_RightHandThumb3-Interpolations">
        <Name_array id="mixamorig_RightHandThumb3-Interpolations-array" count="30">
 LINEAR LINEAR LINEAR LINEAR LINEAR LINEAR LINEAR LINEAR LINEAR LINEAR LINEAR
LINEAR LINEAR LINEAR LINEAR LINEAR LINEAR LINEAR LINEAR LINEAR LINEAR LINEAR LINEAR
LINEAR LINEAR LINEAR LINEAR LINEAR LINEAR LINEAR</Name_array>
        <technique_common>
          <accessor source="#mixamorig_RightHandThumb3-Interpolations-array" count="30">
            <param type="name"/>
          </accessor>
        </technique_common>
      </source>
      <sampler id="mixamorig_RightHandThumb3-Matrix-animation-transform">
        <input semantic="INPUT" source="#mixamorig_RightHandThumb3-Matrix-animation-input"/>
        <input semantic="OUTPUT" source="#mixamorig_RightHandThumb3-Matrix-animation-output-transform"/>
        <input semantic="INTERPOLATION" source="#mixamorig_RightHandThumb3-Interpolations"/>
      </sampler>
      <channel source="#mixamorig_RightHandThumb3-Matrix-animation-transform" target="mixamorig_RightHandThumb3/matrix"/>
    </animation>
    <animation id="mixamorig_RightHandIndex1-anim" name="mixamorig_RightHandIndex1">
      <source id="mixamorig_RightHandIndex1-Matrix-animation-input">
        <float_array id="mixamorig_RightHandIndex1-Matrix-animation-input-array" count="30">

0.000000 0.033333 0.066667 0.100000 0.133333 0.166667 0.200000 0.233333 0.266667 0.300000 0.333333 0.366667 0.400000 0.433333 0.466667 0.500000
0.533333 0.566667 0.600000 0.633333 0.666667 0.700000 0.733333 0.766667 0.800000 0.833333 0.866667 0.900000 0.933333 0.966667</float_array>
        <technique_common>
          <accessor source="#mixamorig_RightHandIndex1-Matrix-animation-input-array" count="30">
            <param name="TIME" type="float"/>
          </accessor>
        </technique_common>
      </source>
      <source id="mixamorig_RightHandIndex1-Matrix-animation-output-transform">
        <float_array id="mixamorig_RightHandIndex1-Matrix-animation-output-transform-array" count="480">

0.999769 0.016835 0.013392 5.106700 -0.014037 0.982278 -0.186902 26.603001 -0.016301 0.186671 0.982287 0.546300 0.000000 0.000000 0.000000 1.000000
0.999644 0.022992 0.013504 5.106700 -0.020004 0.981517 -0.190327 26.603001 -0.017630 0.189989 0.981628 0.546300 0.000000 0.000000 0.000000 1.000000
0.999489 0.028829 0.013791 5.106700 -0.025581 0.980377 -0.195466 26.603001 -0.019155 0.195014 0.980613 0.546300 0.000000 0.000000 0.000000 1.000000
0.999383 0.031913 0.014670 5.106700 -0.028222 0.978251 -0.205496 26.603001 -0.020909 0.204956 0.978548 0.546300 0.000000 0.000000 0.000000 1.000000
0.999324 0.032553 0.017092 5.106700 -0.027827 0.973477 -0.227085 26.603001 -0.024031 0.226456 0.973725 0.546300 0.000000 0.000000 0.000000 1.000000
0.999100 0.036363 0.021848 5.106700 -0.029151 0.962661 -0.269136 26.603001 -0.030819 0.268257 0.962854 0.546300 0.000000 0.000000 0.000000 1.000000
0.998635 0.044137 0.027929 5.106700 -0.032821 0.946232 -0.321820 26.603001 -0.040631 0.320464 0.946389 0.546300 0.000000 0.000000 0.000000 1.000000
0.998242 0.049715 0.032258 5.106700 -0.034901 0.933076 -0.357982 26.603001 -0.047896 0.356227 0.933171 0.546300 0.000000 0.000000 0.000000 1.000000
0.998231 0.049657 0.032694 5.106700 -0.034510 0.931744 -0.361471 26.603001 -0.048412 0.359703 0.931810 0.546300 0.000000 0.000000 0.000000 1.000000
0.998498 0.045679 0.030258 5.106700 -0.032632 0.939386 -0.341304 26.603001 -0.044015 0.339804 0.939466 0.546300 0.000000 0.000000 0.000000 1.000000
0.998682 0.043514 0.027235 5.106700 -0.032654 0.947860 -0.317008 26.603001 -0.039609 0.315701 0.948032 0.546300 0.000000 0.000000 0.000000 1.000000
0.998879 0.041422 0.022932 5.106700 -0.033299 0.958935 -0.281664 26.603001 -0.033658 0.280584 0.959239 0.546300 0.000000 0.000000 0.000000 1.000000
0.999123 0.037843 0.017939 5.106700 -0.032485 0.970639 -0.238335 26.603001 -0.026432 0.237543 0.971017 0.546300 0.000000 0.000000 0.000000 1.000000
0.999325 0.034076 0.013728 5.106700 -0.030650 0.979345 -0.199858 26.603001 -0.020255 0.199302 0.979729 0.546300 0.000000 0.000000 0.000000 1.000000
0.999434 0.031933 0.010621 5.106700 -0.029669 0.985043 -0.169734 26.603001 -0.015882 0.169323 0.985433 0.546300 0.000000 0.000000 0.000000 1.000000
0.999534 0.029222 0.008819 5.106700 -0.027557 0.988156 -0.150960 26.603001 -0.013126 0.150646 0.988501 0.546300 0.000000 0.000000 0.000000 1.000000
0.999673 0.024232 0.008176 5.106700 -0.022807 0.989366 -0.143650 26.603001 -0.011570 0.143416 0.989595 0.546300 0.000000 0.000000 0.000000 1.000000
0.999752 0.021524 0.005693 5.106700 -0.020696 0.992713 -0.118714 26.603001 -0.008206 0.118567 0.992912 0.546300 0.000000 0.000000 0.000000 1.000000
0.999718 0.023652 0.001935 5.106700 -0.023409 0.996270 -0.083052 26.603001 -0.003892 0.082983 0.996543 0.546300 0.000000 0.000000 0.000000 1.000000
0.999548 0.030036 -0.001569 5.106700 -0.030077 0.998239 -0.051136 26.603001 0.000030 0.051160 0.998690 0.546300 0.000000 0.000000 0.000000 1.000000
0.999306 0.037024 -0.004079 5.106700 -0.037128 0.998884 -0.029209 26.603001 0.002993 0.029340 0.999565 0.546300 0.000000 0.000000 0.000000 1.000000
0.999185 0.040043 -0.005094 5.106700 -0.040140 0.998984 -0.020491 26.603001 0.004269 0.020678 0.999777 0.546300 0.000000 0.000000 0.000000 1.000000
0.998949 0.045264 -0.007184 5.106700 -0.045274 0.998974 -0.001249 26.603001 0.007121 0.001572 0.999973 0.546300 0.000000 0.000000 0.000000 1.000000
0.998623 0.051580 -0.009610 5.106700 -0.051365 0.998450 0.021449 26.603001 0.010702 -0.020926 0.999724 0.546300 0.000000 0.000000 0.000000 1.000000
0.998710 0.049964 -0.009011 5.106700 -0.049820 0.998637 0.015562 26.603001 0.009776 -0.015093 0.999838 0.546300 0.000000 0.000000 0.000000 1.000000
0.999252 0.038373 -0.004839 5.106700 -0.038473 0.999003 -0.022658 26.603001 0.003965 0.022827 0.999732 0.546300 0.000000 0.000000 0.000000 1.000000
0.999650 0.026467 0.000303 5.106700 -0.026383 0.997269 -0.068978 26.603001 -0.002128 0.068946 0.997618 0.546300 0.000000 0.000000 0.000000 1.000000
0.999832 0.017416 0.005732 5.106700 -0.016617 0.992848 -0.118227 26.603001 -0.007750 0.118111 0.992970 0.546300 0.000000 0.000000 0.000000 1.000000
0.999815 0.016624 0.009652 5.106700 -0.014941 0.987975 -0.153890 26.603001 -0.012094 0.153718 0.988041 0.546300 0.000000 0.000000 0.000000 1.000000
0.999769 0.016835 0.013393 5.106700 -0.014037 0.982278 -0.186902 26.603001 -0.016302 0.186671 0.982287 0.546300 0.000000 0.000000 0.000000 1.000000</float_array>
        <technique_common>
          <accessor source="#mixamorig_RightHandIndex1-Matrix-animation-output-transform-array" count="30" stride="16">
            <param type="float4x4"/>
          </accessor>
        </technique_common>
      </source>
      <source id="mixamorig_RightHandIndex1-Interpolations">
        <Name_array id="mixamorig_RightHandIndex1-Interpolations-array" count="30">
 LINEAR LINEAR LINEAR LINEAR LINEAR LINEAR LINEAR LINEAR LINEAR LINEAR LINEAR
LINEAR LINEAR LINEAR LINEAR LINEAR LINEAR LINEAR LINEAR LINEAR LINEAR LINEAR LINEAR
LINEAR LINEAR LINEAR LINEAR LINEAR LINEAR LINEAR</Name_array>
        <technique_common>
          <accessor source="#mixamorig_RightHandIndex1-Interpolations-array" count="30">
            <param type="name"/>
          </accessor>
        </technique_common>
      </source>
      <sampler id="mixamorig_RightHandIndex1-Matrix-animation-transform">
        <input semantic="INPUT" source="#mixamorig_RightHandIndex1-Matrix-animation-input"/>
        <input semantic="OUTPUT" source="#mixamorig_RightHandIndex1-Matrix-animation-output-transform"/>
        <input semantic="INTERPOLATION" source="#mixamorig_RightHandIndex1-Interpolations"/>
      </sampler>
      <channel source="#mixamorig_RightHandIndex1-Matrix-animation-transform" target="mixamorig_RightHandIndex1/matrix"/>
    </animation>
    <animation id="mixamorig_RightHandIndex2-anim" name="mixamorig_RightHandIndex2">
      <source id="mixamorig_RightHandIndex2-Matrix-animation-input">
        <float_array id="mixamorig_RightHandIndex2-Matrix-animation-input-array" count="30">

0.000000 0.033333 0.066667 0.100000 0.133333 0.166667 0.200000 0.233333 0.266667 0.300000 0.333333 0.366667 0.400000 0.433333 0.466667 0.500000
0.533333 0.566667 0.600000 0.633333 0.666667 0.700000 0.733333 0.766667 0.800000 0.833333 0.866667 0.900000 0.933333 0.966667</float_array>
        <technique_common>
          <accessor source="#mixamorig_RightHandIndex2-Matrix-animation-input-array" count="30">
            <param name="TIME" type="float"/>
          </accessor>
        </technique_common>
      </source>
      <source id="mixamorig_RightHandIndex2-Matrix-animation-output-transform">
        <float_array id="mixamorig_RightHandIndex2-Matrix-animation-output-transform-array" count="480">

0.998187 -0.057823 0.016698 0.000000 0.059155 0.891441 -0.449259 7.092100 0.011092 0.449433 0.893245 0.000000 0.000000 0.000000 0.000000 1.000000
0.998186 -0.057845 0.016713 0.000000 0.059178 0.891321 -0.449494 7.092100 0.011104 0.449667 0.893127 -0.000000 0.000000 0.000000 0.000000 1.000000
0.998193 -0.057734 0.016638 0.000000 0.059060 0.891919 -0.448321 7.092100 0.011044 0.448494 0.893718 0.000000 0.000000 0.000000 0.000000 1.000000
0.998214 -0.057438 0.016435 0.000000 0.058743 0.893514 -0.445176 7.092100 0.010885 0.445346 0.895292 0.000000 0.000000 0.000000 0.000000 1.000000
0.998225 -0.057271 0.016321 -0.000000 0.058565 0.894403 -0.443412 7.092100 0.010797 0.443581 0.896169 0.000000 0.000000 0.000000 0.000000 1.000000
0.998215 -0.057416 0.016419 0.000000 0.058719 0.893632 -0.444942 7.092100 0.010874 0.445112 0.895409 0.000000 0.000000 0.000000 0.000000 1.000000
0.998172 -0.058040 0.016848 0.000000 0.059387 0.890263 -0.451559 7.092100 0.011209 0.451734 0.892082 0.000000 0.000000 0.000000 0.000000 1.000000
0.998137 -0.058534 0.017192 0.000000 0.059916 0.887549 -0.456802 7.092100 0.011480 0.456981 0.889403 0.000000 0.000000 0.000000 0.000000 1.000000
0.998128 -0.058670 0.017287 0.000000 0.060062 0.886791 -0.458252 7.092100 0.011555 0.458432 0.888654 -0.000000 0.000000 0.000000 0.000000 1.000000
0.998122 -0.058752 0.017345 0.000000 0.060150 0.886336 -0.459120 7.092100 0.011601 0.459301 0.888205 0.000000 0.000000 0.000000 0.000000 1.000000
0.998134 -0.058581 0.017225 0.000000 0.059967 0.887285 -0.457307 7.092100 0.011506 0.457486 0.889142 0.000000 0.000000 0.000000 0.000000 1.000000
0.998165 -0.058146 0.016922 -0.000000 0.059501 0.889683 -0.452685 7.092100 0.011267 0.452861 0.891510 -0.000000 0.000000 0.000000 0.000000 1.000000
0.998196 -0.057695 0.016610 0.000000 0.059017 0.892134 -0.447899 7.092100 0.011023 0.448072 0.893930 0.000000 0.000000 0.000000 0.000000 1.000000
0.998210 -0.057489 0.016469 0.000000 0.058797 0.893243 -0.445714 7.092100 0.010913 0.445884 0.895024 0.000000 0.000000 0.000000 0.000000 1.000000
0.998222 -0.057317 0.016352 0.000000 0.058613 0.894164 -0.443887 7.092100 0.010821 0.444057 0.895933 0.000000 0.000000 0.000000 0.000000 1.000000
0.998221 -0.057336 0.016365 0.000000 0.058634 0.894058 -0.444098 7.092100 0.010831 0.444267 0.895829 -0.000000 0.000000 0.000000 0.000000 1.000000
0.998202 -0.057612 0.016553 0.000000 0.058929 0.892583 -0.447016 7.092100 0.010978 0.447188 0.894373 0.000000 0.000000 0.000000 0.000000 1.000000
0.998186 -0.057843 0.016712 -0.000000 0.059176 0.891336 -0.449465 7.092100 0.011102 0.449638 0.893142 0.000000 0.000000 0.000000 0.000000 1.000000
0.998147 -0.058399 0.017098 0.000000 0.059772 0.888291 -0.455375 7.092100 0.011406 0.455553 0.890136 0.000000 0.000000 0.000000 0.000000 1.000000
0.998131 -0.058619 0.017251 0.000000 0.060007 0.887077 -0.457704 7.092100 0.011527 0.457884 0.888937 0.000000 0.000000 0.000000 0.000000 1.000000
0.998121 -0.058766 0.017355 -0.000000 0.060165 0.886259 -0.459266 7.092100 0.011608 0.459447 0.888129 0.000000 0.000000 0.000000 0.000000 1.000000
0.998118 -0.058809 0.017385 -0.000000 0.060212 0.886015 -0.459731 7.092100 0.011633 0.459912 0.887888 0.000000 0.000000 0.000000 0.000000 1.000000
0.998110 -0.058926 0.017468 -0.000000 0.060337 0.885361 -0.460972 7.092100 0.011698 0.461154 0.887243 -0.000000 0.000000 0.000000 0.000000 1.000000
0.998139 -0.058505 0.017172 0.000000 0.059886 0.887704 -0.456503 7.092100 0.011464 0.456682 0.889556 -0.000000 0.000000 0.000000 0.000000 1.000000
0.998165 -0.058138 0.016916 0.000000 0.059493 0.889723 -0.452607 7.092100 0.011263 0.452783 0.891549 -0.000000 0.000000 0.000000 0.000000 1.000000
0.998182 -0.057898 0.016750 0.000000 0.059235 0.891034 -0.450055 7.092100 0.011132 0.450229 0.892844 -0.000000 0.000000 0.000000 0.000000 1.000000
0.998166 -0.058125 0.016907 0.000000 0.059478 0.889800 -0.452459 7.092100 0.011255 0.452635 0.891625 -0.000000 0.000000 0.000000 0.000000 1.000000
0.998155 -0.058281 0.017015 0.000000 0.059645 0.888944 -0.454116 7.092100 0.011341 0.454293 0.890780 0.000000 0.000000 0.000000 0.000000 1.000000
0.998163 -0.058169 0.016937 0.000000 0.059525 0.889558 -0.452928 7.092100 0.011280 0.453105 0.891386 -0.000000 0.000000 0.000000 0.000000 1.000000
0.998187 -0.057823 0.016698 -0.000000 0.059155 0.891441 -0.449259 7.092100 0.011092 0.449433 0.893245 -0.000000 0.000000 0.000000 0.000000 1.000000</float_array>
        <technique_common>
          <accessor source="#mixamorig_RightHandIndex2-Matrix-animation-output-transform-array" count="30" stride="16">
            <param type="float4x4"/>
          </accessor>
        </technique_common>
      </source>
      <source id="mixamorig_RightHandIndex2-Interpolations">
        <Name_array id="mixamorig_RightHandIndex2-Interpolations-array" count="30">
 LINEAR LINEAR LINEAR LINEAR LINEAR LINEAR LINEAR LINEAR LINEAR LINEAR LINEAR
LINEAR LINEAR LINEAR LINEAR LINEAR LINEAR LINEAR LINEAR LINEAR LINEAR LINEAR LINEAR
LINEAR LINEAR LINEAR LINEAR LINEAR LINEAR LINEAR</Name_array>
        <technique_common>
          <accessor source="#mixamorig_RightHandIndex2-Interpolations-array" count="30">
            <param type="name"/>
          </accessor>
        </technique_common>
      </source>
      <sampler id="mixamorig_RightHandIndex2-Matrix-animation-transform">
        <input semantic="INPUT" source="#mixamorig_RightHandIndex2-Matrix-animation-input"/>
        <input semantic="OUTPUT" source="#mixamorig_RightHandIndex2-Matrix-animation-output-transform"/>
        <input semantic="INTERPOLATION" source="#mixamorig_RightHandIndex2-Interpolations"/>
      </sampler>
      <channel source="#mixamorig_RightHandIndex2-Matrix-animation-transform" target="mixamorig_RightHandIndex2/matrix"/>
    </animation>
    <animation id="mixamorig_RightHandIndex3-anim" name="mixamorig_RightHandIndex3">
      <source id="mixamorig_RightHandIndex3-Matrix-animation-input">
        <float_array id="mixamorig_RightHandIndex3-Matrix-animation-input-array" count="30">

0.000000 0.033333 0.066667 0.100000 0.133333 0.166667 0.200000 0.233333 0.266667 0.300000 0.333333 0.366667 0.400000 0.433333 0.466667 0.500000
0.533333 0.566667 0.600000 0.633333 0.666667 0.700000 0.733333 0.766667 0.800000 0.833333 0.866667 0.900000 0.933333 0.966667</float_array>
        <technique_common>
          <accessor source="#mixamorig_RightHandIndex3-Matrix-animation-input-array" count="30">
            <param name="TIME" type="float"/>
          </accessor>
        </technique_common>
      </source>
      <source id="mixamorig_RightHandIndex3-Matrix-animation-output-transform">
        <float_array id="mixamorig_RightHandIndex3-Matrix-animation-output-transform-array" count="480">

0.999943 -0.008924 0.005878 0.000000 0.010275 0.954016 -0.299580 7.414400 -0.002934 0.299623 0.954053 0.000000 0.000000 0.000000 0.000000 1.000000
0.999943 -0.008950 0.005886 0.000000 0.010303 0.953937 -0.299831 7.414400 -0.002931 0.299875 0.953974 0.000000 0.000000 0.000000 0.000000 1.000000
0.999944 -0.008823 0.005846 0.000000 0.010166 0.954332 -0.298577 7.414400 -0.002945 0.298619 0.954368 -0.000000 0.000000 0.000000 0.000000 1.000000
0.999948 -0.008483 0.005741 -0.000000 0.009800 0.955381 -0.295215 7.414400 -0.002980 0.295255 0.955414 -0.000000 0.000000 0.000000 0.000000 1.000000
0.999949 -0.008293 0.005682 -0.000000 0.009595 0.955963 -0.293330 7.414400 -0.002999 0.293369 0.955995 0.000000 0.000000 0.000000 0.000000 1.000000
0.999948 -0.008458 0.005733 0.000000 0.009773 0.955458 -0.294964 7.414400 -0.002983 0.295005 0.955491 0.000000 0.000000 0.000000 0.000000 1.000000
0.999940 -0.009173 0.005956 -0.000000 0.010543 0.953237 -0.302040 7.414400 -0.002907 0.302085 0.953277 -0.000000 0.000000 0.000000 0.000000 1.000000
0.999934 -0.009740 0.006138 0.000000 0.011156 0.951433 -0.307654 7.414400 -0.002843 0.307702 0.951479 0.000000 0.000000 0.000000 0.000000 1.000000
0.999932 -0.009896 0.006189 0.000000 0.011325 0.950927 -0.309207 7.414400 -0.002825 0.309256 0.950975 -0.000000 0.000000 0.000000 0.000000 1.000000
0.999931 -0.009991 0.006219 0.000000 0.011427 0.950623 -0.310138 7.414400 -0.002814 0.310188 0.950671 0.000000 0.000000 0.000000 0.000000 1.000000
0.999933 -0.009794 0.006155 0.000000 0.011215 0.951257 -0.308195 7.414400 -0.002837 0.308243 0.951303 0.000000 0.000000 0.000000 0.000000 1.000000
0.999939 -0.009295 0.005995 0.000000 0.010675 0.952853 -0.303245 7.414400 -0.002894 0.303290 0.952894 0.000000 0.000000 0.000000 0.000000 1.000000
0.999944 -0.008778 0.005832 0.000000 0.010117 0.954473 -0.298126 7.414400 -0.002950 0.298168 0.954509 0.000000 0.000000 0.000000 0.000000 1.000000
0.999947 -0.008541 0.005759 0.000000 0.009863 0.955202 -0.295789 7.414400 -0.002974 0.295830 0.955236 0.000000 0.000000 0.000000 0.000000 1.000000
0.999949 -0.008344 0.005698 0.000000 0.009650 0.955806 -0.293838 7.414400 -0.002994 0.293878 0.955838 0.000000 0.000000 0.000000 0.000000 1.000000
0.999949 -0.008367 0.005705 -0.000000 0.009675 0.955737 -0.294063 7.414400 -0.002992 0.294103 0.955769 0.000000 0.000000 0.000000 0.000000 1.000000
0.999945 -0.008682 0.005802 -0.000000 0.010014 0.954768 -0.297182 7.414400 -0.002960 0.297224 0.954803 0.000000 0.000000 0.000000 0.000000 1.000000
0.999943 -0.008947 0.005885 0.000000 0.010300 0.953947 -0.299800 7.414400 -0.002932 0.299843 0.953984 0.000000 0.000000 0.000000 0.000000 1.000000
0.999936 -0.009585 0.006088 0.000000 0.010989 0.951928 -0.306126 7.414400 -0.002861 0.306173 0.951972 0.000000 0.000000 0.000000 0.000000 1.000000
0.999933 -0.009837 0.006169 0.000000 0.011261 0.951118 -0.308621 7.414400 -0.002832 0.308670 0.951165 0.000000 0.000000 0.000000 0.000000 1.000000
0.999931 -0.010006 0.006224 -0.000000 0.011444 0.950572 -0.310295 7.414400 -0.002812 0.310344 0.950620 0.000000 0.000000 0.000000 0.000000 1.000000
0.999930 -0.010057 0.006241 0.000000 0.011498 0.950408 -0.310793 7.414400 -0.002806 0.310843 0.950457 0.000000 0.000000 0.000000 0.000000 1.000000
0.999928 -0.010191 0.006285 0.000000 0.011644 0.949970 -0.312124 7.414400 -0.002790 0.312175 0.950021 0.000000 0.000000 0.000000 0.000000 1.000000
0.999934 -0.009708 0.006127 0.000000 0.011121 0.951537 -0.307334 7.414400 -0.002847 0.307382 0.951582 0.000000 0.000000 0.000000 0.000000 1.000000
0.999939 -0.009286 0.005992 0.000000 0.010666 0.952879 -0.303162 7.414400 -0.002895 0.303207 0.952920 0.000000 0.000000 0.000000 0.000000 1.000000
0.999942 -0.009010 0.005905 0.000000 0.010368 0.953747 -0.300432 7.414400 -0.002925 0.300476 0.953785 0.000000 0.000000 0.000000 0.000000 1.000000
0.999939 -0.009270 0.005987 0.000000 0.010649 0.952930 -0.303003 7.414400 -0.002896 0.303049 0.952971 -0.000000 0.000000 0.000000 0.000000 1.000000
0.999937 -0.009449 0.006044 0.000000 0.010842 0.952362 -0.304777 7.414400 -0.002876 0.304824 0.952404 0.000000 0.000000 0.000000 0.000000 1.000000
0.999939 -0.009321 0.006004 0.000000 0.010703 0.952769 -0.303506 7.414400 -0.002891 0.303552 0.952811 0.000000 0.000000 0.000000 0.000000 1.000000
0.999943 -0.008924 0.005878 0.000000 0.010275 0.954016 -0.299580 7.414400 -0.002934 0.299623 0.954053 0.000000 0.000000 0.000000 0.000000 1.000000</float_array>
        <technique_common>
          <accessor source="#mixamorig_RightHandIndex3-Matrix-animation-output-transform-array" count="30" stride="16">
            <param type="float4x4"/>
          </accessor>
        </technique_common>
      </source>
      <source id="mixamorig_RightHandIndex3-Interpolations">
        <Name_array id="mixamorig_RightHandIndex3-Interpolations-array" count="30">
 LINEAR LINEAR LINEAR LINEAR LINEAR LINEAR LINEAR LINEAR LINEAR LINEAR LINEAR
LINEAR LINEAR LINEAR LINEAR LINEAR LINEAR LINEAR LINEAR LINEAR LINEAR LINEAR LINEAR
LINEAR LINEAR LINEAR LINEAR LINEAR LINEAR LINEAR</Name_array>
        <technique_common>
          <accessor source="#mixamorig_RightHandIndex3-Interpolations-array" count="30">
            <param type="name"/>
          </accessor>
        </technique_common>
      </source>
      <sampler id="mixamorig_RightHandIndex3-Matrix-animation-transform">
        <input semantic="INPUT" source="#mixamorig_RightHandIndex3-Matrix-animation-input"/>
        <input semantic="OUTPUT" source="#mixamorig_RightHandIndex3-Matrix-animation-output-transform"/>
        <input semantic="INTERPOLATION" source="#mixamorig_RightHandIndex3-Interpolations"/>
      </sampler>
      <channel source="#mixamorig_RightHandIndex3-Matrix-animation-transform" target="mixamorig_RightHandIndex3/matrix"/>
    </animation>
    <animation id="mixamorig_RightHandRing1-anim" name="mixamorig_RightHandRing1">
      <source id="mixamorig_RightHandRing1-Matrix-animation-input">
        <float_array id="mixamorig_RightHandRing1-Matrix-animation-input-array" count="30">

0.000000 0.033333 0.066667 0.100000 0.133333 0.166667 0.200000 0.233333 0.266667 0.300000 0.333333 0.366667 0.400000 0.433333 0.466667 0.500000
0.533333 0.566667 0.600000 0.633333 0.666667 0.700000 0.733333 0.766667 0.800000 0.833333 0.866667 0.900000 0.933333 0.966667</float_array>
        <technique_common>
          <accessor source="#mixamorig_RightHandRing1-Matrix-animation-input-array" count="30">
            <param name="TIME" type="float"/>
          </accessor>
        </technique_common>
      </source>
      <source id="mixamorig_RightHandRing1-Matrix-animation-output-transform">
        <float_array id="mixamorig_RightHandRing1-Matrix-animation-output-transform-array" count="480">

0.988342 -0.128255 0.082047 -3.983900 0.150657 0.746024 -0.648653 24.087200 0.021984 0.653451 0.756649 -0.001400 0.000000 0.000000 0.000000 1.000000
0.988374 -0.127679 0.082557 -3.983900 0.150474 0.743541 -0.651540 24.087200 0.021803 0.656387 0.754109 -0.001400 0.000000 0.000000 0.000000 1.000000
0.988374 -0.127123 0.083402 -3.983900 0.150478 0.739455 -0.656173 24.087200 0.021743 0.661094 0.749988 -0.001400 0.000000 0.000000 0.000000 1.000000
0.988526 -0.125048 0.084733 -3.983900 0.149599 0.732843 -0.663747 24.087200 0.020904 0.668807 0.743142 -0.001400 0.000000 0.000000 0.000000 1.000000
0.989020 -0.119218 0.087325 -3.983900 0.146668 0.719565 -0.678760 24.087200 0.018085 0.684115 0.729150 -0.001400 0.000000 0.000000 0.000000 1.000000
0.989832 -0.108524 0.091954 -3.983900 0.141685 0.695047 -0.704865 24.087200 0.012583 0.710726 0.703356 -0.001400 0.000000 0.000000 0.000000 1.000000
0.990529 -0.096905 0.097267 -3.983900 0.137155 0.665793 -0.733423 24.087200 0.006312 0.739817 0.672778 -0.001400 0.000000 0.000000 0.000000 1.000000
0.990867 -0.089279 0.101053 -3.983900 0.134826 0.644244 -0.752842 24.087200 0.002110 0.759591 0.650398 -0.001400 0.000000 0.000000 0.000000 1.000000
0.990861 -0.088680 0.101639 -3.983900 0.134874 0.640953 -0.755638 24.087200 0.001864 0.762440 0.647056 -0.001400 0.000000 0.000000 0.000000 1.000000
0.990617 -0.093573 0.099605 -3.983900 0.136583 0.652766 -0.745145 24.087200 0.004706 0.751758 0.659422 -0.001400 0.000000 0.000000 0.000000 1.000000
0.990328 -0.098985 0.097227 -3.983900 0.138532 0.666281 -0.732720 24.087200 0.007748 0.739102 0.673549 -0.001400 0.000000 0.000000 0.000000 1.000000
0.989852 -0.106798 0.093744 -3.983900 0.141599 0.685640 -0.714036 24.087200 0.011982 0.720063 0.693805 -0.001400 0.000000 0.000000 0.000000 1.000000
0.989124 -0.117092 0.089014 -3.983900 0.146069 0.710990 -0.687864 24.087200 0.017255 0.693385 0.720361 -0.001400 0.000000 0.000000 0.000000 1.000000
0.988343 -0.126778 0.084299 -3.983900 0.150675 0.735157 -0.660940 24.087200 0.021819 0.665937 0.745689 -0.001400 0.000000 0.000000 0.000000 1.000000
0.987722 -0.133911 0.080459 -3.983900 0.154238 0.754045 -0.638457 24.087200 0.024827 0.643028 0.765441 -0.001400 0.000000 0.000000 0.000000 1.000000
0.987353 -0.138002 0.078034 -3.983900 0.156327 0.765590 -0.624047 24.087200 0.026378 0.628353 0.777481 -0.001400 0.000000 0.000000 0.000000 1.000000
0.987279 -0.139026 0.077149 -3.983900 0.156748 0.769717 -0.618842 24.087200 0.026653 0.623063 0.781717 -0.001400 0.000000 0.000000 0.000000 1.000000
0.987090 -0.141775 0.074521 -3.983900 0.157829 0.781765 -0.603269 24.087200 0.027270 0.607242 0.794049 -0.001400 0.000000 0.000000 0.000000 1.000000
0.987077 -0.144022 0.070261 -3.983900 0.157956 0.800582 -0.578029 24.087200 0.027000 0.581658 0.812986 -0.001400 0.000000 0.000000 0.000000 1.000000
0.986984 -0.146597 0.066124 -3.983900 0.158552 0.818207 -0.552628 24.087200 0.026910 0.555919 0.830801 -0.001400 0.000000 0.000000 0.000000 1.000000
0.986780 -0.149227 0.063219 -3.983900 0.159764 0.830200 -0.534081 24.087200 0.027215 0.537121 0.843066 -0.001400 0.000000 0.000000 0.000000 1.000000
0.986624 -0.150678 0.062210 -3.983900 0.160668 0.834310 -0.527364 24.087200 0.027560 0.530305 0.847359 -0.001400 0.000000 0.000000 0.000000 1.000000
0.986577 -0.151803 0.060188 -3.983900 0.160988 0.842346 -0.514331 24.087200 0.027377 0.517117 0.855477 -0.001400 0.000000 0.000000 0.000000 1.000000
0.986628 -0.152403 0.057784 -3.983900 0.160770 0.851663 -0.498822 24.087200 0.026809 0.501442 0.864776 -0.001400 0.000000 0.000000 0.000000 1.000000
0.986670 -0.151885 0.058415 -3.983900 0.160510 0.849234 -0.503029 24.087200 0.026794 0.505700 0.862293 -0.001400 0.000000 0.000000 0.000000 1.000000
0.986706 -0.150096 0.062305 -3.983900 0.160202 0.833915 -0.528130 24.087200 0.027314 0.531091 0.846875 -0.001400 0.000000 0.000000 0.000000 1.000000
0.986731 -0.147672 0.067492 -3.983900 0.159944 0.812546 -0.560523 24.087200 0.027934 0.563881 0.825384 -0.001400 0.000000 0.000000 0.000000 1.000000
0.986962 -0.143286 0.073311 -3.983900 0.158554 0.787233 -0.595924 24.087200 0.027675 0.599778 0.799688 -0.001400 0.000000 0.000000 0.000000 1.000000
0.987580 -0.136527 0.077759 -3.983900 0.155047 0.766739 -0.622954 24.087200 0.025429 0.627273 0.778384 -0.001400 0.000000 0.000000 0.000000 1.000000
0.988340 -0.128263 0.082047 -3.983900 0.150664 0.746022 -0.648653 24.087200 0.021989 0.653452 0.756649 -0.001400 0.000000 0.000000 0.000000 1.000000</float_array>
        <technique_common>
          <accessor source="#mixamorig_RightHandRing1-Matrix-animation-output-transform-array" count="30" stride="16">
            <param type="float4x4"/>
          </accessor>
        </technique_common>
      </source>
      <source id="mixamorig_RightHandRing1-Interpolations">
        <Name_array id="mixamorig_RightHandRing1-Interpolations-array" count="30">
 LINEAR LINEAR LINEAR LINEAR LINEAR LINEAR LINEAR LINEAR LINEAR LINEAR LINEAR
LINEAR LINEAR LINEAR LINEAR LINEAR LINEAR LINEAR LINEAR LINEAR LINEAR LINEAR LINEAR
LINEAR LINEAR LINEAR LINEAR LINEAR LINEAR LINEAR</Name_array>
        <technique_common>
          <accessor source="#mixamorig_RightHandRing1-Interpolations-array" count="30">
            <param type="name"/>
          </accessor>
        </technique_common>
      </source>
      <sampler id="mixamorig_RightHandRing1-Matrix-animation-transform">
        <input semantic="INPUT" source="#mixamorig_RightHandRing1-Matrix-animation-input"/>
        <input semantic="OUTPUT" source="#mixamorig_RightHandRing1-Matrix-animation-output-transform"/>
        <input semantic="INTERPOLATION" source="#mixamorig_RightHandRing1-Interpolations"/>
      </sampler>
      <channel source="#mixamorig_RightHandRing1-Matrix-animation-transform" target="mixamorig_RightHandRing1/matrix"/>
    </animation>
    <animation id="mixamorig_RightHandRing2-anim" name="mixamorig_RightHandRing2">
      <source id="mixamorig_RightHandRing2-Matrix-animation-input">
        <float_array id="mixamorig_RightHandRing2-Matrix-animation-input-array" count="30">

0.000000 0.033333 0.066667 0.100000 0.133333 0.166667 0.200000 0.233333 0.266667 0.300000 0.333333 0.366667 0.400000 0.433333 0.466667 0.500000
0.533333 0.566667 0.600000 0.633333 0.666667 0.700000 0.733333 0.766667 0.800000 0.833333 0.866667 0.900000 0.933333 0.966667</float_array>
        <technique_common>
          <accessor source="#mixamorig_RightHandRing2-Matrix-animation-input-array" count="30">
            <param name="TIME" type="float"/>
          </accessor>
        </technique_common>
      </source>
      <source id="mixamorig_RightHandRing2-Matrix-animation-output-transform">
        <float_array id="mixamorig_RightHandRing2-Matrix-animation-output-transform-array" count="480">

0.998899 -0.046402 0.006869 0.000000 0.045231 0.914013 -0.403156 6.857500 0.012429 0.403023 0.915105 0.000000 0.000000 0.000000 0.000000 1.000000
0.998895 -0.046489 0.006904 0.000000 0.045313 0.913627 -0.404019 6.857500 0.012475 0.403886 0.914724 -0.000000 0.000000 0.000000 0.000000 1.000000
0.998889 -0.046612 0.006952 0.000000 0.045429 0.913085 -0.405230 6.857500 0.012541 0.405095 0.914188 0.000000 0.000000 0.000000 0.000000 1.000000
0.998886 -0.046665 0.006974 -0.000000 0.045478 0.912851 -0.405752 6.857500 0.012569 0.405617 0.913957 0.000000 0.000000 0.000000 0.000000 1.000000
0.998892 -0.046559 0.006931 0.000000 0.045378 0.913321 -0.404704 6.857500 0.012512 0.404570 0.914421 0.000000 0.000000 0.000000 0.000000 1.000000
0.998893 -0.046519 0.006915 0.000000 0.045341 0.913498 -0.404308 6.857500 0.012491 0.404174 0.914597 0.000000 0.000000 0.000000 0.000000 1.000000
0.998884 -0.046713 0.006993 0.000000 0.045523 0.912638 -0.406226 6.857500 0.012594 0.406091 0.913746 -0.000000 0.000000 0.000000 0.000000 1.000000
0.998869 -0.047020 0.007116 0.000000 0.045812 0.911265 -0.409264 6.857500 0.012759 0.409127 0.912388 0.000000 0.000000 0.000000 0.000000 1.000000
0.998860 -0.047199 0.007189 -0.000000 0.045980 0.910461 -0.411031 6.857500 0.012855 0.410893 0.911593 0.000000 0.000000 0.000000 0.000000 1.000000
0.998864 -0.047119 0.007156 0.000000 0.045905 0.910820 -0.410243 6.857500 0.012812 0.410106 0.911948 0.000000 0.000000 0.000000 0.000000 1.000000
0.998878 -0.046827 0.007038 0.000000 0.045630 0.912131 -0.407351 6.857500 0.012655 0.407216 0.913244 0.000000 0.000000 0.000000 0.000000 1.000000
0.998887 -0.046647 0.006966 -0.000000 0.045461 0.912933 -0.405570 6.857500 0.012559 0.405435 0.914038 0.000000 0.000000 0.000000 0.000000 1.000000
0.998885 -0.046683 0.006981 0.000000 0.045495 0.912771 -0.405930 6.857500 0.012578 0.405795 0.913878 -0.000000 0.000000 0.000000 0.000000 1.000000
0.998882 -0.046746 0.007006 -0.000000 0.045555 0.912490 -0.406555 6.857500 0.012612 0.406419 0.913600 0.000000 0.000000 0.000000 0.000000 1.000000
0.998883 -0.046728 0.006999 0.000000 0.045538 0.912571 -0.406375 6.857500 0.012602 0.406240 0.913679 0.000000 0.000000 0.000000 0.000000 1.000000
0.998887 -0.046656 0.006970 0.000000 0.045470 0.912889 -0.405667 6.857500 0.012564 0.405532 0.913994 0.000000 0.000000 0.000000 0.000000 1.000000
0.998892 -0.046551 0.006929 -0.000000 0.045372 0.913354 -0.404631 6.857500 0.012508 0.404497 0.914454 0.000000 0.000000 0.000000 0.000000 1.000000
0.998902 -0.046354 0.006850 0.000000 0.045186 0.914225 -0.402679 6.857500 0.012403 0.402547 0.915315 0.000000 0.000000 0.000000 0.000000 1.000000
0.998901 -0.046376 0.006859 0.000000 0.045207 0.914129 -0.402895 6.857500 0.012415 0.402762 0.915221 0.000000 0.000000 0.000000 0.000000 1.000000
0.998890 -0.046597 0.006946 -0.000000 0.045414 0.913154 -0.405076 6.857500 0.012532 0.404942 0.914256 -0.000000 0.000000 0.000000 0.000000 1.000000
0.998873 -0.046932 0.007081 0.000000 0.045730 0.911658 -0.408398 6.857500 0.012712 0.408262 0.912776 -0.000000 0.000000 0.000000 0.000000 1.000000
0.998867 -0.047053 0.007129 0.000000 0.045843 0.911118 -0.409587 6.857500 0.012777 0.409450 0.912243 -0.000000 0.000000 0.000000 0.000000 1.000000
0.998852 -0.047348 0.007250 0.000000 0.046120 0.909786 -0.412508 6.857500 0.012936 0.412369 0.910925 0.000000 0.000000 0.000000 0.000000 1.000000
0.998843 -0.047523 0.007321 0.000000 0.046284 0.908991 -0.414237 6.857500 0.013031 0.414097 0.910140 -0.000000 0.000000 0.000000 0.000000 1.000000
0.998852 -0.047348 0.007249 -0.000000 0.046120 0.909790 -0.412499 6.857500 0.012936 0.412359 0.910929 -0.000000 0.000000 0.000000 0.000000 1.000000
0.998866 -0.047078 0.007140 0.000000 0.045866 0.911006 -0.409834 6.857500 0.012790 0.409696 0.912132 0.000000 0.000000 0.000000 0.000000 1.000000
0.998871 -0.046980 0.007100 0.000000 0.045774 0.911446 -0.408865 6.857500 0.012737 0.408728 0.912567 0.000000 0.000000 0.000000 0.000000 1.000000
0.998875 -0.046889 0.007063 0.000000 0.045689 0.911852 -0.407970 6.857500 0.012689 0.407833 0.912968 0.000000 0.000000 0.000000 0.000000 1.000000
0.998888 -0.046636 0.006962 0.000000 0.045451 0.912981 -0.405463 6.857500 0.012553 0.405328 0.914085 0.000000 0.000000 0.000000 0.000000 1.000000
0.998899 -0.046402 0.006869 0.000000 0.045231 0.914014 -0.403154 6.857500 0.012429 0.403021 0.915106 0.000000 0.000000 0.000000 0.000000 1.000000</float_array>
        <technique_common>
          <accessor source="#mixamorig_RightHandRing2-Matrix-animation-output-transform-array" count="30" stride="16">
            <param type="float4x4"/>
          </accessor>
        </technique_common>
      </source>
      <source id="mixamorig_RightHandRing2-Interpolations">
        <Name_array id="mixamorig_RightHandRing2-Interpolations-array" count="30">
 LINEAR LINEAR LINEAR LINEAR LINEAR LINEAR LINEAR LINEAR LINEAR LINEAR LINEAR
LINEAR LINEAR LINEAR LINEAR LINEAR LINEAR LINEAR LINEAR LINEAR LINEAR LINEAR LINEAR
LINEAR LINEAR LINEAR LINEAR LINEAR LINEAR LINEAR</Name_array>
        <technique_common>
          <accessor source="#mixamorig_RightHandRing2-Interpolations-array" count="30">
            <param type="name"/>
          </accessor>
        </technique_common>
      </source>
      <sampler id="mixamorig_RightHandRing2-Matrix-animation-transform">
        <input semantic="INPUT" source="#mixamorig_RightHandRing2-Matrix-animation-input"/>
        <input semantic="OUTPUT" source="#mixamorig_RightHandRing2-Matrix-animation-output-transform"/>
        <input semantic="INTERPOLATION" source="#mixamorig_RightHandRing2-Interpolations"/>
      </sampler>
      <channel source="#mixamorig_RightHandRing2-Matrix-animation-transform" target="mixamorig_RightHandRing2/matrix"/>
    </animation>
    <animation id="mixamorig_RightHandRing3-anim" name="mixamorig_RightHandRing3">
      <source id="mixamorig_RightHandRing3-Matrix-animation-input">
        <float_array id="mixamorig_RightHandRing3-Matrix-animation-input-array" count="30">

0.000000 0.033333 0.066667 0.100000 0.133333 0.166667 0.200000 0.233333 0.266667 0.300000 0.333333 0.366667 0.400000 0.433333 0.466667 0.500000
0.533333 0.566667 0.600000 0.633333 0.666667 0.700000 0.733333 0.766667 0.800000 0.833333 0.866667 0.900000 0.933333 0.966667</float_array>
        <technique_common>
          <accessor source="#mixamorig_RightHandRing3-Matrix-animation-input-array" count="30">
            <param name="TIME" type="float"/>
          </accessor>
        </technique_common>
      </source>
      <source id="mixamorig_RightHandRing3-Matrix-animation-output-transform">
        <float_array id="mixamorig_RightHandRing3-Matrix-animation-output-transform-array" count="480">

0.999991 -0.002611 0.003401 0.000000 0.003625 0.938396 -0.345544 6.835500 -0.002289 0.345553 0.938396 0.000000 0.000000 0.000000 0.000000 1.000000
0.999990 -0.002703 0.003425 0.000000 0.003722 0.938066 -0.346437 6.835500 -0.002277 0.346447 0.938067 0.000000 0.000000 0.000000 0.000000 1.000000
0.999990 -0.002832 0.003459 0.000000 0.003858 0.937602 -0.347689 6.835500 -0.002258 0.347699 0.937604 0.000000 0.000000 0.000000 0.000000 1.000000
0.999990 -0.002888 0.003474 0.000000 0.003917 0.937399 -0.348236 6.835500 -0.002250 0.348246 0.937400 0.000000 0.000000 0.000000 0.000000 1.000000
0.999990 -0.002776 0.003444 -0.000000 0.003799 0.937802 -0.347150 6.835500 -0.002266 0.347160 0.937803 -0.000000 0.000000 0.000000 0.000000 1.000000
0.999990 -0.002731 0.003433 0.000000 0.003752 0.937964 -0.346712 6.835500 -0.002273 0.346721 0.937965 0.000000 0.000000 0.000000 0.000000 1.000000
0.999990 -0.002929 0.003485 0.000000 0.003960 0.937252 -0.348631 6.835500 -0.002245 0.348642 0.937253 0.000000 0.000000 0.000000 0.000000 1.000000
0.999988 -0.003247 0.003569 0.000000 0.004295 0.936099 -0.351710 6.835500 -0.002199 0.351722 0.936102 0.000000 0.000000 0.000000 0.000000 1.000000
0.999988 -0.003433 0.003619 -0.000000 0.004491 0.935417 -0.353519 6.835500 -0.002171 0.353530 0.935420 0.000000 0.000000 0.000000 0.000000 1.000000
0.999988 -0.003353 0.003597 0.000000 0.004406 0.935713 -0.352734 6.835500 -0.002184 0.352745 0.935717 -0.000000 0.000000 0.000000 0.000000 1.000000
0.999989 -0.003049 0.003516 0.000000 0.004086 0.936819 -0.349789 6.835500 -0.002227 0.349800 0.936822 0.000000 0.000000 0.000000 0.000000 1.000000
0.999990 -0.002863 0.003467 0.000000 0.003891 0.937490 -0.347991 6.835500 -0.002254 0.348001 0.937491 0.000000 0.000000 0.000000 0.000000 1.000000
0.999990 -0.002905 0.003478 0.000000 0.003934 0.937341 -0.348392 6.835500 -0.002248 0.348402 0.937343 0.000000 0.000000 0.000000 0.000000 1.000000
0.999989 -0.002973 0.003496 -0.000000 0.004006 0.937095 -0.349053 6.835500 -0.002238 0.349063 0.937097 0.000000 0.000000 0.000000 0.000000 1.000000
0.999990 -0.002955 0.003491 0.000000 0.003987 0.937160 -0.348877 6.835500 -0.002241 0.348887 0.937162 -0.000000 0.000000 0.000000 0.000000 1.000000
0.999990 -0.002880 0.003471 0.000000 0.003908 0.937430 -0.348151 6.835500 -0.002251 0.348161 0.937432 -0.000000 0.000000 0.000000 0.000000 1.000000
0.999990 -0.002770 0.003442 0.000000 0.003793 0.937825 -0.347087 6.835500 -0.002267 0.347097 0.937827 0.000000 0.000000 0.000000 0.000000 1.000000
0.999991 -0.002563 0.003388 0.000000 0.003575 0.938565 -0.345084 6.835500 -0.002296 0.345093 0.938566 -0.000000 0.000000 0.000000 0.000000 1.000000
0.999991 -0.002586 0.003394 -0.000000 0.003599 0.938485 -0.345302 6.835500 -0.002293 0.345311 0.938485 -0.000000 0.000000 0.000000 0.000000 1.000000
0.999990 -0.002816 0.003455 0.000000 0.003841 0.937658 -0.347537 6.835500 -0.002261 0.347547 0.937660 -0.000000 0.000000 0.000000 0.000000 1.000000
0.999989 -0.003167 0.003548 0.000000 0.004211 0.936388 -0.350940 6.835500 -0.002211 0.350951 0.936391 0.000000 0.000000 0.000000 0.000000 1.000000
0.999988 -0.003293 0.003581 0.000000 0.004343 0.935931 -0.352157 6.835500 -0.002192 0.352169 0.935934 0.000000 0.000000 0.000000 0.000000 1.000000
0.999987 -0.003602 0.003664 0.000000 0.004669 0.934797 -0.355151 6.835500 -0.002146 0.355164 0.934802 -0.000000 0.000000 0.000000 0.000000 1.000000
0.999986 -0.003785 0.003714 0.000000 0.004862 0.934121 -0.356924 6.835500 -0.002119 0.356937 0.934126 -0.000000 0.000000 0.000000 0.000000 1.000000
0.999987 -0.003601 0.003664 0.000000 0.004667 0.934802 -0.355138 6.835500 -0.002146 0.355151 0.934807 -0.000000 0.000000 0.000000 0.000000 1.000000
0.999988 -0.003318 0.003588 0.000000 0.004370 0.935837 -0.352406 6.835500 -0.002188 0.352417 0.935841 0.000000 0.000000 0.000000 0.000000 1.000000
0.999988 -0.003216 0.003561 -0.000000 0.004262 0.936210 -0.351415 6.835500 -0.002203 0.351426 0.936213 0.000000 0.000000 0.000000 0.000000 1.000000
0.999989 -0.003122 0.003536 -0.000000 0.004163 0.936554 -0.350498 6.835500 -0.002217 0.350509 0.936557 0.000000 0.000000 0.000000 0.000000 1.000000
0.999990 -0.002856 0.003465 0.000000 0.003883 0.937515 -0.347923 6.835500 -0.002255 0.347933 0.937517 0.000000 0.000000 0.000000 0.000000 1.000000
0.999991 -0.002611 0.003401 0.000000 0.003625 0.938396 -0.345544 6.835500 -0.002289 0.345553 0.938396 0.000000 0.000000 0.000000 0.000000 1.000000</float_array>
        <technique_common>
          <accessor source="#mixamorig_RightHandRing3-Matrix-animation-output-transform-array" count="30" stride="16">
            <param type="float4x4"/>
          </accessor>
        </technique_common>
      </source>
      <source id="mixamorig_RightHandRing3-Interpolations">
        <Name_array id="mixamorig_RightHandRing3-Interpolations-array" count="30">
 LINEAR LINEAR LINEAR LINEAR LINEAR LINEAR LINEAR LINEAR LINEAR LINEAR LINEAR
LINEAR LINEAR LINEAR LINEAR LINEAR LINEAR LINEAR LINEAR LINEAR LINEAR LINEAR LINEAR
LINEAR LINEAR LINEAR LINEAR LINEAR LINEAR LINEAR</Name_array>
        <technique_common>
          <accessor source="#mixamorig_RightHandRing3-Interpolations-array" count="30">
            <param type="name"/>
          </accessor>
        </technique_common>
      </source>
      <sampler id="mixamorig_RightHandRing3-Matrix-animation-transform">
        <input semantic="INPUT" source="#mixamorig_RightHandRing3-Matrix-animation-input"/>
        <input semantic="OUTPUT" source="#mixamorig_RightHandRing3-Matrix-animation-output-transform"/>
        <input semantic="INTERPOLATION" source="#mixamorig_RightHandRing3-Interpolations"/>
      </sampler>
      <channel source="#mixamorig_RightHandRing3-Matrix-animation-transform" target="mixamorig_RightHandRing3/matrix"/>
    </animation>
    <animation id="mixamorig_RightHandPinky1-anim" name="mixamorig_RightHandPinky1">
      <source id="mixamorig_RightHandPinky1-Matrix-animation-input">
        <float_array id="mixamorig_RightHandPinky1-Matrix-animation-input-array" count="30">

0.000000 0.033333 0.066667 0.100000 0.133333 0.166667 0.200000 0.233333 0.266667 0.300000 0.333333 0.366667 0.400000 0.433333 0.466667 0.500000
0.533333 0.566667 0.600000 0.633333 0.666667 0.700000 0.733333 0.766667 0.800000 0.833333 0.866667 0.900000 0.933333 0.966667</float_array>
        <technique_common>
          <accessor source="#mixamorig_RightHandPinky1-Matrix-animation-input-array" count="30">
            <param name="TIME" type="float"/>
          </accessor>
        </technique_common>
      </source>
      <source id="mixamorig_RightHandPinky1-Matrix-animation-output-transform">
        <float_array id="mixamorig_RightHandPinky1-Matrix-animation-output-transform-array" count="480">

0.983017 -0.156459 0.095909 -8.541100 0.178429 0.692669 -0.698837 20.989401 0.042906 0.704081 0.708822 0.497700 0.000000 0.000000 0.000000 1.000000
0.983345 -0.153970 0.096572 -8.541100 0.176865 0.688303 -0.703533 20.989401 0.041852 0.708895 0.704071 0.497700 0.000000 0.000000 0.000000 1.000000
0.983847 -0.150152 0.097464 -8.541100 0.174455 0.682193 -0.710055 20.989401 0.040127 0.715589 0.697368 0.497700 0.000000 0.000000 0.000000 1.000000
0.984573 -0.144714 0.098350 -8.541100 0.170949 0.675756 -0.717029 20.989401 0.037304 0.722780 0.690070 0.497700 0.000000 0.000000 0.000000 1.000000
0.985739 -0.134958 0.100522 -8.541100 0.165304 0.664696 -0.728598 20.989401 0.031513 0.734824 0.677526 0.497700 0.000000 0.000000 0.000000 1.000000
0.987512 -0.117168 0.105317 -8.541100 0.156155 0.639396 -0.752854 20.989401 0.020871 0.759898 0.649707 0.497700 0.000000 0.000000 0.000000 1.000000
0.989078 -0.096171 0.111692 -8.541100 0.147179 0.603864 -0.783382 20.989401 0.007892 0.791265 0.611423 0.497700 0.000000 0.000000 0.000000 1.000000
0.989679 -0.084003 0.116100 -8.541100 0.143302 0.578033 -0.803332 20.989401 0.000373 0.811678 0.584105 0.497700 0.000000 0.000000 0.000000 1.000000
0.989471 -0.086045 0.116373 -8.541100 0.144713 0.576435 -0.804227 20.989401 0.002118 0.812600 0.582818 0.497700 0.000000 0.000000 0.000000 1.000000
0.988765 -0.096855 0.113852 -8.541100 0.149178 0.591294 -0.792539 20.989401 0.009442 0.800619 0.599099 0.497700 0.000000 0.000000 0.000000 1.000000
0.988118 -0.105672 0.111610 -8.541100 0.152946 0.604260 -0.781970 20.989401 0.015191 0.789749 0.613243 0.497700 0.000000 0.000000 0.000000 1.000000
0.986930 -0.119668 0.107927 -8.541100 0.159356 0.625136 -0.764075 20.989401 0.023966 0.771287 0.636036 0.497700 0.000000 0.000000 0.000000 1.000000
0.985183 -0.137122 0.103020 -8.541100 0.168056 0.651876 -0.739470 20.989401 0.034242 0.745826 0.665261 0.497700 0.000000 0.000000 0.000000 1.000000
0.983505 -0.151377 0.099012 -8.541100 0.176009 0.674701 -0.716798 20.989401 0.041703 0.722402 0.690215 0.497700 0.000000 0.000000 0.000000 1.000000
0.982346 -0.160294 0.096444 -8.541100 0.181479 0.691455 -0.699253 20.989401 0.045399 0.704411 0.708339 0.497700 0.000000 0.000000 0.000000 1.000000
0.981810 -0.164482 0.094844 -8.541100 0.184007 0.701134 -0.688878 20.989401 0.046810 0.693799 0.718646 0.497700 0.000000 0.000000 0.000000 1.000000
0.981650 -0.165717 0.094349 -8.541100 0.184761 0.704097 -0.685647 20.989401 0.047193 0.690497 0.721794 0.497700 0.000000 0.000000 0.000000 1.000000
0.980721 -0.172364 0.092067 -8.541100 0.189064 0.717848 -0.670037 20.989401 0.049400 0.674526 0.736596 0.497700 0.000000 0.000000 0.000000 1.000000
0.980414 -0.175692 0.089001 -8.541100 0.190700 0.733922 -0.651915 20.989401 0.049216 0.656119 0.753051 0.497700 0.000000 0.000000 0.000000 1.000000
0.980256 -0.177913 0.086281 -8.541100 0.191659 0.747627 -0.635862 20.989401 0.048622 0.639844 0.766965 0.497700 0.000000 0.000000 0.000000 1.000000
0.980089 -0.179685 0.084489 -8.541100 0.192578 0.756585 -0.624894 20.989401 0.048361 0.628722 0.776125 0.497700 0.000000 0.000000 0.000000 1.000000
0.979996 -0.180377 0.084092 -8.541100 0.193050 0.758897 -0.621939 20.989401 0.048366 0.625731 0.778538 0.497700 0.000000 0.000000 0.000000 1.000000
0.979722 -0.182513 0.082671 -8.541100 0.194392 0.765859 -0.612920 20.989401 0.048552 0.616562 0.785808 0.497700 0.000000 0.000000 0.000000 1.000000
0.979890 -0.182609 0.080438 -8.541100 0.193886 0.776048 -0.600132 20.989401 0.047166 0.603659 0.795846 0.497700 0.000000 0.000000 0.000000 1.000000
0.980396 -0.179757 0.080697 -8.541100 0.191591 0.774039 -0.603453 20.989401 0.046012 0.607084 0.793305 0.497700 0.000000 0.000000 0.000000 1.000000
0.980832 -0.176105 0.083396 -8.541100 0.189359 0.760548 -0.621056 20.989401 0.045944 0.624943 0.779317 0.497700 0.000000 0.000000 0.000000 1.000000
0.980930 -0.173800 0.087002 -8.541100 0.188591 0.742868 -0.642324 20.989401 0.047005 0.646483 0.761479 0.497700 0.000000 0.000000 0.000000 1.000000
0.980992 -0.171339 0.091095 -8.541100 0.187957 0.722266 -0.665586 20.989401 0.048246 0.670056 0.740741 0.497700 0.000000 0.000000 0.000000 1.000000
0.981814 -0.165136 0.093652 -8.541100 0.184073 0.707374 -0.682451 20.989401 0.046450 0.687279 0.724907 0.497700 0.000000 0.000000 0.000000 1.000000
0.983017 -0.156459 0.095909 -8.541100 0.178429 0.692669 -0.698837 20.989401 0.042906 0.704081 0.708822 0.497700 0.000000 0.000000 0.000000 1.000000</float_array>
        <technique_common>
          <accessor source="#mixamorig_RightHandPinky1-Matrix-animation-output-transform-array" count="30" stride="16">
            <param type="float4x4"/>
          </accessor>
        </technique_common>
      </source>
      <source id="mixamorig_RightHandPinky1-Interpolations">
        <Name_array id="mixamorig_RightHandPinky1-Interpolations-array" count="30">
 LINEAR LINEAR LINEAR LINEAR LINEAR LINEAR LINEAR LINEAR LINEAR LINEAR LINEAR
LINEAR LINEAR LINEAR LINEAR LINEAR LINEAR LINEAR LINEAR LINEAR LINEAR LINEAR LINEAR
LINEAR LINEAR LINEAR LINEAR LINEAR LINEAR LINEAR</Name_array>
        <technique_common>
          <accessor source="#mixamorig_RightHandPinky1-Interpolations-array" count="30">
            <param type="name"/>
          </accessor>
        </technique_common>
      </source>
      <sampler id="mixamorig_RightHandPinky1-Matrix-animation-transform">
        <input semantic="INPUT" source="#mixamorig_RightHandPinky1-Matrix-animation-input"/>
        <input semantic="OUTPUT" source="#mixamorig_RightHandPinky1-Matrix-animation-output-transform"/>
        <input semantic="INTERPOLATION" source="#mixamorig_RightHandPinky1-Interpolations"/>
      </sampler>
      <channel source="#mixamorig_RightHandPinky1-Matrix-animation-transform" target="mixamorig_RightHandPinky1/matrix"/>
    </animation>
    <animation id="mixamorig_RightHandPinky2-anim" name="mixamorig_RightHandPinky2">
      <source id="mixamorig_RightHandPinky2-Matrix-animation-input">
        <float_array id="mixamorig_RightHandPinky2-Matrix-animation-input-array" count="30">

0.000000 0.033333 0.066667 0.100000 0.133333 0.166667 0.200000 0.233333 0.266667 0.300000 0.333333 0.366667 0.400000 0.433333 0.466667 0.500000
0.533333 0.566667 0.600000 0.633333 0.666667 0.700000 0.733333 0.766667 0.800000 0.833333 0.866667 0.900000 0.933333 0.966667</float_array>
        <technique_common>
          <accessor source="#mixamorig_RightHandPinky2-Matrix-animation-input-array" count="30">
            <param name="TIME" type="float"/>
          </accessor>
        </technique_common>
      </source>
      <source id="mixamorig_RightHandPinky2-Matrix-animation-output-transform">
        <float_array id="mixamorig_RightHandPinky2-Matrix-animation-output-transform-array" count="480">

0.996756 -0.070626 0.038588 0.000100 0.075443 0.653007 -0.753585 5.939600 0.028025 0.754052 0.656217 0.000000 0.000000 0.000000 0.000000 1.000000
0.996752 -0.070664 0.038637 0.000100 0.075488 0.652530 -0.753993 5.939600 0.028068 0.754461 0.655745 0.000000 0.000000 0.000000 0.000000 1.000000
0.996760 -0.070595 0.038548 0.000100 0.075407 0.653389 -0.753257 5.939600 0.027990 0.753723 0.656596 0.000000 0.000000 0.000000 0.000000 1.000000
0.996770 -0.070508 0.038436 0.000100 0.075305 0.654468 -0.752330 5.939600 0.027890 0.752795 0.657664 0.000000 0.000000 0.000000 0.000000 1.000000
0.996796 -0.070297 0.038166 0.000100 0.075057 0.657066 -0.750088 5.939600 0.027651 0.750549 0.660236 0.000000 0.000000 0.000000 0.000000 1.000000
0.996814 -0.070147 0.037975 0.000100 0.074882 0.658901 -0.748494 5.939600 0.027483 0.748952 0.662054 0.000000 0.000000 0.000000 0.000000 1.000000
0.996818 -0.070113 0.037932 0.000100 0.074843 0.659308 -0.748139 5.939600 0.027445 0.748597 0.662457 0.000000 0.000000 0.000000 0.000000 1.000000
0.996823 -0.070065 0.037872 0.000100 0.074787 0.659888 -0.747633 5.939600 0.027392 0.748090 0.663032 0.000000 0.000000 0.000000 0.000000 1.000000
0.996826 -0.070042 0.037842 0.000100 0.074760 0.660176 -0.747381 5.939600 0.027365 0.747838 0.663317 0.000000 0.000000 0.000000 0.000000 1.000000
0.996836 -0.069955 0.037732 0.000100 0.074658 0.661226 -0.746463 5.939600 0.027269 0.746918 0.664356 0.000000 0.000000 0.000000 0.000000 1.000000
0.996834 -0.069971 0.037752 0.000100 0.074676 0.661038 -0.746627 5.939600 0.027287 0.747083 0.664171 -0.000000 0.000000 0.000000 0.000000 1.000000
0.996835 -0.069964 0.037744 0.000100 0.074669 0.661117 -0.746558 5.939600 0.027279 0.747014 0.664249 0.000000 0.000000 0.000000 0.000000 1.000000
0.996811 -0.070167 0.038000 0.000100 0.074906 0.658656 -0.748707 5.939600 0.027505 0.749166 0.661811 0.000000 0.000000 0.000000 0.000000 1.000000
0.996769 -0.070516 0.038446 0.000100 0.075314 0.654369 -0.752416 5.939600 0.027900 0.752881 0.657565 0.000000 0.000000 0.000000 0.000000 1.000000
0.996756 -0.070629 0.038591 0.000100 0.075446 0.652973 -0.753614 5.939600 0.028028 0.754081 0.656183 -0.000000 0.000000 0.000000 0.000000 1.000000
0.996749 -0.070687 0.038666 0.000100 0.075515 0.652247 -0.754236 5.939600 0.028095 0.754704 0.655464 0.000000 0.000000 0.000000 0.000000 1.000000
0.996738 -0.070773 0.038778 0.000100 0.075615 0.651183 -0.755145 5.939600 0.028192 0.755614 0.654410 0.000000 0.000000 0.000000 0.000000 1.000000
0.996742 -0.070746 0.038742 0.000100 0.075584 0.651520 -0.754857 5.939600 0.028162 0.755326 0.654744 0.000000 0.000000 0.000000 0.000000 1.000000
0.996710 -0.071009 0.039084 0.000100 0.075892 0.648231 -0.757652 5.939600 0.028464 0.758126 0.651487 0.000000 0.000000 0.000000 0.000000 1.000000
0.996674 -0.071297 0.039462 0.000100 0.076231 0.644592 -0.760716 5.939600 0.028799 0.761195 0.647884 -0.000000 0.000000 0.000000 0.000000 1.000000
0.996611 -0.071800 0.040132 0.000100 0.076823 0.638151 -0.766069 5.939600 0.029393 0.766556 0.641504 0.000000 0.000000 0.000000 0.000000 1.000000
0.996581 -0.072036 0.040450 0.000100 0.077102 0.635078 -0.768590 5.939600 0.029677 0.769082 0.638461 -0.000000 0.000000 0.000000 0.000000 1.000000
0.996546 -0.072317 0.040831 0.000100 0.077433 0.631404 -0.771578 5.939600 0.030017 0.772075 0.634823 -0.000000 0.000000 0.000000 0.000000 1.000000
0.996489 -0.072752 0.041432 0.000100 0.077949 0.625615 -0.776228 5.939600 0.030552 0.776733 0.629089 0.000000 0.000000 0.000000 0.000000 1.000000
0.996526 -0.072467 0.041038 0.000100 0.077611 0.629416 -0.773183 5.939600 0.030200 0.773682 0.632854 0.000000 0.000000 0.000000 0.000000 1.000000
0.996576 -0.072078 0.040507 0.000100 0.077151 0.634534 -0.769034 5.939600 0.029727 0.769527 0.637923 0.000000 0.000000 0.000000 0.000000 1.000000
0.996646 -0.071525 0.039765 0.000100 0.076499 0.641678 -0.763149 5.939600 0.029068 0.763631 0.644998 -0.000000 0.000000 0.000000 0.000000 1.000000
0.996660 -0.071415 0.039618 0.000100 0.076369 0.643093 -0.761971 5.939600 0.028938 0.762451 0.646398 0.000000 0.000000 0.000000 0.000000 1.000000
0.996717 -0.070950 0.039008 0.000100 0.075823 0.648967 -0.757029 5.939600 0.028397 0.757501 0.652216 0.000000 0.000000 0.000000 0.000000 1.000000
0.996756 -0.070626 0.038588 0.000100 0.075443 0.653007 -0.753585 5.939600 0.028025 0.754052 0.656217 0.000000 0.000000 0.000000 0.000000 1.000000</float_array>
        <technique_common>
          <accessor source="#mixamorig_RightHandPinky2-Matrix-animation-output-transform-array" count="30" stride="16">
            <param type="float4x4"/>
          </accessor>
        </technique_common>
      </source>
      <source id="mixamorig_RightHandPinky2-Interpolations">
        <Name_array id="mixamorig_RightHandPinky2-Interpolations-array" count="30">
 LINEAR LINEAR LINEAR LINEAR LINEAR LINEAR LINEAR LINEAR LINEAR LINEAR LINEAR
LINEAR LINEAR LINEAR LINEAR LINEAR LINEAR LINEAR LINEAR LINEAR LINEAR LINEAR LINEAR
LINEAR LINEAR LINEAR LINEAR LINEAR LINEAR LINEAR</Name_array>
        <technique_common>
          <accessor source="#mixamorig_RightHandPinky2-Interpolations-array" count="30">
            <param type="name"/>
          </accessor>
        </technique_common>
      </source>
      <sampler id="mixamorig_RightHandPinky2-Matrix-animation-transform">
        <input semantic="INPUT" source="#mixamorig_RightHandPinky2-Matrix-animation-input"/>
        <input semantic="OUTPUT" source="#mixamorig_RightHandPinky2-Matrix-animation-output-transform"/>
        <input semantic="INTERPOLATION" source="#mixamorig_RightHandPinky2-Interpolations"/>
      </sampler>
      <channel source="#mixamorig_RightHandPinky2-Matrix-animation-transform" target="mixamorig_RightHandPinky2/matrix"/>
    </animation>
    <animation id="mixamorig_RightHandPinky3-anim" name="mixamorig_RightHandPinky3">
      <source id="mixamorig_RightHandPinky3-Matrix-animation-input">
        <float_array id="mixamorig_RightHandPinky3-Matrix-animation-input-array" count="30">

0.000000 0.033333 0.066667 0.100000 0.133333 0.166667 0.200000 0.233333 0.266667 0.300000 0.333333 0.366667 0.400000 0.433333 0.466667 0.500000
0.533333 0.566667 0.600000 0.633333 0.666667 0.700000 0.733333 0.766667 0.800000 0.833333 0.866667 0.900000 0.933333 0.966667</float_array>
        <technique_common>
          <accessor source="#mixamorig_RightHandPinky3-Matrix-animation-input-array" count="30">
            <param name="TIME" type="float"/>
          </accessor>
        </technique_common>
      </source>
      <source id="mixamorig_RightHandPinky3-Matrix-animation-output-transform">
        <float_array id="mixamorig_RightHandPinky3-Matrix-animation-output-transform-array" count="480">

0.998949 -0.028472 0.035919 0.000000 0.045352 0.727429 -0.684682 3.764700 -0.006634 0.685592 0.727956 0.000000 0.000000 0.000000 0.000000 1.000000
0.998946 -0.028514 0.035966 0.000000 0.045419 0.726998 -0.685136 3.764700 -0.006611 0.686047 0.727527 0.000000 0.000000 0.000000 0.000000 1.000000
0.998951 -0.028438 0.035881 -0.000000 0.045298 0.727775 -0.684318 3.764700 -0.006653 0.685226 0.728300 -0.000000 0.000000 0.000000 0.000000 1.000000
0.998958 -0.028343 0.035775 -0.000000 0.045147 0.728750 -0.683289 3.764700 -0.006705 0.684193 0.729271 -0.000000 0.000000 0.000000 0.000000 1.000000
0.998974 -0.028112 0.035519 0.000000 0.044780 0.731105 -0.680794 3.764700 -0.006830 0.681685 0.731614 0.000000 0.000000 0.000000 0.000000 1.000000
0.998985 -0.027943 0.035333 -0.000000 0.044513 0.732808 -0.678978 3.764700 -0.006919 0.679862 0.733308 0.000000 0.000000 0.000000 0.000000 1.000000
0.998988 -0.027897 0.035282 0.000000 0.044439 0.733276 -0.678477 3.764700 -0.006945 0.679358 0.733774 0.000000 0.000000 0.000000 0.000000 1.000000
0.998992 -0.027837 0.035217 0.000000 0.044344 0.733881 -0.677829 3.764700 -0.006976 0.678708 0.734375 0.000000 0.000000 0.000000 0.000000 1.000000
0.998994 -0.027812 0.035189 -0.000000 0.044305 0.734126 -0.677566 3.764700 -0.006989 0.678443 0.734620 0.000000 0.000000 0.000000 0.000000 1.000000
0.998999 -0.027725 0.035094 0.000000 0.044167 0.735004 -0.676623 3.764700 -0.007035 0.677496 0.735493 0.000000 0.000000 0.000000 0.000000 1.000000
0.998998 -0.027746 0.035118 -0.000000 0.044202 0.734788 -0.676855 3.764700 -0.007024 0.677729 0.735278 0.000000 0.000000 0.000000 0.000000 1.000000
0.998998 -0.027745 0.035116 0.000000 0.044199 0.734803 -0.676839 3.764700 -0.007024 0.677713 0.735293 0.000000 0.000000 0.000000 0.000000 1.000000
0.998983 -0.027970 0.035362 0.000000 0.044555 0.732541 -0.679263 3.764700 -0.006905 0.680148 0.733043 0.000000 0.000000 0.000000 0.000000 1.000000
0.998957 -0.028352 0.035785 0.000000 0.045161 0.728661 -0.683384 3.764700 -0.006700 0.684288 0.729181 -0.000000 0.000000 0.000000 0.000000 1.000000
0.998949 -0.028475 0.035922 0.000000 0.045357 0.727399 -0.684715 3.764700 -0.006633 0.685624 0.727925 -0.000000 0.000000 0.000000 0.000000 1.000000
0.998944 -0.028539 0.035994 0.000000 0.045459 0.726742 -0.685405 3.764700 -0.006598 0.686318 0.727272 0.000000 0.000000 0.000000 0.000000 1.000000
0.998938 -0.028633 0.036099 0.000000 0.045608 0.725779 -0.686415 3.764700 -0.006546 0.687332 0.726314 0.000000 0.000000 0.000000 0.000000 1.000000
0.998940 -0.028603 0.036065 0.000000 0.045561 0.726084 -0.686095 3.764700 -0.006562 0.687011 0.726618 0.000000 0.000000 0.000000 0.000000 1.000000
0.998920 -0.028891 0.036389 0.000000 0.046020 0.723107 -0.689202 3.764700 -0.006402 0.690132 0.723655 0.000000 0.000000 0.000000 0.000000 1.000000
0.998898 -0.029206 0.036747 -0.000000 0.046525 0.719810 -0.692610 3.764700 -0.006223 0.693556 0.720376 -0.000000 0.000000 0.000000 0.000000 1.000000
0.998858 -0.029757 0.037382 -0.000000 0.047413 0.713966 -0.698573 3.764700 -0.005902 0.699548 0.714561 0.000000 0.000000 0.000000 0.000000 1.000000
0.998839 -0.030016 0.037684 0.000000 0.047834 0.711176 -0.701385 3.764700 -0.005747 0.702373 0.711786 0.000000 0.000000 0.000000 0.000000 1.000000
0.998816 -0.030324 0.038046 -0.000000 0.048333 0.707836 -0.704721 3.764700 -0.005560 0.705726 0.708463 0.000000 0.000000 0.000000 0.000000 1.000000
0.998779 -0.030803 0.038616 0.000000 0.049116 0.702567 -0.709921 3.764700 -0.005263 0.710951 0.703222 0.000000 0.000000 0.000000 0.000000 1.000000
0.998803 -0.030489 0.038242 0.000000 0.048603 0.706027 -0.706516 3.764700 -0.005459 0.707529 0.706664 0.000000 0.000000 0.000000 0.000000 1.000000
0.998835 -0.030062 0.037738 0.000000 0.047908 0.710681 -0.701881 3.764700 -0.005720 0.702872 0.711294 0.000000 0.000000 0.000000 0.000000 1.000000
0.998880 -0.029456 0.037034 -0.000000 0.046928 0.717167 -0.695319 3.764700 -0.006078 0.696278 0.717746 0.000000 0.000000 0.000000 0.000000 1.000000
0.998888 -0.029335 0.036895 0.000000 0.046733 0.718450 -0.694007 3.764700 -0.006149 0.694960 0.719022 -0.000000 0.000000 0.000000 0.000000 1.000000
0.998924 -0.028827 0.036317 0.000000 0.045918 0.723773 -0.688509 3.764700 -0.006438 0.689436 0.724318 -0.000000 0.000000 0.000000 0.000000 1.000000
0.998949 -0.028472 0.035919 0.000000 0.045352 0.727429 -0.684682 3.764700 -0.006634 0.685592 0.727956 0.000000 0.000000 0.000000 0.000000 1.000000</float_array>
        <technique_common>
          <accessor source="#mixamorig_RightHandPinky3-Matrix-animation-output-transform-array" count="30" stride="16">
            <param type="float4x4"/>
          </accessor>
        </technique_common>
      </source>
      <source id="mixamorig_RightHandPinky3-Interpolations">
        <Name_array id="mixamorig_RightHandPinky3-Interpolations-array" count="30">
 LINEAR LINEAR LINEAR LINEAR LINEAR LINEAR LINEAR LINEAR LINEAR LINEAR LINEAR
LINEAR LINEAR LINEAR LINEAR LINEAR LINEAR LINEAR LINEAR LINEAR LINEAR LINEAR LINEAR
LINEAR LINEAR LINEAR LINEAR LINEAR LINEAR LINEAR</Name_array>
        <technique_common>
          <accessor source="#mixamorig_RightHandPinky3-Interpolations-array" count="30">
            <param type="name"/>
          </accessor>
        </technique_common>
      </source>
      <sampler id="mixamorig_RightHandPinky3-Matrix-animation-transform">
        <input semantic="INPUT" source="#mixamorig_RightHandPinky3-Matrix-animation-input"/>
        <input semantic="OUTPUT" source="#mixamorig_RightHandPinky3-Matrix-animation-output-transform"/>
        <input semantic="INTERPOLATION" source="#mixamorig_RightHandPinky3-Interpolations"/>
      </sampler>
      <channel source="#mixamorig_RightHandPinky3-Matrix-animation-transform" target="mixamorig_RightHandPinky3/matrix"/>
    </animation>
    <animation id="mixamorig_LeftUpLeg-anim" name="mixamorig_LeftUpLeg">
      <source id="mixamorig_LeftUpLeg-Matrix-animation-input">
        <float_array id="mixamorig_LeftUpLeg-Matrix-animation-input-array" count="30">

0.000000 0.033333 0.066667 0.100000 0.133333 0.166667 0.200000 0.233333 0.266667 0.300000 0.333333 0.366667 0.400000 0.433333 0.466667 0.500000
0.533333 0.566667 0.600000 0.633333 0.666667 0.700000 0.733333 0.766667 0.800000 0.833333 0.866667 0.900000 0.933333 0.966667</float_array>
        <technique_common>
          <accessor source="#mixamorig_LeftUpLeg-Matrix-animation-input-array" count="30">
            <param name="TIME" type="float"/>
          </accessor>
        </technique_common>
      </source>
      <source id="mixamorig_LeftUpLeg-Matrix-animation-output-transform">
        <float_array id="mixamorig_LeftUpLeg-Matrix-animation-output-transform-array" count="480">

-0.998870 0.044964 -0.015381 18.524401 -0.047375 -0.916699 0.396760 -13.838500 0.003740 0.397040 0.917793 2.662000 0.000000 0.000000 0.000000 1.000000
-0.999768 -0.006246 -0.020637 18.524401 -0.004272 -0.880771 0.473523 -13.838500 -0.021134 0.473501 0.880540 2.662000 0.000000 0.000000 0.000000 1.000000
-0.999152 -0.037167 -0.017712 18.524401 0.022516 -0.853436 0.520711 -13.838500 -0.034470 0.519870 0.853550 2.662000 0.000000 0.000000 0.000000 1.000000
-0.998589 -0.053107 0.000132 18.524401 0.044485 -0.835109 0.548283 -13.838500 -0.029007 0.547516 0.836293 2.662000 0.000000 0.000000 0.000000 1.000000
-0.998372 -0.051514 0.024497 18.524401 0.056317 -0.821948 0.566771 -13.838500 -0.009062 0.567228 0.823511 2.662000 0.000000 0.000000 0.000000 1.000000
-0.998579 -0.033455 0.041490 18.524401 0.051433 -0.809003 0.585549 -13.838500 0.013976 0.586851 0.809574 2.662000 0.000000 0.000000 0.000000 1.000000
-0.998548 -0.013164 0.052239 18.524401 0.042611 -0.786307 0.616365 -13.838500 0.032962 0.617696 0.785726 2.662000 0.000000 0.000000 0.000000 1.000000
-0.998385 -0.007209 0.056355 18.524401 0.041079 -0.776813 0.628391 -13.838500 0.039247 0.629691 0.775854 2.662000 0.000000 0.000000 0.000000 1.000000
-0.997280 -0.031758 0.066513 18.524401 0.064082 -0.819446 0.569563 -13.838500 0.036416 0.572276 0.819252 2.662000 0.000000 0.000000 0.000000 1.000000
-0.994758 -0.068686 0.075758 18.524401 0.098295 -0.846547 0.523161 -13.838500 0.028198 0.527865 0.848860 2.662000 0.000000 0.000000 0.000000 1.000000
-0.992254 -0.099527 0.074333 18.524401 0.123002 -0.870860 0.475892 -13.838500 0.017370 0.481349 0.876357 2.662000 0.000000 0.000000 0.000000 1.000000
-0.986327 -0.143400 0.081212 18.524401 0.164416 -0.889874 0.425548 -13.838500 0.011245 0.433082 0.901284 2.662000 0.000000 0.000000 0.000000 1.000000
-0.980982 -0.173893 0.086223 18.524401 0.193504 -0.910887 0.364475 -13.838500 0.015160 0.374228 0.927213 2.662000 0.000000 0.000000 0.000000 1.000000
-0.978763 -0.185742 0.086731 18.524401 0.203166 -0.935309 0.289690 -13.838500 0.027312 0.301159 0.953183 2.662000 0.000000 0.000000 0.000000 1.000000
-0.979009 -0.179369 0.096787 18.524401 0.196285 -0.957640 0.210708 -13.838500 0.054892 0.225283 0.972746 2.662000 0.000000 0.000000 0.000000 1.000000
-0.979706 -0.166225 0.112009 18.524401 0.181985 -0.971876 0.149461 -13.838500 0.084015 0.166811 0.982403 2.662000 0.000000 0.000000 0.000000 1.000000
-0.981560 -0.141471 0.128554 18.524401 0.153951 -0.983699 0.092930 -13.838500 0.113311 0.111008 0.987339 2.662000 0.000000 0.000000 0.000000 1.000000
-0.984126 -0.099487 0.146963 18.524401 0.106816 -0.993356 0.042832 -13.838500 0.141726 0.057850 0.988214 2.662000 0.000000 0.000000 0.000000 1.000000
-0.984596 -0.058790 0.164667 18.524401 0.058408 -0.998267 -0.007162 -13.838500 0.164802 0.002566 0.986323 2.662000 0.000000 0.000000 0.000000 1.000000
-0.983365 -0.032175 0.178766 18.524401 0.021960 -0.998027 -0.058826 -13.838500 0.180306 -0.053922 0.982131 2.662000 0.000000 0.000000 0.000000 1.000000
-0.983854 -0.014464 0.178388 18.524401 -0.001084 -0.996229 -0.086752 -13.838500 0.178971 -0.085544 0.980128 2.662000 0.000000 0.000000 0.000000 1.000000
-0.985537 -0.004031 0.169411 18.524401 -0.016360 -0.992784 -0.118794 -13.838500 0.168667 -0.119847 0.978360 2.662000 0.000000 0.000000 0.000000 1.000000
-0.980306 0.012901 0.197064 18.524401 -0.044777 -0.986396 -0.158170 -13.838500 0.192342 -0.163879 0.967548 2.662000 0.000000 0.000000 0.000000 1.000000
-0.977729 0.044621 0.205073 18.524401 -0.077517 -0.984822 -0.155294 -13.838500 0.195031 -0.167732 0.966348 2.662000 0.000000 0.000000 0.000000 1.000000
-0.985158 0.072203 0.155726 18.524401 -0.090826 -0.989089 -0.115993 -13.838500 0.145651 -0.128415 0.980966 2.662000 0.000000 0.000000 0.000000 1.000000
-0.993257 0.092496 0.069894 18.524401 -0.093625 -0.995522 -0.013045 -13.838500 0.068374 -0.019501 0.997469 2.662000 0.000000 0.000000 0.000000 1.000000
-0.994396 0.104600 0.015335 18.524401 -0.102436 -0.989196 0.104868 -13.838500 0.026138 0.102709 0.994368 2.662000 0.000000 0.000000 0.000000 1.000000
-0.994584 0.103939 -0.000158 18.524401 -0.101565 -0.971546 0.213970 -13.838500 0.022086 0.212827 0.976840 2.662000 0.000000 0.000000 0.000000 1.000000
-0.996824 0.079216 -0.008161 18.524401 -0.077633 -0.943806 0.321252 -13.838500 0.017746 0.320865 0.946959 2.662000 0.000000 0.000000 0.000000 1.000000
-0.998870 0.044965 -0.015382 18.524401 -0.047375 -0.916699 0.396761 -13.838500 0.003740 0.397041 0.917793 2.662000 0.000000 0.000000 0.000000 1.000000</float_array>
        <technique_common>
          <accessor source="#mixamorig_LeftUpLeg-Matrix-animation-output-transform-array" count="30" stride="16">
            <param type="float4x4"/>
          </accessor>
        </technique_common>
      </source>
      <source id="mixamorig_LeftUpLeg-Interpolations">
        <Name_array id="mixamorig_LeftUpLeg-Interpolations-array" count="30">
 LINEAR LINEAR LINEAR LINEAR LINEAR LINEAR LINEAR LINEAR LINEAR LINEAR LINEAR
LINEAR LINEAR LINEAR LINEAR LINEAR LINEAR LINEAR LINEAR LINEAR LINEAR LINEAR LINEAR
LINEAR LINEAR LINEAR LINEAR LINEAR LINEAR LINEAR</Name_array>
        <technique_common>
          <accessor source="#mixamorig_LeftUpLeg-Interpolations-array" count="30">
            <param type="name"/>
          </accessor>
        </technique_common>
      </source>
      <sampler id="mixamorig_LeftUpLeg-Matrix-animation-transform">
        <input semantic="INPUT" source="#mixamorig_LeftUpLeg-Matrix-animation-input"/>
        <input semantic="OUTPUT" source="#mixamorig_LeftUpLeg-Matrix-animation-output-transform"/>
        <input semantic="INTERPOLATION" source="#mixamorig_LeftUpLeg-Interpolations"/>
      </sampler>
      <channel source="#mixamorig_LeftUpLeg-Matrix-animation-transform" target="mixamorig_LeftUpLeg/matrix"/>
    </animation>
    <animation id="mixamorig_LeftLeg-anim" name="mixamorig_LeftLeg">
      <source id="mixamorig_LeftLeg-Matrix-animation-input">
        <float_array id="mixamorig_LeftLeg-Matrix-animation-input-array" count="30">

0.000000 0.033333 0.066667 0.100000 0.133333 0.166667 0.200000 0.233333 0.266667 0.300000 0.333333 0.366667 0.400000 0.433333 0.466667 0.500000
0.533333 0.566667 0.600000 0.633333 0.666667 0.700000 0.733333 0.766667 0.800000 0.833333 0.866667 0.900000 0.933333 0.966667</float_array>
        <technique_common>
          <accessor source="#mixamorig_LeftLeg-Matrix-animation-input-array" count="30">
            <param name="TIME" type="float"/>
          </accessor>
        </technique_common>
      </source>
      <source id="mixamorig_LeftLeg-Matrix-animation-output-transform">
        <float_array id="mixamorig_LeftLeg-Matrix-animation-output-transform-array" count="480">

0.990991 -0.125188 -0.047583 0.000000 0.092633 0.384128 0.918621 85.245598 -0.096722 -0.914753 0.392264 0.000000 0.000000 0.000000 0.000000 1.000000
0.989633 -0.119615 -0.079491 -0.000000 0.128219 0.486479 0.864233 85.245598 -0.064704 -0.865465 0.496773 0.000000 0.000000 0.000000 0.000000 1.000000
0.989659 -0.107113 -0.095408 0.000000 0.141680 0.625953 0.766883 85.245598 -0.022422 -0.772470 0.634656 0.000000 0.000000 0.000000 0.000000 1.000000
0.990962 -0.092665 -0.096994 0.000000 0.133104 0.769108 0.625105 85.245598 0.016674 -0.632365 0.774491 -0.000000 0.000000 0.000000 0.000000 1.000000
0.993222 -0.077743 -0.086405 -0.000000 0.109616 0.873725 0.473907 85.245598 0.038651 -0.480167 0.876325 -0.000000 0.000000 0.000000 0.000000 1.000000
0.995402 -0.061119 -0.073753 -0.000000 0.084364 0.924046 0.372857 85.245598 0.045362 -0.377365 0.924953 0.000000 0.000000 0.000000 0.000000 1.000000
0.996593 -0.047477 -0.067448 -0.000000 0.069499 0.923734 0.376677 85.245598 0.044420 -0.380081 0.923886 0.000000 0.000000 0.000000 0.000000 1.000000
0.996884 -0.037558 -0.069372 0.000000 0.062898 0.909181 0.411623 85.245598 0.047612 -0.414704 0.908710 0.000000 0.000000 0.000000 0.000000 1.000000
0.996934 -0.030713 -0.071961 0.000000 0.054691 0.931264 0.360217 85.245598 0.055951 -0.363048 0.930089 0.000000 0.000000 0.000000 0.000000 1.000000
0.996569 -0.026379 -0.078452 0.000000 0.054296 0.923756 0.379113 85.245598 0.062470 -0.382072 0.922019 -0.000000 0.000000 0.000000 0.000000 1.000000
0.996243 -0.022326 -0.083674 -0.000000 0.053476 0.918576 0.391610 85.245598 0.068118 -0.394613 0.916319 -0.000000 0.000000 0.000000 0.000000 1.000000
0.996239 -0.018795 -0.084588 0.000000 0.053517 0.901216 0.430053 85.245598 0.068149 -0.432962 0.898832 0.000000 0.000000 0.000000 0.000000 1.000000
0.996928 -0.015026 -0.076873 -0.000000 0.047366 0.897300 0.438873 85.245598 0.062384 -0.441166 0.895255 0.000000 0.000000 0.000000 0.000000 1.000000
0.998170 -0.011211 -0.059427 -0.000000 0.034822 0.909967 0.413217 85.245598 0.049444 -0.414530 0.908692 0.000000 0.000000 0.000000 0.000000 1.000000
0.999614 -0.008337 -0.026497 0.000000 0.017774 0.925031 0.379476 85.245598 0.021347 -0.379800 0.924822 0.000000 0.000000 0.000000 0.000000 1.000000
0.999825 -0.006708 0.017480 0.000000 -0.000099 0.931716 0.363189 85.245598 -0.018723 -0.363127 0.931552 -0.000000 0.000000 0.000000 0.000000 1.000000
0.997348 -0.006269 0.072505 0.000000 -0.019582 0.936422 0.350329 85.245598 -0.070092 -0.350820 0.933816 -0.000000 0.000000 0.000000 0.000000 1.000000
0.992620 -0.006552 0.121092 0.000000 -0.036423 0.936327 0.349236 85.245598 -0.115670 -0.351069 0.929178 0.000000 0.000000 0.000000 0.000000 1.000000
0.992449 -0.004385 0.122580 0.000000 -0.040174 0.932615 0.358629 85.245598 -0.115892 -0.360845 0.925397 0.000000 0.000000 0.000000 0.000000 1.000000
0.992464 -0.008881 0.122217 0.000000 -0.039016 0.922563 0.383869 85.245598 -0.116162 -0.385745 0.915264 -0.000000 0.000000 0.000000 0.000000 1.000000
0.992312 -0.029234 0.120256 0.000000 -0.027669 0.894698 0.445814 85.245598 -0.120626 -0.445714 0.887011 0.000000 0.000000 0.000000 0.000000 1.000000
0.991869 -0.065260 0.109253 0.000000 0.003240 0.871174 0.490963 85.245598 -0.127219 -0.486617 0.864303 0.000000 0.000000 0.000000 0.000000 1.000000
0.988216 -0.105388 0.111007 0.000000 0.035975 0.864823 0.500786 85.245598 -0.148778 -0.490892 0.858423 -0.000000 0.000000 0.000000 0.000000 1.000000
0.984182 -0.131955 0.118208 0.000000 0.048411 0.842166 0.537041 85.245598 -0.170416 -0.522824 0.835233 -0.000000 0.000000 0.000000 0.000000 1.000000
0.983478 -0.140503 0.114152 0.000000 0.034015 0.762763 0.645783 85.245598 -0.177806 -0.631231 0.754939 0.000000 0.000000 0.000000 0.000000 1.000000
0.988556 -0.136703 0.063793 0.000000 0.031375 0.599937 0.799432 85.245598 -0.147557 -0.788282 0.597360 0.000000 0.000000 0.000000 0.000000 1.000000
0.991570 -0.127019 -0.025595 0.000000 0.079997 0.444736 0.892082 85.245598 -0.101929 -0.886609 0.451148 0.000000 0.000000 0.000000 0.000000 1.000000
0.988647 -0.119398 -0.091226 0.000000 0.129141 0.364803 0.922085 85.245598 -0.076815 -0.923397 0.376081 -0.000000 0.000000 0.000000 0.000000 1.000000
0.990221 -0.124684 -0.062575 -0.000000 0.101845 0.339564 0.935053 85.245598 -0.095338 -0.932282 0.348942 0.000000 0.000000 0.000000 0.000000 1.000000
0.990991 -0.125188 -0.047583 0.000000 0.092633 0.384127 0.918621 85.245598 -0.096722 -0.914754 0.392263 0.000000 0.000000 0.000000 0.000000 1.000000</float_array>
        <technique_common>
          <accessor source="#mixamorig_LeftLeg-Matrix-animation-output-transform-array" count="30" stride="16">
            <param type="float4x4"/>
          </accessor>
        </technique_common>
      </source>
      <source id="mixamorig_LeftLeg-Interpolations">
        <Name_array id="mixamorig_LeftLeg-Interpolations-array" count="30">
 LINEAR LINEAR LINEAR LINEAR LINEAR LINEAR LINEAR LINEAR LINEAR LINEAR LINEAR
LINEAR LINEAR LINEAR LINEAR LINEAR LINEAR LINEAR LINEAR LINEAR LINEAR LINEAR LINEAR
LINEAR LINEAR LINEAR LINEAR LINEAR LINEAR LINEAR</Name_array>
        <technique_common>
          <accessor source="#mixamorig_LeftLeg-Interpolations-array" count="30">
            <param type="name"/>
          </accessor>
        </technique_common>
      </source>
      <sampler id="mixamorig_LeftLeg-Matrix-animation-transform">
        <input semantic="INPUT" source="#mixamorig_LeftLeg-Matrix-animation-input"/>
        <input semantic="OUTPUT" source="#mixamorig_LeftLeg-Matrix-animation-output-transform"/>
        <input semantic="INTERPOLATION" source="#mixamorig_LeftLeg-Interpolations"/>
      </sampler>
      <channel source="#mixamorig_LeftLeg-Matrix-animation-transform" target="mixamorig_LeftLeg/matrix"/>
    </animation>
    <animation id="mixamorig_LeftFoot-anim" name="mixamorig_LeftFoot">
      <source id="mixamorig_LeftFoot-Matrix-animation-input">
        <float_array id="mixamorig_LeftFoot-Matrix-animation-input-array" count="30">

0.000000 0.033333 0.066667 0.100000 0.133333 0.166667 0.200000 0.233333 0.266667 0.300000 0.333333 0.366667 0.400000 0.433333 0.466667 0.500000
0.533333 0.566667 0.600000 0.633333 0.666667 0.700000 0.733333 0.766667 0.800000 0.833333 0.866667 0.900000 0.933333 0.966667</float_array>
        <technique_common>
          <accessor source="#mixamorig_LeftFoot-Matrix-animation-input-array" count="30">
            <param name="TIME" type="float"/>
          </accessor>
        </technique_common>
      </source>
      <source id="mixamorig_LeftFoot-Matrix-animation-output-transform">
        <float_array id="mixamorig_LeftFoot-Matrix-animation-output-transform-array" count="480">

0.997533 -0.065569 -0.025073 0.000000 0.024108 0.655426 -0.754874 85.571098 0.065930 0.752407 0.655390 -0.000000 0.000000 0.000000 0.000000 1.000000
0.997219 -0.048200 -0.056834 0.000000 -0.015431 0.612566 -0.790269 85.571098 0.072905 0.788949 0.610119 0.000000 0.000000 0.000000 0.000000 1.000000
0.996951 -0.048141 -0.061402 -0.000000 -0.020843 0.594041 -0.804164 85.571098 0.075188 0.802993 0.591227 -0.000000 0.000000 0.000000 0.000000 1.000000
0.997278 -0.057923 -0.045619 0.000000 -0.002910 0.587326 -0.809346 85.571098 0.073673 0.807275 0.585559 0.000000 0.000000 0.000000 0.000000 1.000000
0.997510 -0.063390 -0.030917 0.000000 0.011105 0.574070 -0.818731 85.571098 0.069648 0.816348 0.573345 0.000000 0.000000 0.000000 0.000000 1.000000
0.997673 -0.063856 -0.023911 -0.000000 0.013783 0.532298 -0.846445 85.571098 0.066779 0.844145 0.531940 0.000000 0.000000 0.000000 0.000000 1.000000
0.997956 -0.053356 -0.035172 0.000000 -0.006808 0.458479 -0.888679 85.571098 0.063542 0.887102 0.457178 0.000000 0.000000 0.000000 0.000000 1.000000
0.997425 -0.030386 -0.064955 0.000000 -0.044784 0.443497 -0.895157 85.571098 0.056008 0.895761 0.440994 0.000000 0.000000 0.000000 0.000000 1.000000
0.997916 -0.027277 -0.058471 0.000000 -0.033499 0.555466 -0.830864 85.571098 0.055142 0.831092 0.553395 0.000000 0.000000 0.000000 0.000000 1.000000
0.995732 -0.089800 0.021299 -0.000000 0.074250 0.642390 -0.762773 85.571098 0.054815 0.761099 0.646316 0.000000 0.000000 0.000000 0.000000 1.000000
0.996393 -0.083992 0.012103 0.000000 0.068760 0.715517 -0.695203 85.571098 0.049732 0.693528 0.718711 0.000000 0.000000 0.000000 0.000000 1.000000
0.992702 -0.110792 0.047631 0.000000 0.108370 0.646250 -0.755392 85.571098 0.052910 0.755040 0.653540 0.000000 0.000000 0.000000 0.000000 1.000000
0.991847 -0.114307 0.056342 0.000000 0.113562 0.592155 -0.797782 85.571098 0.057829 0.797675 0.600308 0.000000 0.000000 0.000000 0.000000 1.000000
0.991423 -0.115591 0.060978 -0.000000 0.115265 0.553502 -0.824833 85.571098 0.061592 0.824787 0.562079 0.000000 0.000000 0.000000 0.000000 1.000000
0.990944 -0.117890 0.064280 -0.000000 0.117335 0.527487 -0.841421 85.571098 0.065288 0.841344 0.536543 0.000000 0.000000 0.000000 0.000000 1.000000
0.990381 -0.119956 0.068963 -0.000000 0.119994 0.496430 -0.859743 85.571098 0.068896 0.859749 0.506049 -0.000000 0.000000 0.000000 0.000000 1.000000
0.989862 -0.121327 0.073846 0.000000 0.122335 0.464127 -0.877280 85.571098 0.072164 0.877420 0.474264 0.000000 0.000000 0.000000 0.000000 1.000000
0.990879 -0.095488 0.095079 0.000000 0.127340 0.432776 -0.892462 85.571098 0.044071 0.896430 0.440989 -0.000000 0.000000 0.000000 0.000000 1.000000
0.990491 -0.033596 0.133416 0.000000 0.135622 0.401460 -0.905779 85.571098 -0.023130 0.915260 0.402199 0.000000 0.000000 0.000000 0.000000 1.000000
0.987499 0.015031 0.156908 -0.000000 0.140347 0.369300 -0.918651 85.571098 -0.071755 0.929189 0.362574 0.000000 0.000000 0.000000 0.000000 1.000000
0.986141 0.044620 0.159796 0.000000 0.137319 0.321013 -0.937067 85.571098 -0.093109 0.946023 0.310437 0.000000 0.000000 0.000000 0.000000 1.000000
0.986301 0.058201 0.154347 0.000000 0.125288 0.344332 -0.930451 85.571098 -0.107300 0.937042 0.332323 0.000000 0.000000 0.000000 0.000000 1.000000
0.982672 0.073992 0.169945 0.000000 0.118696 0.453009 -0.883569 85.571098 -0.142363 0.888430 0.436377 0.000000 0.000000 0.000000 0.000000 1.000000
0.988186 0.113554 0.102923 0.000000 0.005359 0.645557 -0.763693 85.571098 -0.153163 0.755223 0.637322 0.000000 0.000000 0.000000 0.000000 1.000000
0.995186 0.092420 0.032620 0.000000 -0.049094 0.758149 -0.650231 85.571098 -0.084825 0.645499 0.759036 0.000000 0.000000 0.000000 0.000000 1.000000
0.986553 0.137486 -0.088382 0.000000 -0.163442 0.832131 -0.529948 85.571098 0.000685 0.537267 0.843412 0.000000 0.000000 0.000000 0.000000 1.000000
0.976240 0.152824 -0.153626 -0.000000 -0.210423 0.837889 -0.503650 85.571098 0.051752 0.524010 0.850138 -0.000000 0.000000 0.000000 0.000000 1.000000
0.994398 0.056196 -0.089520 0.000000 -0.098390 0.801581 -0.589735 85.571098 0.038617 0.595240 0.802620 0.000000 0.000000 0.000000 0.000000 1.000000
0.995420 -0.065389 -0.069743 -0.000000 -0.000999 0.722355 -0.691522 85.571098 0.095597 0.688424 0.718981 0.000000 0.000000 0.000000 0.000000 1.000000
0.997533 -0.065569 -0.025073 0.000000 0.024108 0.655427 -0.754874 85.571098 0.065930 0.752407 0.655391 -0.000000 0.000000 0.000000 0.000000 1.000000</float_array>
        <technique_common>
          <accessor source="#mixamorig_LeftFoot-Matrix-animation-output-transform-array" count="30" stride="16">
            <param type="float4x4"/>
          </accessor>
        </technique_common>
      </source>
      <source id="mixamorig_LeftFoot-Interpolations">
        <Name_array id="mixamorig_LeftFoot-Interpolations-array" count="30">
 LINEAR LINEAR LINEAR LINEAR LINEAR LINEAR LINEAR LINEAR LINEAR LINEAR LINEAR
LINEAR LINEAR LINEAR LINEAR LINEAR LINEAR LINEAR LINEAR LINEAR LINEAR LINEAR LINEAR
LINEAR LINEAR LINEAR LINEAR LINEAR LINEAR LINEAR</Name_array>
        <technique_common>
          <accessor source="#mixamorig_LeftFoot-Interpolations-array" count="30">
            <param type="name"/>
          </accessor>
        </technique_common>
      </source>
      <sampler id="mixamorig_LeftFoot-Matrix-animation-transform">
        <input semantic="INPUT" source="#mixamorig_LeftFoot-Matrix-animation-input"/>
        <input semantic="OUTPUT" source="#mixamorig_LeftFoot-Matrix-animation-output-transform"/>
        <input semantic="INTERPOLATION" source="#mixamorig_LeftFoot-Interpolations"/>
      </sampler>
      <channel source="#mixamorig_LeftFoot-Matrix-animation-transform" target="mixamorig_LeftFoot/matrix"/>
    </animation>
    <animation id="mixamorig_LeftToeBase-anim" name="mixamorig_LeftToeBase">
      <source id="mixamorig_LeftToeBase-Matrix-animation-input">
        <float_array id="mixamorig_LeftToeBase-Matrix-animation-input-array" count="30">

0.000000 0.033333 0.066667 0.100000 0.133333 0.166667 0.200000 0.233333 0.266667 0.300000 0.333333 0.366667 0.400000 0.433333 0.466667 0.500000
0.533333 0.566667 0.600000 0.633333 0.666667 0.700000 0.733333 0.766667 0.800000 0.833333 0.866667 0.900000 0.933333 0.966667</float_array>
        <technique_common>
          <accessor source="#mixamorig_LeftToeBase-Matrix-animation-input-array" count="30">
            <param name="TIME" type="float"/>
          </accessor>
        </technique_common>
      </source>
      <source id="mixamorig_LeftToeBase-Matrix-animation-output-transform">
        <float_array id="mixamorig_LeftToeBase-Matrix-animation-output-transform-array" count="480">

0.995374 0.077153 -0.057263 0.000000 -0.095336 0.719021 -0.688418 32.481201 -0.011940 0.690693 0.723050 0.000000 0.000000 0.000000 0.000000 1.000000
0.995360 0.077925 -0.056443 0.000000 -0.095497 0.728303 -0.678568 32.481201 -0.011769 0.680810 0.732366 0.000000 0.000000 0.000000 0.000000 1.000000
0.995349 0.078569 -0.055743 0.000000 -0.095630 0.736043 -0.670145 32.481201 -0.011623 0.672359 0.740134 0.000000 0.000000 0.000000 0.000000 1.000000
0.995351 0.078472 -0.055849 0.000000 -0.095610 0.734886 -0.671418 32.481201 -0.011645 0.673636 0.738972 -0.000000 0.000000 0.000000 0.000000 1.000000
0.995378 0.076893 -0.057533 0.000000 -0.095282 0.715905 -0.691666 32.481201 -0.011997 0.693951 0.719922 0.000000 0.000000 0.000000 0.000000 1.000000
0.995425 0.074196 -0.060206 0.000000 -0.094722 0.683471 -0.723806 32.481201 -0.012554 0.726197 0.687372 0.000000 0.000000 0.000000 0.000000 1.000000
0.995471 0.071493 -0.062654 0.000000 -0.094160 0.650976 -0.753236 32.481201 -0.013064 0.755724 0.654760 0.000000 0.000000 0.000000 0.000000 1.000000
0.995524 0.068476 -0.065145 0.000000 -0.093533 0.614714 -0.783185 32.481201 -0.013584 0.785772 0.618367 0.000000 0.000000 0.000000 0.000000 1.000000
0.995575 0.065506 -0.067377 0.000000 -0.092916 0.579011 -0.810008 32.481201 -0.014049 0.812684 0.582535 0.000000 0.000000 0.000000 0.000000 1.000000
0.995590 0.064644 -0.067986 0.000000 -0.092736 0.568647 -0.817337 32.481201 -0.014176 0.820038 0.572134 -0.000000 0.000000 0.000000 0.000000 1.000000
0.995554 0.066742 -0.066473 0.000000 -0.093172 0.593869 -0.799148 32.481201 -0.013861 0.801788 0.597447 -0.000000 0.000000 0.000000 0.000000 1.000000
0.995378 0.076869 -0.057558 -0.000000 -0.095277 0.715611 -0.691971 32.481201 -0.012002 0.694257 0.719627 -0.000000 0.000000 0.000000 0.000000 1.000000
0.995376 0.077019 -0.057402 0.000000 -0.095308 0.717412 -0.690099 32.481201 -0.011969 0.692378 0.721435 0.000000 0.000000 0.000000 0.000000 1.000000
0.995387 0.076397 -0.058043 0.000000 -0.095179 0.709939 -0.697802 32.481201 -0.012103 0.700107 0.713935 -0.000000 0.000000 0.000000 0.000000 1.000000
0.995404 0.075412 -0.059031 -0.000000 -0.094974 0.698098 -0.709675 32.481201 -0.012309 0.712020 0.702052 0.000000 0.000000 0.000000 0.000000 1.000000
0.995414 0.074795 -0.059633 0.000000 -0.094846 0.690681 -0.716913 32.481201 -0.012434 0.719281 0.694608 0.000000 0.000000 0.000000 0.000000 1.000000
0.995429 0.073970 -0.060419 -0.000000 -0.094675 0.680763 -0.726359 32.481201 -0.012598 0.728759 0.684654 -0.000000 0.000000 0.000000 0.000000 1.000000
0.995450 0.072721 -0.061568 0.000000 -0.094415 0.665744 -0.740183 32.481201 -0.012838 0.742628 0.669581 0.000000 0.000000 0.000000 0.000000 1.000000
0.995483 0.070803 -0.063245 0.000000 -0.094016 0.642687 -0.760338 32.481201 -0.013188 0.762850 0.646441 -0.000000 0.000000 0.000000 0.000000 1.000000
0.995537 0.067689 -0.065757 0.000000 -0.093369 0.605251 -0.790540 32.481201 -0.013711 0.793151 0.608870 0.000000 0.000000 0.000000 0.000000 1.000000
0.995605 0.063759 -0.068595 -0.000000 -0.092552 0.558003 -0.824662 32.481201 -0.014303 0.827386 0.561452 0.000000 0.000000 0.000000 0.000000 1.000000
0.995722 0.056994 -0.072728 0.000000 -0.091146 0.476672 -0.874343 32.481201 -0.015165 0.877232 0.479828 -0.000000 0.000000 0.000000 0.000000 1.000000
0.996343 0.048520 -0.070337 0.000000 -0.083307 0.368458 -0.925904 32.481201 -0.019008 0.928378 0.371152 0.000000 0.000000 0.000000 0.000000 1.000000
0.998322 0.057906 0.000201 0.000000 -0.006894 0.122306 -0.992469 32.481201 -0.057495 0.990802 0.122500 0.000000 0.000000 0.000000 0.000000 1.000000
0.996188 0.082373 0.028724 0.000000 0.017258 0.136666 -0.990467 32.481201 -0.085514 0.987186 0.134724 0.000000 0.000000 0.000000 0.000000 1.000000
0.996825 0.078356 0.014126 0.000000 -0.040527 0.652065 -0.757079 32.481201 -0.068533 0.754103 0.653171 0.000000 0.000000 0.000000 0.000000 1.000000
0.995354 0.078298 -0.056039 0.000000 -0.095574 0.732793 -0.673706 32.481201 -0.011685 0.675932 0.736872 0.000000 0.000000 0.000000 0.000000 1.000000
0.995386 0.076419 -0.058021 0.000000 -0.095184 0.710199 -0.697536 32.481201 -0.012098 0.699841 0.714197 0.000000 0.000000 0.000000 0.000000 1.000000
0.995377 0.076935 -0.057489 -0.000000 -0.095291 0.716410 -0.691141 32.481201 -0.011987 0.693424 0.720430 0.000000 0.000000 0.000000 0.000000 1.000000
0.995374 0.077153 -0.057263 -0.000000 -0.095336 0.719021 -0.688418 32.481201 -0.011940 0.690693 0.723050 0.000000 0.000000 0.000000 0.000000 1.000000</float_array>
        <technique_common>
          <accessor source="#mixamorig_LeftToeBase-Matrix-animation-output-transform-array" count="30" stride="16">
            <param type="float4x4"/>
          </accessor>
        </technique_common>
      </source>
      <source id="mixamorig_LeftToeBase-Interpolations">
        <Name_array id="mixamorig_LeftToeBase-Interpolations-array" count="30">
 LINEAR LINEAR LINEAR LINEAR LINEAR LINEAR LINEAR LINEAR LINEAR LINEAR LINEAR
LINEAR LINEAR LINEAR LINEAR LINEAR LINEAR LINEAR LINEAR LINEAR LINEAR LINEAR LINEAR
LINEAR LINEAR LINEAR LINEAR LINEAR LINEAR LINEAR</Name_array>
        <technique_common>
          <accessor source="#mixamorig_LeftToeBase-Interpolations-array" count="30">
            <param type="name"/>
          </accessor>
        </technique_common>
      </source>
      <sampler id="mixamorig_LeftToeBase-Matrix-animation-transform">
        <input semantic="INPUT" source="#mixamorig_LeftToeBase-Matrix-animation-input"/>
        <input semantic="OUTPUT" source="#mixamorig_LeftToeBase-Matrix-animation-output-transform"/>
        <input semantic="INTERPOLATION" source="#mixamorig_LeftToeBase-Interpolations"/>
      </sampler>
      <channel source="#mixamorig_LeftToeBase-Matrix-animation-transform" target="mixamorig_LeftToeBase/matrix"/>
    </animation>
    <animation id="mixamorig_RightUpLeg-anim" name="mixamorig_RightUpLeg">
      <source id="mixamorig_RightUpLeg-Matrix-animation-input">
        <float_array id="mixamorig_RightUpLeg-Matrix-animation-input-array" count="30">

0.000000 0.033333 0.066667 0.100000 0.133333 0.166667 0.200000 0.233333 0.266667 0.300000 0.333333 0.366667 0.400000 0.433333 0.466667 0.500000
0.533333 0.566667 0.600000 0.633333 0.666667 0.700000 0.733333 0.766667 0.800000 0.833333 0.866667 0.900000 0.933333 0.966667</float_array>
        <technique_common>
          <accessor source="#mixamorig_RightUpLeg-Matrix-animation-input-array" count="30">
            <param name="TIME" type="float"/>
          </accessor>
        </technique_common>
      </source>
      <source id="mixamorig_RightUpLeg-Matrix-animation-output-transform">
        <float_array id="mixamorig_RightUpLeg-Matrix-animation-output-transform-array" count="480">

-0.960691 0.167701 -0.221245 -18.440300 -0.200659 -0.970187 0.135914 -14.411700 -0.191856 0.174966 0.965701 0.160300 0.000000 0.000000 0.000000 1.000000
-0.962234 0.155232 -0.223629 -18.440300 -0.178802 -0.979833 0.089204 -14.411700 -0.205271 0.125821 0.970584 0.160300 0.000000 0.000000 0.000000 1.000000
-0.965332 0.131076 -0.225726 -18.440300 -0.146770 -0.987688 0.054134 -14.411700 -0.215851 0.085387 0.972686 0.160300 0.000000 0.000000 0.000000 1.000000
-0.967460 0.097521 -0.233478 -18.440300 -0.104791 -0.994314 0.018911 -14.411700 -0.230306 0.042762 0.972178 0.160300 0.000000 0.000000 0.000000 1.000000
-0.965733 0.067982 -0.250478 -18.440300 -0.060590 -0.997473 -0.037115 -14.411700 -0.252368 -0.020666 0.967411 0.160300 0.000000 0.000000 0.000000 1.000000
-0.960973 0.050236 -0.272044 -18.440300 -0.021529 -0.993972 -0.107499 -14.411700 -0.275804 -0.097446 0.956262 0.160300 0.000000 0.000000 0.000000 1.000000
-0.957606 0.035790 -0.285848 -18.440300 0.013678 -0.985485 -0.169213 -14.411700 -0.287755 -0.165949 0.943217 0.160300 0.000000 0.000000 0.000000 1.000000
-0.958293 0.025351 -0.284660 -18.440300 0.036381 -0.977133 -0.209495 -14.411700 -0.283462 -0.211114 0.935457 0.160300 0.000000 0.000000 0.000000 1.000000
-0.961776 0.009673 -0.273665 -18.440300 0.057209 -0.970226 -0.235349 -14.411700 -0.267793 -0.242009 0.932587 0.160300 0.000000 0.000000 0.000000 1.000000
-0.968347 -0.029503 -0.247858 -18.440300 0.082244 -0.975252 -0.205230 -14.411700 -0.235669 -0.219119 0.946809 0.160300 0.000000 0.000000 0.000000 1.000000
-0.977628 -0.080011 -0.194531 -18.440300 0.105467 -0.986633 -0.124223 -14.411700 -0.181992 -0.141960 0.972999 0.160300 0.000000 0.000000 0.000000 1.000000
-0.981236 -0.131070 -0.141408 -18.440300 0.133979 -0.990921 -0.011211 -14.411700 -0.138655 -0.029946 0.989888 0.160300 0.000000 0.000000 0.000000 1.000000
-0.979386 -0.167731 -0.112554 -18.440300 0.153323 -0.980061 0.126379 -14.411700 -0.131507 0.106517 0.985576 0.160300 0.000000 0.000000 0.000000 1.000000
-0.981165 -0.171879 -0.088164 -18.440300 0.143767 -0.954571 0.261009 -14.411700 -0.129020 0.243418 0.961302 0.160300 0.000000 0.000000 0.000000 1.000000
-0.987485 -0.145055 -0.061899 -18.440300 0.112654 -0.923443 0.366827 -14.411700 -0.110370 0.355263 0.928228 0.160300 0.000000 0.000000 0.000000 1.000000
-0.992755 -0.112851 -0.041257 -18.440300 0.082469 -0.889672 0.449091 -14.411700 -0.087386 0.442435 0.892533 0.160300 0.000000 0.000000 0.000000 1.000000
-0.995726 -0.081745 -0.042989 -18.440300 0.048068 -0.856106 0.514560 -14.411700 -0.078866 0.510294 0.856376 0.160300 0.000000 0.000000 0.000000 1.000000
-0.996094 -0.052432 -0.071052 -18.440300 0.002734 -0.822561 0.568670 -14.411700 -0.088260 0.566254 0.819491 0.160300 0.000000 0.000000 0.000000 1.000000
-0.990907 -0.040771 -0.128219 -18.440300 -0.044184 -0.801520 0.596333 -14.411700 -0.127083 0.596576 0.792431 0.160300 0.000000 0.000000 0.000000 1.000000
-0.982297 -0.042357 -0.182477 -18.440300 -0.076197 -0.799535 0.595766 -14.411700 -0.171132 0.599124 0.782154 0.160300 0.000000 0.000000 0.000000 1.000000
-0.976862 -0.059811 -0.205337 -18.440300 -0.083592 -0.776948 0.623990 -14.411700 -0.196858 0.626717 0.753971 0.160300 0.000000 0.000000 0.000000 1.000000
-0.975335 -0.063097 -0.211519 -18.440300 -0.084878 -0.777382 0.623276 -14.411700 -0.203759 0.625856 0.752852 0.160300 0.000000 0.000000 0.000000 1.000000
-0.977338 -0.036483 -0.208519 -18.440300 -0.095307 -0.803719 0.587327 -14.411700 -0.189018 0.593890 0.782028 0.160300 0.000000 0.000000 0.000000 1.000000
-0.977800 -0.000854 -0.209538 -18.440300 -0.116757 -0.828147 0.548216 -14.411700 -0.173997 0.560510 0.809663 0.160300 0.000000 0.000000 0.000000 1.000000
-0.975401 0.040292 -0.216725 -18.440300 -0.144508 -0.859307 0.490620 -14.411700 -0.166466 0.509870 0.843992 0.160300 0.000000 0.000000 0.000000 1.000000
-0.975767 0.072085 -0.206598 -18.440300 -0.161751 -0.873492 0.459182 -14.411700 -0.147362 0.481472 0.863984 0.160300 0.000000 0.000000 0.000000 1.000000
-0.973647 0.108165 -0.200779 -18.440300 -0.183858 -0.893172 0.410415 -14.411700 -0.134937 0.436514 0.889521 0.160300 0.000000 0.000000 0.000000 1.000000
-0.967681 0.142398 -0.208128 -18.440300 -0.205486 -0.923667 0.323442 -14.411700 -0.146184 0.355756 0.923075 0.160300 0.000000 0.000000 0.000000 1.000000
-0.962285 0.163139 -0.217701 -18.440300 -0.212270 -0.950765 0.225803 -14.411700 -0.170146 0.263498 0.949536 0.160300 0.000000 0.000000 0.000000 1.000000
-0.960691 0.167702 -0.221245 -18.440300 -0.200660 -0.970187 0.135913 -14.411700 -0.191856 0.174965 0.965701 0.160300 0.000000 0.000000 0.000000 1.000000</float_array>
        <technique_common>
          <accessor source="#mixamorig_RightUpLeg-Matrix-animation-output-transform-array" count="30" stride="16">
            <param type="float4x4"/>
          </accessor>
        </technique_common>
      </source>
      <source id="mixamorig_RightUpLeg-Interpolations">
        <Name_array id="mixamorig_RightUpLeg-Interpolations-array" count="30">
 LINEAR LINEAR LINEAR LINEAR LINEAR LINEAR LINEAR LINEAR LINEAR LINEAR LINEAR
LINEAR LINEAR LINEAR LINEAR LINEAR LINEAR LINEAR LINEAR LINEAR LINEAR LINEAR LINEAR
LINEAR LINEAR LINEAR LINEAR LINEAR LINEAR LINEAR</Name_array>
        <technique_common>
          <accessor source="#mixamorig_RightUpLeg-Interpolations-array" count="30">
            <param type="name"/>
          </accessor>
        </technique_common>
      </source>
      <sampler id="mixamorig_RightUpLeg-Matrix-animation-transform">
        <input semantic="INPUT" source="#mixamorig_RightUpLeg-Matrix-animation-input"/>
        <input semantic="OUTPUT" source="#mixamorig_RightUpLeg-Matrix-animation-output-transform"/>
        <input semantic="INTERPOLATION" source="#mixamorig_RightUpLeg-Interpolations"/>
      </sampler>
      <channel source="#mixamorig_RightUpLeg-Matrix-animation-transform" target="mixamorig_RightUpLeg/matrix"/>
    </animation>
    <animation id="mixamorig_RightLeg-anim" name="mixamorig_RightLeg">
      <source id="mixamorig_RightLeg-Matrix-animation-input">
        <float_array id="mixamorig_RightLeg-Matrix-animation-input-array" count="30">

0.000000 0.033333 0.066667 0.100000 0.133333 0.166667 0.200000 0.233333 0.266667 0.300000 0.333333 0.366667 0.400000 0.433333 0.466667 0.500000
0.533333 0.566667 0.600000 0.633333 0.666667 0.700000 0.733333 0.766667 0.800000 0.833333 0.866667 0.900000 0.933333 0.966667</float_array>
        <technique_common>
          <accessor source="#mixamorig_RightLeg-Matrix-animation-input-array" count="30">
            <param name="TIME" type="float"/>
          </accessor>
        </technique_common>
      </source>
      <source id="mixamorig_RightLeg-Matrix-animation-output-transform">
        <float_array id="mixamorig_RightLeg-Matrix-animation-output-transform-array" count="480">

0.998667 0.046933 -0.021492 0.000000 -0.037090 0.941990 0.333586 84.819702 0.035902 -0.332344 0.942475 0.000000 0.000000 0.000000 0.000000 1.000000
0.998405 0.053275 -0.018691 0.000000 -0.044444 0.945788 0.321728 84.819702 0.034818 -0.320384 0.946648 0.000000 0.000000 0.000000 0.000000 1.000000
0.997722 0.056810 -0.036380 0.000000 -0.041568 0.942461 0.331721 84.819702 0.053132 -0.329453 0.942676 0.000000 0.000000 0.000000 0.000000 1.000000
0.993576 0.062273 -0.094489 -0.000000 -0.025748 0.937475 0.347098 84.819702 0.110196 -0.342435 0.933057 -0.000000 0.000000 0.000000 0.000000 1.000000
0.985962 0.063610 -0.154375 -0.000000 -0.007860 0.941243 0.337638 84.819702 0.166782 -0.331685 0.928530 0.000000 0.000000 0.000000 0.000000 1.000000
0.984591 0.059008 -0.164614 0.000000 -0.003615 0.948014 0.318207 84.819702 0.174834 -0.312709 0.933620 -0.000000 0.000000 0.000000 0.000000 1.000000
0.984422 0.066139 -0.162911 0.000000 -0.011525 0.948833 0.315569 84.819702 0.175446 -0.308775 0.934814 0.000000 0.000000 0.000000 0.000000 1.000000
0.983673 0.091943 -0.154703 0.000000 -0.035214 0.941361 0.335558 84.819702 0.176484 -0.324632 0.929230 0.000000 0.000000 0.000000 0.000000 1.000000
0.979546 0.127762 -0.155455 0.000000 -0.064066 0.930380 0.360954 84.819702 0.190749 -0.343612 0.919536 -0.000000 0.000000 0.000000 0.000000 1.000000
0.979652 0.151075 -0.132129 0.000000 -0.071321 0.877405 0.474420 84.819702 0.187604 -0.455342 0.870326 0.000000 0.000000 0.000000 0.000000 1.000000
0.984179 0.151177 -0.092396 0.000000 -0.055155 0.756997 0.651086 84.819702 0.168373 -0.635689 0.753359 0.000000 0.000000 0.000000 0.000000 1.000000
0.988393 0.133445 -0.072609 0.000000 -0.025009 0.614348 0.788639 84.819702 0.149847 -0.777669 0.610554 -0.000000 0.000000 0.000000 0.000000 1.000000
0.990646 0.117138 -0.069989 0.000000 0.005863 0.475900 0.879480 84.819702 0.136328 -0.871664 0.470762 0.000000 0.000000 0.000000 0.000000 1.000000
0.989881 0.110499 -0.089020 0.000000 0.039109 0.390602 0.919729 84.819702 0.136401 -0.913904 0.382328 -0.000000 0.000000 0.000000 0.000000 1.000000
0.986562 0.107271 -0.123237 0.000000 0.072012 0.391573 0.917325 84.819702 0.146659 -0.913873 0.378586 0.000000 0.000000 0.000000 0.000000 1.000000
0.983879 0.100261 -0.148090 0.000000 0.084798 0.467526 0.879903 84.819702 0.157456 -0.878275 0.451487 0.000000 0.000000 0.000000 0.000000 1.000000
0.982861 0.097877 -0.156218 0.000000 0.068578 0.592468 0.802670 84.819702 0.171117 -0.799626 0.575601 -0.000000 0.000000 0.000000 0.000000 1.000000
0.983262 0.099667 -0.152519 0.000000 0.031005 0.733368 0.679124 84.819702 0.179539 -0.672486 0.718003 0.000000 0.000000 0.000000 0.000000 1.000000
0.982318 0.099424 -0.158638 0.000000 -0.005286 0.861728 0.507344 84.819702 0.187145 -0.497534 0.847016 0.000000 0.000000 0.000000 0.000000 1.000000
0.983583 0.094808 -0.153542 -0.000000 -0.033831 0.932659 0.359169 84.819702 0.177254 -0.348078 0.920556 0.000000 0.000000 0.000000 0.000000 1.000000
0.988720 0.082311 -0.125133 -0.000000 -0.027672 0.921462 0.387481 84.819702 0.147199 -0.379647 0.913346 0.000000 0.000000 0.000000 0.000000 1.000000
0.993625 0.073630 -0.085365 0.000000 -0.026704 0.889415 0.456320 84.819702 0.109524 -0.451132 0.885711 0.000000 0.000000 0.000000 0.000000 1.000000
0.995934 0.069310 -0.057550 -0.000000 -0.033016 0.875181 0.482668 84.819702 0.083820 -0.478806 0.873910 0.000000 0.000000 0.000000 0.000000 1.000000
0.997007 0.068567 -0.035714 -0.000000 -0.042058 0.868660 0.493620 84.819702 0.064869 -0.490641 0.868944 0.000000 0.000000 0.000000 0.000000 1.000000
0.997819 0.060786 -0.025723 0.000000 -0.042028 0.885615 0.462514 84.819702 0.050895 -0.460425 0.886239 0.000000 0.000000 0.000000 0.000000 1.000000
0.998595 0.047785 -0.022920 0.000000 -0.028691 0.851048 0.524303 84.819702 0.044560 -0.522909 0.851223 0.000000 0.000000 0.000000 0.000000 1.000000
0.999054 0.038147 -0.020885 -0.000000 -0.021170 0.846065 0.532660 84.819702 0.037990 -0.531714 0.846072 -0.000000 0.000000 0.000000 0.000000 1.000000
0.999136 0.037359 -0.018194 0.000000 -0.024348 0.881140 0.472228 84.819702 0.033673 -0.471377 0.881289 0.000000 0.000000 0.000000 0.000000 1.000000
0.999027 0.041913 -0.013701 0.000000 -0.033093 0.917990 0.395221 84.819702 0.029142 -0.394383 0.918484 0.000000 0.000000 0.000000 0.000000 1.000000
0.998667 0.046933 -0.021492 0.000000 -0.037091 0.941991 0.333583 84.819702 0.035902 -0.332341 0.942476 0.000000 0.000000 0.000000 0.000000 1.000000</float_array>
        <technique_common>
          <accessor source="#mixamorig_RightLeg-Matrix-animation-output-transform-array" count="30" stride="16">
            <param type="float4x4"/>
          </accessor>
        </technique_common>
      </source>
      <source id="mixamorig_RightLeg-Interpolations">
        <Name_array id="mixamorig_RightLeg-Interpolations-array" count="30">
 LINEAR LINEAR LINEAR LINEAR LINEAR LINEAR LINEAR LINEAR LINEAR LINEAR LINEAR
LINEAR LINEAR LINEAR LINEAR LINEAR LINEAR LINEAR LINEAR LINEAR LINEAR LINEAR LINEAR
LINEAR LINEAR LINEAR LINEAR LINEAR LINEAR LINEAR</Name_array>
        <technique_common>
          <accessor source="#mixamorig_RightLeg-Interpolations-array" count="30">
            <param type="name"/>
          </accessor>
        </technique_common>
      </source>
      <sampler id="mixamorig_RightLeg-Matrix-animation-transform">
        <input semantic="INPUT" source="#mixamorig_RightLeg-Matrix-animation-input"/>
        <input semantic="OUTPUT" source="#mixamorig_RightLeg-Matrix-animation-output-transform"/>
        <input semantic="INTERPOLATION" source="#mixamorig_RightLeg-Interpolations"/>
      </sampler>
      <channel source="#mixamorig_RightLeg-Matrix-animation-transform" target="mixamorig_RightLeg/matrix"/>
    </animation>
    <animation id="mixamorig_RightFoot-anim" name="mixamorig_RightFoot">
      <source id="mixamorig_RightFoot-Matrix-animation-input">
        <float_array id="mixamorig_RightFoot-Matrix-animation-input-array" count="30">

0.000000 0.033333 0.066667 0.100000 0.133333 0.166667 0.200000 0.233333 0.266667 0.300000 0.333333 0.366667 0.400000 0.433333 0.466667 0.500000
0.533333 0.566667 0.600000 0.633333 0.666667 0.700000 0.733333 0.766667 0.800000 0.833333 0.866667 0.900000 0.933333 0.966667</float_array>
        <technique_common>
          <accessor source="#mixamorig_RightFoot-Matrix-animation-input-array" count="30">
            <param name="TIME" type="float"/>
          </accessor>
        </technique_common>
      </source>
      <source id="mixamorig_RightFoot-Matrix-animation-output-transform">
        <float_array id="mixamorig_RightFoot-Matrix-animation-output-transform-array" count="480">

0.977021 0.213085 -0.004928 -0.000000 -0.112976 0.498127 -0.859713 85.419403 -0.180737 0.840514 0.510754 -0.000000 0.000000 0.000000 0.000000 1.000000
0.983401 0.179382 -0.027306 -0.000000 -0.110857 0.474837 -0.873064 85.419403 -0.143646 0.861599 0.486840 -0.000000 0.000000 0.000000 0.000000 1.000000
0.989121 0.138079 -0.050743 -0.000000 -0.105654 0.426784 -0.898161 85.419403 -0.102361 0.893750 0.436730 0.000000 0.000000 0.000000 0.000000 1.000000
0.990804 0.127592 -0.045032 0.000000 -0.089572 0.369067 -0.925076 85.419403 -0.101412 0.920603 0.377102 0.000000 0.000000 0.000000 0.000000 1.000000
0.991011 0.126265 -0.044203 0.000000 -0.083703 0.327482 -0.941143 85.419403 -0.104357 0.936383 0.335107 -0.000000 0.000000 0.000000 0.000000 1.000000
0.994226 0.085357 -0.065023 -0.000000 -0.088946 0.316624 -0.944372 85.419403 -0.060021 0.944703 0.322388 0.000000 0.000000 0.000000 0.000000 1.000000
0.996630 0.034981 -0.074200 -0.000000 -0.081441 0.313570 -0.946066 85.419403 -0.009828 0.948921 0.315362 0.000000 0.000000 0.000000 0.000000 1.000000
0.998467 0.023640 -0.050051 0.000000 -0.055154 0.348371 -0.935733 85.419403 -0.004685 0.937059 0.349140 0.000000 0.000000 0.000000 0.000000 1.000000
0.999564 0.028727 0.006812 0.000000 -0.008300 0.494859 -0.868934 85.419403 -0.028333 0.868498 0.494882 0.000000 0.000000 0.000000 0.000000 1.000000
0.991169 -0.024774 0.130268 0.000000 0.114380 0.656744 -0.745389 85.419403 -0.067086 0.753707 0.653778 -0.000000 0.000000 0.000000 0.000000 1.000000
0.985510 -0.056319 0.159997 0.000000 0.145712 0.763950 -0.628609 85.419403 -0.086827 0.642813 0.761086 -0.000000 0.000000 0.000000 0.000000 1.000000
0.983249 -0.090787 0.158050 0.000000 0.153568 0.879701 -0.450048 85.419403 -0.098178 0.466781 0.878907 0.000000 0.000000 0.000000 0.000000 1.000000
0.988609 -0.016506 0.149598 0.000000 0.092833 0.849240 -0.519782 85.419403 -0.118465 0.527749 0.841099 0.000000 0.000000 0.000000 0.000000 1.000000
0.977822 0.100119 0.183955 -0.000000 0.030920 0.799701 -0.599602 85.419403 -0.207141 0.591993 0.778869 -0.000000 0.000000 0.000000 0.000000 1.000000
0.961617 0.175857 0.210634 0.000000 0.009997 0.744669 -0.667359 85.419403 -0.274213 0.643850 0.714328 0.000000 0.000000 0.000000 0.000000 1.000000
0.950591 0.210312 0.228352 -0.000000 0.021909 0.688281 -0.725113 85.419403 -0.309670 0.694289 0.649667 0.000000 0.000000 0.000000 0.000000 1.000000
0.937198 0.230601 0.261691 0.000000 0.042474 0.669233 -0.741838 85.419403 -0.346201 0.706364 0.617410 -0.000000 0.000000 0.000000 0.000000 1.000000
0.931131 0.233018 0.280530 0.000000 0.051594 0.677333 -0.733865 85.419403 -0.361017 0.697798 0.618664 0.000000 0.000000 0.000000 0.000000 1.000000
0.950378 0.195655 0.241871 0.000000 0.054366 0.661057 -0.748364 85.419403 -0.306311 0.724378 0.617616 0.000000 0.000000 0.000000 0.000000 1.000000
0.958962 0.154786 0.237559 0.000000 0.096040 0.610990 -0.785791 85.419403 -0.266775 0.776358 0.571051 0.000000 0.000000 0.000000 0.000000 1.000000
0.973657 0.106765 0.201479 -0.000000 0.123509 0.495818 -0.859599 85.419403 -0.191672 0.861839 0.469570 0.000000 0.000000 0.000000 0.000000 1.000000
0.980369 0.068897 0.184745 0.000000 0.144223 0.388344 -0.910159 85.419403 -0.134452 0.918936 0.370783 0.000000 0.000000 0.000000 0.000000 1.000000
0.985459 0.048027 0.162985 0.000000 0.122608 0.463092 -0.877789 85.419403 -0.117635 0.885008 0.450470 0.000000 0.000000 0.000000 0.000000 1.000000
0.990342 0.109498 0.085045 0.000000 0.008011 0.567181 -0.823554 85.419403 -0.138413 0.816282 0.560826 0.000000 0.000000 0.000000 0.000000 1.000000
0.982349 0.185113 0.026917 -0.000000 -0.113592 0.704650 -0.700403 85.419403 -0.148621 0.684982 0.713240 0.000000 0.000000 0.000000 0.000000 1.000000
0.981998 0.188040 0.017915 -0.000000 -0.102652 0.610871 -0.785047 85.419403 -0.158564 0.769076 0.619177 0.000000 0.000000 0.000000 0.000000 1.000000
0.980157 0.198140 0.005716 0.000000 -0.106916 0.552736 -0.826470 85.419403 -0.166916 0.809459 0.562952 -0.000000 0.000000 0.000000 0.000000 1.000000
0.976753 0.214291 0.005734 0.000000 -0.110983 0.528389 -0.841717 85.419403 -0.183402 0.821514 0.539888 0.000000 0.000000 0.000000 0.000000 1.000000
0.974217 0.225516 0.006613 0.000000 -0.113676 0.515971 -0.849030 85.419403 -0.194882 0.826388 0.528303 0.000000 0.000000 0.000000 0.000000 1.000000
0.977021 0.213086 -0.004929 0.000000 -0.112978 0.498127 -0.859713 85.419403 -0.180737 0.840514 0.510754 -0.000000 0.000000 0.000000 0.000000 1.000000</float_array>
        <technique_common>
          <accessor source="#mixamorig_RightFoot-Matrix-animation-output-transform-array" count="30" stride="16">
            <param type="float4x4"/>
          </accessor>
        </technique_common>
      </source>
      <source id="mixamorig_RightFoot-Interpolations">
        <Name_array id="mixamorig_RightFoot-Interpolations-array" count="30">
 LINEAR LINEAR LINEAR LINEAR LINEAR LINEAR LINEAR LINEAR LINEAR LINEAR LINEAR
LINEAR LINEAR LINEAR LINEAR LINEAR LINEAR LINEAR LINEAR LINEAR LINEAR LINEAR LINEAR
LINEAR LINEAR LINEAR LINEAR LINEAR LINEAR LINEAR</Name_array>
        <technique_common>
          <accessor source="#mixamorig_RightFoot-Interpolations-array" count="30">
            <param type="name"/>
          </accessor>
        </technique_common>
      </source>
      <sampler id="mixamorig_RightFoot-Matrix-animation-transform">
        <input semantic="INPUT" source="#mixamorig_RightFoot-Matrix-animation-input"/>
        <input semantic="OUTPUT" source="#mixamorig_RightFoot-Matrix-animation-output-transform"/>
        <input semantic="INTERPOLATION" source="#mixamorig_RightFoot-Interpolations"/>
      </sampler>
      <channel source="#mixamorig_RightFoot-Matrix-animation-transform" target="mixamorig_RightFoot/matrix"/>
    </animation>
    <animation id="mixamorig_RightToeBase-anim" name="mixamorig_RightToeBase">
      <source id="mixamorig_RightToeBase-Matrix-animation-input">
        <float_array id="mixamorig_RightToeBase-Matrix-animation-input-array" count="30">

0.000000 0.033333 0.066667 0.100000 0.133333 0.166667 0.200000 0.233333 0.266667 0.300000 0.333333 0.366667 0.400000 0.433333 0.466667 0.500000
0.533333 0.566667 0.600000 0.633333 0.666667 0.700000 0.733333 0.766667 0.800000 0.833333 0.866667 0.900000 0.933333 0.966667</float_array>
        <technique_common>
          <accessor source="#mixamorig_RightToeBase-Matrix-animation-input-array" count="30">
            <param name="TIME" type="float"/>
          </accessor>
        </technique_common>
      </source>
      <source id="mixamorig_RightToeBase-Matrix-animation-output-transform">
        <float_array id="mixamorig_RightToeBase-Matrix-animation-output-transform-array" count="480">

0.995290 0.070241 0.066812 0.000000 -0.004019 0.718500 -0.695515 32.981201 -0.096858 0.691971 0.715398 -0.000000 0.000000 0.000000 0.000000 1.000000
0.995301 0.070165 0.066733 0.000000 -0.004130 0.719292 -0.694696 32.981201 -0.096744 0.691155 0.716202 0.000000 0.000000 0.000000 0.000000 1.000000
0.995348 0.069825 0.066378 -0.000000 -0.004626 0.722837 -0.691003 32.981201 -0.096230 0.687481 0.719798 0.000000 0.000000 0.000000 0.000000 1.000000
0.995351 0.069803 0.066356 0.000000 -0.004657 0.723061 -0.690769 32.981201 -0.096197 0.687249 0.720025 -0.000000 0.000000 0.000000 0.000000 1.000000
0.995254 0.070497 0.067075 0.000000 -0.003646 0.715833 -0.698262 32.981201 -0.097240 0.694703 0.712693 0.000000 0.000000 0.000000 0.000000 1.000000
0.994866 0.073272 0.069808 0.000000 0.000397 0.686951 -0.726704 32.981201 -0.101201 0.723000 0.683395 -0.000000 0.000000 0.000000 0.000000 1.000000
0.994115 0.078637 0.074510 0.000000 0.008214 0.631103 -0.775656 32.981201 -0.108018 0.771703 0.626743 -0.000000 0.000000 0.000000 0.000000 1.000000
0.993222 0.085436 0.078813 0.000000 0.017532 0.560174 -0.828190 32.981201 -0.114906 0.823958 0.554879 0.000000 0.000000 0.000000 0.000000 1.000000
0.992071 0.101659 0.073895 0.000000 0.032007 0.364217 -0.930764 32.981201 -0.121535 0.925749 0.358076 0.000000 0.000000 0.000000 0.000000 1.000000
0.994916 0.096432 0.029034 0.000000 0.011820 0.174494 -0.984587 32.981201 -0.100012 0.979925 0.172467 -0.000000 0.000000 0.000000 0.000000 1.000000
0.996184 0.082337 0.028948 0.000000 0.003735 0.291160 -0.956667 32.981201 -0.087197 0.953125 0.289741 -0.000000 0.000000 0.000000 0.000000 1.000000
0.995742 0.068536 0.061642 0.000000 -0.008713 0.735713 -0.677237 32.981201 -0.091766 0.673817 0.733178 0.000000 0.000000 0.000000 0.000000 1.000000
0.995595 0.068062 0.064482 -0.000000 -0.007194 0.741188 -0.671259 32.981201 -0.093480 0.667838 0.738413 0.000000 0.000000 0.000000 0.000000 1.000000
0.995588 0.068111 0.064536 0.000000 -0.007123 0.740678 -0.671822 32.981201 -0.093559 0.668399 0.737896 -0.000000 0.000000 0.000000 0.000000 1.000000
0.986759 0.072753 0.144962 -0.000000 0.046740 0.728292 -0.683671 32.981201 -0.155314 0.681394 0.715248 0.000000 0.000000 0.000000 0.000000 1.000000
0.986923 0.092656 0.131903 0.000000 0.048487 0.609753 -0.791107 32.981201 -0.153729 0.787157 0.597286 0.000000 0.000000 0.000000 0.000000 1.000000
0.993553 0.080183 0.080142 0.000000 0.012449 0.625482 -0.780139 32.981201 -0.112681 0.776108 0.620451 0.000000 0.000000 0.000000 0.000000 1.000000
0.995512 0.068652 0.065128 -0.000000 -0.006334 0.735041 -0.677993 32.981201 -0.094418 0.674538 0.732178 0.000000 0.000000 0.000000 0.000000 1.000000
0.995298 0.070182 0.066751 0.000000 -0.004105 0.719113 -0.694881 32.981201 -0.096770 0.691340 0.716020 0.000000 0.000000 0.000000 0.000000 1.000000
0.994885 0.073135 0.069678 -0.000000 0.000198 0.688378 -0.725352 32.981201 -0.101013 0.721656 0.684842 -0.000000 0.000000 0.000000 0.000000 1.000000
0.994803 0.073721 0.070229 0.000000 0.001052 0.682275 -0.731095 32.981201 -0.101813 0.727370 0.678651 0.000000 0.000000 0.000000 0.000000 1.000000
0.994545 0.075564 0.071904 -0.000000 0.003737 0.663093 -0.748527 32.981201 -0.104240 0.744713 0.659194 0.000000 0.000000 0.000000 0.000000 1.000000
0.993930 0.079959 0.075564 0.000000 0.010141 0.617342 -0.786629 32.981201 -0.109547 0.782621 0.612784 0.000000 0.000000 0.000000 0.000000 1.000000
0.993780 0.081027 0.076388 0.000000 0.011698 0.606216 -0.795214 32.981201 -0.110742 0.791162 0.601498 0.000000 0.000000 0.000000 0.000000 1.000000
0.994788 0.073825 0.070326 -0.000000 0.001203 0.681193 -0.732103 32.981201 -0.101953 0.728372 0.677554 0.000000 0.000000 0.000000 0.000000 1.000000
0.995113 0.071505 0.068094 -0.000000 -0.002177 0.705344 -0.708862 32.981201 -0.098717 0.705249 0.702053 0.000000 0.000000 0.000000 0.000000 1.000000
0.995186 0.070982 0.067569 -0.000000 -0.002939 0.710785 -0.703404 32.981201 -0.097957 0.699819 0.707572 -0.000000 0.000000 0.000000 0.000000 1.000000
0.995168 0.071111 0.067699 0.000000 -0.002752 0.709447 -0.704753 32.981201 -0.098144 0.701162 0.706215 0.000000 0.000000 0.000000 0.000000 1.000000
0.995140 0.071310 0.067899 0.000000 -0.002461 0.707372 -0.706837 32.981201 -0.098435 0.703235 0.704110 0.000000 0.000000 0.000000 0.000000 1.000000
0.995290 0.070241 0.066812 0.000000 -0.004019 0.718500 -0.695515 32.981201 -0.096858 0.691971 0.715398 0.000000 0.000000 0.000000 0.000000 1.000000</float_array>
        <technique_common>
          <accessor source="#mixamorig_RightToeBase-Matrix-animation-output-transform-array" count="30" stride="16">
            <param type="float4x4"/>
          </accessor>
        </technique_common>
      </source>
      <source id="mixamorig_RightToeBase-Interpolations">
        <Name_array id="mixamorig_RightToeBase-Interpolations-array" count="30">
 LINEAR LINEAR LINEAR LINEAR LINEAR LINEAR LINEAR LINEAR LINEAR LINEAR LINEAR
LINEAR LINEAR LINEAR LINEAR LINEAR LINEAR LINEAR LINEAR LINEAR LINEAR LINEAR LINEAR
LINEAR LINEAR LINEAR LINEAR LINEAR LINEAR LINEAR</Name_array>
        <technique_common>
          <accessor source="#mixamorig_RightToeBase-Interpolations-array" count="30">
            <param type="name"/>
          </accessor>
        </technique_common>
      </source>
      <sampler id="mixamorig_RightToeBase-Matrix-animation-transform">
        <input semantic="INPUT" source="#mixamorig_RightToeBase-Matrix-animation-input"/>
        <input semantic="OUTPUT" source="#mixamorig_RightToeBase-Matrix-animation-output-transform"/>
        <input semantic="INTERPOLATION" source="#mixamorig_RightToeBase-Interpolations"/>
      </sampler>
      <channel source="#mixamorig_RightToeBase-Matrix-animation-transform" target="mixamorig_RightToeBase/matrix"/>
    </animation>
  </library_animations>
  <library_visual_scenes>
    <visual_scene id="RootNode" name="RootNode">
      <node id="mixamorig_Hips" name="mixamorig_Hips" sid="mixamorig_Hips" type="JOINT">
        <matrix sid="matrix">0.981933 0.073110 0.174535 0.191016 -0.075029 0.997172 0.004411 204.626038 -0.173719 -0.017426 0.984641 -1.455737 0.000000 0.000000 0.000000 1.000000</matrix>
        <node id="mixamorig_Spine" name="mixamorig_Spine" sid="mixamorig_Spine" type="JOINT">
          <matrix sid="matrix">0.997817 -0.063119 -0.019397 -0.194800 0.064095 0.996447 0.054639 19.804800 0.015879 -0.055763 0.998318 -3.889700 0.000000 0.000000 0.000000 1.000000</matrix>
          <node id="mixamorig_Spine1" name="mixamorig_Spine1" sid="mixamorig_Spine1" type="JOINT">
            <matrix sid="matrix">0.999170 -0.005443 -0.040361 0.000000 0.001979 0.996347 -0.085371 23.620100 0.040678 0.085221 0.995531 0.000000 0.000000 0.000000 0.000000 1.000000</matrix>
            <node id="mixamorig_Spine2" name="mixamorig_Spine2" sid="mixamorig_Spine2" type="JOINT">
              <matrix sid="matrix">0.999051 0.013057 -0.041542 -0.000000 -0.017643 0.993549 -0.112023 27.833500 0.039812 0.112650 0.992837 0.000000 0.000000 0.000000 0.000000 1.000000</matrix>
              <node id="mixamorig_Neck" name="mixamorig_Neck" sid="mixamorig_Neck" type="JOINT">
                <matrix sid="matrix">0.998737 0.037778 -0.033117 0.000000 -0.041079 0.993578 -0.105429 31.294100 0.028921 0.106656 0.993875 0.000000 0.000000 0.000000 0.000000 1.000000</matrix>
                <node id="mixamorig_Head" name="mixamorig_Head" sid="mixamorig_Head" type="JOINT">
                  <matrix sid="matrix">0.997669 -0.024383 -0.063741 0.000000 0.025689 0.999475 0.019749 23.188999 0.063226 -0.021341 0.997771 0.000000 0.000000 0.000000 0.000000 1.000000</matrix>
                  <node id="mixamorig_HeadTop_End" name="mixamorig_HeadTop_End" sid="mixamorig_HeadTop_End" type="JOINT">
                    <matrix sid="matrix">1.000000 -0.000000 0.000000 -1.639800 0.000000 1.000000 0.000000 39.777500 -0.000000 -0.000000 1.000000 -0.361100 0.000000 0.000000 0.000000 1.000000</matrix>
                  </node>
                  <node id="mixamorig_RightEye" name="mixamorig_RightEye" sid="mixamorig_RightEye" type="JOINT">
                    <matrix sid="matrix">1.000000 -0.000000 0.000000 -6.881500 0.000000 1.000000 0.000000 20.143000 -0.000000 -0.000000 1.000000 11.252100 0.000000 0.000000 0.000000 1.000000</matrix>
                  </node>
                  <node id="mixamorig_LeftEye" name="mixamorig_LeftEye" sid="mixamorig_LeftEye" type="JOINT">
                    <matrix sid="matrix">1.000000 -0.000000 0.000000 5.295400 0.000000 1.000000 0.000000 21.026100 -0.000000 -0.000000 1.000000 11.309800 0.000000 0.000000 0.000000 1.000000</matrix>
                  </node>
                </node>
              </node>
              <node id="mixamorig_LeftShoulder" name="mixamorig_LeftShoulder" sid="mixamorig_LeftShoulder" type="JOINT">
                <matrix sid="matrix">0.208698 0.973161 0.096964 12.603400 0.014469 0.096064 -0.995270 19.313700 -0.977873 0.209114 0.005968 0.359200 0.000000 0.000000 0.000000 1.000000</matrix>
                <node id="mixamorig_LeftArm" name="mixamorig_LeftArm" sid="mixamorig_LeftArm" type="JOINT">
                  <matrix sid="matrix">0.996689 0.014921 0.079927 0.000000 0.075336 0.200300 -0.976834 26.583300 -0.030585 0.979621 0.198513 0.000000 0.000000 0.000000 0.000000 1.000000</matrix>
                  <node id="mixamorig_LeftForeArm" name="mixamorig_LeftForeArm" sid="mixamorig_LeftForeArm" type="JOINT">
                    <matrix sid="matrix">0.805876 -0.592085 0.000000 -0.000000 0.592085 0.805876 0.000000 55.127701 -0.000000 -0.000000 1.000000 0.000000 0.000000 0.000000 0.000000 1.000000</matrix>
                    <node id="mixamorig_LeftHand" name="mixamorig_LeftHand" sid="mixamorig_LeftHand" type="JOINT">
                      <matrix sid="matrix">0.883839 -0.351718 0.308420 0.000000 0.341296 0.935729 0.089039 52.773300 -0.319914 0.026567 0.947074 0.000000 0.000000 0.000000 0.000000 1.000000</matrix>
                      <node id="mixamorig_LeftHandMiddle1" name="mixamorig_LeftHandMiddle1" sid="mixamorig_LeftHandMiddle1" type="JOINT">
                        <matrix sid="matrix">0.991113 0.130147 -0.027520 0.000000 -0.132612 0.950403 -0.281331 27.744600 -0.010459 0.282480 0.959216 0.000000 0.000000 0.000000 0.000000 1.000000</matrix>
                        <node id="mixamorig_LeftHandMiddle2" name="mixamorig_LeftHandMiddle2" sid="mixamorig_LeftHandMiddle2" type="JOINT">
                          <matrix sid="matrix">0.998145 0.058225 -0.017814 0.000000 -0.059951 0.888583 -0.454781 6.931600 -0.010650 0.455005 0.890425 -0.000000 0.000000 0.000000 0.000000 1.000000</matrix>
                          <node id="mixamorig_LeftHandMiddle3" name="mixamorig_LeftHandMiddle3" sid="mixamorig_LeftHandMiddle3" type="JOINT">
                            <matrix sid="matrix">0.999472 0.032221 -0.004306 -0.000000 -0.032161 0.960825 -0.275284 6.823600 -0.004732 0.275277 0.961353 0.000000 0.000000 0.000000 0.000000 1.000000</matrix>
                            <node id="mixamorig_LeftHandMiddle4" name="mixamorig_LeftHandMiddle4" sid="mixamorig_LeftHandMiddle4" type="JOINT">
                              <matrix sid="matrix">1.000000 0.000000 -0.000000 0.000000 0.000000 1.000000 -0.000000 7.392700 -0.000000 0.000000 1.000000 0.000000 0.000000 0.000000 0.000000 1.000000</matrix>
                            </node>
                          </node>
                        </node>
                      </node>
                      <node id="mixamorig_LeftHandThumb1" name="mixamorig_LeftHandThumb1" sid="mixamorig_LeftHandThumb1" type="JOINT">
                        <matrix sid="matrix">0.868071 -0.198046 0.455225 -6.128800 0.297856 0.941371 -0.158440 11.123100 -0.397157 0.273128 0.876166 3.291500 0.000000 0.000000 0.000000 1.000000</matrix>
                        <node id="mixamorig_LeftHandThumb2" name="mixamorig_LeftHandThumb2" sid="mixamorig_LeftHandThumb2" type="JOINT">
                          <matrix sid="matrix">0.914947 0.146468 -0.376058 0.000000 -0.174413 0.983812 -0.041166 11.224300 0.363941 0.103254 0.925681 0.000000 0.000000 0.000000 0.000000 1.000000</matrix>
                          <node id="mixamorig_LeftHandThumb3" name="mixamorig_LeftHandThumb3" sid="mixamorig_LeftHandThumb3" type="JOINT">
                            <matrix sid="matrix">0.975168 -0.093335 0.200838 0.000000 0.110501 0.990965 -0.076010 8.955600 -0.191929 0.096316 0.976671 0.000100 0.000000 0.000000 0.000000 1.000000</matrix>
                            <node id="mixamorig_LeftHandThumb4" name="mixamorig_LeftHandThumb4" sid="mixamorig_LeftHandThumb4" type="JOINT">
                              <matrix sid="matrix">1.000000 -0.000000 -0.000000 0.000000 0.000000 1.000000 0.000000 5.794500 -0.000000 0.000000 1.000000 0.000000 0.000000 0.000000 0.000000 1.000000</matrix>
                            </node>
                          </node>
                        </node>
                      </node>
                      <node id="mixamorig_LeftHandIndex1" name="mixamorig_LeftHandIndex1" sid="mixamorig_LeftHandIndex1" type="JOINT">
                        <matrix sid="matrix">0.998118 0.060533 0.009838 -5.152100 -0.061071 0.995720 0.069373 28.490200 -0.005596 -0.069844 0.997542 0.454700 0.000000 0.000000 0.000000 1.000000</matrix>
                        <node id="mixamorig_LeftHandIndex2" name="mixamorig_LeftHandIndex2" sid="mixamorig_LeftHandIndex2" type="JOINT">
                          <matrix sid="matrix">0.999067 0.042448 -0.007996 0.000000 -0.042947 0.956355 -0.289035 7.062900 -0.004622 0.289108 0.957285 -0.000100 0.000000 0.000000 0.000000 1.000000</matrix>
                          <node id="mixamorig_LeftHandIndex3" name="mixamorig_LeftHandIndex3" sid="mixamorig_LeftHandIndex3" type="JOINT">
                            <matrix sid="matrix">0.999995 0.003069 -0.000562 -0.000000 -0.003100 0.997737 -0.067159 6.495300 0.000355 0.067160 0.997742 0.000000 0.000000 0.000000 0.000000 1.000000</matrix>
                            <node id="mixamorig_LeftHandIndex4" name="mixamorig_LeftHandIndex4" sid="mixamorig_LeftHandIndex4" type="JOINT">
                              <matrix sid="matrix">1.000000 -0.000000 -0.000000 0.000000 -0.000000 1.000000 0.000000 6.593400 -0.000000 0.000000 1.000000 0.000000 0.000000 0.000000 0.000000 1.000000</matrix>
                            </node>
                          </node>
                        </node>
                      </node>
                      <node id="mixamorig_LeftHandRing1" name="mixamorig_LeftHandRing1" sid="mixamorig_LeftHandRing1" type="JOINT">
                        <matrix sid="matrix">0.990154 0.123438 -0.066018 4.241000 -0.139164 0.817072 -0.559488 25.484100 -0.015120 0.563167 0.826205 -0.079300 0.000000 0.000000 0.000000 1.000000</matrix>
                        <node id="mixamorig_LeftHandRing2" name="mixamorig_LeftHandRing2" sid="mixamorig_LeftHandRing2" type="JOINT">
                          <matrix sid="matrix">0.999366 0.035461 -0.003260 0.000000 -0.034844 0.954839 -0.295075 6.309800 -0.007351 0.295001 0.955469 0.000000 0.000000 0.000000 0.000000 1.000000</matrix>
                          <node id="mixamorig_LeftHandRing3" name="mixamorig_LeftHandRing3" sid="mixamorig_LeftHandRing3" type="JOINT">
                            <matrix sid="matrix">0.999764 0.021725 0.000487 0.000000 -0.021097 0.975756 -0.217844 6.359500 -0.005208 0.217782 0.975983 -0.000000 0.000000 0.000000 0.000000 1.000000</matrix>
                            <node id="mixamorig_LeftHandRing4" name="mixamorig_LeftHandRing4" sid="mixamorig_LeftHandRing4" type="JOINT">
                              <matrix sid="matrix">1.000000 -0.000000 0.000000 -0.000000 -0.000000 1.000000 0.000000 7.037800 0.000000 -0.000000 1.000000 0.000000 0.000000 0.000000 0.000000 1.000000</matrix>
                            </node>
                          </node>
                        </node>
                      </node>
                      <node id="mixamorig_LeftHandPinky1" name="mixamorig_LeftHandPinky1" sid="mixamorig_LeftHandPinky1" type="JOINT">
                        <matrix sid="matrix">0.970405 0.231621 -0.068315 8.780900 -0.233762 0.830021 -0.506380 21.905800 -0.060585 0.507363 0.859600 0.441000 0.000000 0.000000 0.000000 1.000000</matrix>
                        <node id="mixamorig_LeftHandPinky2" name="mixamorig_LeftHandPinky2" sid="mixamorig_LeftHandPinky2" type="JOINT">
                          <matrix sid="matrix">0.998875 0.044887 -0.015287 0.000000 -0.046657 0.872809 -0.485826 6.536700 -0.008465 0.485993 0.873922 0.000000 0.000000 0.000000 0.000000 1.000000</matrix>
                          <node id="mixamorig_LeftHandPinky3" name="mixamorig_LeftHandPinky3" sid="mixamorig_LeftHandPinky3" type="JOINT">
                            <matrix sid="matrix">0.999643 0.026648 -0.001829 -0.000000 -0.026679 0.992767 -0.117053 4.149100 -0.001303 0.117060 0.993124 0.000000 0.000000 0.000000 0.000000 1.000000</matrix>
                            <node id="mixamorig_LeftHandPinky4" name="mixamorig_LeftHandPinky4" sid="mixamorig_LeftHandPinky4" type="JOINT">
                              <matrix sid="matrix">1.000000 0.000000 0.000000 0.000000 0.000000 1.000000 0.000000 5.563500 0.000000 -0.000000 1.000000 -0.000000 0.000000 0.000000 0.000000 1.000000</matrix>
                            </node>
                          </node>
                        </node>
                      </node>
                    </node>
                  </node>
                </node>
              </node>
              <node id="mixamorig_RightShoulder" name="mixamorig_RightShoulder" sid="mixamorig_RightShoulder" type="JOINT">
                <matrix sid="matrix">-0.110630 -0.989330 0.094806 -12.989600 0.116797 -0.107673 -0.987302 19.103399 0.986975 -0.098152 0.127462 -0.116200 0.000000 0.000000 0.000000 1.000000</matrix>
                <node id="mixamorig_RightArm" name="mixamorig_RightArm" sid="mixamorig_RightArm" type="JOINT">
                  <matrix sid="matrix">0.914788 -0.312700 -0.255698 0.000000 -0.146421 0.333264 -0.931395 26.891899 0.376462 0.889468 0.259080 0.000000 0.000000 0.000000 0.000000 1.000000</matrix>
                  <node id="mixamorig_RightForeArm" name="mixamorig_RightForeArm" sid="mixamorig_RightForeArm" type="JOINT">
                    <matrix sid="matrix">0.843234 0.537546 -0.000000 0.000000 -0.537546 0.843234 -0.000000 55.842701 -0.000000 0.000000 1.000000 0.000000 0.000000 0.000000 0.000000 1.000000</matrix>
                    <node id="mixamorig_RightHand" name="mixamorig_RightHand" sid="mixamorig_RightHand" type="JOINT">
                      <matrix sid="matrix">0.893218 0.100913 -0.438154 0.000000 -0.145756 0.986852 -0.069852 50.313702 0.425344 0.126256 0.896182 0.000000 0.000000 0.000000 0.000000 1.000000</matrix>
                      <node id="mixamorig_RightHandMiddle1" name="mixamorig_RightHandMiddle1" sid="mixamorig_RightHandMiddle1" type="JOINT">
                        <matrix sid="matrix">0.989890 -0.135505 0.041904 0.000000 0.141093 0.910530 -0.388622 26.065500 0.014505 0.390606 0.920444 0.000000 0.000000 0.000000 0.000000 1.000000</matrix>
                        <node id="mixamorig_RightHandMiddle2" name="mixamorig_RightHandMiddle2" sid="mixamorig_RightHandMiddle2" type="JOINT">
                          <matrix sid="matrix">0.996886 -0.072645 0.030665 -0.000000 0.076132 0.785468 -0.614202 6.160000 0.020533 0.614624 0.788553 -0.000000 0.000000 0.000000 0.000000 1.000000</matrix>
                          <node id="mixamorig_RightHandMiddle3" name="mixamorig_RightHandMiddle3" sid="mixamorig_RightHandMiddle3" type="JOINT">
                            <matrix sid="matrix">0.998460 -0.053293 0.015394 0.000000 0.053594 0.855198 -0.515523 7.279100 0.014309 0.515554 0.856738 0.000000 0.000000 0.000000 0.000000 1.000000</matrix>
                            <node id="mixamorig_RightHandMiddle4" name="mixamorig_RightHandMiddle4" sid="mixamorig_RightHandMiddle4" type="JOINT">
                              <matrix sid="matrix">1.000000 0.000000 0.000000 0.000000 0.000000 1.000000 0.000000 7.460000 0.000000 -0.000000 1.000000 0.000000 0.000000 0.000000 0.000000 1.000000</matrix>
                            </node>
                          </node>
                        </node>
                      </node>
                      <node id="mixamorig_RightHandThumb1" name="mixamorig_RightHandThumb1" sid="mixamorig_RightHandThumb1" type="JOINT">
                        <matrix sid="matrix">0.946015 0.268200 -0.182002 6.157100 -0.304892 0.926888 -0.218907 9.502000 0.109985 0.262580 0.958622 3.930000 0.000000 0.000000 0.000000 1.000000</matrix>
                        <node id="mixamorig_RightHandThumb2" name="mixamorig_RightHandThumb2" sid="mixamorig_RightHandThumb2" type="JOINT">
                          <matrix sid="matrix">0.979201 -0.110956 -0.169862 -0.000000 0.140396 0.974955 0.172485 10.349100 0.146470 -0.192745 0.970256 0.000000 0.000000 0.000000 0.000000 1.000000</matrix>
                          <node id="mixamorig_RightHandThumb3" name="mixamorig_RightHandThumb3" sid="mixamorig_RightHandThumb3" type="JOINT">
                            <matrix sid="matrix">0.955684 0.245023 0.163195 0.000000 -0.232697 0.968275 -0.091083 8.574700 -0.180335 0.049071 0.982380 0.000000 0.000000 0.000000 0.000000 1.000000</matrix>
                            <node id="mixamorig_RightHandThumb4" name="mixamorig_RightHandThumb4" sid="mixamorig_RightHandThumb4" type="JOINT">
                              <matrix sid="matrix">1.000000 -0.000000 -0.000000 0.000000 -0.000000 1.000000 0.000000 6.138900 0.000000 -0.000000 1.000000 -0.000100 0.000000 0.000000 0.000000 1.000000</matrix>
                            </node>
                          </node>
                        </node>
                      </node>
                      <node id="mixamorig_RightHandIndex1" name="mixamorig_RightHandIndex1" sid="mixamorig_RightHandIndex1" type="JOINT">
                        <matrix sid="matrix">0.999769 0.016835 0.013392 5.106700 -0.014037 0.982278 -0.186902 26.603001 -0.016301 0.186671 0.982287 0.546300 0.000000 0.000000 0.000000 1.000000</matrix>
                        <node id="mixamorig_RightHandIndex2" name="mixamorig_RightHandIndex2" sid="mixamorig_RightHandIndex2" type="JOINT">
                          <matrix sid="matrix">0.998187 -0.057823 0.016698 0.000000 0.059155 0.891441 -0.449259 7.092100 0.011092 0.449433 0.893245 0.000000 0.000000 0.000000 0.000000 1.000000</matrix>
                          <node id="mixamorig_RightHandIndex3" name="mixamorig_RightHandIndex3" sid="mixamorig_RightHandIndex3" type="JOINT">
                            <matrix sid="matrix">0.999943 -0.008924 0.005878 0.000000 0.010275 0.954016 -0.299580 7.414400 -0.002934 0.299623 0.954053 0.000000 0.000000 0.000000 0.000000 1.000000</matrix>
                            <node id="mixamorig_RightHandIndex4" name="mixamorig_RightHandIndex4" sid="mixamorig_RightHandIndex4" type="JOINT">
                              <matrix sid="matrix">1.000000 -0.000000 -0.000000 0.000000 0.000000 1.000000 0.000000 5.522500 0.000000 0.000000 1.000000 0.000000 0.000000 0.000000 0.000000 1.000000</matrix>
                            </node>
                          </node>
                        </node>
                      </node>
                      <node id="mixamorig_RightHandRing1" name="mixamorig_RightHandRing1" sid="mixamorig_RightHandRing1" type="JOINT">
                        <matrix sid="matrix">0.988342 -0.128255 0.082047 -3.983900 0.150657 0.746024 -0.648653 24.087200 0.021984 0.653451 0.756649 -0.001400 0.000000 0.000000 0.000000 1.000000</matrix>
                        <node id="mixamorig_RightHandRing2" name="mixamorig_RightHandRing2" sid="mixamorig_RightHandRing2" type="JOINT">
                          <matrix sid="matrix">0.998899 -0.046402 0.006869 0.000000 0.045231 0.914013 -0.403156 6.857500 0.012429 0.403023 0.915105 0.000000 0.000000 0.000000 0.000000 1.000000</matrix>
                          <node id="mixamorig_RightHandRing3" name="mixamorig_RightHandRing3" sid="mixamorig_RightHandRing3" type="JOINT">
                            <matrix sid="matrix">0.999991 -0.002611 0.003401 0.000000 0.003625 0.938396 -0.345544 6.835500 -0.002289 0.345553 0.938396 0.000000 0.000000 0.000000 0.000000 1.000000</matrix>
                            <node id="mixamorig_RightHandRing4" name="mixamorig_RightHandRing4" sid="mixamorig_RightHandRing4" type="JOINT">
                              <matrix sid="matrix">1.000000 0.000000 0.000000 -0.000000 -0.000000 1.000000 0.000000 6.017200 0.000000 0.000000 1.000000 0.000000 0.000000 0.000000 0.000000 1.000000</matrix>
                            </node>
                          </node>
                        </node>
                      </node>
                      <node id="mixamorig_RightHandPinky1" name="mixamorig_RightHandPinky1" sid="mixamorig_RightHandPinky1" type="JOINT">
                        <matrix sid="matrix">0.983017 -0.156459 0.095909 -8.541100 0.178429 0.692669 -0.698837 20.989401 0.042906 0.704081 0.708822 0.497700 0.000000 0.000000 0.000000 1.000000</matrix>
                        <node id="mixamorig_RightHandPinky2" name="mixamorig_RightHandPinky2" sid="mixamorig_RightHandPinky2" type="JOINT">
                          <matrix sid="matrix">0.996756 -0.070626 0.038588 0.000100 0.075443 0.653007 -0.753585 5.939600 0.028025 0.754052 0.656217 0.000000 0.000000 0.000000 0.000000 1.000000</matrix>
                          <node id="mixamorig_RightHandPinky3" name="mixamorig_RightHandPinky3" sid="mixamorig_RightHandPinky3" type="JOINT">
                            <matrix sid="matrix">0.998949 -0.028472 0.035919 0.000000 0.045352 0.727429 -0.684682 3.764700 -0.006634 0.685592 0.727956 0.000000 0.000000 0.000000 0.000000 1.000000</matrix>
                            <node id="mixamorig_RightHandPinky4" name="mixamorig_RightHandPinky4" sid="mixamorig_RightHandPinky4" type="JOINT">
                              <matrix sid="matrix">1.000000 0.000000 0.000000 0.000000 0.000000 1.000000 0.000000 6.370500 0.000000 -0.000000 1.000000 0.000100 0.000000 0.000000 0.000000 1.000000</matrix>
                            </node>
                          </node>
                        </node>
                      </node>
                    </node>
                  </node>
                </node>
              </node>
            </node>
          </node>
        </node>
        <node id="mixamorig_LeftUpLeg" name="mixamorig_LeftUpLeg" sid="mixamorig_LeftUpLeg" type="JOINT">
          <matrix sid="matrix">-0.998870 0.044964 -0.015381 18.524401 -0.047375 -0.916699 0.396760 -13.838500 0.003740 0.397040 0.917793 2.662000 0.000000 0.000000 0.000000 1.000000</matrix>
          <node id="mixamorig_LeftLeg" name="mixamorig_LeftLeg" sid="mixamorig_LeftLeg" type="JOINT">
            <matrix sid="matrix">0.990991 -0.125188 -0.047583 0.000000 0.092633 0.384128 0.918621 85.245598 -0.096722 -0.914753 0.392264 0.000000 0.000000 0.000000 0.000000 1.000000</matrix>
            <node id="mixamorig_LeftFoot" name="mixamorig_LeftFoot" sid="mixamorig_LeftFoot" type="JOINT">
              <matrix sid="matrix">0.997533 -0.065569 -0.025073 0.000000 0.024108 0.655426 -0.754874 85.571098 0.065930 0.752407 0.655390 -0.000000 0.000000 0.000000 0.000000 1.000000</matrix>
              <node id="mixamorig_LeftToeBase" name="mixamorig_LeftToeBase" sid="mixamorig_LeftToeBase" type="JOINT">
                <matrix sid="matrix">0.995374 0.077153 -0.057263 0.000000 -0.095336 0.719021 -0.688418 32.481201 -0.011940 0.690693 0.723050 0.000000 0.000000 0.000000 0.000000 1.000000</matrix>
                <node id="mixamorig_LeftToe_End" name="mixamorig_LeftToe_End" sid="mixamorig_LeftToe_End" type="JOINT">
                  <matrix sid="matrix">1.000000 -0.000000 0.000000 0.000000 0.000000 1.000000 0.000000 19.064800 0.000000 -0.000000 1.000000 0.000000 0.000000 0.000000 0.000000 1.000000</matrix>
                </node>
              </node>
            </node>
          </node>
        </node>
        <node id="mixamorig_RightUpLeg" name="mixamorig_RightUpLeg" sid="mixamorig_RightUpLeg" type="JOINT">
          <matrix sid="matrix">-0.960691 0.167701 -0.221245 -18.440300 -0.200659 -0.970187 0.135914 -14.411700 -0.191856 0.174966 0.965701 0.160300 0.000000 0.000000 0.000000 1.000000</matrix>
          <node id="mixamorig_RightLeg" name="mixamorig_RightLeg" sid="mixamorig_RightLeg" type="JOINT">
            <matrix sid="matrix">0.998667 0.046933 -0.021492 0.000000 -0.037090 0.941990 0.333586 84.819702 0.035902 -0.332344 0.942475 0.000000 0.000000 0.000000 0.000000 1.000000</matrix>
            <node id="mixamorig_RightFoot" name="mixamorig_RightFoot" sid="mixamorig_RightFoot" type="JOINT">
              <matrix sid="matrix">0.977021 0.213085 -0.004928 -0.000000 -0.112976 0.498127 -0.859713 85.419403 -0.180737 0.840514 0.510754 -0.000000 0.000000 0.000000 0.000000 1.000000</matrix>
              <node id="mixamorig_RightToeBase" name="mixamorig_RightToeBase" sid="mixamorig_RightToeBase" type="JOINT">
                <matrix sid="matrix">0.995290 0.070241 0.066812 0.000000 -0.004019 0.718500 -0.695515 32.981201 -0.096858 0.691971 0.715398 -0.000000 0.000000 0.000000 0.000000 1.000000</matrix>
                <node id="mixamorig_RightToe_End" name="mixamorig_RightToe_End" sid="mixamorig_RightToe_End" type="JOINT">
                  <matrix sid="matrix">1.000000 0.000000 -0.000000 0.000000 0.000000 1.000000 -0.000000 19.702299 0.000000 -0.000000 1.000000 0.000000 0.000000 0.000000 0.000000 1.000000</matrix>
                </node>
              </node>
            </node>
          </node>
        </node>
      </node>
    </visual_scene>
  </library_visual_scenes>
  <scene>
    <instance_visual_scene url="#RootNode"/>
  </scene>
</COLLADA>
