<?xml version="1.0" encoding="utf-8"?>
<COLLADA xmlns="http://www.collada.org/2005/11/COLLADASchema" version="1.4.1" xmlns:xsi="http://www.w3.org/2001/XMLSchema-instance">
  <asset>
    <contributor>
      <author>Blender User</author>
      <authoring_tool>Blender 4.5.4 LTS commit date:2025-10-27, commit time:12:46, hash:b3efe983cc58</authoring_tool>
    </contributor>
    <created>2025-11-13T16:57:00</created>
    <modified>2025-11-13T16:57:00</modified>
    <unit name="meter" meter="1"/>
    <up_axis>Z_UP</up_axis>
  </asset>
  <library_cameras>
    <camera id="Camera-camera" name="Camera">
      <optics>
        <technique_common>
          <perspective>
            <xfov sid="xfov">39.59775</xfov>
            <aspect_ratio>1.777778</aspect_ratio>
            <znear sid="znear">0.1</znear>
            <zfar sid="zfar">100</zfar>
          </perspective>
        </technique_common>
      </optics>
      <extra>
        <technique profile="blender">
          <shiftx sid="shiftx" type="float">0</shiftx>
          <shifty sid="shifty" type="float">0</shifty>
          <dof_distance sid="dof_distance" type="float">10000</dof_distance>
        </technique>
      </extra>
    </camera>
  </library_cameras>
  <library_lights>
    <light id="Light-light" name="Light">
      <technique_common>
        <point>
          <color sid="color">1000 1000 1000</color>
          <constant_attenuation>1</constant_attenuation>
          <linear_attenuation>0</linear_attenuation>
          <quadratic_attenuation>0</quadratic_attenuation>
        </point>
      </technique_common>
      <extra>
        <technique profile="blender">
          <type sid="type" type="int">0</type>
          <flag sid="flag" type="int">0</flag>
          <mode sid="mode" type="int">2097153</mode>
          <red sid="red" type="float">1</red>
          <green sid="green" type="float">1</green>
          <blue sid="blue" type="float">1</blue>
          <energy sid="blender_energy" type="float">1000</energy>
          <spotsize sid="spotsize" type="float">45</spotsize>
          <spotblend sid="spotblend" type="float">0.15</spotblend>
          <clipsta sid="clipsta" type="float">0.04999995</clipsta>
          <clipend sid="clipend" type="float">40</clipend>
          <radius sid="radius" type="float">0</radius>
          <area_shape sid="area_shape" type="int">0</area_shape>
          <area_size sid="area_size" type="float">0.25</area_size>
          <area_sizey sid="area_sizey" type="float">0.25</area_sizey>
          <area_sizez sid="area_sizez" type="float">0.25</area_sizez>
        </technique>
      </extra>
    </light>
  </library_lights>
  <library_effects>
    <effect id="Material_001-effect">
      <profile_COMMON>
        <technique sid="common">
          <lambert>
            <emission>
              <color sid="emission">1 0.1279432 0 1</color>
            </emission>
            <diffuse>
              <color sid="diffuse">0.8002826 0.1019914 0 1</color>
            </diffuse>
            <index_of_refraction>
              <float sid="ior">1.5</float>
            </index_of_refraction>
          </lambert>
        </technique>
      </profile_COMMON>
    </effect>
    <effect id="dégradé_orange-effect">
      <profile_COMMON>
        <newparam sid="Dégradé_orange_png-surface">
          <surface type="2D">
            <init_from>Dégradé_orange_png</init_from>
          </surface>
        </newparam>
        <newparam sid="Dégradé_orange_png-sampler">
          <sampler2D>
            <source>Dégradé_orange_png-surface</source>
          </sampler2D>
        </newparam>
        <technique sid="common">
          <lambert>
            <emission>
              <color sid="emission">0.4 0.4 0.4 1</color>
            </emission>
            <diffuse>
              <texture texture="Dégradé_orange_png-sampler" texcoord="UVMap"/>
            </diffuse>
            <index_of_refraction>
              <float sid="ior">1.5</float>
            </index_of_refraction>
          </lambert>
        </technique>
      </profile_COMMON>
    </effect>
  </library_effects>
  <library_images/>
  <library_materials>
    <material id="Material_001-material" name="Material.001">
      <instance_effect url="#Material_001-effect"/>
    </material>
    <material id="dégradé_orange-material" name="dégradé orange">
      <instance_effect url="#dégradé_orange-effect"/>
    </material>
  </library_materials>
  <library_geometries>
    <geometry id="Sphere-mesh" name="Sphere">
      <mesh>
        <source id="Sphere-mesh-positions">
          <float_array id="Sphere-mesh-positions-array" count="1446">0.8313208 0.5555396 8.55335e-5 0.5545072 0.8314328 5.66484e-4 0.1722243 0.9807366 0.006281435 -0.06429326 0.9999421 0.01364403 -0.34854 0.9807126 0.02443015 -1.236629 0.831308 0.03754884 0.9806492 0.1913139 -0.03798198 0.9237385 0.3753014 -0.07457679 0.8313207 0.5448645 -0.1083006 0.706942 0.6934868 -0.1378524 0.5545934 0.8154562 -0.1616683 0.376819 0.9060857 -0.1780345 0.1736136 0.9618911 -0.1852443 -0.06081205 0.9807274 -0.1817744 -0.3411581 0.9618672 -0.1673636 -0.7001739 0.9060284 -0.1443153 -1.21056 0.8153352 -0.1241413 -2.053451 0.6931407 -0.1483923 -3.803496 0.5252299 -0.1846806 -6.258258 0.1777085 -0.06640017 -6.407763 0.1020166 -0.03800576 0.9806492 0.1802121 -0.07457953 0.9237385 0.3535245 -0.1463654 0.8313207 0.5132493 -0.2125214 0.7069444 0.6532482 -0.270503 0.5547498 0.7681407 -0.3177068 0.3775749 0.8535116 -0.3515352 0.1759085 0.906079 -0.3696714 -0.05518329 0.9238216 -0.3701511 -0.3292455 0.9060555 -0.3524876 -0.6768102 0.8534566 -0.3188776 -1.165031 0.7680251 -0.2797099 -1.959374 0.6529393 -0.2754852 -3.5205 0.5102137 -0.2880483 -6.165895 0.1744954 -0.0918191 -6.388796 0.09824311 -0.05179947 0.9806492 0.1621839 -0.108308 0.9237385 0.3181607 -0.2125262 0.8313207 0.461909 -0.3085719 0.7069461 0.5879046 -0.3927538 0.5549397 0.6913048 -0.461542 0.3785238 0.768136 -0.5115327 0.178789 0.8154447 -0.539873 -0.04813164 0.8314118 -0.5441854 -0.3142542 0.8154217 -0.523759 -0.6471673 0.7680827 -0.4805971 -1.106431 0.6911979 -0.4235709 -1.836217 0.5876383 -0.3904257 -3.192131 0.4603406 -0.3793655 -5.920687 0.1768754 -0.1278131 -6.350024 0.089567 -0.06788069 0.9806492 0.1379219 -0.1378712 0.9237385 0.2705692 -0.2705166 0.8313208 0.3928167 -0.3927609 0.7069463 0.4999668 -0.4999062 0.5551229 0.5879009 -0.5876342 0.3795229 0.6532399 -0.6518514 0.1818876 0.6934719 -0.6892544 -0.04044067 0.7070498 -0.6971154 -0.2977911 0.69345 -0.6745032 -0.614481 0.6531899 -0.62317 -1.041953 0.5878026 -0.5505208 -1.70199 0.4997404 -0.4896995 -2.864993 0.3918302 -0.4521647 -5.376471 0.2116093 -0.2137299 -6.2779 0.08069068 -0.08426946 0.9806492 0.1083586 -0.1621332 0.9237387 0.2125787 -0.3181081 0.8313208 0.3086277 -0.461853 0.7069464 0.3928143 -0.5878438 0.5552672 0.4619029 -0.6911264 0.3804501 0.5132386 -0.7670743 0.1848841 0.5448473 -0.812021 -0.03282803 0.5555137 -0.8229898 -0.2813329 0.5448262 -0.7988329 -0.5816429 0.5131912 -0.7410221 -0.9776955 0.4618127 -0.6557764 -1.570813 0.3926211 -0.5706474 -2.569976 0.307963 -0.5071706 -4.54992 0.1909429 -0.3354992 -6.165574 0.07588553 -0.09774911 0.9998657 -2.72983e-5 7.72593e-5 0.9806492 0.07463008 -0.1801614 0.9237389 0.1464178 -0.3534718 0.8313211 0.2125769 -0.5131933 0.7069468 0.2705649 -0.6531872 0.5553514 0.3181529 -0.7680295 0.3812146 0.3535122 -0.8527567 0.1875586 0.3752828 -0.9034137 -0.02583843 0.3826275 -0.9169062 -0.2659872 0.3752626 -0.8918734 -0.5508076 0.3534674 -0.8295056 -0.9179603 0.3180698 -0.7351659 -1.451323 0.2703981 -0.6308741 -2.320434 0.2120949 -0.5462664 -3.903133 0.1279461 -0.4184716 -5.93241 0.06851607 -0.1156705 0.9806492 0.03803253 -0.1912631 0.923739 0.07462906 -0.3752486 0.8313214 0.1083558 -0.5448082 0.7069471 0.1379167 -0.6934257 0.555389 0.1621751 -0.8153811 0.3817806 0.1801989 -0.9055899 0.1897795 0.1912945 -0.9598976 -0.01980894 0.195035 -0.9752112 -0.2524267 0.1912751 -0.9499783 -0.523303 0.1801564 -0.8851469 -0.8651252 0.1620981 -0.7854301 -1.347661 0.13777 -0.6680125 -2.113615 0.1079839 -0.5663999 -3.42866 0.07243591 -0.456236 -5.5985 0.07221001 -0.1415419 0.9806494 -2.76728e-5 -0.1950117 0.9237391 -2.86919e-5 -0.3826017 0.8313217 -3.04289e-5 -0.5554833 0.7069475 -3.28567e-5 -0.7070123 0.5553957 -3.63779e-5 -0.8313649 0.3821514 -4.07602e-5 -0.9235313 0.1915018 -4.68414e-5 -0.9792987 -0.0148642 -5.46842e-5 -0.9956487 -0.24096 -6.51792e-5 -0.9708899 -0.4997781 -8.11199e-5 -0.9057516 -0.8200708 -1.08033e-4 -0.8044181 -1.260957 -1.64209e-4 -0.6802288 -1.944885 -3.32288e-4 -0.5668921 -3.08964 -0.001356065 -0.456274 -5.177055 0.06215196 -0.1924323 0.9806495 -0.03808784 -0.1912631 0.9237394 -0.07468646 -0.3752486 0.8313218 -0.1084167 -0.5448082 0.7069479 -0.1379823 -0.6934255 0.5553962 -0.1622478 -0.8153885 0.3823643 -0.1802805 -0.9059054 0.1927543 -0.1913881 -0.9608866 -0.01100188 -0.1951445 -0.9774451 -0.2316175 -0.1914061 -0.9538286 -0.4803522 -0.1803192 -0.890536 -0.782776 -0.1623156 -0.7912606 -1.190162 -0.1381019 -0.6665374 -1.809591 -0.1086723 -0.5479122 -2.830664 -0.07561153 -0.438859 -4.706595 0.001466035 -0.2281954 0.9806495 -0.07468539 -0.1801613 0.9237395 -0.1464751 -0.3534718 0.8313221 -0.2126377 -0.513193 0.7069483 -0.2706307 -0.6531872 0.5553967 -0.3182256 -0.7680732 0.382457 -0.3535937 -0.8534035 0.1936042 -0.3753764 -0.9053963 -0.008106768 -0.3827371 -0.921334 -0.2242834 -0.3753938 -0.8994897 -0.4648191 -0.3536309 -0.8401327 -0.7527959 -0.3182905 -0.7464555 -1.133816 -0.2707419 -0.6270323 -1.703115 -0.2128618 -0.5099271 -2.632382 -0.1471835 -0.4073967 -4.336341 -0.06779533 -0.2393894 0.9806497 -0.1084139 -0.162133 0.9237397 -0.212636 -0.3181081 0.8313224 -0.3086884 -0.4618529 0.7069488 -0.3928799 -0.5878437 0.5553973 -0.4619755 -0.6912375 0.3824876 -0.51332 -0.7680565 0.1941425 -0.5449408 -0.8149912 -0.006012618 -0.5556234 -0.8295211 -0.2187274 -0.5449579 -0.8100311 -0.4528054 -0.513356 -0.7565522 -0.7294356 -0.4620374 -0.6717636 -1.090187 -0.3929842 -0.5628191 -1.621254 -0.3088898 -0.454119 -2.483337 -0.2132185 -0.3646746 -4.070547 -0.1165841 -0.234647 0.9806498 -0.1379772 -0.1378712 0.9237399 -0.2706264 -0.2705165 0.8313226 -0.3928774 -0.3927608 0.7069491 -0.5000323 -0.4999062 0.5553978 -0.5879732 -0.5878338 0.3824917 -0.6533212 -0.6531647 0.194463 -0.6935653 -0.6931654 -0.00455594 -0.7071593 -0.7055888 -0.2146815 -0.693582 -0.688956 -0.4439184 -0.6533568 -0.6430757 -0.7119944 -0.5880329 -0.570109 -1.057655 -0.5001318 -0.4760771 -1.560352 -0.3930647 -0.3820832 -2.372949 -0.271131 -0.3114442 -3.869662 -0.1500084 -0.2169123 0.9806498 -0.1622391 -0.1083079 0.92374 -0.318218 -0.2125261 0.831323 -0.4619696 -0.3085718 0.7069495 -0.58797 -0.3927539 0.5553984 -0.6913771 -0.4618362 0.3824923 -0.7682173 -0.5131637 0.1946412 -0.8155382 -0.5446285 -0.00359553 -0.8315217 -0.5543473 -0.2119081 -0.8155543 -0.5409796 -0.4377393 -0.768251 -0.5041297 -0.6998217 -0.6914351 -0.4454476 -1.034986 -0.5880659 -0.3699935 -1.517659 -0.4621465 -0.2960766 -2.294883 -0.3186745 -0.2491727 -3.727236 -0.1717798 -0.1910727 0.9806499 -0.1802673 -0.07457947 0.9237401 -0.3535817 -0.1463653 0.8313231 -0.5133096 -0.2125213 0.7069497 -0.6533135 -0.2705048 0.5553987 -0.7682129 -0.3180866 0.3824929 -0.8535927 -0.3534376 0.1947343 -0.9061722 -0.375113 -0.003016173 -0.9239312 -0.3816483 -0.2102027 -0.9061887 -0.3718448 -0.4339693 -0.8536264 -0.3451188 -0.6924305 -0.7682691 -0.3026294 -1.021188 -0.6534078 -0.2485709 -1.491128 -0.5134799 -0.1990191 -2.244866 -0.3540094 -0.1800986 -3.635448 -0.1861256 -0.1595686 0.98065 -0.1913691 -0.03798192 0.9237402 -0.3753585 -0.07457673 0.8313234 -0.5449246 -0.1083005 0.7069501 -0.693552 -0.1378569 0.5553992 -0.815528 -0.1621091 0.3824933 -0.9061666 -0.1801248 0.1947754 -0.9619843 -0.1911493 -0.002740442 -0.9808365 -0.1941575 -0.2094389 -0.9620006 -0.188093 -0.432416 -0.9062001 -0.1722029 -0.6895193 -0.8155836 -0.1471853 -1.015632 -0.6936443 -0.1164527 -1.479399 -0.5450921 -0.09438949 -2.220212 -0.375772 -0.1067934 -3.587709 -0.1955797 -0.1237376 0.98065 -0.1951177 7.81498e-5 0.9237403 -0.3827116 8.08927e-5 0.8313235 -0.5555997 8.56047e-5 0.7069503 -0.7071387 9.24198e-5 0.5553994 -0.8315044 1.02011e-4 0.3824936 -0.9239186 1.14477e-4 0.1947826 -0.9808295 1.84665e-4 -0.002730131 -1.000051 9.03383e-4 -0.2095681 -0.9808457 0.003190219 -0.4330192 -0.9239519 0.007941961 -0.6909695 -0.8315597 0.01488125 -1.018043 -0.7072309 0.02128523 -1.481721 -0.5557664 0.0139206 -2.219444 -0.3831238 -0.03201645 -3.580493 -0.1990214 -0.08593237 0.98065 -0.191369 0.03813827 0.9237403 -0.3753584 0.0747385 0.8313236 -0.5449245 0.1084716 0.7069503 -0.6935518 0.1380417 0.5553995 -0.8155279 0.1623131 0.3824938 -0.9061665 0.1803537 0.1947599 -0.9619839 0.1915332 -0.002991497 -0.980836 0.1960343 -0.2106252 -0.9620002 0.1946482 -0.4358434 -0.9061998 0.1883848 -0.6968517 -0.8155837 0.1773307 -1.028452 -0.693645 0.1593399 -1.497949 -0.5450943 0.1217619 -2.242161 -0.3757821 0.04136502 -3.612802 -0.1960729 -0.04799348 0.9806501 -0.1802673 0.07473576 0.9237404 -0.3535816 0.1465271 0.8313235 -0.5133093 0.2126924 0.7069503 -0.6533133 0.2706897 0.5553996 -0.7682125 0.3182906 0.3824939 -0.8535924 0.3536666 0.1946923 -0.9061715 0.3755463 -0.003578841 -0.9239302 0.3837451 -0.2127281 -0.9061876 0.3789365 -0.441078 -0.8536258 0.3622068 -0.7074195 -0.7682691 0.3339275 -1.047184 -0.6534091 0.292385 -1.528446 -0.5134852 0.2248988 -2.289008 -0.3540293 0.1104798 -3.686247 -0.1873991 -0.01141518 0.98065 -0.162239 0.1084642 0.9237403 -0.3182178 0.2126879 0.8313236 -0.4619691 0.308743 0.7069503 -0.5879697 0.3929389 0.5553996 -0.6913764 0.4620402 0.3824938 -0.7682168 0.5133925 0.1945447 -0.8155373 0.5451618 -0.004597008 -0.8315204 0.5568434 -0.2160758 -0.8155532 0.5490047 -0.449016 -0.7682503 0.5227632 -0.7230745 -0.6914352 0.4786757 -1.074812 -0.5880681 0.4152719 -1.574127 -0.4621545 0.3191555 -2.361714 -0.3187081 0.1725866 -3.804884 -0.1733314 0.02141427 0.98065 -0.137977 0.1380274 0.9237403 -0.2706262 0.2706782 0.8313235 -0.3928769 0.3929319 0.7069502 -0.500032 0.500091 0.5553994 -0.5879725 0.5880377 0.3824936 -0.6533206 0.6533934 0.1942542 -0.6935642 0.6938796 -0.006200551 -0.7071577 0.7087106 -0.2209458 -0.693581 0.6983652 -0.4600383 -0.653356 0.6639363 -0.7443143 -0.5880331 0.6060456 -1.112151 -0.5001352 0.5232129 -1.636347 -0.3930764 0.4005794 -2.463376 -0.2711842 0.2252082 -3.975756 -0.1500474 0.04457616 -6.05818 0.02433341 -0.04470068 0.98065 -0.1084137 0.1622893 0.9237402 -0.2126357 0.3182696 0.8313233 -0.3086878 0.4620239 0.70695 -0.3928794 0.5880285 0.5553991 -0.4619746 0.6914414 0.3824883 -0.5133191 0.7682932 0.1937203 -0.5449395 0.8160119 -0.008579909 -0.5556215 0.8335555 -0.2276158 -0.5449563 0.8213347 -0.4745304 -0.513355 0.7803595 -0.7716937 -0.4620379 0.7111855 -1.160158 -0.392989 0.6119443 -1.716951 -0.3089072 0.4655805 -2.598684 -0.2133008 0.2659662 -4.206255 -0.1142875 0.05487239 0.98065 -0.07468521 0.1803175 0.9237401 -0.1464748 0.3536333 0.8313232 -0.2126371 0.513364 0.7069497 -0.2706301 0.6533721 0.5553987 -0.3182246 0.768277 0.3824274 -0.3535928 0.8536995 0.1928324 -0.3753749 0.9068906 -0.01193505 -0.382735 0.9266316 -0.236366 -0.3753923 0.9132502 -0.492844 -0.3536304 0.8676176 -0.8057063 -0.3182912 0.7900815 -1.219798 -0.2707483 0.6778513 -1.818331 -0.2128856 0.5110993 -2.774786 -0.1473157 0.2924168 -4.518342 -0.06091415 0.05548059 0.9806498 -0.03808766 0.1914193 0.9237399 -0.07468611 0.3754101 0.8313229 -0.1084161 0.5449789 0.7069494 -0.1379818 0.6936103 0.5553982 -0.1622468 0.8155923 0.3822512 -0.1802796 0.9063494 0.1914759 -0.1913867 0.9630522 -0.01645177 -0.1951426 0.9844155 -0.2473667 -0.1914047 0.9706462 -0.5151354 -0.1803188 0.9224203 -0.846666 -0.1623175 0.8397323 -1.291932 -0.1381113 0.7180637 -1.943565 -0.1087062 0.5349563 -3.000997 -0.0758351 0.3040346 -4.969618 0.003951609 0.03125637 0.9806498 -2.75351e-5 0.1951678 0.9237398 -2.83933e-5 0.3827632 0.8313226 -2.98681e-5 0.555654 0.7069489 -3.23337e-5 0.7071972 0.5553978 -3.54482e-5 0.8315687 0.3818962 -3.9938e-5 0.924234 0.1895643 -4.53942e-5 0.9823712 -0.02219367 -5.28587e-5 1.004728 -0.260589 -6.38675e-5 0.9913731 -0.5413097 -8.10663e-5 0.942719 -0.8945626 -1.10956e-4 0.8582463 -1.37711 -1.76594e-4 0.7305917 -2.096307 -3.80574e-4 0.5360848 -3.290531 -0.001775026 0.3023352 -5.431666 0.03995519 0.03553235 0.9806497 0.03803259 0.1914193 0.9237396 0.07462936 0.3754101 0.8313223 0.1083563 0.5449788 0.7069487 0.1379172 0.6936103 0.5553867 0.162176 0.8156 0.3813119 0.1801997 0.9066853 0.1870805 0.1912958 0.9641286 -0.02906489 0.1950365 0.9868121 -0.2757209 0.1912763 0.9746596 -0.5708407 0.1801559 0.9277687 -0.9487691 0.1620942 0.8448931 -1.475319 0.137754 0.7145364 -2.280231 0.1079133 0.5143386 -3.667279 0.06913274 0.2906746 -5.783969 0.04551959 0.03189229 0.9806497 0.07463014 0.1803175 0.9237394 0.146418 0.3536332 0.8313221 0.2125772 0.5133637 0.7069482 0.2705653 0.653372 0.5553179 0.3181536 0.7683238 0.3804927 0.3535128 0.8543841 0.1841136 0.3752839 0.9090335 -0.03677076 0.3826288 0.9313578 -0.2921444 0.3752634 0.9211629 -0.6026246 0.3534665 0.8781459 -1.007794 0.3180648 0.800086 -1.585679 0.2703778 0.6701123 -2.499666 0.2119888 0.4710603 -4.186505 0.1219865 0.2289723 -6.048019 0.05458968 0.02007746 0.9806496 0.1083586 0.1622893 0.9237393 0.2125788 0.3182696 0.8313218 0.3086279 0.4620236 0.7069478 0.3928146 0.5880285 0.5551849 0.4619035 0.6915578 0.3795025 0.513239 0.7693253 0.1808778 0.5448483 0.8191899 -0.04476791 0.5555145 0.8404689 -0.3088409 0.5448268 0.832898 -0.6348981 0.5131898 0.7957141 -1.06902 0.4618065 0.7253661 -1.704989 0.3925966 0.5988139 -2.757318 0.3077968 0.4068661 -4.969097 0.1730009 0.09925019 -6.216973 0.06387799 0.01609694 0.9806494 0.1379219 0.1380274 0.9237391 0.2705692 0.2706781 0.8313215 0.3928169 0.3929315 0.7069474 0.499967 0.500091 0.5549969 0.5879012 0.5882443 0.3784474 0.6532402 0.6547639 0.1776804 0.6934725 0.6980192 -0.05237138 0.7070502 0.7175889 -0.3245044 0.69345 0.7131878 -0.6653324 0.6531881 0.6835962 -1.128461 0.5877958 0.6235011 -1.827406 0.4997121 0.5036616 -3.049494 0.3915654 0.3252696 -5.661029 0.1636915 0.05075418 -6.312507 0.07402002 0.01511287 0.9806493 0.1621838 0.1084641 0.9237389 0.3181607 0.2126877 0.8313212 0.4619089 0.3087426 0.7069469 0.5879047 0.3929388 0.5547944 0.6913049 0.4623421 0.3774732 0.7681362 0.5150811 0.1748922 0.815445 0.5501305 -0.05876845 0.8314118 0.5673727 -0.3375803 0.8154217 0.5665468 -0.6911001 0.7680811 0.5460162 -1.180716 0.6911913 0.4984031 -1.943221 0.5876092 0.3893389 -3.360041 0.4599258 0.2331392 -6.029109 0.1637462 0.01533514 -6.368529 0.08429461 0.01123553 0.9806493 0.180212 0.0747357 0.9237388 0.3535245 0.146527 0.831321 0.5132489 0.2126921 0.706945 0.6532483 0.2706914 0.5546205 0.7681407 0.3186774 0.3767331 0.8535116 0.3556161 0.1728973 0.906079 0.3811513 -0.06322008 0.923821 0.395523 -0.3466104 0.9060552 0.3985284 -0.7092971 0.8534548 0.3881983 -1.219696 0.7680199 0.3550768 -2.038114 0.652914 0.2612485 -3.655217 0.507157 0.1350046 -6.202065 0.1700628 -0.005600869 -6.400359 0.09274387 0.002004265 0.9806492 0.1913138 0.03813821 0.9237387 0.3753013 0.07473838 0.8313208 0.5448639 0.1084713 0.7069422 0.6934867 0.1380461 0.5545162 0.8154559 0.1627581 0.3763487 0.9060854 0.1824706 0.171967 0.9618909 0.1975268 -0.06514251 0.9807266 0.2085683 -0.3504383 0.9618667 0.2154999 -0.7174791 0.9060276 0.2161238 -1.239589 0.8153314 0.1993708 -2.095349 0.6931255 0.1251209 -3.880845 0.5206924 0.02289277 -6.27099 0.1769956 -0.0266695 -6.414462 0.09885573 -0.01053154 0.9806492 0.1950623 7.8123e-5 0.9237385 0.3826543 8.07816e-5 0.7069407 0.7070735 9.81535e-5 0.3763822 0.9238373 0.002280473 -0.7143502 0.9237794 0.03633171 -2.101649 0.7067078 -0.01323854 -3.942371 0.5237435 -0.08415156 -6.285968 0.17787 -0.04707551 -6.416141 0.102041 -0.02424281</float_array>
          <technique_common>
            <accessor source="#Sphere-mesh-positions-array" count="482" stride="3">
              <param name="X" type="float"/>
              <param name="Y" type="float"/>
              <param name="Z" type="float"/>
            </accessor>
          </technique_common>
        </source>
        <source id="Sphere-mesh-normals">
          <float_array id="Sphere-mesh-normals-array" count="1446">-0.1159271 0.9931274 -0.01609814 -0.1188229 0.9479484 -0.2954234 -0.1225004 0.9920994 -0.02706718 0.548421 0.8361985 -0.002568423 0.3653747 0.9132688 -0.1801154 0.3666555 0.9303567 6.14125e-4 -0.2676067 0.724858 -0.6347973 -0.3187701 0.9403107 -0.1191707 0.1718723 0.9665778 -0.1902299 0.1755747 0.9844658 8.24699e-4 -0.7076718 -0.3364662 -0.6212818 -0.9303784 -0.1722139 -0.3236332 -1.81158e-4 0.9808765 -0.1946308 0.006702661 0.9999776 9.86658e-5 0.9807918 0.1950576 -4.14672e-7 1 2.10363e-6 -1.38596e-6 0.9807917 0.1913105 -0.0380541 -0.1366973 -0.9877516 -0.075239 -0.1204643 0.972544 -0.1991149 -0.1114494 0.9937663 -0.002758383 0.9238878 0.3753105 -0.07465511 0.9238886 0.3826616 -2.26271e-6 -0.1726482 0.9624632 -0.2094216 -0.1650632 0.9862492 -0.008170127 0.8314641 0.544903 -0.1083896 0.8314924 0.5555361 -9.65718e-7 -0.1579102 0.9610697 -0.2267369 -0.1594808 0.9870989 -0.01420861 0.706133 0.6944894 -0.1380609 0.7061316 0.7080806 -2.25873e-5 -0.105782 0.9621595 -0.2511162 0.5461344 0.8209821 -0.1665106 0.7062489 0.6541147 -0.2708255 -0.1038655 0.8790944 -0.4651936 0.5493646 0.7723289 -0.318915 -0.1104199 0.8017421 -0.5873816 0.365039 0.8610314 -0.3540786 -0.1792627 0.4202358 -0.8895319 0.1693553 0.9118058 -0.3740711 -0.508277 -0.4716374 -0.7205643 -0.006971597 0.9242607 -0.3816982 0.9807915 0.1802117 -0.07464498 -0.1305124 0.9133214 -0.3857596 0.9239067 0.3534922 -0.1464232 -0.1837564 0.8985809 -0.3984795 0.8283686 0.5155693 -0.2190752 -0.1628028 0.8910933 -0.4236133 -0.01221853 0.8327506 -0.5535135 0.9807915 0.1621865 -0.1083682 -0.3644886 -0.4536706 -0.8132226 -0.1409262 0.8193531 -0.5556981 0.9238869 0.318175 -0.2125978 -0.1979017 0.7989767 -0.5678654 0.8314933 0.4619092 -0.3086402 -0.1740232 0.7816286 -0.5989764 0.706415 0.5885738 -0.3931396 -0.1056083 0.7486561 -0.654493 0.550005 0.6950222 -0.4630754 -0.09366714 0.5626707 -0.8213576 0.3657435 0.7755411 -0.5145558 -0.1502881 0.338087 -0.9290376 0.1676421 0.8214264 -0.5451192 -0.1153249 0.5888617 -0.7999638 0.551055 0.5908437 -0.5892725 -0.08745312 0.4328073 -0.8972345 0.3673596 0.6600276 -0.6552943 -0.1591793 0.477602 -0.8640362 0.1687378 0.7008048 -0.6931091 -0.1949272 -0.4524811 -0.8702094 -0.01597476 0.709721 -0.7043018 0.9807918 0.1379267 -0.1379272 -0.1512944 0.6947784 -0.703131 0.9238864 0.2705864 -0.2705864 -0.2141186 0.6699666 -0.7108432 0.8314644 0.3928517 -0.3928543 -0.1928631 0.6423513 -0.7417471 0.7033356 0.4996184 -0.5056685 -0.1082258 -0.5548334 -0.8248922 -0.1603248 0.5448201 -0.8230839 0.9238862 0.2125995 -0.3181756 -0.230871 0.5168455 -0.82436 0.8314635 0.3086627 -0.4619479 -0.2142938 0.4812057 -0.8500114 0.7068691 0.3930321 -0.5881003 -0.1324961 0.412924 -0.9010763 0.5521316 0.4639961 -0.6927181 -0.08492428 0.2723469 -0.9584441 0.3697208 0.5189421 -0.7707177 -0.1318938 0.1753878 -0.9756245 0.1706454 0.5522376 -0.8160355 -0.0180124 0.5595796 -0.828581 0.9794598 0.106972 -0.1709259 -0.08958578 0.1128449 -0.9895658 0.3723624 0.3578463 -0.856325 -0.1181839 -0.06520098 -0.9908489 0.1735938 0.3820402 -0.9076952 -0.0583356 -0.7692888 -0.6362324 -0.01836162 0.387691 -0.9216066 0.9807917 0.07464629 -0.1802102 -0.1681535 0.3746789 -0.9117786 0.9238865 0.1464406 -0.3535378 -0.2470796 0.3467211 -0.9048405 0.8314632 0.2126112 -0.5132888 -0.2393867 0.306217 -0.9213714 0.7070177 0.2706613 -0.6533518 -0.1574444 0.2320832 -0.9598691 0.5502173 0.3169484 -0.7725313 0.9238868 0.07465481 -0.3753128 -0.2618137 0.1657105 -0.9507858 0.8314633 0.1083904 -0.5449039 -0.2645073 0.1244128 -0.9563249 0.7070836 0.1379528 -0.693543 -0.1843533 0.05000829 -0.981587 0.5542287 0.1627392 -0.8163005 -0.1018729 -0.06366324 -0.9927582 0.3749621 0.1830879 -0.9087807 -0.1000225 -0.3739147 -0.9220539 0.1771328 0.1968306 -0.9643038 -0.05041313 -0.8530384 -0.5194073 -0.01729363 0.2003909 -0.9795634 0.9794609 0.03344577 -0.1988409 -0.1733835 0.1915609 -0.9660449 0.3773843 0.001579344 -0.9260555 -0.09679311 -0.5058162 -0.8571937 0.1808195 0.003959238 -0.9835084 -0.1119118 -0.6040166 -0.7890753 -0.0155605 0.004896879 -0.999867 0.9807918 4.9487e-6 -0.1950576 -0.177873 -8.33538e-4 -0.9840531 0.923887 2.05025e-6 -0.3826655 -0.2743502 -0.01964259 -0.9614292 0.8314644 3.70378e-6 -0.5555782 -0.2877486 -0.05785602 -0.9559568 0.7070977 1.02716e-5 -0.7071159 -0.2144944 -0.1281897 -0.9682767 0.5518375 -0.003287971 -0.8339452 -0.1222717 -0.2468743 -0.9613026 -0.2844452 -0.2031419 -0.9369227 0.9238874 -0.07465273 -0.3753121 0.8314652 -0.1083841 -0.5449023 -0.3079203 -0.2345576 -0.9220455 0.7071052 -0.1379454 -0.6935224 -0.243901 -0.2972741 -0.9231145 0.5552665 -0.1621862 -0.8157051 -0.14507 -0.4061448 -0.9022201 0.3792906 -0.1795601 -0.9076877 -0.1016598 -0.5832394 -0.8059139 0.1844134 -0.1888705 -0.9645308 -0.1233259 -0.482849 -0.8669762 -0.01254653 -0.1911863 -0.9814736 0.9807921 -0.03805071 -0.1913093 -0.1794722 -0.191388 -0.9649666 -0.1095222 -0.6599771 -0.7432598 0.1872572 -0.374064 -0.9083011 -0.1172399 -0.5841795 -0.8031123 -0.009731173 -0.3799193 -0.9249685 0.9807823 -0.07466268 -0.1802545 -0.1810572 -0.376862 -0.9084016 0.9238879 -0.1464363 -0.3535358 -0.2921568 -0.3785048 -0.8782815 0.8314949 -0.2125902 -0.5132461 -0.3243488 -0.4004264 -0.8570044 0.7071083 -0.2705929 -0.6532819 -0.2704094 -0.4530513 -0.8494842 0.5554383 -0.318224 -0.7682589 -0.1738263 -0.5456912 -0.8197594 0.3783351 -0.3559744 -0.8544851 0.9238886 -0.212594 -0.3181726 0.8314688 -0.3086564 -0.4619426 -0.336921 -0.5507152 -0.7636734 0.7070764 -0.3928602 -0.5879659 -0.2925995 -0.5922299 -0.7507659 0.5555133 -0.4619368 -0.6913895 -0.1950789 -0.666366 -0.7196531 0.3814291 -0.5134861 -0.7686638 -0.1199399 -0.7438738 -0.6574695 0.1898276 -0.5445353 -0.8169742 -0.1085311 -0.7624036 -0.6379355 -0.007043898 -0.5538482 -0.832588 0.9807922 -0.108365 -0.1621843 -0.1808848 -0.5469666 -0.817379 -0.2969242 -0.5385476 -0.7885446 0.3818855 -0.6534125 -0.6536175 0.1915102 -0.6935842 -0.6944528 -0.09954994 -0.9095634 -0.4034652 -0.004542291 -0.7062823 -0.7079158 0.9807924 -0.137923 -0.1379261 -0.1798326 -0.6961622 -0.6949953 0.9239085 -0.2705466 -0.2705506 -0.3003932 -0.6803912 -0.6684548 0.831499 -0.3928137 -0.3928191 -0.3455829 -0.6812325 -0.6453641 0.7071164 -0.4999907 -0.4999958 -0.3098289 -0.711582 -0.6306006 0.555549 -0.5879432 -0.5879526 -0.2170973 -0.7686406 -0.6017147 -0.1316537 -0.8285589 -0.5442035 -0.3504964 -0.7882869 -0.5057234 0.8314733 -0.4619331 -0.3086584 0.707121 -0.5879241 -0.3928424 -0.322228 -0.8082337 -0.4928766 0.5555598 -0.6913453 -0.4619469 -0.2357321 -0.8508036 -0.4696422 0.3822643 -0.7682818 -0.5134365 -0.1461128 -0.896737 -0.4177485 0.1925689 -0.8156635 -0.5455366 -0.09731751 -0.9718121 -0.2147337 -0.002540051 -0.8311809 -0.5559964 0.9807926 -0.1621805 -0.1083676 -0.1779166 -0.81849 -0.5462782 0.9238902 -0.3181671 -0.2125952 -0.3006873 -0.7954865 -0.5261071 -0.1019946 -0.9874766 -0.1203622 0.1933802 -0.906359 -0.375656 -8.03553e-4 -0.9238258 -0.3828123 0.9807927 -0.1802051 -0.07464474 -0.1756835 -0.9097678 -0.376109 0.9238908 -0.3535278 -0.1464377 -0.3001332 -0.8825126 -0.362066 0.8314751 -0.5132715 -0.2126068 -0.3522825 -0.868092 -0.3497334 0.7071259 -0.6532623 -0.2705948 -0.3297922 -0.8800611 -0.3416571 0.5556104 -0.7681517 -0.3181825 -0.2504635 -0.9112408 -0.3269685 0.3825184 -0.853603 -0.3536122 -0.1657622 -0.9434586 -0.2870695 -0.3328025 -0.9254624 -0.1810025 0.7071307 -0.6934957 -0.1379486 0.5555765 -0.8154886 -0.1622136 -0.2611345 -0.9489071 -0.1771558 0.3826255 -0.9061481 -0.1802593 -0.1707892 -0.9724238 -0.1588175 0.1940183 -0.9621337 -0.1914569 -0.1079752 -0.9908247 -0.08128911 6.98877e-4 -0.9808256 -0.1948866 0.9807929 -0.1913045 -0.03805208 -0.1734071 -0.9659773 -0.1918799 0.9238915 -0.375302 -0.07465273 -0.2967889 -0.9367563 -0.1854836 0.8314778 -0.5448827 -0.1083867 -0.3505215 -0.9188643 -0.181172 0.9807931 -0.1950516 8.11124e-7 -0.1090409 -0.9929162 -0.04719638 0.002214789 -0.9999976 -2.64443e-4 -0.170106 -0.9854257 -5.74922e-4 0.9238921 -0.382653 -1.05629e-6 -0.2922241 -0.9563462 -0.002663671 0.8314797 -0.5555551 -1.58534e-6 -0.3459321 -0.9382303 -0.00740683 0.7071351 -0.7070785 -1.31194e-6 -0.3318886 -0.9432048 -0.01465874 0.5555849 -0.8314599 -2.00879e-6 -0.2672165 -0.9633788 -0.02228736 0.3826323 -0.9239008 -3.68017e-6 -0.1782138 -0.9836079 -0.02748596 0.1943877 -0.9809248 -9.23507e-6 0.7071391 -0.6934887 0.1379413 0.5555922 -0.8154792 0.1622073 -0.3278289 -0.9326516 0.1506299 -0.2694813 -0.9539654 0.1316431 0.3827078 -0.9061171 0.1802404 -0.1812044 -0.9778727 0.104547 0.1948238 -0.9619857 0.1913827 -0.1046068 -0.9944753 -0.008740603 0.003754436 -0.9808526 0.1947163 0.9807932 -0.1913031 0.0380516 -0.1662131 -0.9674773 0.1906858 0.9238927 -0.3752992 0.07465064 -0.2857679 -0.9411881 0.1802828 0.8314814 -0.544878 0.1083824 -0.3386301 -0.9260467 0.1666349 0.005549669 -0.9241186 0.3820655 -0.1612445 -0.913066 0.3745807 0.9807934 -0.1802021 0.07464432 0.9238932 -0.3535229 0.1464341 -0.2772563 -0.89205 0.3568975 0.8314827 -0.5132622 0.2125994 -0.3287883 -0.8828533 0.335363 0.7071428 -0.653249 0.2705826 -0.3208464 -0.8944031 0.3116098 0.5555983 -0.7681607 0.318182 -0.2690026 -0.9207596 0.2825586 0.3826764 -0.8535533 0.3535615 -0.1810104 -0.9541554 0.2383751 0.1949939 -0.9061378 0.3753554 -0.09853959 -0.9944581 0.03664779 -0.3115841 -0.8293591 0.4637663 -0.2660869 -0.8641081 0.427218 0.5556035 -0.6913233 0.4619274 0.382734 -0.7681534 0.513279 -0.1784346 -0.9084921 0.3778931 0.1954587 -0.8154342 0.5448515 -0.09728926 -0.9821637 0.1609022 0.007736921 -0.8320777 0.5546053 0.9807933 -0.1621769 0.1083659 -0.1552479 -0.8244143 0.5442786 0.9238936 -0.3181612 0.2125891 -0.2672288 -0.8107084 0.5209037 0.8314841 -0.4619225 0.3086453 -0.316659 -0.8099032 0.4937449 0.7071454 -0.5879063 0.3928253 0.9807933 -0.1379213 0.1379218 0.923894 -0.2705723 0.2705746 -0.1479845 -0.7050238 0.693572 -0.2554242 -0.7000528 0.6668468 0.8314849 -0.3928316 0.3928312 -0.3028301 -0.7093198 0.6365213 0.7071471 -0.4999716 0.4999713 -0.3008561 -0.7387092 0.6031537 0.5556073 -0.58792 0.5879207 -0.2612121 -0.7842899 0.5627235 0.3826967 -0.6532673 0.653288 -0.1741549 -0.8409138 0.5123809 0.195812 -0.6934843 0.6933522 -0.1034293 -0.9023085 0.4184996 0.01040536 -0.7083706 0.7057641 0.5556105 -0.4619247 0.6913194 0.3827097 -0.5132637 0.7681757 -0.254492 -0.6817852 0.6858592 -0.1687392 -0.7597789 0.6279039 0.1963603 -0.5449417 0.8151572 -0.1073372 -0.7285502 0.6765304 0.01344066 -0.5575302 0.830048 0.9807931 -0.1083648 0.1621788 -0.1400097 -0.5592772 0.8170718 0.9238939 -0.2125869 0.3181617 -0.242433 -0.563633 0.7896482 0.8314853 -0.3086454 0.4619201 -0.287809 -0.5835168 0.7593908 0.7071484 -0.3928242 0.5879034 -0.2894104 -0.6241414 0.7257336 -0.1315039 -0.3924924 0.9103058 -0.2290356 -0.4058815 0.8847615 0.9238938 -0.1464312 0.3535227 0.8314856 -0.2125961 0.5132588 -0.2723689 -0.4357732 0.857856 0.7071483 -0.27058 0.6532441 -0.2779142 -0.4875928 0.8276576 0.5555993 -0.3181795 0.7681611 -0.2456817 -0.5582674 0.7924506 0.3826801 -0.3535366 0.8535618 -0.1620572 -0.6703442 0.7241382 0.1969097 -0.3755582 0.9056394 -0.1074069 -0.5139346 0.8510788 0.01705461 -0.3861701 0.92227 0.9807969 -0.07463306 0.1801874 -0.2337805 -0.4174973 0.8780904 -0.1467829 -0.6359909 0.7576083 0.3824838 -0.1801949 0.9062208 0.1975079 -0.1918067 0.9613536 -0.08021581 -0.7060979 0.7035561 0.02066898 -0.1998902 0.9796004 0.9807931 -0.03804987 0.1913039 -0.1227959 -0.2105101 0.9698489 0.9238936 -0.07464861 0.3752977 -0.2154519 -0.2315363 0.9486683 0.8315134 -0.1083688 0.5448321 -0.2572953 -0.2701809 0.9277939 0.7071484 -0.1379373 0.69348 -0.2666711 -0.3314354 0.9050068 0.5555819 -0.1621993 0.8154878 -0.2025105 -0.04628998 0.9781854 -0.2432385 -0.09125584 0.9656643 0.7071389 2.81088e-6 0.7070746 -0.2553324 -0.1585237 0.9537692 0.5555003 2.98292e-5 0.8315164 -0.2175845 -0.2625243 0.9400734 0.3821173 1.54534e-4 0.9241139 -0.1318969 -0.53279 0.8359055 0.1978287 -7.12405e-4 0.9802364 -0.03352028 -0.9374833 0.3464126 0.02402728 -0.005861699 0.9996941 0.9807931 1.84128e-6 0.1950517 -0.1143958 -0.01958703 0.9932422 0.9238933 2.75194e-6 0.3826501 0.8283872 0.005152583 0.5601323 -0.1291649 -0.2691918 0.9543858 -0.03748917 -0.8982107 0.4379637 0.1976732 0.1905096 0.9615777 0.02668064 0.1887553 0.9816617 0.9807929 0.0380544 0.1913042 -0.1070482 0.1734436 0.9790087 0.9238929 0.07465535 0.3752981 -0.1906459 0.1438505 0.9710619 0.8314834 0.1083863 0.5448743 -0.2304803 0.09601241 0.9683287 0.707144 0.1379439 0.6934832 -0.2429121 0.02689844 0.9696753 0.55529 0.1623209 0.8156623 -0.1997185 -0.06428956 0.9777421 0.3814092 0.1806418 0.9065846 0.7071188 0.2706033 0.6532664 -0.2190896 0.285233 0.9330819 -0.2283968 0.2212092 0.9481042 0.5549178 0.3185124 0.7685155 -0.180063 0.1181178 0.9765375 0.3802896 0.3544174 0.8542647 -0.133646 0.1649714 0.9772018 0.1968972 0.3746179 0.9060315 -0.04255884 -0.7496894 0.66042 0.02820706 0.3766632 0.9259208 0.9807929 0.07464462 0.1802044 -0.1010478 0.3615401 0.9268647 0.9238924 0.1464374 0.3535239 -0.1803742 0.3320111 0.9258693 0.8283859 0.2190672 0.5155448 0.194972 0.5446518 0.815684 0.02827078 0.5506285 0.8342716 0.9807927 0.1083695 0.1621787 -0.081496 -0.5604524 0.8241672 -0.09729778 0.5370231 0.8379377 0.9238917 0.2125939 0.3181633 -0.1723227 0.5101731 0.8426318 0.8314805 0.3086525 0.461924 -0.2086785 0.4691615 0.858103 0.7070474 0.3929014 0.5879732 -0.2108964 0.4158079 0.8846619 0.5542425 0.4626898 0.6919057 -0.1602732 0.2187593 0.9625264 0.3787099 0.5148308 0.7691087 -0.09032416 -0.02973258 0.9954686 -0.1982402 0.6391519 0.743092 -0.1905372 0.5991075 0.7776669 0.7068703 0.5002434 0.5000911 0.5532191 0.5895038 0.5885864 -0.148904 0.4645646 0.8729304 0.3764743 0.6559706 0.654194 -0.08654868 0.06183868 0.9943267 0.1925498 0.6940073 0.6937424 -0.1098397 -0.6222333 0.7750877 0.0266655 0.7037058 0.7099909 0.9807925 0.1379271 0.1379216 -0.09572392 0.6925695 0.7149717 0.9238911 0.2705808 0.2705758 -0.1663331 0.6707776 0.7227661 0.8315067 0.3928115 0.392805 0.9807924 0.1621832 0.1083656 -0.2813763 -0.56145 0.7782039 0.02373617 0.8295191 0.5579739 -0.09638905 0.8211441 0.5625226 0.9238907 0.3181688 0.2125909 -0.1624683 0.805045 0.570532 0.8314762 0.4619344 0.3086489 -0.1873524 0.7849165 0.5905974 0.7066208 0.5883759 0.3930661 -0.1685316 0.7618504 0.6254448 0.5520864 0.6935266 0.4628409 -0.1326024 0.6151824 0.7771534 0.3739573 0.7716665 0.5144773 -0.09895199 0.3042162 0.9474498 0.1890389 0.8166652 0.5452727 0.5509771 0.771134 0.3190247 -0.1475207 0.8905948 0.4302075 -0.1300973 0.8391808 0.5280629 0.3712468 0.8581185 0.354695 -0.1341394 0.5438627 0.8283841 0.1846367 0.9081343 0.375768 -0.5323362 -0.4717428 0.7029061 0.01916021 0.9230561 0.3841879 0.9807922 0.1802087 0.0746439 -0.09935992 0.9167146 0.3869912 0.9238897 0.3535315 0.146435 -0.160768 0.9057133 0.3922207 0.8315007 0.5132386 0.2125862 -0.1762719 0.8962872 0.406937 0.7031109 0.6586487 0.267987 -0.1043534 0.9751177 0.1955912 0.9238892 0.3753081 0.07465046 -0.16132 0.9671595 0.196414 0.8314678 0.5448982 0.1083849 -0.1663117 0.9651736 0.2019419 0.7062416 0.6943705 0.1381034 -0.1313478 0.9671902 0.2174645 0.5500435 0.8191122 0.1628116 -0.125797 0.9663806 0.22424 0.3687305 0.9117066 0.1811879 -0.2310577 0.8492556 0.4747394 0.1800313 0.9647558 0.191925 -0.8764588 -0.2862563 0.3871402 0.01321744 0.9807441 0.1948498 0.9794607 0.1988474 0.03341645</float_array>
          <technique_common>
            <accessor source="#Sphere-mesh-normals-array" count="482" stride="3">
              <param name="X" type="float"/>
              <param name="Y" type="float"/>
              <param name="Z" type="float"/>
            </accessor>
          </technique_common>
        </source>
        <source id="Sphere-mesh-map-0">
          <float_array id="Sphere-mesh-map-0-array" count="5760">0.5753755 0.4413833 0.3612707 0.462091 0.34509 0.4607284 0.9142895 0.4255073 0.8916088 0.4159765 0.8915531 0.4137104 0.34509 0.4607284 0.07439804 0.4837375 0.0702337 0.4827989 0.8915531 0.4137104 0.8656715 0.4088516 0.8654942 0.4064458 0.0702337 0.4827989 0.05268138 0.5072253 0.05149686 0.5067467 0.8654942 0.4064458 0.8357501 0.4064458 0.8353057 0.4039928 0.9686853 0.5067467 0.9711382 0.5316519 0.9686853 0.5072253 0.1059792 0.5316519 0.05149686 0.5067467 0.05268138 0.5072253 0.8353057 0.4039928 0.7999691 0.4088516 0.799027 0.4064458 0.9686853 0.5067467 0.9614207 0.4837375 0.9614207 0.4827989 0.799027 0.4064458 0.7541511 0.4159765 0.7523419 0.4137104 0.9614207 0.4827989 0.9496239 0.462091 0.9496239 0.4607283 0.7523419 0.4137104 0.689025 0.4275467 0.6856987 0.4255073 0.9496239 0.4607283 0.9337472 0.4431178 0.9337471 0.4413833 0.6856987 0.4255073 0.5815201 0.4431178 0.5753755 0.4413833 0.9337471 0.4413833 0.9143006 0.4275467 0.9142895 0.4255073 0.9496239 0.462091 0.9337476 0.4482546 0.9337472 0.4431178 0.689025 0.4275467 0.5935145 0.4482546 0.5815201 0.4431178 0.9337472 0.4431178 0.9143206 0.4335871 0.9143006 0.4275467 0.5815201 0.4431178 0.3950271 0.466127 0.3612707 0.462091 0.9143006 0.4275467 0.8917053 0.4226881 0.8916088 0.4159765 0.3612707 0.462091 0.08872753 0.4865176 0.07439804 0.4837375 0.8916088 0.4159765 0.8659644 0.4159765 0.8656715 0.4088516 0.07439804 0.4837375 0.05651944 0.5086425 0.05268138 0.5072253 0.8656715 0.4088516 0.8364685 0.4137104 0.8357501 0.4064458 0.9686853 0.5072253 0.9711382 0.5316519 0.9686853 0.5086425 0.1059792 0.5316519 0.05268138 0.5072253 0.05651944 0.5086425 0.8357501 0.4064458 0.8014895 0.4159765 0.7999691 0.4088516 0.9686853 0.5072253 0.9614207 0.4865176 0.9614207 0.4837375 0.7999691 0.4088516 0.7571329 0.4226881 0.7541511 0.4159765 0.9614207 0.4837375 0.9496239 0.466127 0.9496239 0.462091 0.7541511 0.4159765 0.6948342 0.4335871 0.689025 0.4275467 0.8659644 0.4159765 0.8373686 0.4255073 0.8364685 0.4137104 0.9686853 0.5086425 0.9711382 0.5316519 0.9686853 0.5109441 0.1059792 0.5316519 0.05651944 0.5086425 0.06357264 0.5109441 0.8364685 0.4137104 0.803403 0.4275469 0.8014895 0.4159765 0.9686853 0.5086425 0.9614207 0.4910321 0.9614207 0.4865176 0.8014895 0.4159765 0.7609159 0.4335871 0.7571329 0.4226881 0.9614207 0.4865176 0.9496239 0.4726811 0.9496239 0.466127 0.7571329 0.4226881 0.7023113 0.4433959 0.6948342 0.4335871 0.9496239 0.466127 0.9337477 0.4565963 0.9337476 0.4482546 0.6948342 0.4335871 0.6092185 0.4565963 0.5935145 0.4482546 0.9337476 0.4482546 0.9143449 0.4433959 0.9143206 0.4335871 0.5935145 0.4482546 0.436587 0.4726811 0.3950271 0.466127 0.9143206 0.4335871 0.8918264 0.4335871 0.8917053 0.4226881 0.3950271 0.466127 0.1203126 0.4910321 0.08872753 0.4865176 0.8917053 0.4226881 0.8663319 0.4275467 0.8659644 0.4159765 0.08872753 0.4865176 0.06357264 0.5109441 0.05651944 0.5086425 0.7023113 0.4433959 0.6263366 0.4678224 0.6092185 0.4565963 0.9337477 0.4565963 0.9143682 0.4565963 0.9143449 0.4433959 0.6092185 0.4565963 0.4781594 0.4815014 0.436587 0.4726811 0.9143449 0.4433959 0.8919538 0.4482546 0.8918264 0.4335871 0.436587 0.4726811 0.1826202 0.4971075 0.1203126 0.4910321 0.8918264 0.4335871 0.8667275 0.4431178 0.8663319 0.4275467 0.1203126 0.4910321 0.07489317 0.5140413 0.06357264 0.5109441 0.8663319 0.4275467 0.8383501 0.4413833 0.8373686 0.4255073 0.9686853 0.5109441 0.9711382 0.5316519 0.9686853 0.5140413 0.1059792 0.5316519 0.06357264 0.5109441 0.07489317 0.5140413 0.8373686 0.4255073 0.805504 0.4431178 0.803403 0.4275469 0.9686853 0.5109441 0.9614207 0.4971075 0.9614207 0.4910321 0.803403 0.4275469 0.7650871 0.4482546 0.7609159 0.4335871 0.9614207 0.4910321 0.9496239 0.4815014 0.9496239 0.4726811 0.7609159 0.4335871 0.7105383 0.4565963 0.7023113 0.4433959 0.9496239 0.4726811 0.9337477 0.4678224 0.9337477 0.4565963 0.1059792 0.5316519 0.07489317 0.5140413 0.09224563 0.5178154 0.8383501 0.4413833 0.8076046 0.4620912 0.805504 0.4431178 0.9686853 0.5140413 0.9614207 0.5045105 0.9614207 0.4971075 0.805504 0.4431178 0.7692776 0.466127 0.7650871 0.4482546 0.9614207 0.4971075 0.9496239 0.4922489 0.9496239 0.4815014 0.7650871 0.4482546 0.7187374 0.4726811 0.7105383 0.4565963 0.9496239 0.4815014 0.9337477 0.4815014 0.9337477 0.4678224 0.7105383 0.4565963 0.6430676 0.4815014 0.6263366 0.4678224 0.9337477 0.4678224 0.9143866 0.4726811 0.9143682 0.4565963 0.6263366 0.4678224 0.5157064 0.4922489 0.4781594 0.4815014 0.9143682 0.4565963 0.8920722 0.4661269 0.8919538 0.4482546 0.4781594 0.4815014 0.2734501 0.5045105 0.1826202 0.4971075 0.8919538 0.4482546 0.8671098 0.462091 0.8667275 0.4431178 0.1826202 0.4971075 0.09224563 0.5178154 0.07489317 0.5140413 0.8667275 0.4431178 0.8393217 0.4607283 0.8383501 0.4413833 0.9686853 0.5140413 0.9711382 0.5316519 0.9686853 0.5178154 0.6430676 0.4815014 0.5474933 0.5045105 0.5157064 0.4922489 0.9143866 0.4726811 0.8921698 0.4865176 0.8920722 0.4661269 0.5157064 0.4922489 0.3498009 0.5129565 0.2734501 0.5045105 0.8920722 0.4661269 0.8674512 0.4837375 0.8671098 0.462091 0.2734501 0.5045105 0.118204 0.5221211 0.09224563 0.5178154 0.8671098 0.462091 0.8402138 0.4827989 0.8393217 0.4607283 0.9686853 0.5178154 0.9711382 0.5316519 0.9686853 0.5221211 0.1059792 0.5316519 0.09224563 0.5178154 0.118204 0.5221211 0.8393217 0.4607283 0.809563 0.4837375 0.8076046 0.4620912 0.9686853 0.5178154 0.9614207 0.5129565 0.9614207 0.5045105 0.8076046 0.4620912 0.773213 0.4865176 0.7692776 0.466127 0.9614207 0.5045105 0.9496239 0.5045105 0.9496239 0.4922489 0.7692776 0.466127 0.7263596 0.4910321 0.7187374 0.4726811 0.9496239 0.4922489 0.9337477 0.4971075 0.9337477 0.4815014 0.7187374 0.4726811 0.6583098 0.4971075 0.6430676 0.4815014 0.9337477 0.4815014 0.9143972 0.4910321 0.9143866 0.4726811 0.9686853 0.5221211 0.9614207 0.5221211 0.9614207 0.5129565 0.809563 0.4837375 0.7767227 0.5086425 0.773213 0.4865176 0.9614207 0.5129565 0.9496239 0.5178154 0.9496239 0.5045105 0.773213 0.4865176 0.7331016 0.5109441 0.7263596 0.4910321 0.9496239 0.5045105 0.9337477 0.5140413 0.9337477 0.4971075 0.7263596 0.4910321 0.6715339 0.5140413 0.6583098 0.4971075 0.9337477 0.4971075 0.914402 0.5109441 0.9143972 0.4910321 0.6583098 0.4971075 0.5738513 0.5178154 0.5474933 0.5045105 0.9143972 0.4910321 0.8922419 0.5086425 0.8921698 0.4865176 0.5474933 0.5045105 0.4065937 0.5221211 0.3498009 0.5129565 0.8921698 0.4865176 0.8677345 0.5072253 0.8674512 0.4837375 0.3498009 0.5129565 0.1553918 0.5267932 0.118204 0.5221211 0.8674512 0.4837375 0.8409832 0.5067467 0.8402138 0.4827989 0.9686853 0.5221211 0.9711382 0.5316519 0.9686853 0.5267932 0.1059792 0.5316519 0.118204 0.5221211 0.1553918 0.5267932 0.8402138 0.4827989 0.8112936 0.5072253 0.809563 0.4837375 0.914402 0.5109441 0.8922891 0.5316519 0.8922419 0.5086425 0.5738513 0.5178154 0.4496027 0.5316519 0.4065937 0.5221211 0.8922419 0.5086425 0.8679543 0.5316519 0.8677345 0.5072253 0.4065937 0.5221211 0.2033335 0.5316519 0.1553918 0.5267932 0.8677345 0.5072253 0.8416142 0.5316519 0.8409832 0.5067467 0.9686853 0.5267932 0.9711382 0.5316519 0.9686853 0.5316519 0.1059792 0.5316519 0.1553918 0.5267932 0.2033335 0.5316519 0.8409832 0.5067467 0.812757 0.5316519 0.8112936 0.5072253 0.9614207 0.5221211 0.9686853 0.5316519 0.9614207 0.5316519 0.8112936 0.5072253 0.7797251 0.5316519 0.7767227 0.5086425 0.9496239 0.5178154 0.9614207 0.5316519 0.9496239 0.5316519 0.7767227 0.5086425 0.7388506 0.5316519 0.7331016 0.5109441 0.9337477 0.5140413 0.9496239 0.5316519 0.9337477 0.5316519 0.7331016 0.5109441 0.6825953 0.5316519 0.6715339 0.5140413 0.914402 0.5109441 0.9337477 0.5316519 0.9144027 0.5316519 0.6715339 0.5140413 0.595362 0.5316519 0.5738513 0.5178154 0.812757 0.5316519 0.782204 0.554661 0.7797251 0.5316519 0.9496239 0.5316519 0.9614207 0.5411826 0.9496239 0.5454882 0.7797251 0.5316519 0.7436095 0.5523595 0.7388506 0.5316519 0.9337477 0.5316519 0.9496239 0.5454882 0.9337477 0.5492623 0.7388506 0.5316519 0.6916274 0.5492623 0.6825953 0.5316519 0.9144027 0.5316519 0.9337477 0.5492623 0.9144027 0.5523595 0.6825953 0.5316519 0.6126134 0.5454884 0.595362 0.5316519 0.9144027 0.5316519 0.8923162 0.554661 0.8922891 0.5316519 0.595362 0.5316519 0.4825261 0.5411826 0.4496027 0.5316519 0.8922891 0.5316519 0.8681142 0.5560783 0.8679543 0.5316519 0.4496027 0.5316519 0.2541983 0.5365104 0.2033335 0.5316519 0.8679543 0.5316519 0.842107 0.5565569 0.8416142 0.5316519 0.9686853 0.5316519 0.9711382 0.5316519 0.9686853 0.5365104 0.1059792 0.5316519 0.2033335 0.5316519 0.2541983 0.5365104 0.8416142 0.5316519 0.8139491 0.5560783 0.812757 0.5316519 0.9614207 0.5316519 0.9686853 0.5365104 0.9614207 0.5411826 0.6126134 0.5454884 0.5077602 0.5503471 0.4825261 0.5411826 0.8923162 0.554661 0.8682225 0.5795661 0.8681142 0.5560783 0.4825261 0.5411826 0.2967506 0.5411826 0.2541983 0.5365104 0.8681142 0.5560783 0.8424764 0.5805048 0.842107 0.5565569 0.9686853 0.5365104 0.9711382 0.5316519 0.9686853 0.5411826 0.1059792 0.5316519 0.2541983 0.5365104 0.2967506 0.5411826 0.842107 0.5565569 0.814885 0.5795661 0.8139491 0.5560783 0.9614207 0.5411826 0.9686853 0.5411826 0.9614207 0.5503471 0.8139491 0.5560783 0.7841861 0.576786 0.782204 0.554661 0.9496239 0.5454882 0.9614207 0.5503471 0.9496239 0.558793 0.782204 0.554661 0.7474352 0.5722717 0.7436095 0.5523595 0.9337477 0.5492623 0.9496239 0.558793 0.9337477 0.5661961 0.7436095 0.5523595 0.6988161 0.5661961 0.6916274 0.5492623 0.9144027 0.5523595 0.9337477 0.5661961 0.9144027 0.5722717 0.6916274 0.5492623 0.6261924 0.558793 0.6126134 0.5454884 0.9144027 0.5523595 0.892328 0.576786 0.8923162 0.554661 0.9496239 0.558793 0.9614207 0.558793 0.9496239 0.5710548 0.7841861 0.576786 0.7504161 0.5906225 0.7474352 0.5722717 0.9337477 0.5661961 0.9496239 0.5710548 0.9337477 0.5818024 0.7474352 0.5722717 0.7043827 0.5818024 0.6988161 0.5661961 0.9144027 0.5722717 0.9337477 0.5818024 0.9144027 0.5906225 0.6988161 0.5661961 0.6366328 0.5710547 0.6261924 0.558793 0.892328 0.576786 0.9144027 0.5906225 0.8923317 0.5971767 0.6261924 0.558793 0.5267392 0.558793 0.5077602 0.5503471 0.892328 0.576786 0.868291 0.6012126 0.8682225 0.5795661 0.5077602 0.5503471 0.3289452 0.5454882 0.2967506 0.5411826 0.8682225 0.5795661 0.8427435 0.6025753 0.8424764 0.5805048 0.9686853 0.5411826 0.9711382 0.5316519 0.9686853 0.5454882 0.1059792 0.5316519 0.2967506 0.5411826 0.3289452 0.5454882 0.8424764 0.5805048 0.815594 0.6012126 0.814885 0.5795661 0.9614207 0.5503471 0.9686853 0.5454882 0.9614207 0.558793 0.814885 0.5795661 0.7857192 0.5971765 0.7841861 0.576786 0.868291 0.6012126 0.8923323 0.6150491 0.8683319 0.6201859 0.5267392 0.558793 0.3527706 0.5492623 0.3289452 0.5454882 0.868291 0.6012126 0.8429293 0.6219203 0.8427435 0.6025753 0.9686853 0.5454882 0.9711382 0.5316519 0.9686853 0.5492623 0.1059792 0.5316519 0.3289452 0.5454882 0.3527706 0.5492623 0.8427435 0.6025753 0.8161103 0.6201859 0.815594 0.6012126 0.9614207 0.558793 0.9686853 0.5492623 0.9614207 0.5661961 0.815594 0.6012126 0.7868532 0.6150491 0.7857192 0.5971765 0.9496239 0.5710548 0.9614207 0.5661961 0.9496239 0.5818024 0.7857192 0.5971765 0.7526415 0.6067072 0.7504161 0.5906225 0.9337477 0.5818024 0.9496239 0.5818024 0.9337477 0.5954812 0.7504161 0.5906225 0.7085334 0.5954812 0.7043827 0.5818024 0.9144027 0.5906225 0.9337477 0.5954812 0.9144027 0.6067074 0.7043827 0.5818024 0.6444007 0.5818024 0.6366328 0.5710547 0.8923317 0.5971767 0.9144027 0.6067074 0.8923323 0.6150491 0.6366328 0.5710547 0.5408011 0.566196 0.5267392 0.558793 0.7868532 0.6150491 0.7541946 0.6199076 0.7526415 0.6067072 0.9337477 0.5954812 0.9496239 0.5906225 0.9337477 0.6067074 0.7526415 0.6067072 0.7114256 0.6067072 0.7085334 0.5954812 0.9144027 0.6067074 0.9337477 0.6067074 0.9144027 0.6199077 0.7085334 0.5954812 0.6498462 0.5906225 0.6444007 0.5818024 0.8923323 0.6150491 0.9144027 0.6199077 0.8923323 0.6297166 0.6444007 0.5818024 0.5507475 0.5722717 0.5408011 0.566196 0.8683319 0.6201859 0.8923323 0.6297166 0.8683545 0.6357568 0.5408011 0.566196 0.3697395 0.5523595 0.3527706 0.5492623 0.8429293 0.6219203 0.8683545 0.6357568 0.8430517 0.6377963 0.9686853 0.5492623 0.9711382 0.5316519 0.9686853 0.5523595 0.1059792 0.5316519 0.3527706 0.5492623 0.3697395 0.5523595 0.8161103 0.6201859 0.8430517 0.6377963 0.816464 0.6357567 0.9614207 0.5661961 0.9686853 0.5523595 0.9614207 0.5722717 0.8161103 0.6201859 0.7876417 0.6297165 0.7868532 0.6150491 0.9496239 0.5818024 0.9614207 0.5722717 0.9496239 0.5906225 0.5507475 0.5722717 0.3808408 0.554661 0.3697395 0.5523595 0.8430517 0.6377963 0.8683664 0.647327 0.8431257 0.6495933 0.9686853 0.5523595 0.9711382 0.5316519 0.9686853 0.554661 0.1059792 0.5316519 0.3697395 0.5523595 0.3808408 0.554661 0.816464 0.6357567 0.8431257 0.6495933 0.8166815 0.6473272 0.9614207 0.5722717 0.9686853 0.554661 0.9614207 0.576786 0.7876417 0.6297165 0.8166815 0.6473272 0.7881226 0.6406154 0.9496239 0.5906225 0.9614207 0.576786 0.9496239 0.5971767 0.7876417 0.6297165 0.7551378 0.6297163 0.7541946 0.6199076 0.9337477 0.6067074 0.9496239 0.5971767 0.9337477 0.6150491 0.7541946 0.6199076 0.713186 0.6150491 0.7114256 0.6067072 0.9144027 0.6199077 0.9337477 0.6150491 0.9144027 0.6297166 0.7114256 0.6067072 0.6532303 0.5971765 0.6498462 0.5906225 0.8923323 0.6297166 0.9144027 0.6297166 0.8923323 0.6406155 0.6498462 0.5906225 0.5571211 0.576786 0.5507475 0.5722717 0.8683545 0.6357568 0.8923323 0.6406155 0.8683664 0.647327 0.7551378 0.6297163 0.7138947 0.6201857 0.713186 0.6150491 0.9144027 0.6297166 0.9337477 0.6201859 0.9144027 0.6357567 0.713186 0.6150491 0.6547263 0.6012126 0.6532303 0.5971765 0.8923323 0.6406155 0.9144027 0.6357567 0.8923323 0.647327 0.6532303 0.5971765 0.5602627 0.5795661 0.5571211 0.576786 0.8683664 0.647327 0.8923323 0.647327 0.8683713 0.654452 0.5571211 0.576786 0.3866701 0.5560783 0.3808408 0.554661 0.8431257 0.6495933 0.8683713 0.654452 0.8431607 0.6568577 0.9686853 0.554661 0.9711382 0.5316519 0.9686853 0.5560783 0.1059792 0.5316519 0.3808408 0.554661 0.3866701 0.5560783 0.8166815 0.6473272 0.8431607 0.6568577 0.816779 0.6544522 0.9614207 0.576786 0.9686853 0.5560783 0.9614207 0.5795661 0.7881226 0.6406154 0.816779 0.6544522 0.7883206 0.647327 0.9496239 0.5971767 0.9614207 0.5795661 0.9496239 0.6012126 0.7551378 0.6297163 0.7883206 0.647327 0.755509 0.6357565 0.9337477 0.6150491 0.9496239 0.6012126 0.9337477 0.6201859 0.9686853 0.5560783 0.9711382 0.5316519 0.9686853 0.5565569 0.1059792 0.5316519 0.3866701 0.5560783 0.3875415 0.5565569 0.816779 0.6544522 0.8431619 0.6593107 0.8167623 0.6568577 0.9614207 0.5795661 0.9686853 0.5565569 0.9614207 0.5805048 0.7883206 0.647327 0.8167623 0.6568577 0.7882436 0.6495932 0.9496239 0.6012126 0.9614207 0.5805048 0.9496239 0.6025753 0.755509 0.6357565 0.7882436 0.6495932 0.7553238 0.6377962 0.9337477 0.6201859 0.9496239 0.6025753 0.9337477 0.6219203 0.7138947 0.6201857 0.7553238 0.6377962 0.713587 0.6219203 0.9144027 0.6357567 0.9337477 0.6219203 0.9144027 0.6377963 0.6547263 0.6012126 0.713587 0.6219203 0.6544297 0.6025751 0.8923323 0.647327 0.9144027 0.6377963 0.8923323 0.6495933 0.6547263 0.6012126 0.5603603 0.5805047 0.5602627 0.5795661 0.8683713 0.654452 0.8923323 0.6495933 0.8683724 0.6568577 0.5602627 0.5795661 0.3875415 0.5565569 0.3866701 0.5560783 0.8431607 0.6568577 0.8683724 0.6568577 0.8431619 0.6593107 0.9144027 0.6377963 0.9337477 0.6201859 0.9144027 0.6357567 0.6544297 0.6025751 0.7122585 0.6201857 0.6523594 0.6012124 0.8923323 0.6495933 0.9144027 0.6357567 0.8923323 0.647327 0.5603603 0.5805047 0.6523594 0.6012124 0.5574652 0.5795661 0.8683724 0.6568577 0.8923323 0.647327 0.8683694 0.654452 0.3875415 0.5565569 0.5574652 0.5795661 0.3835395 0.5560783 0.8431619 0.6593107 0.8683694 0.654452 0.8431285 0.6568577 0.9686853 0.5565569 0.9711382 0.5316519 0.9686853 0.5560783 0.1059792 0.5316519 0.3875415 0.5565569 0.3835395 0.5560783 0.8167623 0.6568577 0.8431285 0.6568577 0.8166273 0.654452 0.9614207 0.5805048 0.9686853 0.5560783 0.9614207 0.5795661 0.7882436 0.6495932 0.8166273 0.654452 0.7878831 0.647327 0.9496239 0.6025753 0.9614207 0.5795661 0.9496239 0.6012126 0.7553238 0.6377962 0.7878831 0.647327 0.7545731 0.6357565 0.9337477 0.6219203 0.9496239 0.6012126 0.9337477 0.6201859 0.713587 0.6219203 0.7545731 0.6357565 0.7122585 0.6201857 0.8166273 0.654452 0.8430536 0.6495932 0.8163589 0.647327 0.9614207 0.5795661 0.9686853 0.554661 0.9614207 0.576786 0.7878831 0.647327 0.8163589 0.647327 0.7872149 0.6406154 0.9496239 0.6012126 0.9614207 0.576786 0.9496239 0.5971767 0.7545731 0.6357565 0.7872149 0.6406154 0.7532244 0.6297163 0.9337477 0.6201859 0.9496239 0.5971767 0.9337477 0.6150491 0.7122585 0.6201857 0.7532244 0.6297163 0.7098683 0.6150491 0.9144027 0.6357567 0.9337477 0.6150491 0.9144027 0.6297166 0.6523594 0.6012124 0.7098683 0.6150491 0.648469 0.5971765 0.8923323 0.647327 0.9144027 0.6297166 0.8923323 0.6406155 0.5574652 0.5795661 0.648469 0.5971765 0.551495 0.576786 0.8683694 0.654452 0.8923323 0.6406155 0.8683606 0.647327 0.3835395 0.5560783 0.551495 0.576786 0.3745174 0.554661 0.8431285 0.6568577 0.8683606 0.647327 0.8430536 0.6495932 0.9686853 0.5560783 0.9711382 0.5316519 0.9686853 0.554661 0.1059792 0.5316519 0.3835395 0.5560783 0.3745174 0.554661 0.648469 0.5971765 0.7063429 0.6067072 0.6426419 0.5906225 0.8923323 0.6406155 0.9144027 0.6199077 0.8923323 0.6297166 0.551495 0.576786 0.6426419 0.5906225 0.5422308 0.5722717 0.8683606 0.647327 0.8923323 0.6297166 0.868342 0.6357567 0.3745174 0.554661 0.5422308 0.5722717 0.3600903 0.5523595 0.8430536 0.6495932 0.868342 0.6357567 0.8429237 0.6377963 0.9686853 0.554661 0.9711382 0.5316519 0.9686853 0.5523595 0.1059792 0.5316519 0.3745174 0.554661 0.3600903 0.5523595 0.8163589 0.647327 0.8429237 0.6377963 0.8159316 0.6357567 0.9614207 0.576786 0.9686853 0.5523595 0.9614207 0.5722717 0.7872149 0.6406154 0.8159316 0.6357567 0.7862018 0.6297165 0.9496239 0.5971767 0.9614207 0.5722717 0.9496239 0.5906225 0.7532244 0.6297163 0.7862018 0.6297165 0.7512265 0.6199076 0.9337477 0.6150491 0.9496239 0.5906225 0.9337477 0.6067074 0.7098683 0.6150491 0.7512265 0.6199076 0.7063429 0.6067072 0.9144027 0.6297166 0.9337477 0.6067074 0.9144027 0.6199077 0.9614207 0.5722717 0.9686853 0.5492623 0.9614207 0.5661961 0.7862018 0.6297165 0.8153101 0.6201859 0.7847952 0.6150491 0.9496239 0.5906225 0.9614207 0.5661961 0.9496239 0.5818024 0.7512265 0.6199076 0.7847952 0.6150491 0.7485162 0.6067072 0.9337477 0.6067074 0.9496239 0.5818024 0.9337477 0.5954812 0.7063429 0.6067072 0.7485162 0.6067072 0.7015786 0.5954812 0.9144027 0.6199077 0.9337477 0.5954812 0.9144027 0.6067072 0.6426419 0.5906225 0.7015786 0.5954812 0.6347054 0.5818023 0.8923323 0.6297166 0.9144027 0.6067072 0.8923323 0.6150491 0.5422308 0.5722717 0.6347054 0.5818023 0.5292798 0.5661961 0.868342 0.6357567 0.8923323 0.6150491 0.8683048 0.6201859 0.3600903 0.5523595 0.5292798 0.5661961 0.3395739 0.5492623 0.8429237 0.6377963 0.8683048 0.6201859 0.842719 0.6219203 0.9686853 0.5523595 0.9711382 0.5316519 0.9686853 0.5492623 0.1059792 0.5316519 0.3600903 0.5523595 0.3395739 0.5492623 0.8159316 0.6357567 0.842719 0.6219203 0.8153101 0.6201859 0.8923323 0.6150491 0.9144027 0.5906225 0.8923316 0.5971767 0.5292798 0.5661961 0.6244251 0.5710547 0.5120481 0.558793 0.8683048 0.6201859 0.8923316 0.5971767 0.8682367 0.6012126 0.3395739 0.5492623 0.5120481 0.558793 0.3118178 0.5454882 0.842719 0.6219203 0.8682367 0.6012126 0.8424155 0.6025751 0.9686853 0.5492623 0.9711382 0.5316519 0.9686853 0.5454882 0.1059792 0.5316519 0.3395739 0.5492623 0.3118178 0.5454882 0.8153101 0.6201859 0.8424155 0.6025751 0.814459 0.6012124 0.9614207 0.5661961 0.9686853 0.5454882 0.9614207 0.558793 0.7847952 0.6150491 0.814459 0.6012124 0.7829457 0.5971765 0.9496239 0.5818024 0.9614207 0.558793 0.9496239 0.5710548 0.7485162 0.6067072 0.7829457 0.5971765 0.7450222 0.5906225 0.9337477 0.5954812 0.9496239 0.5710548 0.9337477 0.5818024 0.7015786 0.5954812 0.7450222 0.5906225 0.6954531 0.5818024 0.9144027 0.6067072 0.9337477 0.5818024 0.9144027 0.5906225 0.6347054 0.5818023 0.6954531 0.5818024 0.6244251 0.5710547 0.7829457 0.5971765 0.8133423 0.5795661 0.7806087 0.576786 0.9496239 0.5710548 0.9614207 0.5503471 0.9496239 0.558793 0.7450222 0.5906225 0.7806087 0.576786 0.7406818 0.5722717 0.9337477 0.5818024 0.9496239 0.558793 0.9337477 0.5661961 0.6954531 0.5818024 0.7406818 0.5722717 0.6878437 0.5661961 0.9144027 0.5906225 0.9337477 0.5661961 0.9144027 0.5722717 0.6244251 0.5710547 0.6878437 0.5661961 0.6114959 0.5587929 0.8923316 0.5971767 0.9144027 0.5722717 0.8923239 0.576786 0.5120481 0.558793 0.6114959 0.5587929 0.4896329 0.5503471 0.8682367 0.6012126 0.8923239 0.576786 0.8681235 0.5795661 0.3118178 0.5454882 0.4896329 0.5503471 0.2752873 0.5411826 0.8424155 0.6025751 0.8681235 0.5795661 0.8419872 0.5805047 0.9686853 0.5454882 0.9711382 0.5316519 0.9686853 0.5411826 0.1059792 0.5316519 0.3118178 0.5454882 0.2752873 0.5411826 0.814459 0.6012124 0.8419872 0.5805047 0.8133423 0.5795661 0.9614207 0.558793 0.9686853 0.5411826 0.9614207 0.5503471 0.4896329 0.5503471 0.5955268 0.5454882 0.4608647 0.5411826 0.8681235 0.5795661 0.8923014 0.554661 0.8679504 0.5560783 0.2752873 0.5411826 0.4608647 0.5411826 0.2291469 0.5365104 0.8419872 0.5805047 0.8679504 0.5560783 0.8414109 0.5565567 0.9686853 0.5411826 0.9711382 0.5316519 0.9686853 0.5365104 0.1059792 0.5316519 0.2752873 0.5411826 0.2291469 0.5365104 0.8133423 0.5795661 0.8414109 0.5565567 0.8119384 0.5560781 0.9686853 0.5411826 0.9614207 0.5411826 0.9614207 0.5503471 0.7806087 0.576786 0.8119384 0.5560781 0.7777637 0.554661 0.9614207 0.5503471 0.9496239 0.5454882 0.9496239 0.558793 0.7406818 0.5722717 0.7777637 0.554661 0.7354549 0.5523595 0.9496239 0.558793 0.9337477 0.5492623 0.9337477 0.5661961 0.6878437 0.5661961 0.7354549 0.5523595 0.6786407 0.5492623 0.9337477 0.5661961 0.9144027 0.5523595 0.9144027 0.5722717 0.6114959 0.5587929 0.6786407 0.5492623 0.5955268 0.5454882 0.8923239 0.576786 0.9144027 0.5523595 0.8923014 0.554661 0.7354549 0.5523595 0.7744235 0.5316519 0.7293431 0.5316519 0.9496239 0.5454882 0.9337477 0.5316519 0.9337477 0.5492623 0.6786407 0.5492623 0.7293431 0.5316519 0.6677739 0.5316519 0.9337477 0.5492623 0.9144027 0.5316519 0.9144027 0.5523595 0.5955268 0.5454882 0.6677739 0.5316519 0.5760539 0.5316519 0.8923014 0.554661 0.9144027 0.5316519 0.8922563 0.5316519 0.4608647 0.5411826 0.5760539 0.5316519 0.4241012 0.5316519 0.8679504 0.5560783 0.8922563 0.5316519 0.8677066 0.5316519 0.2291469 0.5365104 0.4241012 0.5316519 0.1807729 0.5316519 0.8414109 0.5565567 0.8677066 0.5316519 0.8406782 0.5316519 0.9686853 0.5365104 0.9711382 0.5316519 0.9686853 0.5316519 0.1059792 0.5316519 0.2291469 0.5365104 0.1807729 0.5316519 0.8119384 0.5560781 0.8406782 0.5316519 0.8102508 0.5316519 0.9686853 0.5365104 0.9614207 0.5316519 0.9614207 0.5411826 0.7777637 0.554661 0.8102508 0.5316519 0.7744235 0.5316519 0.9614207 0.5411826 0.9496239 0.5316519 0.9496239 0.5454882 0.1807729 0.5316519 0.3766659 0.5221211 0.1396583 0.5267932 0.8406782 0.5316519 0.8673896 0.5072253 0.8398011 0.5067467 0.9686853 0.5316519 0.9711382 0.5316519 0.9686853 0.5267932 0.1059792 0.5316519 0.1807729 0.5316519 0.1396583 0.5267932 0.8102508 0.5316519 0.8398011 0.5067467 0.8083198 0.5072253 0.9686853 0.5316519 0.9614207 0.5221211 0.9614207 0.5316519 0.7744235 0.5316519 0.8083198 0.5072253 0.7706547 0.5086425 0.9614207 0.5316519 0.9496239 0.5178154 0.9496239 0.5316519 0.7293431 0.5316519 0.7706547 0.5086425 0.7224263 0.5109441 0.9496239 0.5316519 0.9337477 0.5140413 0.9337477 0.5316519 0.6677739 0.5316519 0.7224263 0.5109441 0.6552455 0.5140413 0.9144027 0.5316519 0.9337477 0.5140413 0.9144015 0.5109441 0.5760539 0.5316519 0.6552455 0.5140413 0.5526123 0.5178154 0.8922563 0.5316519 0.9144015 0.5109441 0.8921817 0.5086425 0.4241012 0.5316519 0.5526123 0.5178154 0.3766659 0.5221211 0.8677066 0.5316519 0.8921817 0.5086425 0.8673896 0.5072253 0.9496239 0.5178154 0.9337477 0.4971075 0.9337477 0.5140413 0.6552455 0.5140413 0.7148947 0.4910321 0.6411681 0.4971075 0.9144015 0.5109441 0.9337477 0.4971075 0.9143926 0.4910321 0.5526123 0.5178154 0.6411681 0.4971075 0.5246566 0.5045105 0.8921817 0.5086425 0.9143926 0.4910321 0.8920773 0.4865176 0.3766659 0.5221211 0.5246566 0.5045105 0.3148556 0.5129565 0.8673896 0.5072253 0.8920773 0.4865176 0.867011 0.4837375 0.1396583 0.5267932 0.3148556 0.5129565 0.1090846 0.5221211 0.8398011 0.5067467 0.867011 0.4837375 0.8388178 0.4827988 0.9686853 0.5267932 0.9711382 0.5316519 0.9686853 0.5221211 0.1059792 0.5316519 0.1396583 0.5267932 0.1090846 0.5221211 0.8083198 0.5072253 0.8388178 0.4827988 0.8062238 0.4837375 0.9686853 0.5267932 0.9614207 0.5129565 0.9614207 0.5221211 0.7706547 0.5086425 0.8062238 0.4837375 0.7665988 0.4865176 0.9614207 0.5221211 0.9496239 0.5045105 0.9496239 0.5178154 0.7224263 0.5109441 0.7665988 0.4865176 0.7148947 0.4910321 0.8388178 0.4827988 0.8665981 0.462091 0.8377971 0.4607283 0.9686853 0.5221211 0.9711382 0.5316519 0.9686853 0.5178154 0.1059792 0.5316519 0.1090846 0.5221211 0.08765256 0.5178154 0.8062238 0.4837375 0.8377971 0.4607283 0.8040929 0.462091 0.9686853 0.5221211 0.9614207 0.5045105 0.9614207 0.5129565 0.7665988 0.4865176 0.8040929 0.462091 0.7624802 0.466127 0.9614207 0.5129565 0.9496239 0.4922489 0.9496239 0.5045105 0.7148947 0.4910321 0.7624802 0.466127 0.7070825 0.4726811 0.9496239 0.5045105 0.9337477 0.4815014 0.9337477 0.4971075 0.6411681 0.4971075 0.7070825 0.4726811 0.6259508 0.4815014 0.9143926 0.4910321 0.9337477 0.4815014 0.9143757 0.4726811 0.5246566 0.5045105 0.6259508 0.4815014 0.4918552 0.4922489 0.8920773 0.4865176 0.9143757 0.4726811 0.8919509 0.466127 0.3148556 0.5129565 0.4918552 0.4922489 0.2341529 0.5045105 0.867011 0.4837375 0.8919509 0.466127 0.8665981 0.462091 0.1090846 0.5221211 0.2341529 0.5045105 0.08765256 0.5178154 0.6259508 0.4815014 0.6994984 0.4565963 0.6103392 0.4678224 0.9143757 0.4726811 0.9337477 0.4678224 0.9143519 0.4565963 0.4918552 0.4922489 0.6103392 0.4678224 0.4547008 0.4815014 0.8919509 0.466127 0.9143519 0.4565963 0.8918163 0.4482546 0.2341529 0.5045105 0.4547008 0.4815014 0.1577889 0.4971075 0.8665981 0.462091 0.8918163 0.4482546 0.8661901 0.4431178 0.08765256 0.5178154 0.1577889 0.4971075 0.07291662 0.5140413 0.8377971 0.4607283 0.8661901 0.4431178 0.8368268 0.4413833 0.9686853 0.5178154 0.9711382 0.5316519 0.9686853 0.5140413 0.1059792 0.5316519 0.08765256 0.5178154 0.07291662 0.5140413 0.8040929 0.462091 0.8368268 0.4413833 0.8020941 0.4431178 0.9686853 0.5178154 0.9614207 0.4971075 0.9614207 0.5045105 0.7624802 0.466127 0.8020941 0.4431178 0.7585965 0.4482546 0.9614207 0.5045105 0.9496239 0.4815014 0.9496239 0.4922489 0.7070825 0.4726811 0.7585965 0.4482546 0.6994984 0.4565963 0.9496239 0.4922489 0.9337477 0.4678224 0.9337477 0.4815014 0.9686853 0.5140413 0.9711382 0.5316519 0.9686853 0.5109441 0.1059792 0.5316519 0.07291662 0.5140413 0.06293052 0.5109441 0.8020941 0.4431178 0.8360106 0.4255074 0.8004253 0.4275469 0.9686853 0.5140413 0.9614207 0.4910321 0.9614207 0.4971075 0.7585965 0.4482546 0.8004253 0.4275469 0.7553084 0.4335871 0.9614207 0.4971075 0.9496239 0.4726811 0.9496239 0.4815014 0.6994984 0.4565963 0.7553084 0.4335871 0.6928313 0.4433959 0.9496239 0.4815014 0.9337477 0.4565963 0.9337477 0.4678224 0.6103392 0.4678224 0.6928313 0.4433959 0.5955718 0.4565963 0.9337477 0.4678224 0.9143261 0.4433959 0.9143519 0.4565963 0.4547008 0.4815014 0.5955718 0.4565963 0.4152863 0.4726811 0.9143519 0.4565963 0.8916921 0.4335871 0.8918163 0.4482546 0.1577889 0.4971075 0.4152863 0.4726811 0.1110403 0.4910321 0.8918163 0.4482546 0.8658343 0.4275469 0.8661901 0.4431178 0.07291662 0.5140413 0.1110403 0.4910321 0.06293052 0.5109441 0.8368268 0.4413833 0.8658343 0.4275469 0.8360106 0.4255074 0.9337477 0.4565963 0.9143039 0.4335871 0.9143261 0.4433959 0.4152863 0.4726811 0.583474 0.4482546 0.378273 0.466127 0.9143261 0.4433959 0.8915977 0.4226881 0.8916921 0.4335871 0.1110403 0.4910321 0.378273 0.466127 0.08613473 0.4865176 0.8916921 0.4335871 0.8655799 0.4159766 0.8658343 0.4275469 0.06293052 0.5109441 0.08613473 0.4865176 0.05644208 0.5086425 0.8658343 0.4275469 0.8354426 0.4137105 0.8360106 0.4255074 0.9686853 0.5109441 0.9711382 0.5316519 0.9686853 0.5086425 0.1059792 0.5316519 0.06293052 0.5109441 0.05644208 0.5086425 0.8004253 0.4275469 0.8354426 0.4137105 0.7992731 0.4159766 0.9686853 0.5109441 0.9614207 0.4865176 0.9614207 0.4910321 0.7553084 0.4335871 0.7992731 0.4159766 0.7529863 0.4226881 0.9614207 0.4910321 0.9496239 0.466127 0.9496239 0.4726811 0.6928313 0.4433959 0.7529863 0.4226881 0.6878585 0.4335871 0.9496239 0.4726811 0.9337476 0.4482546 0.9337477 0.4565963 0.5955718 0.4565963 0.6878585 0.4335871 0.583474 0.4482546 0.8354426 0.4137105 0.7987846 0.4088516 0.7992731 0.4159766 0.9686853 0.5086425 0.9614207 0.4837375 0.9614207 0.4865176 0.7529863 0.4226881 0.7987846 0.4088516 0.7519423 0.4159766 0.9614207 0.4865176 0.9496239 0.4620912 0.9496239 0.466127 0.6878585 0.4335871 0.7519423 0.4159766 0.6853209 0.4275469 0.9496239 0.466127 0.9337472 0.4431178 0.9337476 0.4482546 0.583474 0.4482546 0.6853209 0.4275469 0.576178 0.4431178 0.9337476 0.4482546 0.9142906 0.4275469 0.9143039 0.4335871 0.378273 0.466127 0.576178 0.4431178 0.3519107 0.4620912 0.9143039 0.4335871 0.8915486 0.4159766 0.8915977 0.4226881 0.08613473 0.4865176 0.3519107 0.4620912 0.07391113 0.4837375 0.8915977 0.4226881 0.8654612 0.4088516 0.8655799 0.4159766 0.05644208 0.5086425 0.07391113 0.4837375 0.05273872 0.5072253 0.8655799 0.4159766 0.8351972 0.4064459 0.8354426 0.4137105 0.9686853 0.5086425 0.9711382 0.5316519 0.9686853 0.5072253 0.1059792 0.5316519 0.05644208 0.5086425 0.05273872 0.5072253 0.3519107 0.4620912 0.5753755 0.4413833 0.34509 0.4607284 0.9142906 0.4275469 0.8915531 0.4137104 0.8915486 0.4159766 0.07391113 0.4837375 0.34509 0.4607284 0.0702337 0.4827989 0.8915486 0.4159766 0.8654942 0.4064458 0.8654612 0.4088516 0.05273872 0.5072253 0.0702337 0.4827989 0.05149686 0.5067467 0.8654612 0.4088516 0.8353057 0.4039928 0.8351972 0.4064459 0.9686853 0.5072253 0.9711382 0.5316519 0.9686853 0.5067467 0.1059792 0.5316519 0.05273872 0.5072253 0.05149686 0.5067467 0.8351972 0.4064459 0.799027 0.4064458 0.7987846 0.4088516 0.9686853 0.5072253 0.9614207 0.4827989 0.9614207 0.4837375 0.7987846 0.4088516 0.7523419 0.4137104 0.7519423 0.4159766 0.9614207 0.4837375 0.9496239 0.4607283 0.9496239 0.4620912 0.7519423 0.4159766 0.6856987 0.4255073 0.6853209 0.4275469 0.9496239 0.4620912 0.9337471 0.4413833 0.9337472 0.4431178 0.576178 0.4431178 0.6856987 0.4255073 0.5753755 0.4413833 0.9337472 0.4431178 0.9142895 0.4255073 0.9142906 0.4275469 0.5753755 0.4413833 0.5815201 0.4431178 0.3612707 0.462091 0.9142895 0.4255073 0.9143006 0.4275467 0.8916088 0.4159765 0.34509 0.4607284 0.3612707 0.462091 0.07439804 0.4837375 0.8915531 0.4137104 0.8916088 0.4159765 0.8656715 0.4088516 0.0702337 0.4827989 0.07439804 0.4837375 0.05268138 0.5072253 0.8654942 0.4064458 0.8656715 0.4088516 0.8357501 0.4064458 0.8353057 0.4039928 0.8357501 0.4064458 0.7999691 0.4088516 0.9686853 0.5067467 0.9686853 0.5072253 0.9614207 0.4837375 0.799027 0.4064458 0.7999691 0.4088516 0.7541511 0.4159765 0.9614207 0.4827989 0.9614207 0.4837375 0.9496239 0.462091 0.7523419 0.4137104 0.7541511 0.4159765 0.689025 0.4275467 0.9496239 0.4607283 0.9496239 0.462091 0.9337472 0.4431178 0.6856987 0.4255073 0.689025 0.4275467 0.5815201 0.4431178 0.9337471 0.4413833 0.9337472 0.4431178 0.9143006 0.4275467 0.9496239 0.462091 0.9496239 0.466127 0.9337476 0.4482546 0.689025 0.4275467 0.6948342 0.4335871 0.5935145 0.4482546 0.9337472 0.4431178 0.9337476 0.4482546 0.9143206 0.4335871 0.5815201 0.4431178 0.5935145 0.4482546 0.3950271 0.466127 0.9143006 0.4275467 0.9143206 0.4335871 0.8917053 0.4226881 0.3612707 0.462091 0.3950271 0.466127 0.08872753 0.4865176 0.8916088 0.4159765 0.8917053 0.4226881 0.8659644 0.4159765 0.07439804 0.4837375 0.08872753 0.4865176 0.05651944 0.5086425 0.8656715 0.4088516 0.8659644 0.4159765 0.8364685 0.4137104 0.8357501 0.4064458 0.8364685 0.4137104 0.8014895 0.4159765 0.9686853 0.5072253 0.9686853 0.5086425 0.9614207 0.4865176 0.7999691 0.4088516 0.8014895 0.4159765 0.7571329 0.4226881 0.9614207 0.4837375 0.9614207 0.4865176 0.9496239 0.466127 0.7541511 0.4159765 0.7571329 0.4226881 0.6948342 0.4335871 0.8659644 0.4159765 0.8663319 0.4275467 0.8373686 0.4255073 0.8364685 0.4137104 0.8373686 0.4255073 0.803403 0.4275469 0.9686853 0.5086425 0.9686853 0.5109441 0.9614207 0.4910321 0.8014895 0.4159765 0.803403 0.4275469 0.7609159 0.4335871 0.9614207 0.4865176 0.9614207 0.4910321 0.9496239 0.4726811 0.7571329 0.4226881 0.7609159 0.4335871 0.7023113 0.4433959 0.9496239 0.466127 0.9496239 0.4726811 0.9337477 0.4565963 0.6948342 0.4335871 0.7023113 0.4433959 0.6092185 0.4565963 0.9337476 0.4482546 0.9337477 0.4565963 0.9143449 0.4433959 0.5935145 0.4482546 0.6092185 0.4565963 0.436587 0.4726811 0.9143206 0.4335871 0.9143449 0.4433959 0.8918264 0.4335871 0.3950271 0.466127 0.436587 0.4726811 0.1203126 0.4910321 0.8917053 0.4226881 0.8918264 0.4335871 0.8663319 0.4275467 0.08872753 0.4865176 0.1203126 0.4910321 0.06357264 0.5109441 0.7023113 0.4433959 0.7105383 0.4565963 0.6263366 0.4678224 0.9337477 0.4565963 0.9337477 0.4678224 0.9143682 0.4565963 0.6092185 0.4565963 0.6263366 0.4678224 0.4781594 0.4815014 0.9143449 0.4433959 0.9143682 0.4565963 0.8919538 0.4482546 0.436587 0.4726811 0.4781594 0.4815014 0.1826202 0.4971075 0.8918264 0.4335871 0.8919538 0.4482546 0.8667275 0.4431178 0.1203126 0.4910321 0.1826202 0.4971075 0.07489317 0.5140413 0.8663319 0.4275467 0.8667275 0.4431178 0.8383501 0.4413833 0.8373686 0.4255073 0.8383501 0.4413833 0.805504 0.4431178 0.9686853 0.5109441 0.9686853 0.5140413 0.9614207 0.4971075 0.803403 0.4275469 0.805504 0.4431178 0.7650871 0.4482546 0.9614207 0.4910321 0.9614207 0.4971075 0.9496239 0.4815014 0.7609159 0.4335871 0.7650871 0.4482546 0.7105383 0.4565963 0.9496239 0.4726811 0.9496239 0.4815014 0.9337477 0.4678224 0.8383501 0.4413833 0.8393217 0.4607283 0.8076046 0.4620912 0.9686853 0.5140413 0.9686853 0.5178154 0.9614207 0.5045105 0.805504 0.4431178 0.8076046 0.4620912 0.7692776 0.466127 0.9614207 0.4971075 0.9614207 0.5045105 0.9496239 0.4922489 0.7650871 0.4482546 0.7692776 0.466127 0.7187374 0.4726811 0.9496239 0.4815014 0.9496239 0.4922489 0.9337477 0.4815014 0.7105383 0.4565963 0.7187374 0.4726811 0.6430676 0.4815014 0.9337477 0.4678224 0.9337477 0.4815014 0.9143866 0.4726811 0.6263366 0.4678224 0.6430676 0.4815014 0.5157064 0.4922489 0.9143682 0.4565963 0.9143866 0.4726811 0.8920722 0.4661269 0.4781594 0.4815014 0.5157064 0.4922489 0.2734501 0.5045105 0.8919538 0.4482546 0.8920722 0.4661269 0.8671098 0.462091 0.1826202 0.4971075 0.2734501 0.5045105 0.09224563 0.5178154 0.8667275 0.4431178 0.8671098 0.462091 0.8393217 0.4607283 0.6430676 0.4815014 0.6583098 0.4971075 0.5474933 0.5045105 0.9143866 0.4726811 0.9143972 0.4910321 0.8921698 0.4865176 0.5157064 0.4922489 0.5474933 0.5045105 0.3498009 0.5129565 0.8920722 0.4661269 0.8921698 0.4865176 0.8674512 0.4837375 0.2734501 0.5045105 0.3498009 0.5129565 0.118204 0.5221211 0.8671098 0.462091 0.8674512 0.4837375 0.8402138 0.4827989 0.8393217 0.4607283 0.8402138 0.4827989 0.809563 0.4837375 0.9686853 0.5178154 0.9686853 0.5221211 0.9614207 0.5129565 0.8076046 0.4620912 0.809563 0.4837375 0.773213 0.4865176 0.9614207 0.5045105 0.9614207 0.5129565 0.9496239 0.5045105 0.7692776 0.466127 0.773213 0.4865176 0.7263596 0.4910321 0.9496239 0.4922489 0.9496239 0.5045105 0.9337477 0.4971075 0.7187374 0.4726811 0.7263596 0.4910321 0.6583098 0.4971075 0.9337477 0.4815014 0.9337477 0.4971075 0.9143972 0.4910321 0.9686853 0.5221211 0.9686853 0.5267932 0.9614207 0.5221211 0.809563 0.4837375 0.8112936 0.5072253 0.7767227 0.5086425 0.9614207 0.5129565 0.9614207 0.5221211 0.9496239 0.5178154 0.773213 0.4865176 0.7767227 0.5086425 0.7331016 0.5109441 0.9496239 0.5045105 0.9496239 0.5178154 0.9337477 0.5140413 0.7263596 0.4910321 0.7331016 0.5109441 0.6715339 0.5140413 0.9337477 0.4971075 0.9337477 0.5140413 0.914402 0.5109441 0.6583098 0.4971075 0.6715339 0.5140413 0.5738513 0.5178154 0.9143972 0.4910321 0.914402 0.5109441 0.8922419 0.5086425 0.5474933 0.5045105 0.5738513 0.5178154 0.4065937 0.5221211 0.8921698 0.4865176 0.8922419 0.5086425 0.8677345 0.5072253 0.3498009 0.5129565 0.4065937 0.5221211 0.1553918 0.5267932 0.8674512 0.4837375 0.8677345 0.5072253 0.8409832 0.5067467 0.8402138 0.4827989 0.8409832 0.5067467 0.8112936 0.5072253 0.914402 0.5109441 0.9144027 0.5316519 0.8922891 0.5316519 0.5738513 0.5178154 0.595362 0.5316519 0.4496027 0.5316519 0.8922419 0.5086425 0.8922891 0.5316519 0.8679543 0.5316519 0.4065937 0.5221211 0.4496027 0.5316519 0.2033335 0.5316519 0.8677345 0.5072253 0.8679543 0.5316519 0.8416142 0.5316519 0.8409832 0.5067467 0.8416142 0.5316519 0.812757 0.5316519 0.9614207 0.5221211 0.9686853 0.5267932 0.9686853 0.5316519 0.8112936 0.5072253 0.812757 0.5316519 0.7797251 0.5316519 0.9496239 0.5178154 0.9614207 0.5221211 0.9614207 0.5316519 0.7767227 0.5086425 0.7797251 0.5316519 0.7388506 0.5316519 0.9337477 0.5140413 0.9496239 0.5178154 0.9496239 0.5316519 0.7331016 0.5109441 0.7388506 0.5316519 0.6825953 0.5316519 0.914402 0.5109441 0.9337477 0.5140413 0.9337477 0.5316519 0.6715339 0.5140413 0.6825953 0.5316519 0.595362 0.5316519 0.812757 0.5316519 0.8139491 0.5560783 0.782204 0.554661 0.9496239 0.5316519 0.9614207 0.5316519 0.9614207 0.5411826 0.7797251 0.5316519 0.782204 0.554661 0.7436095 0.5523595 0.9337477 0.5316519 0.9496239 0.5316519 0.9496239 0.5454882 0.7388506 0.5316519 0.7436095 0.5523595 0.6916274 0.5492623 0.9144027 0.5316519 0.9337477 0.5316519 0.9337477 0.5492623 0.6825953 0.5316519 0.6916274 0.5492623 0.6126134 0.5454884 0.9144027 0.5316519 0.9144027 0.5523595 0.8923162 0.554661 0.595362 0.5316519 0.6126134 0.5454884 0.4825261 0.5411826 0.8922891 0.5316519 0.8923162 0.554661 0.8681142 0.5560783 0.4496027 0.5316519 0.4825261 0.5411826 0.2541983 0.5365104 0.8679543 0.5316519 0.8681142 0.5560783 0.842107 0.5565569 0.8416142 0.5316519 0.842107 0.5565569 0.8139491 0.5560783 0.9614207 0.5316519 0.9686853 0.5316519 0.9686853 0.5365104 0.6126134 0.5454884 0.6261924 0.558793 0.5077602 0.5503471 0.8923162 0.554661 0.892328 0.576786 0.8682225 0.5795661 0.4825261 0.5411826 0.5077602 0.5503471 0.2967506 0.5411826 0.8681142 0.5560783 0.8682225 0.5795661 0.8424764 0.5805048 0.842107 0.5565569 0.8424764 0.5805048 0.814885 0.5795661 0.9614207 0.5411826 0.9686853 0.5365104 0.9686853 0.5411826 0.8139491 0.5560783 0.814885 0.5795661 0.7841861 0.576786 0.9496239 0.5454882 0.9614207 0.5411826 0.9614207 0.5503471 0.782204 0.554661 0.7841861 0.576786 0.7474352 0.5722717 0.9337477 0.5492623 0.9496239 0.5454882 0.9496239 0.558793 0.7436095 0.5523595 0.7474352 0.5722717 0.6988161 0.5661961 0.9144027 0.5523595 0.9337477 0.5492623 0.9337477 0.5661961 0.6916274 0.5492623 0.6988161 0.5661961 0.6261924 0.558793 0.9144027 0.5523595 0.9144027 0.5722717 0.892328 0.576786 0.9496239 0.558793 0.9614207 0.5503471 0.9614207 0.558793 0.7841861 0.576786 0.7857192 0.5971765 0.7504161 0.5906225 0.9337477 0.5661961 0.9496239 0.558793 0.9496239 0.5710548 0.7474352 0.5722717 0.7504161 0.5906225 0.7043827 0.5818024 0.9144027 0.5722717 0.9337477 0.5661961 0.9337477 0.5818024 0.6988161 0.5661961 0.7043827 0.5818024 0.6366328 0.5710547 0.892328 0.576786 0.9144027 0.5722717 0.9144027 0.5906225 0.6261924 0.558793 0.6366328 0.5710547 0.5267392 0.558793 0.892328 0.576786 0.8923317 0.5971767 0.868291 0.6012126 0.5077602 0.5503471 0.5267392 0.558793 0.3289452 0.5454882 0.8682225 0.5795661 0.868291 0.6012126 0.8427435 0.6025753 0.8424764 0.5805048 0.8427435 0.6025753 0.815594 0.6012126 0.9614207 0.5503471 0.9686853 0.5411826 0.9686853 0.5454882 0.814885 0.5795661 0.815594 0.6012126 0.7857192 0.5971765 0.868291 0.6012126 0.8923317 0.5971767 0.8923323 0.6150491 0.5267392 0.558793 0.5408011 0.566196 0.3527706 0.5492623 0.868291 0.6012126 0.8683319 0.6201859 0.8429293 0.6219203 0.8427435 0.6025753 0.8429293 0.6219203 0.8161103 0.6201859 0.9614207 0.558793 0.9686853 0.5454882 0.9686853 0.5492623 0.815594 0.6012126 0.8161103 0.6201859 0.7868532 0.6150491 0.9496239 0.5710548 0.9614207 0.558793 0.9614207 0.5661961 0.7857192 0.5971765 0.7868532 0.6150491 0.7526415 0.6067072 0.9337477 0.5818024 0.9496239 0.5710548 0.9496239 0.5818024 0.7504161 0.5906225 0.7526415 0.6067072 0.7085334 0.5954812 0.9144027 0.5906225 0.9337477 0.5818024 0.9337477 0.5954812 0.7043827 0.5818024 0.7085334 0.5954812 0.6444007 0.5818024 0.8923317 0.5971767 0.9144027 0.5906225 0.9144027 0.6067074 0.6366328 0.5710547 0.6444007 0.5818024 0.5408011 0.566196 0.7868532 0.6150491 0.7876417 0.6297165 0.7541946 0.6199076 0.9337477 0.5954812 0.9496239 0.5818024 0.9496239 0.5906225 0.7526415 0.6067072 0.7541946 0.6199076 0.7114256 0.6067072 0.9144027 0.6067074 0.9337477 0.5954812 0.9337477 0.6067074 0.7085334 0.5954812 0.7114256 0.6067072 0.6498462 0.5906225 0.8923323 0.6150491 0.9144027 0.6067074 0.9144027 0.6199077 0.6444007 0.5818024 0.6498462 0.5906225 0.5507475 0.5722717 0.8683319 0.6201859 0.8923323 0.6150491 0.8923323 0.6297166 0.5408011 0.566196 0.5507475 0.5722717 0.3697395 0.5523595 0.8429293 0.6219203 0.8683319 0.6201859 0.8683545 0.6357568 0.8161103 0.6201859 0.8429293 0.6219203 0.8430517 0.6377963 0.9614207 0.5661961 0.9686853 0.5492623 0.9686853 0.5523595 0.8161103 0.6201859 0.816464 0.6357567 0.7876417 0.6297165 0.9496239 0.5818024 0.9614207 0.5661961 0.9614207 0.5722717 0.5507475 0.5722717 0.5571211 0.576786 0.3808408 0.554661 0.8430517 0.6377963 0.8683545 0.6357568 0.8683664 0.647327 0.816464 0.6357567 0.8430517 0.6377963 0.8431257 0.6495933 0.9614207 0.5722717 0.9686853 0.5523595 0.9686853 0.554661 0.7876417 0.6297165 0.816464 0.6357567 0.8166815 0.6473272 0.9496239 0.5906225 0.9614207 0.5722717 0.9614207 0.576786 0.7876417 0.6297165 0.7881226 0.6406154 0.7551378 0.6297163 0.9337477 0.6067074 0.9496239 0.5906225 0.9496239 0.5971767 0.7541946 0.6199076 0.7551378 0.6297163 0.713186 0.6150491 0.9144027 0.6199077 0.9337477 0.6067074 0.9337477 0.6150491 0.7114256 0.6067072 0.713186 0.6150491 0.6532303 0.5971765 0.8923323 0.6297166 0.9144027 0.6199077 0.9144027 0.6297166 0.6498462 0.5906225 0.6532303 0.5971765 0.5571211 0.576786 0.8683545 0.6357568 0.8923323 0.6297166 0.8923323 0.6406155 0.7551378 0.6297163 0.755509 0.6357565 0.7138947 0.6201857 0.9144027 0.6297166 0.9337477 0.6150491 0.9337477 0.6201859 0.713186 0.6150491 0.7138947 0.6201857 0.6547263 0.6012126 0.8923323 0.6406155 0.9144027 0.6297166 0.9144027 0.6357567 0.6532303 0.5971765 0.6547263 0.6012126 0.5602627 0.5795661 0.8683664 0.647327 0.8923323 0.6406155 0.8923323 0.647327 0.5571211 0.576786 0.5602627 0.5795661 0.3866701 0.5560783 0.8431257 0.6495933 0.8683664 0.647327 0.8683713 0.654452 0.8166815 0.6473272 0.8431257 0.6495933 0.8431607 0.6568577 0.9614207 0.576786 0.9686853 0.554661 0.9686853 0.5560783 0.7881226 0.6406154 0.8166815 0.6473272 0.816779 0.6544522 0.9496239 0.5971767 0.9614207 0.576786 0.9614207 0.5795661 0.7551378 0.6297163 0.7881226 0.6406154 0.7883206 0.647327 0.9337477 0.6150491 0.9496239 0.5971767 0.9496239 0.6012126 0.816779 0.6544522 0.8431607 0.6568577 0.8431619 0.6593107 0.9614207 0.5795661 0.9686853 0.5560783 0.9686853 0.5565569 0.7883206 0.647327 0.816779 0.6544522 0.8167623 0.6568577 0.9496239 0.6012126 0.9614207 0.5795661 0.9614207 0.5805048 0.755509 0.6357565 0.7883206 0.647327 0.7882436 0.6495932 0.9337477 0.6201859 0.9496239 0.6012126 0.9496239 0.6025753 0.7138947 0.6201857 0.755509 0.6357565 0.7553238 0.6377962 0.9144027 0.6357567 0.9337477 0.6201859 0.9337477 0.6219203 0.6547263 0.6012126 0.7138947 0.6201857 0.713587 0.6219203 0.8923323 0.647327 0.9144027 0.6357567 0.9144027 0.6377963 0.6547263 0.6012126 0.6544297 0.6025751 0.5603603 0.5805047 0.8683713 0.654452 0.8923323 0.647327 0.8923323 0.6495933 0.5602627 0.5795661 0.5603603 0.5805047 0.3875415 0.5565569 0.8431607 0.6568577 0.8683713 0.654452 0.8683724 0.6568577 0.9144027 0.6377963 0.9337477 0.6219203 0.9337477 0.6201859 0.6544297 0.6025751 0.713587 0.6219203 0.7122585 0.6201857 0.8923323 0.6495933 0.9144027 0.6377963 0.9144027 0.6357567 0.5603603 0.5805047 0.6544297 0.6025751 0.6523594 0.6012124 0.8683724 0.6568577 0.8923323 0.6495933 0.8923323 0.647327 0.3875415 0.5565569 0.5603603 0.5805047 0.5574652 0.5795661 0.8431619 0.6593107 0.8683724 0.6568577 0.8683694 0.654452 0.8167623 0.6568577 0.8431619 0.6593107 0.8431285 0.6568577 0.9614207 0.5805048 0.9686853 0.5565569 0.9686853 0.5560783 0.7882436 0.6495932 0.8167623 0.6568577 0.8166273 0.654452 0.9496239 0.6025753 0.9614207 0.5805048 0.9614207 0.5795661 0.7553238 0.6377962 0.7882436 0.6495932 0.7878831 0.647327 0.9337477 0.6219203 0.9496239 0.6025753 0.9496239 0.6012126 0.713587 0.6219203 0.7553238 0.6377962 0.7545731 0.6357565 0.8166273 0.654452 0.8431285 0.6568577 0.8430536 0.6495932 0.9614207 0.5795661 0.9686853 0.5560783 0.9686853 0.554661 0.7878831 0.647327 0.8166273 0.654452 0.8163589 0.647327 0.9496239 0.6012126 0.9614207 0.5795661 0.9614207 0.576786 0.7545731 0.6357565 0.7878831 0.647327 0.7872149 0.6406154 0.9337477 0.6201859 0.9496239 0.6012126 0.9496239 0.5971767 0.7122585 0.6201857 0.7545731 0.6357565 0.7532244 0.6297163 0.9144027 0.6357567 0.9337477 0.6201859 0.9337477 0.6150491 0.6523594 0.6012124 0.7122585 0.6201857 0.7098683 0.6150491 0.8923323 0.647327 0.9144027 0.6357567 0.9144027 0.6297166 0.5574652 0.5795661 0.6523594 0.6012124 0.648469 0.5971765 0.8683694 0.654452 0.8923323 0.647327 0.8923323 0.6406155 0.3835395 0.5560783 0.5574652 0.5795661 0.551495 0.576786 0.8431285 0.6568577 0.8683694 0.654452 0.8683606 0.647327 0.648469 0.5971765 0.7098683 0.6150491 0.7063429 0.6067072 0.8923323 0.6406155 0.9144027 0.6297166 0.9144027 0.6199077 0.551495 0.576786 0.648469 0.5971765 0.6426419 0.5906225 0.8683606 0.647327 0.8923323 0.6406155 0.8923323 0.6297166 0.3745174 0.554661 0.551495 0.576786 0.5422308 0.5722717 0.8430536 0.6495932 0.8683606 0.647327 0.868342 0.6357567 0.8163589 0.647327 0.8430536 0.6495932 0.8429237 0.6377963 0.9614207 0.576786 0.9686853 0.554661 0.9686853 0.5523595 0.7872149 0.6406154 0.8163589 0.647327 0.8159316 0.6357567 0.9496239 0.5971767 0.9614207 0.576786 0.9614207 0.5722717 0.7532244 0.6297163 0.7872149 0.6406154 0.7862018 0.6297165 0.9337477 0.6150491 0.9496239 0.5971767 0.9496239 0.5906225 0.7098683 0.6150491 0.7532244 0.6297163 0.7512265 0.6199076 0.9144027 0.6297166 0.9337477 0.6150491 0.9337477 0.6067074 0.9614207 0.5722717 0.9686853 0.5523595 0.9686853 0.5492623 0.7862018 0.6297165 0.8159316 0.6357567 0.8153101 0.6201859 0.9496239 0.5906225 0.9614207 0.5722717 0.9614207 0.5661961 0.7512265 0.6199076 0.7862018 0.6297165 0.7847952 0.6150491 0.9337477 0.6067074 0.9496239 0.5906225 0.9496239 0.5818024 0.7063429 0.6067072 0.7512265 0.6199076 0.7485162 0.6067072 0.9144027 0.6199077 0.9337477 0.6067074 0.9337477 0.5954812 0.6426419 0.5906225 0.7063429 0.6067072 0.7015786 0.5954812 0.8923323 0.6297166 0.9144027 0.6199077 0.9144027 0.6067072 0.5422308 0.5722717 0.6426419 0.5906225 0.6347054 0.5818023 0.868342 0.6357567 0.8923323 0.6297166 0.8923323 0.6150491 0.3600903 0.5523595 0.5422308 0.5722717 0.5292798 0.5661961 0.8429237 0.6377963 0.868342 0.6357567 0.8683048 0.6201859 0.8159316 0.6357567 0.8429237 0.6377963 0.842719 0.6219203 0.8923323 0.6150491 0.9144027 0.6067072 0.9144027 0.5906225 0.5292798 0.5661961 0.6347054 0.5818023 0.6244251 0.5710547 0.8683048 0.6201859 0.8923323 0.6150491 0.8923316 0.5971767 0.3395739 0.5492623 0.5292798 0.5661961 0.5120481 0.558793 0.842719 0.6219203 0.8683048 0.6201859 0.8682367 0.6012126 0.8153101 0.6201859 0.842719 0.6219203 0.8424155 0.6025751 0.9614207 0.5661961 0.9686853 0.5492623 0.9686853 0.5454882 0.7847952 0.6150491 0.8153101 0.6201859 0.814459 0.6012124 0.9496239 0.5818024 0.9614207 0.5661961 0.9614207 0.558793 0.7485162 0.6067072 0.7847952 0.6150491 0.7829457 0.5971765 0.9337477 0.5954812 0.9496239 0.5818024 0.9496239 0.5710548 0.7015786 0.5954812 0.7485162 0.6067072 0.7450222 0.5906225 0.9144027 0.6067072 0.9337477 0.5954812 0.9337477 0.5818024 0.6347054 0.5818023 0.7015786 0.5954812 0.6954531 0.5818024 0.7829457 0.5971765 0.814459 0.6012124 0.8133423 0.5795661 0.9496239 0.5710548 0.9614207 0.558793 0.9614207 0.5503471 0.7450222 0.5906225 0.7829457 0.5971765 0.7806087 0.576786 0.9337477 0.5818024 0.9496239 0.5710548 0.9496239 0.558793 0.6954531 0.5818024 0.7450222 0.5906225 0.7406818 0.5722717 0.9144027 0.5906225 0.9337477 0.5818024 0.9337477 0.5661961 0.6244251 0.5710547 0.6954531 0.5818024 0.6878437 0.5661961 0.8923316 0.5971767 0.9144027 0.5906225 0.9144027 0.5722717 0.5120481 0.558793 0.6244251 0.5710547 0.6114959 0.5587929 0.8682367 0.6012126 0.8923316 0.5971767 0.8923239 0.576786 0.3118178 0.5454882 0.5120481 0.558793 0.4896329 0.5503471 0.8424155 0.6025751 0.8682367 0.6012126 0.8681235 0.5795661 0.814459 0.6012124 0.8424155 0.6025751 0.8419872 0.5805047 0.9614207 0.558793 0.9686853 0.5454882 0.9686853 0.5411826 0.4896329 0.5503471 0.6114959 0.5587929 0.5955268 0.5454882 0.8681235 0.5795661 0.8923239 0.576786 0.8923014 0.554661 0.2752873 0.5411826 0.4896329 0.5503471 0.4608647 0.5411826 0.8419872 0.5805047 0.8681235 0.5795661 0.8679504 0.5560783 0.8133423 0.5795661 0.8419872 0.5805047 0.8414109 0.5565567 0.9686853 0.5411826 0.9686853 0.5365104 0.9614207 0.5411826 0.7806087 0.576786 0.8133423 0.5795661 0.8119384 0.5560781 0.9614207 0.5503471 0.9614207 0.5411826 0.9496239 0.5454882 0.7406818 0.5722717 0.7806087 0.576786 0.7777637 0.554661 0.9496239 0.558793 0.9496239 0.5454882 0.9337477 0.5492623 0.6878437 0.5661961 0.7406818 0.5722717 0.7354549 0.5523595 0.9337477 0.5661961 0.9337477 0.5492623 0.9144027 0.5523595 0.6114959 0.5587929 0.6878437 0.5661961 0.6786407 0.5492623 0.8923239 0.576786 0.9144027 0.5722717 0.9144027 0.5523595 0.7354549 0.5523595 0.7777637 0.554661 0.7744235 0.5316519 0.9496239 0.5454882 0.9496239 0.5316519 0.9337477 0.5316519 0.6786407 0.5492623 0.7354549 0.5523595 0.7293431 0.5316519 0.9337477 0.5492623 0.9337477 0.5316519 0.9144027 0.5316519 0.5955268 0.5454882 0.6786407 0.5492623 0.6677739 0.5316519 0.8923014 0.554661 0.9144027 0.5523595 0.9144027 0.5316519 0.4608647 0.5411826 0.5955268 0.5454882 0.5760539 0.5316519 0.8679504 0.5560783 0.8923014 0.554661 0.8922563 0.5316519 0.2291469 0.5365104 0.4608647 0.5411826 0.4241012 0.5316519 0.8414109 0.5565567 0.8679504 0.5560783 0.8677066 0.5316519 0.8119384 0.5560781 0.8414109 0.5565567 0.8406782 0.5316519 0.9686853 0.5365104 0.9686853 0.5316519 0.9614207 0.5316519 0.7777637 0.554661 0.8119384 0.5560781 0.8102508 0.5316519 0.9614207 0.5411826 0.9614207 0.5316519 0.9496239 0.5316519 0.1807729 0.5316519 0.4241012 0.5316519 0.3766659 0.5221211 0.8406782 0.5316519 0.8677066 0.5316519 0.8673896 0.5072253 0.8102508 0.5316519 0.8406782 0.5316519 0.8398011 0.5067467 0.9686853 0.5316519 0.9686853 0.5267932 0.9614207 0.5221211 0.7744235 0.5316519 0.8102508 0.5316519 0.8083198 0.5072253 0.9614207 0.5316519 0.9614207 0.5221211 0.9496239 0.5178154 0.7293431 0.5316519 0.7744235 0.5316519 0.7706547 0.5086425 0.9496239 0.5316519 0.9496239 0.5178154 0.9337477 0.5140413 0.6677739 0.5316519 0.7293431 0.5316519 0.7224263 0.5109441 0.9144027 0.5316519 0.9337477 0.5316519 0.9337477 0.5140413 0.5760539 0.5316519 0.6677739 0.5316519 0.6552455 0.5140413 0.8922563 0.5316519 0.9144027 0.5316519 0.9144015 0.5109441 0.4241012 0.5316519 0.5760539 0.5316519 0.5526123 0.5178154 0.8677066 0.5316519 0.8922563 0.5316519 0.8921817 0.5086425 0.9496239 0.5178154 0.9496239 0.5045105 0.9337477 0.4971075 0.6552455 0.5140413 0.7224263 0.5109441 0.7148947 0.4910321 0.9144015 0.5109441 0.9337477 0.5140413 0.9337477 0.4971075 0.5526123 0.5178154 0.6552455 0.5140413 0.6411681 0.4971075 0.8921817 0.5086425 0.9144015 0.5109441 0.9143926 0.4910321 0.3766659 0.5221211 0.5526123 0.5178154 0.5246566 0.5045105 0.8673896 0.5072253 0.8921817 0.5086425 0.8920773 0.4865176 0.1396583 0.5267932 0.3766659 0.5221211 0.3148556 0.5129565 0.8398011 0.5067467 0.8673896 0.5072253 0.867011 0.4837375 0.8083198 0.5072253 0.8398011 0.5067467 0.8388178 0.4827988 0.9686853 0.5267932 0.9686853 0.5221211 0.9614207 0.5129565 0.7706547 0.5086425 0.8083198 0.5072253 0.8062238 0.4837375 0.9614207 0.5221211 0.9614207 0.5129565 0.9496239 0.5045105 0.7224263 0.5109441 0.7706547 0.5086425 0.7665988 0.4865176 0.8388178 0.4827988 0.867011 0.4837375 0.8665981 0.462091 0.8062238 0.4837375 0.8388178 0.4827988 0.8377971 0.4607283 0.9686853 0.5221211 0.9686853 0.5178154 0.9614207 0.5045105 0.7665988 0.4865176 0.8062238 0.4837375 0.8040929 0.462091 0.9614207 0.5129565 0.9614207 0.5045105 0.9496239 0.4922489 0.7148947 0.4910321 0.7665988 0.4865176 0.7624802 0.466127 0.9496239 0.5045105 0.9496239 0.4922489 0.9337477 0.4815014 0.6411681 0.4971075 0.7148947 0.4910321 0.7070825 0.4726811 0.9143926 0.4910321 0.9337477 0.4971075 0.9337477 0.4815014 0.5246566 0.5045105 0.6411681 0.4971075 0.6259508 0.4815014 0.8920773 0.4865176 0.9143926 0.4910321 0.9143757 0.4726811 0.3148556 0.5129565 0.5246566 0.5045105 0.4918552 0.4922489 0.867011 0.4837375 0.8920773 0.4865176 0.8919509 0.466127 0.1090846 0.5221211 0.3148556 0.5129565 0.2341529 0.5045105 0.6259508 0.4815014 0.7070825 0.4726811 0.6994984 0.4565963 0.9143757 0.4726811 0.9337477 0.4815014 0.9337477 0.4678224 0.4918552 0.4922489 0.6259508 0.4815014 0.6103392 0.4678224 0.8919509 0.466127 0.9143757 0.4726811 0.9143519 0.4565963 0.2341529 0.5045105 0.4918552 0.4922489 0.4547008 0.4815014 0.8665981 0.462091 0.8919509 0.466127 0.8918163 0.4482546 0.08765256 0.5178154 0.2341529 0.5045105 0.1577889 0.4971075 0.8377971 0.4607283 0.8665981 0.462091 0.8661901 0.4431178 0.8040929 0.462091 0.8377971 0.4607283 0.8368268 0.4413833 0.9686853 0.5178154 0.9686853 0.5140413 0.9614207 0.4971075 0.7624802 0.466127 0.8040929 0.462091 0.8020941 0.4431178 0.9614207 0.5045105 0.9614207 0.4971075 0.9496239 0.4815014 0.7070825 0.4726811 0.7624802 0.466127 0.7585965 0.4482546 0.9496239 0.4922489 0.9496239 0.4815014 0.9337477 0.4678224 0.8020941 0.4431178 0.8368268 0.4413833 0.8360106 0.4255074 0.9686853 0.5140413 0.9686853 0.5109441 0.9614207 0.4910321 0.7585965 0.4482546 0.8020941 0.4431178 0.8004253 0.4275469 0.9614207 0.4971075 0.9614207 0.4910321 0.9496239 0.4726811 0.6994984 0.4565963 0.7585965 0.4482546 0.7553084 0.4335871 0.9496239 0.4815014 0.9496239 0.4726811 0.9337477 0.4565963 0.6103392 0.4678224 0.6994984 0.4565963 0.6928313 0.4433959 0.9337477 0.4678224 0.9337477 0.4565963 0.9143261 0.4433959 0.4547008 0.4815014 0.6103392 0.4678224 0.5955718 0.4565963 0.9143519 0.4565963 0.9143261 0.4433959 0.8916921 0.4335871 0.1577889 0.4971075 0.4547008 0.4815014 0.4152863 0.4726811 0.8918163 0.4482546 0.8916921 0.4335871 0.8658343 0.4275469 0.07291662 0.5140413 0.1577889 0.4971075 0.1110403 0.4910321 0.8368268 0.4413833 0.8661901 0.4431178 0.8658343 0.4275469 0.9337477 0.4565963 0.9337476 0.4482546 0.9143039 0.4335871 0.4152863 0.4726811 0.5955718 0.4565963 0.583474 0.4482546 0.9143261 0.4433959 0.9143039 0.4335871 0.8915977 0.4226881 0.1110403 0.4910321 0.4152863 0.4726811 0.378273 0.466127 0.8916921 0.4335871 0.8915977 0.4226881 0.8655799 0.4159766 0.06293052 0.5109441 0.1110403 0.4910321 0.08613473 0.4865176 0.8658343 0.4275469 0.8655799 0.4159766 0.8354426 0.4137105 0.8004253 0.4275469 0.8360106 0.4255074 0.8354426 0.4137105 0.9686853 0.5109441 0.9686853 0.5086425 0.9614207 0.4865176 0.7553084 0.4335871 0.8004253 0.4275469 0.7992731 0.4159766 0.9614207 0.4910321 0.9614207 0.4865176 0.9496239 0.466127 0.6928313 0.4433959 0.7553084 0.4335871 0.7529863 0.4226881 0.9496239 0.4726811 0.9496239 0.466127 0.9337476 0.4482546 0.5955718 0.4565963 0.6928313 0.4433959 0.6878585 0.4335871 0.8354426 0.4137105 0.8351972 0.4064459 0.7987846 0.4088516 0.9686853 0.5086425 0.9686853 0.5072253 0.9614207 0.4837375 0.7529863 0.4226881 0.7992731 0.4159766 0.7987846 0.4088516 0.9614207 0.4865176 0.9614207 0.4837375 0.9496239 0.4620912 0.6878585 0.4335871 0.7529863 0.4226881 0.7519423 0.4159766 0.9496239 0.466127 0.9496239 0.4620912 0.9337472 0.4431178 0.583474 0.4482546 0.6878585 0.4335871 0.6853209 0.4275469 0.9337476 0.4482546 0.9337472 0.4431178 0.9142906 0.4275469 0.378273 0.466127 0.583474 0.4482546 0.576178 0.4431178 0.9143039 0.4335871 0.9142906 0.4275469 0.8915486 0.4159766 0.08613473 0.4865176 0.378273 0.466127 0.3519107 0.4620912 0.8915977 0.4226881 0.8915486 0.4159766 0.8654612 0.4088516 0.05644208 0.5086425 0.08613473 0.4865176 0.07391113 0.4837375 0.8655799 0.4159766 0.8654612 0.4088516 0.8351972 0.4064459 0.3519107 0.4620912 0.576178 0.4431178 0.5753755 0.4413833 0.9142906 0.4275469 0.9142895 0.4255073 0.8915531 0.4137104 0.07391113 0.4837375 0.3519107 0.4620912 0.34509 0.4607284 0.8915486 0.4159766 0.8915531 0.4137104 0.8654942 0.4064458 0.05273872 0.5072253 0.07391113 0.4837375 0.0702337 0.4827989 0.8654612 0.4088516 0.8654942 0.4064458 0.8353057 0.4039928 0.8351972 0.4064459 0.8353057 0.4039928 0.799027 0.4064458 0.9686853 0.5072253 0.9686853 0.5067467 0.9614207 0.4827989 0.7987846 0.4088516 0.799027 0.4064458 0.7523419 0.4137104 0.9614207 0.4837375 0.9614207 0.4827989 0.9496239 0.4607283 0.7519423 0.4159766 0.7523419 0.4137104 0.6856987 0.4255073 0.9496239 0.4620912 0.9496239 0.4607283 0.9337471 0.4413833 0.576178 0.4431178 0.6853209 0.4275469 0.6856987 0.4255073 0.9337472 0.4431178 0.9337471 0.4413833 0.9142895 0.4255073</float_array>
          <technique_common>
            <accessor source="#Sphere-mesh-map-0-array" count="2880" stride="2">
              <param name="S" type="float"/>
              <param name="T" type="float"/>
            </accessor>
          </technique_common>
        </source>
        <vertices id="Sphere-mesh-vertices">
          <input semantic="POSITION" source="#Sphere-mesh-positions"/>
        </vertices>
        <triangles material="Material_001-material" count="960">
          <input semantic="VERTEX" source="#Sphere-mesh-vertices" offset="0"/>
          <input semantic="NORMAL" source="#Sphere-mesh-normals" offset="1"/>
          <input semantic="TEXCOORD" source="#Sphere-mesh-map-0" offset="2" set="0"/>
          <p>478 0 0 18 1 1 479 2 2 1 3 3 11 4 4 476 5 5 479 2 6 19 6 7 480 7 8 476 5 9 12 8 10 2 9 11 480 7 12 20 10 13 481 11 14 2 9 15 13 12 16 3 13 17 473 14 18 81 15 19 6 16 20 307 17 21 481 11 22 20 10 23 3 13 24 14 18 25 4 19 26 473 14 27 7 20 28 474 21 29 4 19 30 15 22 31 477 23 32 474 21 33 8 24 34 0 25 35 477 23 36 16 26 37 5 27 38 0 25 39 9 28 40 475 29 41 5 27 42 17 30 43 478 0 44 475 29 45 10 31 46 1 3 47 8 24 48 24 32 49 9 28 50 16 26 51 32 33 52 17 30 53 9 28 54 25 34 55 10 31 56 17 30 57 33 35 58 18 1 59 10 31 60 26 36 61 11 4 62 18 1 63 34 37 64 19 6 65 11 4 66 27 38 67 12 8 68 19 6 69 35 39 70 20 10 71 12 8 72 28 40 73 13 12 74 6 16 75 81 15 76 21 41 77 307 17 78 20 10 79 35 39 80 13 12 81 29 42 82 14 18 83 6 16 84 22 43 85 7 20 86 14 18 87 30 44 88 15 22 89 7 20 90 23 45 91 8 24 92 15 22 93 31 46 94 16 26 95 27 38 96 43 47 97 28 40 98 21 41 99 81 15 100 36 48 101 307 17 102 35 39 103 50 49 104 28 40 105 44 50 106 29 42 107 21 41 108 37 51 109 22 43 110 29 42 111 45 52 112 30 44 113 22 43 114 38 53 115 23 45 116 30 44 117 46 54 118 31 46 119 23 45 120 39 55 121 24 32 122 31 46 123 47 56 124 32 33 125 24 32 126 40 57 127 25 34 128 32 33 129 48 58 130 33 35 131 25 34 132 41 59 133 26 36 134 33 35 135 49 60 136 34 37 137 26 36 138 42 61 139 27 38 140 34 37 141 50 49 142 35 39 143 46 54 144 62 62 145 47 56 146 39 55 147 55 63 148 40 57 149 47 56 150 63 64 151 48 58 152 40 57 153 56 65 154 41 59 155 48 58 156 64 66 157 49 60 158 41 59 159 57 67 160 42 61 161 49 60 162 65 68 163 50 49 164 42 61 165 58 69 166 43 47 167 36 48 168 81 15 169 51 70 170 307 17 171 50 49 172 65 68 173 43 47 174 59 71 175 44 50 176 36 48 177 52 72 178 37 51 179 44 50 180 60 73 181 45 52 182 37 51 183 53 74 184 38 53 185 45 52 186 61 75 187 46 54 188 38 53 189 54 76 190 39 55 191 307 17 192 65 68 193 80 77 194 58 69 195 74 78 196 59 71 197 51 70 198 67 79 199 52 72 200 59 71 201 75 80 202 60 73 203 52 72 204 68 81 205 53 74 206 60 73 207 76 82 208 61 75 209 53 74 210 69 83 211 54 76 212 61 75 213 77 84 214 62 62 215 54 76 216 70 85 217 55 63 218 62 62 219 78 86 220 63 64 221 55 63 222 71 87 223 56 65 224 63 64 225 79 88 226 64 66 227 56 65 228 72 89 229 57 67 230 64 66 231 80 77 232 65 68 233 57 67 234 73 90 235 58 69 236 51 70 237 81 15 238 66 91 239 77 84 240 94 92 241 78 86 242 70 85 243 87 93 244 71 87 245 78 86 246 95 94 247 79 88 248 71 87 249 88 95 250 72 89 251 79 88 252 96 96 253 80 77 254 72 89 255 89 97 256 73 90 257 66 91 258 81 15 259 82 98 260 307 17 261 80 77 262 96 96 263 73 90 264 90 99 265 74 78 266 66 91 267 83 100 268 67 79 269 74 78 270 91 101 271 75 80 272 67 79 273 84 102 274 68 81 275 75 80 276 92 103 277 76 82 278 68 81 279 85 104 280 69 83 281 76 82 282 93 105 283 77 84 284 69 83 285 86 106 286 70 85 287 82 98 288 98 107 289 83 100 290 90 99 291 106 108 292 91 101 293 83 100 294 99 109 295 84 102 296 91 101 297 107 110 298 92 103 299 84 102 300 100 111 301 85 104 302 92 103 303 108 112 304 93 105 305 85 104 306 101 113 307 86 106 308 93 105 309 109 114 310 94 92 311 86 106 312 102 115 313 87 93 314 94 92 315 110 116 316 95 94 317 87 93 318 103 117 319 88 95 320 95 94 321 111 118 322 96 96 323 88 95 324 104 119 325 89 97 326 82 98 327 81 15 328 97 120 329 307 17 330 96 96 331 111 118 332 89 97 333 105 121 334 90 99 335 101 113 336 117 122 337 102 115 338 109 114 339 125 123 340 110 116 341 102 115 342 118 124 343 103 117 344 110 116 345 126 125 346 111 118 347 103 117 348 119 126 349 104 119 350 97 120 351 81 15 352 112 127 353 307 17 354 111 118 355 126 125 356 104 119 357 120 128 358 105 121 359 98 107 360 112 127 361 113 129 362 105 121 363 121 130 364 106 108 365 99 109 366 113 129 367 114 131 368 106 108 369 122 132 370 107 110 371 100 111 372 114 131 373 115 133 374 107 110 375 123 134 376 108 112 377 101 113 378 115 133 379 116 135 380 108 112 381 124 136 382 109 114 383 120 128 384 136 137 385 121 130 386 114 131 387 128 138 388 129 139 389 121 130 390 137 140 391 122 132 392 115 133 393 129 139 394 130 141 395 122 132 396 138 142 397 123 134 398 116 135 399 130 141 400 131 143 401 123 134 402 139 144 403 124 136 404 116 135 405 132 145 406 117 122 407 124 136 408 140 146 409 125 123 410 117 122 411 133 147 412 118 124 413 125 123 414 141 148 415 126 125 416 118 124 417 134 149 418 119 126 419 112 127 420 81 15 421 127 150 422 307 17 423 126 125 424 141 148 425 119 126 426 135 151 427 120 128 428 113 129 429 127 150 430 128 138 431 139 144 432 155 152 433 140 146 434 132 145 435 148 153 436 133 147 437 140 146 438 156 154 439 141 148 440 133 147 441 149 155 442 134 149 443 127 150 444 81 15 445 142 156 446 307 17 447 141 148 448 156 154 449 134 149 450 150 157 451 135 151 452 128 138 453 142 156 454 143 158 455 135 151 456 151 159 457 136 137 458 129 139 459 143 158 460 144 160 461 136 137 462 152 161 463 137 140 464 130 141 465 144 160 466 145 162 467 137 140 468 153 163 469 138 142 470 131 143 471 145 162 472 146 164 473 138 142 474 154 165 475 139 144 476 131 143 477 147 166 478 132 145 479 144 160 480 158 167 481 159 168 482 151 159 483 167 169 484 152 161 485 145 162 486 159 168 487 160 170 488 152 161 489 168 171 490 153 163 491 146 164 492 160 170 493 161 172 494 153 163 495 169 173 496 154 165 497 147 166 498 161 172 499 162 174 500 154 165 501 170 175 502 155 152 503 147 166 504 163 176 505 148 153 506 155 152 507 171 177 508 156 154 509 148 153 510 164 178 511 149 155 512 142 156 513 81 15 514 157 179 515 307 17 516 156 154 517 171 177 518 149 155 519 165 180 520 150 157 521 143 158 522 157 179 523 158 167 524 150 157 525 166 181 526 151 159 527 163 176 528 177 182 529 178 183 530 170 175 531 186 184 532 171 177 533 163 176 534 179 185 535 164 178 536 157 179 537 81 15 538 172 186 539 307 17 540 171 177 541 186 184 542 164 178 543 180 187 544 165 180 545 158 167 546 172 186 547 173 188 548 165 180 549 181 189 550 166 181 551 159 168 552 173 188 553 174 190 554 166 181 555 182 191 556 167 169 557 160 170 558 174 190 559 175 192 560 167 169 561 183 193 562 168 171 563 161 172 564 175 192 565 176 194 566 168 171 567 184 195 568 169 173 569 162 174 570 176 194 571 177 182 572 169 173 573 185 196 574 170 175 575 181 189 576 197 197 577 182 191 578 175 192 579 189 198 580 190 199 581 182 191 582 198 200 583 183 193 584 176 194 585 190 199 586 191 201 587 183 193 588 199 202 589 184 195 590 177 182 591 191 201 592 192 203 593 184 195 594 200 204 595 185 196 596 178 183 597 192 203 598 193 205 599 185 196 600 201 206 601 186 184 602 179 185 603 193 205 604 194 207 605 172 186 606 81 15 607 187 208 608 307 17 609 186 184 610 201 206 611 180 187 612 194 207 613 195 209 614 173 188 615 187 208 616 188 210 617 180 187 618 196 211 619 181 189 620 174 190 621 188 210 622 189 198 623 200 204 624 216 212 625 201 206 626 194 207 627 208 213 628 209 214 629 187 208 630 81 15 631 202 215 632 307 17 633 201 206 634 216 212 635 195 209 636 209 214 637 210 216 638 188 210 639 202 215 640 203 217 641 196 211 642 210 216 643 211 218 644 189 198 645 203 217 646 204 219 647 196 211 648 212 220 649 197 197 650 190 199 651 204 219 652 205 221 653 197 197 654 213 222 655 198 200 656 191 201 657 205 221 658 206 223 659 198 200 660 214 224 661 199 202 662 192 203 663 206 223 664 207 225 665 199 202 666 215 226 667 200 204 668 193 205 669 207 225 670 208 213 671 212 220 672 228 227 673 213 222 674 206 223 675 220 228 676 221 229 677 213 222 678 229 230 679 214 224 680 207 225 681 221 229 682 222 231 683 214 224 684 230 232 685 215 226 686 208 213 687 222 231 688 223 233 689 215 226 690 231 234 691 216 212 692 209 214 693 223 233 694 224 235 695 202 215 696 81 15 697 217 236 698 307 17 699 216 212 700 231 234 701 210 216 702 224 235 703 225 237 704 203 217 705 217 236 706 218 238 707 211 218 708 225 237 709 226 239 710 204 219 711 218 238 712 219 240 713 212 220 714 226 239 715 227 241 716 205 221 717 219 240 718 220 228 719 217 236 720 81 15 721 232 242 722 307 17 723 231 234 724 246 243 725 225 237 726 239 244 727 240 245 728 218 238 729 232 242 730 233 246 731 226 239 732 240 245 733 241 247 734 219 240 735 233 246 736 234 248 737 227 241 738 241 247 739 242 249 740 220 228 741 234 248 742 235 250 743 228 227 744 242 249 745 243 251 746 221 229 747 235 250 748 236 252 749 229 230 750 243 251 751 244 253 752 222 231 753 236 252 754 237 254 755 229 230 756 245 255 757 230 232 758 223 233 759 237 254 760 238 256 761 230 232 762 246 243 763 231 234 764 224 235 765 238 256 766 239 244 767 236 252 768 250 257 769 251 258 770 244 253 771 258 259 772 259 260 773 237 254 774 251 258 775 252 261 776 245 255 777 259 260 778 260 262 779 238 256 780 252 261 781 253 263 782 246 243 783 260 262 784 261 264 785 239 244 786 253 263 787 254 265 788 232 242 789 81 15 790 247 266 791 307 17 792 246 243 793 261 264 794 240 245 795 254 265 796 255 267 797 233 246 798 247 266 799 248 268 800 241 247 801 255 267 802 256 269 803 234 248 804 248 268 805 249 270 806 242 249 807 256 269 808 257 271 809 235 250 810 249 270 811 250 257 812 243 251 813 257 271 814 258 259 815 255 267 816 269 272 817 270 273 818 248 268 819 262 274 820 263 275 821 256 269 822 270 273 823 271 276 824 249 270 825 263 275 826 264 277 827 257 271 828 271 276 829 272 278 830 250 257 831 264 277 832 265 279 833 258 259 834 272 278 835 273 280 836 251 258 837 265 279 838 266 281 839 259 260 840 273 280 841 274 282 842 252 261 843 266 281 844 267 283 845 260 262 846 274 282 847 275 284 848 253 263 849 267 283 850 268 285 851 261 264 852 275 284 853 276 286 854 254 265 855 268 285 856 269 272 857 247 266 858 81 15 859 262 274 860 307 17 861 261 264 862 276 286 863 274 282 864 288 287 865 289 288 866 267 283 867 281 289 868 282 290 869 275 284 870 289 288 871 290 291 872 268 285 873 282 290 874 283 292 875 276 286 876 290 291 877 291 293 878 269 272 879 283 292 880 284 294 881 262 274 882 81 15 883 277 295 884 307 17 885 276 286 886 291 293 887 270 273 888 284 294 889 285 296 890 263 275 891 277 295 892 278 297 893 271 276 894 285 296 895 286 298 896 264 277 897 278 297 898 279 299 899 272 278 900 286 298 901 287 300 902 265 279 903 279 299 904 280 301 905 273 280 906 287 300 907 288 287 908 266 281 909 280 301 910 281 289 911 278 297 912 292 302 913 293 303 914 286 298 915 300 304 916 301 305 917 279 299 918 293 303 919 294 306 920 287 300 921 301 305 922 302 307 923 280 301 924 294 306 925 295 308 926 288 287 927 302 307 928 303 309 929 281 289 930 295 308 931 296 310 932 289 288 933 303 309 934 304 311 935 282 290 936 296 310 937 297 312 938 290 291 939 304 311 940 305 313 941 283 292 942 297 312 943 298 314 944 291 293 945 305 313 946 306 315 947 284 294 948 298 314 949 299 316 950 277 295 951 81 15 952 292 302 953 307 17 954 291 293 955 306 315 956 285 296 957 299 316 958 300 304 959 297 312 960 312 317 961 313 318 962 305 313 963 320 319 964 321 320 965 298 314 966 313 318 967 314 321 968 306 315 969 321 320 970 322 322 971 299 316 972 314 321 973 315 323 974 292 302 975 81 15 976 308 324 977 307 17 978 306 315 979 322 322 980 300 304 981 315 323 982 316 325 983 293 303 984 308 324 985 309 326 986 301 305 987 316 325 988 317 327 989 294 306 990 309 326 991 310 328 992 302 307 993 317 327 994 318 329 995 295 308 996 310 328 997 311 330 998 303 309 999 318 329 1000 319 331 1001 296 310 1002 311 330 1003 312 317 1004 304 311 1005 319 331 1006 320 319 1007 317 327 1008 331 332 1009 332 333 1010 310 328 1011 324 334 1012 325 335 1013 318 329 1014 332 333 1015 333 336 1016 311 330 1017 325 335 1018 326 337 1019 319 331 1020 333 336 1021 334 338 1022 312 317 1023 326 337 1024 327 339 1025 320 319 1026 334 338 1027 335 340 1028 313 318 1029 327 339 1030 328 341 1031 321 320 1032 335 340 1033 336 342 1034 314 321 1035 328 341 1036 329 343 1037 322 322 1038 336 342 1039 337 344 1040 315 323 1041 329 343 1042 330 345 1043 308 324 1044 81 15 1045 323 346 1046 307 17 1047 322 322 1048 337 344 1049 316 325 1050 330 345 1051 331 332 1052 309 326 1053 323 346 1054 324 334 1055 336 342 1056 350 347 1057 351 348 1058 329 343 1059 343 349 1060 344 350 1061 337 344 1062 351 348 1063 352 351 1064 330 345 1065 344 350 1066 345 352 1067 323 346 1068 81 15 1069 338 353 1070 307 17 1071 337 344 1072 352 351 1073 331 332 1074 345 352 1075 346 354 1076 323 346 1077 339 355 1078 324 334 1079 332 333 1080 346 354 1081 347 356 1082 324 334 1083 340 357 1084 325 335 1085 333 336 1086 347 356 1087 348 358 1088 325 335 1089 341 359 1090 326 337 1091 334 338 1092 348 358 1093 349 360 1094 326 337 1095 342 361 1096 327 339 1097 335 340 1098 349 360 1099 350 347 1100 328 341 1101 342 361 1102 343 349 1103 348 358 1104 362 362 1105 363 363 1106 340 357 1107 356 364 1108 341 359 1109 349 360 1110 363 363 1111 364 365 1112 341 359 1113 357 366 1114 342 361 1115 350 347 1116 364 365 1117 365 367 1118 343 349 1119 357 366 1120 358 368 1121 351 348 1122 365 367 1123 366 369 1124 344 350 1125 358 368 1126 359 370 1127 352 351 1128 366 369 1129 367 371 1130 345 352 1131 359 370 1132 360 372 1133 338 353 1134 81 15 1135 353 373 1136 307 17 1137 352 351 1138 367 371 1139 346 354 1140 360 372 1141 361 374 1142 338 353 1143 354 375 1144 339 355 1145 347 356 1146 361 374 1147 362 362 1148 339 355 1149 355 376 1150 340 357 1151 367 371 1152 381 377 1153 382 378 1154 360 372 1155 374 379 1156 375 380 1157 353 373 1158 81 15 1159 368 381 1160 307 17 1161 367 371 1162 382 378 1163 361 374 1164 375 380 1165 376 382 1166 353 373 1167 369 383 1168 354 375 1169 362 362 1170 376 382 1171 377 384 1172 354 375 1173 370 385 1174 355 376 1175 363 363 1176 377 384 1177 378 386 1178 355 376 1179 371 387 1180 356 364 1181 364 365 1182 378 386 1183 379 388 1184 357 366 1185 371 387 1186 372 389 1187 365 367 1188 379 388 1189 380 390 1190 358 368 1191 372 389 1192 373 391 1193 366 369 1194 380 390 1195 381 377 1196 359 370 1197 373 391 1198 374 379 1199 370 385 1200 386 392 1201 371 387 1202 379 388 1203 393 393 1204 394 394 1205 372 389 1206 386 392 1207 387 395 1208 380 390 1209 394 394 1210 395 396 1211 373 391 1212 387 395 1213 388 397 1214 381 377 1215 395 396 1216 396 398 1217 374 379 1218 388 397 1219 389 399 1220 382 378 1221 396 398 1222 397 400 1223 375 380 1224 389 399 1225 390 401 1226 368 381 1227 81 15 1228 383 402 1229 307 17 1230 382 378 1231 397 400 1232 376 382 1233 390 401 1234 391 403 1235 368 381 1236 384 404 1237 369 383 1238 377 384 1239 391 403 1240 392 405 1241 369 383 1242 385 406 1243 370 385 1244 378 386 1245 392 405 1246 393 393 1247 390 401 1248 404 407 1249 405 408 1250 383 402 1251 81 15 1252 398 409 1253 307 17 1254 397 400 1255 412 410 1256 391 403 1257 405 408 1258 406 411 1259 383 402 1260 399 412 1261 384 404 1262 392 405 1263 406 411 1264 407 413 1265 384 404 1266 400 414 1267 385 406 1268 393 393 1269 407 413 1270 408 415 1271 385 406 1272 401 416 1273 386 392 1274 394 394 1275 408 415 1276 409 417 1277 387 395 1278 401 416 1279 402 418 1280 395 396 1281 409 417 1282 410 419 1283 388 397 1284 402 418 1285 403 420 1286 396 398 1287 410 419 1288 411 421 1289 389 399 1290 403 420 1291 404 407 1292 397 400 1293 411 421 1294 412 410 1295 409 417 1296 423 422 1297 424 423 1298 402 418 1299 416 424 1300 417 425 1301 410 419 1302 424 423 1303 425 426 1304 403 420 1305 417 425 1306 418 427 1307 411 421 1308 425 426 1309 426 428 1310 404 407 1311 418 427 1312 419 429 1313 412 410 1314 426 428 1315 427 430 1316 405 408 1317 419 429 1318 420 431 1319 398 409 1320 81 15 1321 413 432 1322 307 17 1323 412 410 1324 427 430 1325 406 411 1326 420 431 1327 421 433 1328 398 409 1329 414 434 1330 399 412 1331 407 413 1332 421 433 1333 422 435 1334 399 412 1335 415 436 1336 400 414 1337 408 415 1338 422 435 1339 423 422 1340 400 414 1341 416 424 1342 401 416 1343 413 432 1344 81 15 1345 428 437 1346 307 17 1347 427 430 1348 442 438 1349 421 433 1350 435 439 1351 436 440 1352 413 432 1353 429 441 1354 414 434 1355 422 435 1356 436 440 1357 437 442 1358 414 434 1359 430 443 1360 415 436 1361 423 422 1362 437 442 1363 438 444 1364 415 436 1365 431 445 1366 416 424 1367 424 423 1368 438 444 1369 439 446 1370 416 424 1371 432 447 1372 417 425 1373 425 426 1374 439 446 1375 440 448 1376 417 425 1377 433 449 1378 418 427 1379 426 428 1380 440 448 1381 441 450 1382 418 427 1383 434 451 1384 419 429 1385 427 430 1386 441 450 1387 442 438 1388 420 431 1389 434 451 1390 435 439 1391 431 445 1392 447 452 1393 432 447 1394 440 448 1395 454 453 1396 455 454 1397 432 447 1398 448 455 1399 433 449 1400 441 450 1401 455 454 1402 456 456 1403 433 449 1404 449 457 1405 434 451 1406 442 438 1407 456 456 1408 457 458 1409 434 451 1410 450 459 1411 435 439 1412 428 437 1413 81 15 1414 443 460 1415 307 17 1416 442 438 1417 457 458 1418 436 440 1419 450 459 1420 451 461 1421 428 437 1422 444 462 1423 429 441 1424 437 442 1425 451 461 1426 452 463 1427 429 441 1428 445 464 1429 430 443 1430 438 444 1431 452 463 1432 453 465 1433 430 443 1434 446 466 1435 431 445 1436 439 446 1437 453 465 1438 454 453 1439 450 459 1440 466 467 1441 451 461 1442 443 460 1443 459 468 1444 444 462 1445 452 463 1446 466 467 1447 467 469 1448 444 462 1449 460 470 1450 445 464 1451 453 465 1452 467 469 1453 468 471 1454 445 464 1455 461 472 1456 446 466 1457 454 453 1458 468 471 1459 469 473 1460 446 466 1461 462 474 1462 447 452 1463 455 454 1464 469 473 1465 470 475 1466 447 452 1467 463 476 1468 448 455 1469 456 456 1470 470 475 1471 471 477 1472 448 455 1473 464 478 1474 449 457 1475 457 458 1476 471 477 1477 472 479 1478 449 457 1479 465 480 1480 450 459 1481 443 460 1482 81 15 1483 458 481 1484 307 17 1485 457 458 1486 472 479 1487 470 475 1488 478 0 1489 479 2 1490 462 474 1491 476 5 1492 463 476 1493 471 477 1494 479 2 1495 480 7 1496 463 476 1497 2 9 1498 464 478 1499 472 479 1500 480 7 1501 481 11 1502 464 478 1503 3 13 1504 465 480 1505 458 481 1506 81 15 1507 473 14 1508 307 17 1509 472 479 1510 481 11 1511 465 480 1512 4 19 1513 466 467 1514 458 481 1515 474 21 1516 459 468 1517 466 467 1518 477 23 1519 467 469 1520 459 468 1521 0 25 1522 460 470 1523 467 469 1524 5 27 1525 468 471 1526 460 470 1527 475 29 1528 461 472 1529 469 473 1530 5 27 1531 478 0 1532 461 472 1533 1 3 1534 462 474 1535 478 0 1536 17 30 1537 18 1 1538 1 3 1539 10 31 1540 11 4 1541 479 2 1542 18 1 1543 19 6 1544 476 5 1545 11 4 1546 12 8 1547 480 7 1548 19 6 1549 20 10 1550 2 9 1551 12 8 1552 13 12 1553 3 13 1554 13 12 1555 14 18 1556 473 14 1557 6 16 1558 7 20 1559 4 19 1560 14 18 1561 15 22 1562 474 21 1563 7 20 1564 8 24 1565 477 23 1566 15 22 1567 16 26 1568 0 25 1569 8 24 1570 9 28 1571 5 27 1572 16 26 1573 17 30 1574 475 29 1575 9 28 1576 10 31 1577 8 24 1578 23 45 1579 24 32 1580 16 26 1581 31 46 1582 32 33 1583 9 28 1584 24 32 1585 25 34 1586 17 30 1587 32 33 1588 33 35 1589 10 31 1590 25 34 1591 26 36 1592 18 1 1593 33 35 1594 34 37 1595 11 4 1596 26 36 1597 27 38 1598 19 6 1599 34 37 1600 35 39 1601 12 8 1602 27 38 1603 28 40 1604 13 12 1605 28 40 1606 29 42 1607 6 16 1608 21 41 1609 22 43 1610 14 18 1611 29 42 1612 30 44 1613 7 20 1614 22 43 1615 23 45 1616 15 22 1617 30 44 1618 31 46 1619 27 38 1620 42 61 1621 43 47 1622 28 40 1623 43 47 1624 44 50 1625 21 41 1626 36 48 1627 37 51 1628 29 42 1629 44 50 1630 45 52 1631 22 43 1632 37 51 1633 38 53 1634 30 44 1635 45 52 1636 46 54 1637 23 45 1638 38 53 1639 39 55 1640 31 46 1641 46 54 1642 47 56 1643 24 32 1644 39 55 1645 40 57 1646 32 33 1647 47 56 1648 48 58 1649 25 34 1650 40 57 1651 41 59 1652 33 35 1653 48 58 1654 49 60 1655 26 36 1656 41 59 1657 42 61 1658 34 37 1659 49 60 1660 50 49 1661 46 54 1662 61 75 1663 62 62 1664 39 55 1665 54 76 1666 55 63 1667 47 56 1668 62 62 1669 63 64 1670 40 57 1671 55 63 1672 56 65 1673 48 58 1674 63 64 1675 64 66 1676 41 59 1677 56 65 1678 57 67 1679 49 60 1680 64 66 1681 65 68 1682 42 61 1683 57 67 1684 58 69 1685 43 47 1686 58 69 1687 59 71 1688 36 48 1689 51 70 1690 52 72 1691 44 50 1692 59 71 1693 60 73 1694 37 51 1695 52 72 1696 53 74 1697 45 52 1698 60 73 1699 61 75 1700 38 53 1701 53 74 1702 54 76 1703 58 69 1704 73 90 1705 74 78 1706 51 70 1707 66 91 1708 67 79 1709 59 71 1710 74 78 1711 75 80 1712 52 72 1713 67 79 1714 68 81 1715 60 73 1716 75 80 1717 76 82 1718 53 74 1719 68 81 1720 69 83 1721 61 75 1722 76 82 1723 77 84 1724 54 76 1725 69 83 1726 70 85 1727 62 62 1728 77 84 1729 78 86 1730 55 63 1731 70 85 1732 71 87 1733 63 64 1734 78 86 1735 79 88 1736 56 65 1737 71 87 1738 72 89 1739 64 66 1740 79 88 1741 80 77 1742 57 67 1743 72 89 1744 73 90 1745 77 84 1746 93 105 1747 94 92 1748 70 85 1749 86 106 1750 87 93 1751 78 86 1752 94 92 1753 95 94 1754 71 87 1755 87 93 1756 88 95 1757 79 88 1758 95 94 1759 96 96 1760 72 89 1761 88 95 1762 89 97 1763 73 90 1764 89 97 1765 90 99 1766 66 91 1767 82 98 1768 83 100 1769 74 78 1770 90 99 1771 91 101 1772 67 79 1773 83 100 1774 84 102 1775 75 80 1776 91 101 1777 92 103 1778 68 81 1779 84 102 1780 85 104 1781 76 82 1782 92 103 1783 93 105 1784 69 83 1785 85 104 1786 86 106 1787 82 98 1788 97 120 1789 98 107 1790 90 99 1791 105 121 1792 106 108 1793 83 100 1794 98 107 1795 99 109 1796 91 101 1797 106 108 1798 107 110 1799 84 102 1800 99 109 1801 100 111 1802 92 103 1803 107 110 1804 108 112 1805 85 104 1806 100 111 1807 101 113 1808 93 105 1809 108 112 1810 109 114 1811 86 106 1812 101 113 1813 102 115 1814 94 92 1815 109 114 1816 110 116 1817 87 93 1818 102 115 1819 103 117 1820 95 94 1821 110 116 1822 111 118 1823 88 95 1824 103 117 1825 104 119 1826 89 97 1827 104 119 1828 105 121 1829 101 113 1830 116 135 1831 117 122 1832 109 114 1833 124 136 1834 125 123 1835 102 115 1836 117 122 1837 118 124 1838 110 116 1839 125 123 1840 126 125 1841 103 117 1842 118 124 1843 119 126 1844 104 119 1845 119 126 1846 120 128 1847 98 107 1848 97 120 1849 112 127 1850 105 121 1851 120 128 1852 121 130 1853 99 109 1854 98 107 1855 113 129 1856 106 108 1857 121 130 1858 122 132 1859 100 111 1860 99 109 1861 114 131 1862 107 110 1863 122 132 1864 123 134 1865 101 113 1866 100 111 1867 115 133 1868 108 112 1869 123 134 1870 124 136 1871 120 128 1872 135 151 1873 136 137 1874 114 131 1875 113 129 1876 128 138 1877 121 130 1878 136 137 1879 137 140 1880 115 133 1881 114 131 1882 129 139 1883 122 132 1884 137 140 1885 138 142 1886 116 135 1887 115 133 1888 130 141 1889 123 134 1890 138 142 1891 139 144 1892 116 135 1893 131 143 1894 132 145 1895 124 136 1896 139 144 1897 140 146 1898 117 122 1899 132 145 1900 133 147 1901 125 123 1902 140 146 1903 141 148 1904 118 124 1905 133 147 1906 134 149 1907 119 126 1908 134 149 1909 135 151 1910 113 129 1911 112 127 1912 127 150 1913 139 144 1914 154 165 1915 155 152 1916 132 145 1917 147 166 1918 148 153 1919 140 146 1920 155 152 1921 156 154 1922 133 147 1923 148 153 1924 149 155 1925 134 149 1926 149 155 1927 150 157 1928 128 138 1929 127 150 1930 142 156 1931 135 151 1932 150 157 1933 151 159 1934 129 139 1935 128 138 1936 143 158 1937 136 137 1938 151 159 1939 152 161 1940 130 141 1941 129 139 1942 144 160 1943 137 140 1944 152 161 1945 153 163 1946 131 143 1947 130 141 1948 145 162 1949 138 142 1950 153 163 1951 154 165 1952 131 143 1953 146 164 1954 147 166 1955 144 160 1956 143 158 1957 158 167 1958 151 159 1959 166 181 1960 167 169 1961 145 162 1962 144 160 1963 159 168 1964 152 161 1965 167 169 1966 168 171 1967 146 164 1968 145 162 1969 160 170 1970 153 163 1971 168 171 1972 169 173 1973 147 166 1974 146 164 1975 161 172 1976 154 165 1977 169 173 1978 170 175 1979 147 166 1980 162 174 1981 163 176 1982 155 152 1983 170 175 1984 171 177 1985 148 153 1986 163 176 1987 164 178 1988 149 155 1989 164 178 1990 165 180 1991 143 158 1992 142 156 1993 157 179 1994 150 157 1995 165 180 1996 166 181 1997 163 176 1998 162 174 1999 177 182 2000 170 175 2001 185 196 2002 186 184 2003 163 176 2004 178 183 2005 179 185 2006 164 178 2007 179 185 2008 180 187 2009 158 167 2010 157 179 2011 172 186 2012 165 180 2013 180 187 2014 181 189 2015 159 168 2016 158 167 2017 173 188 2018 166 181 2019 181 189 2020 182 191 2021 160 170 2022 159 168 2023 174 190 2024 167 169 2025 182 191 2026 183 193 2027 161 172 2028 160 170 2029 175 192 2030 168 171 2031 183 193 2032 184 195 2033 162 174 2034 161 172 2035 176 194 2036 169 173 2037 184 195 2038 185 196 2039 181 189 2040 196 211 2041 197 197 2042 175 192 2043 174 190 2044 189 198 2045 182 191 2046 197 197 2047 198 200 2048 176 194 2049 175 192 2050 190 199 2051 183 193 2052 198 200 2053 199 202 2054 177 182 2055 176 194 2056 191 201 2057 184 195 2058 199 202 2059 200 204 2060 178 183 2061 177 182 2062 192 203 2063 185 196 2064 200 204 2065 201 206 2066 179 185 2067 178 183 2068 193 205 2069 180 187 2070 179 185 2071 194 207 2072 173 188 2073 172 186 2074 187 208 2075 180 187 2076 195 209 2077 196 211 2078 174 190 2079 173 188 2080 188 210 2081 200 204 2082 215 226 2083 216 212 2084 194 207 2085 193 205 2086 208 213 2087 195 209 2088 194 207 2089 209 214 2090 188 210 2091 187 208 2092 202 215 2093 196 211 2094 195 209 2095 210 216 2096 189 198 2097 188 210 2098 203 217 2099 196 211 2100 211 218 2101 212 220 2102 190 199 2103 189 198 2104 204 219 2105 197 197 2106 212 220 2107 213 222 2108 191 201 2109 190 199 2110 205 221 2111 198 200 2112 213 222 2113 214 224 2114 192 203 2115 191 201 2116 206 223 2117 199 202 2118 214 224 2119 215 226 2120 193 205 2121 192 203 2122 207 225 2123 212 220 2124 227 241 2125 228 227 2126 206 223 2127 205 221 2128 220 228 2129 213 222 2130 228 227 2131 229 230 2132 207 225 2133 206 223 2134 221 229 2135 214 224 2136 229 230 2137 230 232 2138 208 213 2139 207 225 2140 222 231 2141 215 226 2142 230 232 2143 231 234 2144 209 214 2145 208 213 2146 223 233 2147 210 216 2148 209 214 2149 224 235 2150 203 217 2151 202 215 2152 217 236 2153 211 218 2154 210 216 2155 225 237 2156 204 219 2157 203 217 2158 218 238 2159 212 220 2160 211 218 2161 226 239 2162 205 221 2163 204 219 2164 219 240 2165 225 237 2166 224 235 2167 239 244 2168 218 238 2169 217 236 2170 232 242 2171 226 239 2172 225 237 2173 240 245 2174 219 240 2175 218 238 2176 233 246 2177 227 241 2178 226 239 2179 241 247 2180 220 228 2181 219 240 2182 234 248 2183 228 227 2184 227 241 2185 242 249 2186 221 229 2187 220 228 2188 235 250 2189 229 230 2190 228 227 2191 243 251 2192 222 231 2193 221 229 2194 236 252 2195 229 230 2196 244 253 2197 245 255 2198 223 233 2199 222 231 2200 237 254 2201 230 232 2202 245 255 2203 246 243 2204 224 235 2205 223 233 2206 238 256 2207 236 252 2208 235 250 2209 250 257 2210 244 253 2211 243 251 2212 258 259 2213 237 254 2214 236 252 2215 251 258 2216 245 255 2217 244 253 2218 259 260 2219 238 256 2220 237 254 2221 252 261 2222 246 243 2223 245 255 2224 260 262 2225 239 244 2226 238 256 2227 253 263 2228 240 245 2229 239 244 2230 254 265 2231 233 246 2232 232 242 2233 247 266 2234 241 247 2235 240 245 2236 255 267 2237 234 248 2238 233 246 2239 248 268 2240 242 249 2241 241 247 2242 256 269 2243 235 250 2244 234 248 2245 249 270 2246 243 251 2247 242 249 2248 257 271 2249 255 267 2250 254 265 2251 269 272 2252 248 268 2253 247 266 2254 262 274 2255 256 269 2256 255 267 2257 270 273 2258 249 270 2259 248 268 2260 263 275 2261 257 271 2262 256 269 2263 271 276 2264 250 257 2265 249 270 2266 264 277 2267 258 259 2268 257 271 2269 272 278 2270 251 258 2271 250 257 2272 265 279 2273 259 260 2274 258 259 2275 273 280 2276 252 261 2277 251 258 2278 266 281 2279 260 262 2280 259 260 2281 274 282 2282 253 263 2283 252 261 2284 267 283 2285 261 264 2286 260 262 2287 275 284 2288 254 265 2289 253 263 2290 268 285 2291 274 282 2292 273 280 2293 288 287 2294 267 283 2295 266 281 2296 281 289 2297 275 284 2298 274 282 2299 289 288 2300 268 285 2301 267 283 2302 282 290 2303 276 286 2304 275 284 2305 290 291 2306 269 272 2307 268 285 2308 283 292 2309 270 273 2310 269 272 2311 284 294 2312 263 275 2313 262 274 2314 277 295 2315 271 276 2316 270 273 2317 285 296 2318 264 277 2319 263 275 2320 278 297 2321 272 278 2322 271 276 2323 286 298 2324 265 279 2325 264 277 2326 279 299 2327 273 280 2328 272 278 2329 287 300 2330 266 281 2331 265 279 2332 280 301 2333 278 297 2334 277 295 2335 292 302 2336 286 298 2337 285 296 2338 300 304 2339 279 299 2340 278 297 2341 293 303 2342 287 300 2343 286 298 2344 301 305 2345 280 301 2346 279 299 2347 294 306 2348 288 287 2349 287 300 2350 302 307 2351 281 289 2352 280 301 2353 295 308 2354 289 288 2355 288 287 2356 303 309 2357 282 290 2358 281 289 2359 296 310 2360 290 291 2361 289 288 2362 304 311 2363 283 292 2364 282 290 2365 297 312 2366 291 293 2367 290 291 2368 305 313 2369 284 294 2370 283 292 2371 298 314 2372 285 296 2373 284 294 2374 299 316 2375 297 312 2376 296 310 2377 312 317 2378 305 313 2379 304 311 2380 320 319 2381 298 314 2382 297 312 2383 313 318 2384 306 315 2385 305 313 2386 321 320 2387 299 316 2388 298 314 2389 314 321 2390 300 304 2391 299 316 2392 315 323 2393 293 303 2394 292 302 2395 308 324 2396 301 305 2397 300 304 2398 316 325 2399 294 306 2400 293 303 2401 309 326 2402 302 307 2403 301 305 2404 317 327 2405 295 308 2406 294 306 2407 310 328 2408 303 309 2409 302 307 2410 318 329 2411 296 310 2412 295 308 2413 311 330 2414 304 311 2415 303 309 2416 319 331 2417 317 327 2418 316 325 2419 331 332 2420 310 328 2421 309 326 2422 324 334 2423 318 329 2424 317 327 2425 332 333 2426 311 330 2427 310 328 2428 325 335 2429 319 331 2430 318 329 2431 333 336 2432 312 317 2433 311 330 2434 326 337 2435 320 319 2436 319 331 2437 334 338 2438 313 318 2439 312 317 2440 327 339 2441 321 320 2442 320 319 2443 335 340 2444 314 321 2445 313 318 2446 328 341 2447 322 322 2448 321 320 2449 336 342 2450 315 323 2451 314 321 2452 329 343 2453 316 325 2454 315 323 2455 330 345 2456 309 326 2457 308 324 2458 323 346 2459 336 342 2460 335 340 2461 350 347 2462 329 343 2463 328 341 2464 343 349 2465 337 344 2466 336 342 2467 351 348 2468 330 345 2469 329 343 2470 344 350 2471 331 332 2472 330 345 2473 345 352 2474 323 346 2475 338 353 2476 339 355 2477 332 333 2478 331 332 2479 346 354 2480 324 334 2481 339 355 2482 340 357 2483 333 336 2484 332 333 2485 347 356 2486 325 335 2487 340 357 2488 341 359 2489 334 338 2490 333 336 2491 348 358 2492 326 337 2493 341 359 2494 342 361 2495 335 340 2496 334 338 2497 349 360 2498 328 341 2499 327 339 2500 342 361 2501 348 358 2502 347 356 2503 362 362 2504 340 357 2505 355 376 2506 356 364 2507 349 360 2508 348 358 2509 363 363 2510 341 359 2511 356 364 2512 357 366 2513 350 347 2514 349 360 2515 364 365 2516 343 349 2517 342 361 2518 357 366 2519 351 348 2520 350 347 2521 365 367 2522 344 350 2523 343 349 2524 358 368 2525 352 351 2526 351 348 2527 366 369 2528 345 352 2529 344 350 2530 359 370 2531 346 354 2532 345 352 2533 360 372 2534 338 353 2535 353 373 2536 354 375 2537 347 356 2538 346 354 2539 361 374 2540 339 355 2541 354 375 2542 355 376 2543 367 371 2544 366 369 2545 381 377 2546 360 372 2547 359 370 2548 374 379 2549 361 374 2550 360 372 2551 375 380 2552 353 373 2553 368 381 2554 369 383 2555 362 362 2556 361 374 2557 376 382 2558 354 375 2559 369 383 2560 370 385 2561 363 363 2562 362 362 2563 377 384 2564 355 376 2565 370 385 2566 371 387 2567 364 365 2568 363 363 2569 378 386 2570 357 366 2571 356 364 2572 371 387 2573 365 367 2574 364 365 2575 379 388 2576 358 368 2577 357 366 2578 372 389 2579 366 369 2580 365 367 2581 380 390 2582 359 370 2583 358 368 2584 373 391 2585 370 385 2586 385 406 2587 386 392 2588 379 388 2589 378 386 2590 393 393 2591 372 389 2592 371 387 2593 386 392 2594 380 390 2595 379 388 2596 394 394 2597 373 391 2598 372 389 2599 387 395 2600 381 377 2601 380 390 2602 395 396 2603 374 379 2604 373 391 2605 388 397 2606 382 378 2607 381 377 2608 396 398 2609 375 380 2610 374 379 2611 389 399 2612 376 382 2613 375 380 2614 390 401 2615 368 381 2616 383 402 2617 384 404 2618 377 384 2619 376 382 2620 391 403 2621 369 383 2622 384 404 2623 385 406 2624 378 386 2625 377 384 2626 392 405 2627 390 401 2628 389 399 2629 404 407 2630 391 403 2631 390 401 2632 405 408 2633 383 402 2634 398 409 2635 399 412 2636 392 405 2637 391 403 2638 406 411 2639 384 404 2640 399 412 2641 400 414 2642 393 393 2643 392 405 2644 407 413 2645 385 406 2646 400 414 2647 401 416 2648 394 394 2649 393 393 2650 408 415 2651 387 395 2652 386 392 2653 401 416 2654 395 396 2655 394 394 2656 409 417 2657 388 397 2658 387 395 2659 402 418 2660 396 398 2661 395 396 2662 410 419 2663 389 399 2664 388 397 2665 403 420 2666 397 400 2667 396 398 2668 411 421 2669 409 417 2670 408 415 2671 423 422 2672 402 418 2673 401 416 2674 416 424 2675 410 419 2676 409 417 2677 424 423 2678 403 420 2679 402 418 2680 417 425 2681 411 421 2682 410 419 2683 425 426 2684 404 407 2685 403 420 2686 418 427 2687 412 410 2688 411 421 2689 426 428 2690 405 408 2691 404 407 2692 419 429 2693 406 411 2694 405 408 2695 420 431 2696 398 409 2697 413 432 2698 414 434 2699 407 413 2700 406 411 2701 421 433 2702 399 412 2703 414 434 2704 415 436 2705 408 415 2706 407 413 2707 422 435 2708 400 414 2709 415 436 2710 416 424 2711 421 433 2712 420 431 2713 435 439 2714 413 432 2715 428 437 2716 429 441 2717 422 435 2718 421 433 2719 436 440 2720 414 434 2721 429 441 2722 430 443 2723 423 422 2724 422 435 2725 437 442 2726 415 436 2727 430 443 2728 431 445 2729 424 423 2730 423 422 2731 438 444 2732 416 424 2733 431 445 2734 432 447 2735 425 426 2736 424 423 2737 439 446 2738 417 425 2739 432 447 2740 433 449 2741 426 428 2742 425 426 2743 440 448 2744 418 427 2745 433 449 2746 434 451 2747 427 430 2748 426 428 2749 441 450 2750 420 431 2751 419 429 2752 434 451 2753 431 445 2754 446 466 2755 447 452 2756 440 448 2757 439 446 2758 454 453 2759 432 447 2760 447 452 2761 448 455 2762 441 450 2763 440 448 2764 455 454 2765 433 449 2766 448 455 2767 449 457 2768 442 438 2769 441 450 2770 456 456 2771 434 451 2772 449 457 2773 450 459 2774 436 440 2775 435 439 2776 450 459 2777 428 437 2778 443 460 2779 444 462 2780 437 442 2781 436 440 2782 451 461 2783 429 441 2784 444 462 2785 445 464 2786 438 444 2787 437 442 2788 452 463 2789 430 443 2790 445 464 2791 446 466 2792 439 446 2793 438 444 2794 453 465 2795 450 459 2796 465 480 2797 466 467 2798 443 460 2799 458 481 2800 459 468 2801 452 463 2802 451 461 2803 466 467 2804 444 462 2805 459 468 2806 460 470 2807 453 465 2808 452 463 2809 467 469 2810 445 464 2811 460 470 2812 461 472 2813 454 453 2814 453 465 2815 468 471 2816 446 466 2817 461 472 2818 462 474 2819 455 454 2820 454 453 2821 469 473 2822 447 452 2823 462 474 2824 463 476 2825 456 456 2826 455 454 2827 470 475 2828 448 455 2829 463 476 2830 464 478 2831 457 458 2832 456 456 2833 471 477 2834 449 457 2835 464 478 2836 465 480 2837 470 475 2838 469 473 2839 478 0 2840 462 474 2841 1 3 2842 476 5 2843 471 477 2844 470 475 2845 479 2 2846 463 476 2847 476 5 2848 2 9 2849 472 479 2850 471 477 2851 480 7 2852 464 478 2853 2 9 2854 3 13 2855 465 480 2856 3 13 2857 4 19 2858 458 481 2859 473 14 2860 474 21 2861 466 467 2862 4 19 2863 477 23 2864 459 468 2865 474 21 2866 0 25 2867 467 469 2868 477 23 2869 5 27 2870 460 470 2871 0 25 2872 475 29 2873 469 473 2874 468 471 2875 5 27 2876 461 472 2877 475 29 2878 1 3 2879</p>
        </triangles>
      </mesh>
    </geometry>
    <geometry id="Sphere_001-mesh" name="Sphere.001">
      <mesh>
        <source id="Sphere_001-mesh-positions">
          <float_array id="Sphere_001-mesh-positions-array" count="2892">1.048819 0.6634771 0.04331916 0.6759684 1.00771 0.06672102 -0.01142668 1.234743 0.09274518 -0.4198346 1.342139 0.07539921 -1.126705 1.420001 0.04075407 -2.144498 1.262026 0.02566039 1.214729 0.2226448 -0.02127194 1.142969 0.4441133 -0.05806833 1.027324 0.6483262 -0.09088236 0.8629824 0.8286772 -0.1186383 0.6428325 0.9793599 -0.1401817 0.3671832 1.093391 -0.1539565 0.04160219 1.169942 -0.1613563 -0.3248398 1.238956 -0.1780061 -1.128543 1.341272 -0.2033049 -4.079983 1.688734 -0.09626442 -2.501294 1.277214 -0.1956271 -2.897835 1.00549 -0.2110189 -4.8318 0.7477148 -0.2041146 -6.808082 0.4245612 -0.1846688 -6.883306 0.09008878 -0.1932473 1.212927 0.2094074 -0.06554353 1.137278 0.4175384 -0.1453109 1.015388 0.6089808 -0.2184903 0.8467755 0.77734 -0.28244 0.6326229 0.916802 -0.3345416 0.3771835 1.021441 -0.3718987 0.08461844 1.085887 -0.3920248 -0.2450969 1.11983 -0.398806 -0.6649041 1.142824 -0.4008029 -2.120011 1.130879 -0.3914618 -3.208962 1.030329 -0.3404453 -4.977852 0.8834469 -0.3220312 -4.847794 0.6428328 -0.3860223 -6.61151 0.3700389 -0.3126202 -6.806496 0.04270911 -0.2686163 1.211667 0.1878432 -0.1064611 1.134231 0.3748423 -0.2256734 1.011049 0.5464175 -0.3355504 0.8445453 0.6968115 -0.4319677 0.6391474 0.8208726 -0.5110349 0.3969572 0.9137235 -0.5685241 0.1192871 0.9712682 -0.6015037 -0.1911985 0.9924256 -0.6115757 -0.5378701 0.9783955 -0.5972132 -1.066136 0.9367697 -0.5625035 -5.045839 0.8057295 -0.428811 -4.926712 0.7542828 -0.4661807 -4.053706 0.5933077 -0.5843635 -6.159103 0.326471 -0.438301 -6.711575 -0.01035904 -0.3184341 1.210973 0.1588109 -0.1424518 1.133415 0.3177564 -0.2960998 1.01189 0.4632511 -0.4377407 0.8502201 0.5904812 -0.5619931 0.6529341 0.6952226 -0.6639493 0.4192038 0.7736845 -0.7385692 0.1483798 0.8276832 -0.7927777 -0.1600707 0.8585852 -0.8317469 -0.514244 0.8536742 -0.8353564 -1.239461 0.8067929 -0.8689665 -1.958266 0.6969677 -0.7466489 -2.565622 0.6267152 -0.6804224 -3.415754 0.5361043 -0.7220964 -5.417798 0.2762616 -0.5307242 -6.583621 -0.06850033 -0.3576477 1.210794 0.1234402 -0.1721485 1.134093 0.2485118 -0.3539801 1.015296 0.3627384 -0.5214355 0.8586323 0.4624394 -0.668178 0.6662012 0.5444383 -0.7884606 0.436729 0.6064268 -0.8776925 0.1688091 0.6552839 -0.9505556 -0.1392309 0.6942188 -1.014567 -0.513493 0.7026399 -1.042457 -4.391676 0.6640337 -1.016979 -2.189741 0.5901604 -0.9237862 -2.124969 0.4940702 -0.7990541 -3.150103 0.4058167 -0.8013048 -4.967892 0.231281 -0.6400583 -6.391042 -0.1350063 -0.3903929 1.243008 -0.009314537 0.01804935 1.211037 0.08308786 -0.194438 1.135522 0.1697534 -0.3972195 1.019199 0.2486884 -0.5837399 0.8658367 0.3174614 -0.7470014 0.6743556 0.3740001 -0.880617 0.445423 0.4168215 -0.9794422 0.1787197 0.4531661 -1.056452 -0.126999 0.4880269 -1.121296 -0.4801039 0.5011604 -1.141108 -1.381464 0.4744889 -1.242544 -1.900946 0.4282735 -1.058389 -2.113833 0.3652794 -0.8809837 -3.334713 0.2643311 -0.795143 -4.964694 0.09771668 -0.6354632 -6.091759 -0.2126364 -0.4249041 1.211605 0.03928607 -0.2084991 1.137144 0.08444589 -0.4242926 1.022339 0.1253539 -0.6225473 0.869225 0.160892 -0.7958489 0.6754736 0.1901228 -0.9374735 0.4436355 0.2122365 -1.041626 0.1759568 0.2303631 -1.111076 -0.1262748 0.2493862 -1.153806 -0.460906 0.2573503 -1.149012 -0.8791894 0.2438104 -1.105626 -1.447256 0.2351142 -1.01091 -2.650079 0.2229771 -0.8775727 -4.452793 0.1209307 -0.7115797 -4.929614 0.02319735 -0.6146744 -5.685236 -0.2880263 -0.4771742 1.212418 -0.006313979 -0.2138286 1.138668 -0.00423181 -0.434287 1.024255 -0.002707779 -0.6366035 0.8685643 -0.00153023 -0.8131935 0.6699662 -4.78033e-4 -0.9572883 0.4325624 6.54919e-4 -1.063322 0.161006 0.001992821 -1.126475 -0.1397936 0.004853367 -1.146498 -0.4665695 0.005965292 -1.118635 -0.8214462 0.005408048 -1.050994 -1.565315 0.03982728 -0.9578278 -4.916545 0.05551666 -0.7254588 -4.782024 -0.02469241 -0.6447076 -4.749718 -0.07606202 -0.5915925 -5.24194 -0.3608941 -0.479549 1.213431 -0.05200242 -0.2102573 1.140064 -0.09299939 -0.4269298 1.024957 -0.130798 -0.6255487 0.8650012 -0.1638804 -0.7986424 0.6602846 -0.1908699 -0.9396646 0.4166511 -0.2112543 -1.044244 0.1399408 -0.2274266 -1.111836 -0.1639862 -0.2346691 -1.132997 -0.489267 -0.2276931 -1.09962 -0.8402631 -0.2148264 -1.024073 -1.616193 -0.1580165 -0.9167906 -4.021477 -0.103699 -0.7253978 -3.348462 -0.1692813 -0.6770113 -3.917342 -0.1807165 -0.6209075 -4.871959 -0.3970323 -0.427555 1.214628 -0.09607219 -0.1979513 1.141502 -0.1785936 -0.4025934 1.025016 -0.2542513 -0.5899538 0.8611857 -0.3203027 -0.752985 0.6526926 -0.3743014 -0.8856127 0.4048999 -0.4205458 -0.991494 0.1235693 -0.4645227 -1.075039 -0.1863141 -0.4921081 -1.114882 -0.5868431 -0.4846365 -1.076413 -1.293931 -0.4439266 -0.9526646 -1.903422 -0.3716401 -0.8774539 -2.363422 -0.3428118 -0.788111 -2.615844 -0.3437082 -0.6816061 -3.30931 -0.3307624 -0.61199 -4.574502 -0.4314706 -0.4117998 1.216011 -0.1368792 -0.1774036 1.143256 -0.2578853 -0.3622789 1.025599 -0.3686106 -0.5313203 0.8604193 -0.4652185 -0.6781746 0.6500118 -0.5446111 -0.7980501 0.3997765 -0.615358 -0.9018911 0.1151517 -0.6848089 -0.9974025 -0.1999742 -0.7309173 -1.053295 -0.8505899 -0.7278538 -0.9872862 -4.305908 -0.6851084 -1.114004 -3.283216 -0.6227647 -1.039692 -2.486579 -0.556137 -0.8542312 -2.438131 -0.5049651 -0.6724032 -3.00793 -0.4569045 -0.5776445 -4.353894 -0.4771298 -0.3966857 1.217584 -0.1729005 -0.1494126 1.145613 -0.3279891 -0.3075746 1.02802 -0.4698019 -0.4519991 0.863356 -0.5934413 -0.5772311 0.6530662 -0.6946175 -0.6790773 0.4025269 -0.7803962 -0.768359 0.1174597 -0.8588193 -0.8550819 -0.1971132 -0.9104066 -0.9116601 -0.7150846 -0.9109394 -0.876356 -2.277876 -0.8689283 -0.8507611 -3.013799 -0.7994087 -0.9237989 -2.670882 -0.7209994 -0.8054262 -2.517275 -0.6506504 -0.6008875 -2.935106 -0.5618621 -0.509136 -4.223979 -0.5209363 -0.3570552 1.219333 -0.2027869 -0.1150488 1.148771 -0.3863595 -0.240588 1.032601 -0.5542445 -0.355086 0.8702388 -0.7005134 -0.4541411 0.6623107 -0.8196055 -0.5339954 0.4139518 -0.9112195 -0.5976188 0.1320819 -0.9816902 -0.6549589 -0.1769101 -1.022326 -0.693292 -0.525557 -1.023038 -0.6899094 -1.53234 -0.9920745 -0.6293028 -3.201077 -0.9353281 -0.5773832 -3.04166 -0.8596365 -0.5530945 -2.824434 -0.7640334 -0.4618333 -2.990622 -0.6389361 -0.4111156 -4.14472 -0.554728 -0.3004167 1.221215 -0.2254089 -0.07561403 1.15277 -0.4308694 -0.1638571 1.039208 -0.6190004 -0.2442878 0.8809811 -0.782884 -0.3136894 0.6776975 -0.9160971 -0.3692166 0.4339008 -1.013236 -0.4087778 0.1575166 -1.072858 -0.4340384 -0.1444088 -1.098202 -0.4445924 -0.4769424 -1.103792 -0.4368086 -1.025892 -1.096433 -0.4128044 -4.11992 -1.045794 -0.3013 -3.398332 -0.9582493 -0.325208 -2.849746 -0.8350509 -0.3078257 -2.983961 -0.6876134 -0.2946087 -4.091791 -0.5817838 -0.2332223 1.22315 -0.2398953 -0.03259283 1.157441 -0.4598651 -0.08024197 1.047467 -0.661847 -0.1237465 0.8951311 -0.8379916 -0.1612217 0.6986876 -0.9810244 -0.1906665 0.4616112 -1.084603 -0.2106301 0.1901966 -1.144527 -0.2203451 -0.1173729 -1.171283 -0.2196314 -0.4629364 -1.190179 -0.2086383 -1.273969 -1.210649 -0.1753447 -2.782241 -1.171277 -0.2148371 -2.490925 -1.024802 -0.1812059 -2.479227 -0.874588 -0.1476191 -2.884031 -0.7171716 -0.1631681 -4.058273 -0.6041297 -0.1590488 1.225029 -0.2456637 0.01240414 1.162399 -0.4722036 0.00719285 1.05708 -0.6812512 0.002151906 0.9117724 -0.8642085 -0.002323508 0.72423 -1.012899 -0.005039334 0.4946998 -1.119713 -0.00492531 0.2203447 -1.1794 -0.001493811 -0.11269 -1.206214 0.004047811 -0.8234847 -1.240885 0.001230955 -4.478873 -1.404369 -0.05938017 -4.329311 -1.298206 -0.08345943 -2.681118 -1.067705 -0.01644593 -2.342291 -0.8932713 0.02730894 -2.819089 -0.7327757 -0.02203124 -4.047893 -0.6224379 -0.08013445 1.226725 -0.2424439 0.05769389 1.167087 -0.4672764 0.0952934 1.066835 -0.676302 0.1290175 0.9293053 -0.8606147 0.1576028 0.7516511 -1.011081 0.1812942 0.5239205 -1.118337 0.2013424 0.2434511 -1.174696 0.2182928 -0.1550214 -1.194104 0.2293434 -3.227259 -1.293006 0.06118315 -4.654079 -1.332725 0.1039483 -3.112143 -1.197353 0.09405434 -2.257009 -1.046293 0.2056779 -2.241355 -0.8808748 0.2093211 -2.834167 -0.7314198 0.1166196 -4.069056 -0.6347085 0.001030743 1.228119 -0.2302926 0.1015785 1.170886 -0.4450319 0.1809105 1.074944 -0.6467342 0.2526655 0.9440264 -0.8267578 0.3137893 0.7722805 -0.9753608 0.363243 0.5447133 -1.080474 0.4027934 0.2561602 -1.130674 0.4335395 -1.093358 -1.608671 0.4282467 -0.9972101 -1.155561 0.4472471 -1.602691 -1.159786 0.4050527 -2.203562 -1.202972 0.4784217 -2.481954 -0.9986477 0.4502469 -2.355469 -0.8366054 0.3767444 -2.877261 -0.7084769 0.2435539 -4.129494 -0.6382001 0.0836842 1.229126 -0.2096004 0.1424035 1.173288 -0.4060015 0.2609641 1.079723 -0.5929951 0.3691536 0.94993 -0.7630349 0.4623548 0.7765672 -0.9059992 0.5380809 0.5454781 -1.006152 0.5980026 0.2456597 -1.048588 0.6432781 -0.1107298 -1.050827 0.6771353 -0.8657251 -1.045079 0.6570034 -3.786709 -1.023294 0.7053444 -4.385581 -0.9617425 0.7466471 -3.440361 -0.867049 0.6202086 -2.621602 -0.7561336 0.5162202 -2.96983 -0.661703 0.3504071 -4.221444 -0.6296842 0.1653783 1.229713 -0.1810896 0.1786106 1.174085 -0.3513203 0.3324806 1.079993 -0.516372 0.4746128 0.9435523 -0.6713317 0.6001756 0.7591628 -0.8064064 0.7060626 0.5156713 -0.9012485 0.791238 0.202201 -0.9309154 0.8470152 -0.1694798 -0.9130383 0.8701136 -1.230935 -0.8909096 0.8138728 -2.869148 -0.8508672 0.8112399 -2.639075 -0.7849341 0.8019218 -2.505788 -0.7064895 0.7299904 -2.554034 -0.6419097 0.6205594 -3.069448 -0.5900427 0.4374119 -4.345003 -0.6063259 0.2419487 -6.304436 -0.3860092 -0.05130672 1.22991 -0.1458018 0.208796 1.173499 -0.2827398 0.392641 1.074908 -0.4190273 0.5649877 0.9260394 -0.5546334 0.7233129 0.7221415 -0.6855681 0.8680918 0.4567104 -0.7846445 0.9900575 0.1306391 -0.7829868 1.038658 -0.2427355 -0.7238299 1.028084 -0.8879541 -0.6994339 0.9785314 -1.638283 -0.6341484 0.9468688 -1.959012 -0.5866593 0.8872515 -2.195626 -0.5334283 0.8005096 -2.461388 -0.5036877 0.6842032 -3.152805 -0.495671 0.5037271 -4.507831 -0.5674785 0.3104193 1.229799 -0.1050707 0.2317664 1.1725 -0.2023788 0.439197 1.067111 -0.3032424 0.6360173 0.9032217 -0.4137437 0.8240687 0.6759527 -0.5438204 1.013502 0.3850005 -0.6504918 1.175675 0.04830884 -0.5812457 1.18764 -0.3319364 -0.4898484 1.162176 -1.457067 -0.4876638 1.101934 -4.285975 -0.3617515 1.076737 -3.014344 -0.3613056 0.9804776 -2.486096 -0.3461801 0.8645561 -2.581268 -0.352267 0.727787 -3.287669 -0.3847812 0.5427085 -4.728223 -0.5144532 0.3667878 1.229697 -0.06031578 0.2467903 1.173124 -0.112339 0.4711283 1.062836 -0.1701645 0.685541 0.8855797 -0.2442712 0.8918569 0.6391589 -0.3451185 1.102934 0.3295351 -0.401856 1.261454 -0.02874284 -0.3027693 1.281204 -0.4414589 -0.2393952 1.292463 -1.459142 -0.2415263 1.255232 -2.280788 -0.1853776 1.203761 -2.620503 -0.1729442 1.093578 -2.515051 -0.162773 0.9418367 -2.682945 -0.1963986 0.7657049 -3.494178 -0.2632148 0.5617888 -5.056743 -0.4468993 0.4012076 1.229757 -0.01325911 0.2533099 1.175797 -0.01661783 0.4866707 1.067142 -0.02378964 0.7119441 0.8855159 -0.04629141 0.9234862 0.626823 -0.08343428 1.123231 0.3029243 -0.07093328 1.272034 -0.09605616 -0.006016016 1.338249 -0.5374336 0.02103835 1.371737 -1.136948 0.02036875 1.352653 -1.634146 0.01651591 1.284091 -2.043695 0.01116126 1.159741 -2.342495 0.00296241 1.005437 -2.728736 -0.04369384 0.7941458 -3.745868 -0.1472675 0.5693184 -5.496896 -0.3700374 0.4028731 1.229814 0.03406536 0.2508698 1.180927 0.08077818 0.4853478 1.082431 0.1280277 0.7148122 0.9097001 0.163877 0.9252696 0.6458773 0.1858782 1.113149 0.3053625 0.2354996 1.27957 -0.37588 0.2703252 1.392608 -1.658119 0.2703898 1.386699 -2.789104 0.2549911 1.233494 -2.820698 0.232088 1.174319 -2.552448 0.20547 1.084533 -2.535268 0.1692382 0.9880796 -2.84272 0.1004676 0.8039841 -4.039177 -0.03994554 0.5800113 -5.959929 -0.2838687 0.3724018 1.229633 0.07961022 0.2393759 1.187138 0.1744596 0.4661386 1.106456 0.2747346 0.6930449 0.9552896 0.365004 0.8990759 0.6925041 0.4311162 1.077961 0.3314898 0.5012275 1.264822 -0.2397449 0.5242943 1.304648 -1.212117 0.5076059 1.255731 -2.818305 0.4793422 1.09934 -3.500052 0.4409637 1.09327 -2.679706 0.3929223 0.9892638 -2.706804 0.3291453 0.9282595 -3.027268 0.2397997 0.7853561 -4.409741 0.0706017 0.5925471 -6.371116 -0.1670954 0.3062552 1.228959 0.1214447 0.2191339 1.191895 0.259163 0.4284732 1.131909 0.4056815 0.6439463 1.008843 0.5387716 0.8378925 0.7474036 0.6355443 0.9950829 0.3547297 0.7237102 1.177573 -0.18554 0.7466236 1.166551 -0.7286761 0.7224433 1.074888 -1.230639 0.6854499 1.021153 -1.591722 0.6335075 0.9747295 -1.950204 0.56431 0.9132142 -2.429422 0.4751545 0.8356729 -3.166184 0.3829075 0.716001 -4.978131 0.185406 0.6014685 -6.631096 -0.07358872 0.2415291 1.227599 0.1578692 0.1908637 1.192649 0.3308606 0.3730178 1.148149 0.511784 0.5648683 1.051833 0.6746997 0.7371155 0.7935451 0.7928304 0.8642127 0.3638963 0.8980836 1.008617 -0.1878555 0.9401254 1.024251 -0.6971797 0.9173264 0.9350905 -1.101344 0.8744826 0.8780861 -1.456829 0.8134544 0.8274878 -1.822101 0.7286745 0.765145 -2.312013 0.6205407 0.6891739 -3.379509 0.5323392 0.5931351 -5.76649 0.2739428 0.500587 -6.759068 -0.01467168 0.1951914 1.2255 0.1874954 0.1556858 1.187669 0.3866877 0.3015817 1.146 0.5887644 0.4572817 1.062986 0.7696402 0.5979198 0.8128788 0.9049551 0.6963666 0.3670482 1.030403 0.8005989 -0.1706939 1.121801 0.8542619 -0.6690646 1.130632 0.7841295 -1.134302 1.081779 0.7242552 -1.947351 1.024624 0.6789064 -1.825477 0.9118486 0.6244329 -2.683339 0.9014062 0.5288652 -3.632956 0.6613876 0.4425505 -6.430328 0.3481963 0.3631319 -6.835079 0.02987354 0.1540322 1.2228 0.2092887 0.115072 1.177328 0.425629 0.2178465 1.122224 0.6370322 0.3274297 1.028515 0.8263733 0.4279565 0.7887678 0.9752609 0.4994646 0.3680877 1.110501 0.5715367 -0.1284642 1.240432 0.6418927 -0.6037115 1.292513 0.6008396 -2.049452 1.370644 0.5445885 -1.614713 1.172186 0.5056313 -1.825675 1.064078 0.463532 -2.561191 0.9816267 0.3738611 -3.871375 0.764916 0.2850584 -6.734578 0.3963198 0.2538891 -6.889764 0.07031279 0.1052219 1.219823 0.2225773 0.07076698 1.164264 0.4479445 0.1267971 1.084062 0.660121 0.1853705 0.9622793 0.8506067 0.2409275 0.7313335 1.007453 0.2841141 0.3664119 1.136939 0.3261932 -0.07028734 1.272295 0.3735495 -0.5145998 1.368438 0.3560308 -0.9468095 1.360129 0.3131292 -1.355009 1.282039 0.2869286 -1.721557 1.153664 0.2641063 -2.310345 0.9824619 0.1931971 -4.06468 0.8252143 0.1096041 -6.854522 0.4367101 0.1259714 -6.92796 0.1045915 0.02922284 1.217005 0.2270414 0.02468222 1.151987 0.4540878 0.03347545 0.8994244 0.8500716 0.05481743 0.3634046 1.12853 0.07969951 -2.189545 1.455235 0.03149473 -2.375328 1.012564 -0.01993739 -4.375382 0.8149355 -0.05543553 -6.879669 0.4517742 -0.0315696 -6.930644 0.1154074 -0.08307683 0.9178984 0.5788866 0.05361008 0.5636356 0.8803842 0.07714676 -0.08859819 1.094229 0.09966474 -0.489047 1.205532 0.07422661 -1.357015 1.30415 0.03257495 -1.855913 1.046166 0.02303695 1.055311 0.1915317 -0.009044051 0.9937643 0.3848391 -0.03927242 0.8927019 0.5627718 -0.06661802 0.7461755 0.7203603 -0.08928114 0.5429427 0.8520824 -0.106375 0.2812609 0.9517934 -0.1167875 -0.0308367 1.023987 -0.1243847 -0.3883184 1.094848 -0.1436985 -1.289475 1.198601 -0.1693799 -2.163966 1.212266 -0.1756862 -2.187757 0.9838359 -0.1692722 -2.779233 0.8371216 -0.1661556 -4.390452 0.6059396 -0.1836258 -6.781048 0.2783535 -0.1279203 -6.83496 0.1075718 -0.1213307 1.052758 0.1799508 -0.04780405 0.9861813 0.3615045 -0.1157755 0.8786827 0.5284531 -0.1781389 0.7284522 0.6752262 -0.2326155 0.5345567 0.7965908 -0.2767531 0.297383 0.8876456 -0.3081229 0.01850664 0.9448021 -0.3253578 -0.3036419 0.9800177 -0.3334327 -0.7267491 1.003002 -0.3370746 -2.113653 0.9448788 -0.320047 -2.939764 0.857868 -0.2778217 -3.508682 0.7705248 -0.2820938 -4.162395 0.5273583 -0.3268575 -6.635132 0.243196 -0.2108737 -6.799778 0.08711612 -0.1618673 1.051124 0.1613339 -0.08344334 0.9819299 0.3244698 -0.1859347 0.8722531 0.474006 -0.2804499 0.7224561 0.6049612 -0.3633165 0.5347659 0.7127031 -0.4309798 0.3123396 0.7932033 -0.4800381 0.05549448 0.8444494 -0.510348 -0.243896 0.8651025 -0.5217507 -0.5917741 0.8546213 -0.5089337 -1.153792 0.8148862 -0.47175 -2.99025 0.7245795 -0.4030821 -3.370388 0.6778302 -0.4123747 -3.758474 0.4958478 -0.4707177 -6.221323 0.2166976 -0.3120976 -6.739492 0.05308324 -0.2009519 1.050207 0.1362372 -0.1148307 0.9803572 0.2749484 -0.2474622 0.8714226 0.401726 -0.3697441 0.7244219 0.5124543 -0.4768587 0.5424953 0.6033246 -0.5644058 0.3280176 0.6718907 -0.6298248 0.0787642 0.7222487 -0.6835156 -0.2099491 0.7525628 -0.7228868 -0.5645097 0.747792 -0.7250293 -1.182227 0.7032008 -0.7136392 -1.906494 0.6016169 -0.5975456 -2.483594 0.5444821 -0.5698521 -3.301667 0.4642964 -0.5870511 -5.438038 0.2039871 -0.3884581 -6.638524 0.002810537 -0.2374219 1.04998 0.1056364 -0.1407825 0.9808749 0.2148861 -0.2980881 0.8738455 0.3144508 -0.4428729 0.7298855 0.4012373 -0.5694991 0.5520078 0.4723662 -0.6729619 0.3420516 0.5272698 -0.7523414 0.09669506 0.5741007 -0.8242102 -0.1887468 0.6121661 -0.8871127 -0.5619853 0.6200733 -0.9160706 -1.590551 0.5822494 -1.025752 -1.562663 0.5132599 -0.7771091 -2.075674 0.4310896 -0.6759948 -3.018531 0.364131 -0.6387319 -4.872337 0.2055832 -0.4886064 -6.463172 -0.06768989 -0.2672032 1.080045 -0.01024055 0.02312791 1.050362 0.0707063 -0.1603311 0.9827401 0.1465793 -0.3359971 0.8775377 0.2154816 -0.4973545 0.7355383 0.275424 -0.6382654 0.5593247 0.3245192 -0.7533282 0.3511726 0.3625938 -0.8404371 0.1090454 0.3981495 -0.9149491 -0.1714396 0.4323757 -0.9780884 -0.5106439 0.4454779 -0.997864 -1.212884 0.4211422 -1.042958 -1.499134 0.3830525 -0.8668513 -2.090925 0.3274571 -0.7338652 -3.038336 0.24296 -0.6380027 -4.688058 0.09384071 -0.5027373 -6.160565 -0.1538429 -0.2978112 1.051239 0.03277188 -0.1727631 0.9852154 0.07259261 -0.3598695 0.8811708 0.1084904 -0.5314043 0.7395085 0.1396144 -0.6810009 0.5625441 0.165108 -0.8030518 0.3534667 0.1844661 -0.8930408 0.1131187 0.2025992 -0.9576088 -0.1608245 0.2219795 -0.9993984 -0.4723219 0.231064 -0.9956492 -0.8668964 0.221228 -0.9480915 -1.441622 0.2213501 -0.8472312 -2.476686 0.2088988 -0.7276659 -3.185164 0.1339215 -0.6150676 -4.339334 0.05389213 -0.5052969 -5.725013 -0.2201527 -0.3574171 1.052494 -0.006740987 -0.177641 0.9879037 -0.00432986 -0.3689302 0.8841512 -0.002596616 -0.5439804 0.7412867 -0.001251876 -0.6964454 0.5616261 -1.07989e-4 -0.8206972 0.3492813 9.52531e-4 -0.9118705 0.1078078 0.002536296 -0.9669809 -0.1617783 0.006446123 -0.9862194 -0.4628402 0.009447336 -0.9621606 -0.8085947 0.01290899 -0.8995043 -1.561863 0.05365085 -0.810074 -2.981147 0.07628417 -0.6725065 -3.131653 0.01647561 -0.5840076 -3.940273 0.01199591 -0.5060482 -5.25054 -0.273759 -0.3704336 1.054026 -0.04635679 -0.1748149 0.9906557 -0.08136129 -0.362957 0.8865318 -0.1137367 -0.5348206 0.7414656 -0.1420766 -0.6843061 0.5580176 -0.1651645 -0.8059664 0.3412978 -0.1836342 -0.8973312 0.09646576 -0.1994825 -0.9578683 -0.173826 -0.2066077 -0.9773027 -0.4708087 -0.1987752 -0.9466091 -0.806044 -0.1826435 -0.8754817 -1.520643 -0.1268619 -0.7716462 -2.68684 -0.08343636 -0.6389834 -2.820409 -0.1163907 -0.5622478 -3.594125 -0.09831047 -0.5005183 -4.853716 -0.3010671 -0.3124731 1.055756 -0.08460265 -0.1644247 0.993512 -0.155692 -0.342282 0.8888222 -0.2209182 -0.5044536 0.7413717 -0.2778016 -0.6452894 0.5541059 -0.3246169 -0.7603564 0.3329709 -0.3670535 -0.8552249 0.08365404 -0.4081156 -0.9311637 -0.190863 -0.4344549 -0.9685582 -0.5287015 -0.4274263 -0.9381662 -1.016641 -0.3914417 -0.8343547 -1.567991 -0.3184469 -0.7467263 -2.167747 -0.2630327 -0.6373167 -2.508935 -0.2562618 -0.5476515 -3.251087 -0.2272508 -0.4878759 -4.559293 -0.3296903 -0.2997091 1.057623 -0.1200604 -0.1468906 0.9966179 -0.2246285 -0.307774 0.891748 -0.3203113 -0.454183 0.7426326 -0.4036107 -0.5810882 0.5525933 -0.4728308 -0.685899 0.3280157 -0.5373975 -0.780501 0.07491642 -0.6012039 -0.8678706 -0.2042766 -0.6449704 -0.9208233 -0.6994841 -0.6432488 -0.8760262 -1.828294 -0.5959765 -0.7831162 -1.840399 -0.5233042 -0.7284142 -1.972592 -0.4469729 -0.6354388 -2.315059 -0.3992541 -0.5297143 -3.011525 -0.337845 -0.4650203 -4.348095 -0.3693441 -0.2956231 1.059576 -0.1514149 -0.1228942 1.000126 -0.2856866 -0.2607995 0.8960005 -0.4084101 -0.3860329 0.7467433 -0.5151252 -0.4943207 0.555903 -0.603007 -0.5834347 0.3308317 -0.6804314 -0.6655257 0.07707685 -0.7520896 -0.7457488 -0.2018086 -0.8007955 -0.7997121 -0.6544204 -0.8028726 -0.7731369 -1.90373 -0.7604209 -0.678057 -2.042059 -0.6890164 -0.6742932 -2.046521 -0.6090924 -0.597504 -2.279727 -0.5340912 -0.4828041 -2.889492 -0.4305964 -0.4194936 -4.203454 -0.4063906 -0.2731737 1.061563 -0.1774992 -0.0933516 1.004104 -0.3366736 -0.2031632 0.9020187 -0.4821551 -0.3026602 0.7546972 -0.608577 -0.3884203 0.5657188 -0.7112312 -0.4575699 0.3426967 -0.7923965 -0.5159971 0.09196245 -0.8562346 -0.5700767 -0.1842609 -0.8945404 -0.6070908 -0.508079 -0.8987424 -0.6056787 -1.283456 -0.8726809 -0.5524528 -2.320192 -0.8180154 -0.5089412 -2.25629 -0.7407712 -0.471819 -2.368838 -0.6385073 -0.3927402 -2.846283 -0.5003176 -0.3488997 -4.104335 -0.4335982 -0.2339618 1.063524 -0.1973326 -0.05937606 1.008472 -0.3757526 -0.13703 0.9098312 -0.5390245 -0.2072326 0.7667336 -0.6809395 -0.2674791 0.5821291 -0.7957928 -0.3154866 0.3630943 -0.8793821 -0.3500496 0.1154349 -0.9317898 -0.3741712 -0.1623507 -0.9575061 -0.3857446 -0.473635 -0.9684228 -0.3807275 -0.9492354 -0.9662941 -0.3630042 -2.313338 -0.9169771 -0.341871 -2.274337 -0.8290433 -0.3070725 -2.378763 -0.7041142 -0.2698006 -2.82505 -0.5483429 -0.2556134 -4.041416 -0.4546134 -0.1839792 1.065384 -0.2101538 -0.02223795 1.012974 -0.4014901 -0.06483262 0.9189776 -0.5770831 -0.1032708 0.7822176 -0.7299855 -0.1360328 0.6045852 -0.8535848 -0.1615799 0.3890519 -0.9423256 -0.1786291 0.138085 -0.9928682 -0.1865187 -0.146461 -1.019309 -0.1855106 -0.466044 -1.040858 -0.1752958 -1.070267 -1.056822 -0.1502802 -1.978316 -1.008634 -0.1487981 -2.015523 -0.8840597 -0.1348589 -2.259158 -0.7420235 -0.1212118 -2.807594 -0.5796748 -0.1434447 -4.011758 -0.4723627 -0.1280396 1.067056 -0.2154467 0.01668131 1.017194 -0.4128849 0.01082736 0.9285077 -0.5949831 0.005534946 0.7996091 -0.7542389 0.001225709 0.6289141 -0.8831234 -0.001217663 0.4140645 -0.9746158 -7.3957e-4 0.1583046 -1.024666 0.002851903 -0.1405312 -1.05204 0.008125305 -0.5922952 -1.084252 0.009770691 -2.058423 -1.154352 0.02457582 -2.260997 -1.069659 0.006690561 -1.976881 -0.9170811 0.04773038 -2.197794 -0.7589667 0.04173344 -2.809917 -0.595609 -0.02081358 -4.013602 -0.488006 -0.06957012 1.06846 -0.2129601 0.05593657 1.020657 -0.4093837 0.08727073 0.9370742 -0.5919336 0.1155172 0.8146616 -0.7529154 0.1398379 0.6481505 -0.8838452 0.1604558 0.4333382 -0.9753693 0.1785034 0.1714145 -1.021196 0.1939315 -0.1642535 -1.043549 0.2066953 -0.9181148 -1.083802 0.2072026 -1.929841 -1.125856 0.1821023 -1.936901 -1.046478 0.1871029 -1.867135 -0.9060983 0.2339629 -2.18436 -0.7493086 0.201698 -2.830213 -0.5936927 0.1004325 -4.045766 -0.500468 -0.01081717 1.069528 -0.2027214 0.09406465 1.023104 -0.390886 0.1618009 0.9421749 -0.5677515 0.2232027 0.8223128 -0.7258526 0.2759779 0.6577741 -0.8555651 0.3195072 0.4406 -0.9443669 0.3551908 0.1694082 -0.9846178 0.3836466 -0.1958969 -1.01854 0.4078819 -0.7700379 -1.022361 0.412261 -1.421009 -1.030481 0.3952555 -1.811511 -0.9677919 0.4291789 -2.06686 -0.8498926 0.4056873 -2.249456 -0.708525 0.3420497 -2.869103 -0.5706115 0.2100352 -4.107766 -0.5070813 0.0480715 1.070233 -0.1850443 0.1296319 1.024146 -0.3577825 0.2317724 0.9414324 -0.5229019 0.325354 0.8198496 -0.6735159 0.4067269 0.6523958 -0.7988602 0.4742978 0.4281478 -0.8823172 0.5287913 0.1446154 -0.9148463 0.5698392 -0.1889208 -0.9174259 0.6000637 -0.953338 -0.9194 0.576033 -2.590762 -0.9013133 0.5937197 -2.651819 -0.8399331 0.5959903 -2.282771 -0.7418614 0.5430439 -2.329598 -0.6355234 0.4538617 -2.927805 -0.5242755 0.3001551 -4.200063 -0.5039892 0.1076866 1.070594 -0.1605302 0.1612811 1.023078 -0.3110042 0.2946311 0.9351699 -0.4583376 0.418729 0.8060172 -0.5974835 0.5297905 0.628147 -0.7173575 0.6257379 0.3904195 -0.795015 0.702566 0.09386038 -0.811293 0.7482902 -0.2636407 -0.7950412 0.7655728 -1.180902 -0.776075 0.7189676 -1.899642 -0.7357517 0.7232264 -1.949939 -0.672379 0.6997344 -2.056178 -0.5946334 0.6315965 -2.339727 -0.5311577 0.5313588 -3.008002 -0.455697 0.3662376 -4.325123 -0.4858582 0.1688671 -6.348458 -0.2454595 -0.06092846 1.070831 -0.1299478 0.1879171 1.020626 -0.2517995 0.3480774 0.9249618 -0.3754265 0.4997134 0.7829215 -0.4998728 0.6417799 0.5872288 -0.6182723 0.7742171 0.3308544 -0.6929907 0.8778251 0.02326053 -0.6718118 0.9078116 -0.3308411 -0.6240151 0.8999475 -0.9495989 -0.6054432 0.8571172 -1.490188 -0.5446579 0.8308889 -1.745814 -0.4948215 0.7727173 -1.998062 -0.4359587 0.6894175 -2.383655 -0.40598 0.5779166 -3.11481 -0.3680482 0.4071084 -4.491007 -0.4511674 0.2346128 1.071269 -0.09427529 0.2086824 1.018959 -0.1812622 0.390778 0.9150409 -0.2747198 0.5652083 0.7570433 -0.3797956 0.7349966 0.5405382 -0.4969488 0.9069118 0.2647597 -0.5580177 1.028668 -0.05358076 -0.4822264 1.033138 -0.4192743 -0.4197235 1.019853 -1.42254 -0.4112396 0.9688032 -2.124477 -0.3343697 0.930539 -2.021289 -0.3075345 0.8497867 -2.128902 -0.2749169 0.7450717 -2.477744 -0.2696706 0.6134214 -3.262708 -0.265309 0.4304442 -4.716161 -0.4011168 0.2989181 1.071866 -0.05496257 0.2226512 1.019317 -0.1019561 0.4207085 0.9109511 -0.1570707 0.6122531 0.7394983 -0.2307619 0.7990167 0.505105 -0.3196626 0.9879814 0.2130096 -0.33517 1.106649 -0.1269305 -0.2451965 1.129594 -0.5381168 -0.2075593 1.139943 -1.617544 -0.1956949 1.107089 -1.975406 -0.1491197 1.053046 -2.067228 -0.1334918 0.9468167 -2.194478 -0.1138845 0.8082855 -2.574213 -0.1330326 0.6428325 -3.473933 -0.1572653 0.4375195 -5.055467 -0.3460334 0.3290696 1.072522 -0.0136761 0.2291192 1.023221 -0.01658713 0.4369865 0.9176347 -0.02567291 0.639176 0.7411463 -0.05267202 0.83009 0.4929537 -0.08617317 1.009466 0.1842901 -0.05863296 1.134324 -0.1927712 0.003413617 1.190711 -0.6221635 0.02178788 1.21915 -1.245 0.02736854 1.197382 -1.634283 0.02769714 1.129135 -1.934738 0.03024488 1.01337 -2.216806 0.0319516 0.8620814 -2.683543 -0.003248453 0.6598156 -3.734735 -0.08474522 0.4366483 -5.510705 -0.3030314 0.3029189 1.073098 0.02780002 0.2276641 1.030284 0.07025951 0.4381058 0.9370449 0.1119516 0.6453175 0.7672419 0.1383228 0.8338828 0.5082655 0.1548317 1.003942 0.179542 0.20453 1.145184 -0.2584628 0.239211 1.192523 -0.8508374 0.2409132 1.202074 -1.89828 0.228599 1.157637 -2.009096 0.2120273 1.084465 -2.084177 0.1948597 0.9882405 -2.316849 0.169516 0.8637356 -2.809622 0.1195736 0.6550664 -4.038235 -0.03268218 0.4411975 -5.993268 -0.2343376 0.2457202 1.073426 0.06774342 0.2182695 1.039158 0.1539341 0.4233375 0.9663795 0.2454305 0.6294733 0.8138246 0.3204391 0.8116931 0.5472044 0.3750983 0.9765447 0.1933801 0.4361278 1.126578 -0.2830716 0.4564712 1.119976 -0.9217124 0.4448556 1.081087 -1.666677 0.4212474 1.044055 -1.873649 0.3895199 0.9857637 -2.059113 0.3509635 0.9108796 -2.365091 0.2983521 0.809545 -2.958907 0.2374665 0.6212193 -4.413892 0.05370604 0.4514838 -6.411699 -0.1087405 0.1676003 1.073139 0.1043991 0.2011309 1.046794 0.2293274 0.3918787 0.9968939 0.3633566 0.5884917 0.8666905 0.4752465 0.7568756 0.5915938 0.5587944 0.9052649 0.207993 0.6302165 1.052174 -0.2881508 0.64756 1.00862 -0.7733437 0.6295334 0.9350523 -1.18693 0.5979053 0.8859186 -1.527682 0.5520052 0.8436634 -1.886382 0.4916606 0.794754 -2.324077 0.4144238 0.7073726 -3.148678 0.3543513 0.5515924 -4.985421 0.1495101 0.4611483 -6.643389 -0.01529806 0.1071649 1.071869 0.1361958 0.1767869 1.049849 0.2923577 0.3438737 1.016718 0.4572647 0.5199733 0.9082664 0.5951462 0.6673088 0.6266596 0.6993703 0.786979 0.2179982 0.7868073 0.9144452 -0.2832955 0.8214887 0.8945434 -0.7432221 0.8036972 0.8149148 -1.127494 0.7675383 0.7627965 -1.48617 0.7134145 0.7123337 -1.853634 0.636754 0.6536572 -2.332241 0.5398682 0.5694109 -3.397361 0.4668245 0.4483078 -5.794997 0.1932771 0.3544198 -6.750976 0.04001861 0.06633722 1.069483 0.1619043 0.1461936 1.046121 0.3405899 0.2810004 1.016109 0.5239195 0.4252955 0.9189829 0.678805 0.5452961 0.6428909 0.7980468 0.6352399 0.2292141 0.9102988 0.7358235 -0.2562462 0.9911734 0.7602155 -0.7155783 0.9988805 0.6890604 -1.114502 0.9566941 0.6334652 -1.469828 0.888235 0.5880987 -1.834367 0.7939575 0.5314183 -2.346594 0.6683161 0.4296672 -3.664592 0.5599858 0.3370624 -6.478742 0.2378625 0.212443 -6.808904 0.07722556 0.03173446 1.0662 0.1806735 0.1106805 1.035597 0.3731898 0.2065199 0.9928061 0.5640592 0.3098791 0.889153 0.7283352 0.3967452 0.6319519 0.8584131 0.4600555 0.2423782 0.9830911 0.531927 -0.2093532 1.105934 0.5824731 -0.656927 1.157729 0.5316736 -1.094985 1.122721 0.4769468 -1.431906 1.035812 0.4390731 -1.804313 0.9206642 0.3969652 -2.359887 0.7629497 0.2946485 -3.905796 0.627619 0.215219 -6.741505 0.267507 0.1148782 -6.840448 0.1013061 -0.003640651 1.062455 0.1920216 0.07187217 1.020869 0.3908336 0.125154 0.9551973 0.5808358 0.1824343 0.833077 0.747842 0.2322096 0.5985488 0.8838036 0.269807 0.2550226 1.00238 0.3109186 -0.1503976 1.137305 0.3477226 -0.5756603 1.236383 0.3167085 -1.033059 1.229719 0.270376 -1.40616 1.141049 0.2460492 -1.760256 1.001967 0.2257481 -2.35964 0.8208124 0.1458148 -4.095802 0.6612668 0.07720071 -6.819662 0.2891199 0.03205019 -6.853878 0.1141908 -0.04113286 1.058679 0.1956501 0.03140741 1.005703 0.3945759 0.04191416 0.7793328 0.7432096 0.06592369 0.2664231 0.9869902 0.08995503 -1.890991 1.251909 0.02070575 -2.421504 0.8432246 -0.01882189 -4.288354 0.6528931 -0.05553579 -6.827951 0.2938644 -0.04774177 -6.852075 0.1163728 -0.08066833</float_array>
          <technique_common>
            <accessor source="#Sphere_001-mesh-positions-array" count="964" stride="3">
              <param name="X" type="float"/>
              <param name="Y" type="float"/>
              <param name="Z" type="float"/>
            </accessor>
          </technique_common>
        </source>
        <source id="Sphere_001-mesh-normals">
          <float_array id="Sphere_001-mesh-normals-array" count="2892">-0.1379018 0.9900055 0.02953296 -0.2708168 0.5579287 0.7844577 -0.336924 0.8982219 0.282276 0.3116813 0.9452224 -0.09700244 0.4749463 0.8476527 -0.2364551 0.3068333 0.9278053 -0.2122043 -0.6761236 0.7254171 -0.1289457 -0.4901605 0.623651 -0.6089354 0.2025172 0.9440172 -0.2604196 0.2536534 0.9575265 -0.1371236 -0.9336137 -0.3369446 -0.1217946 -0.8349933 -0.3606773 -0.4155696 0.1535229 0.9160495 -0.3705188 0.1620892 0.9735386 -0.1610892 0.9784861 0.1984791 -0.05631315 0.999037 0.01538515 -0.04108947 0.9754648 0.2031906 -0.08474701 -0.3035148 -0.947651 -0.0991795 0.06348288 0.889143 -0.4532051 0.02649772 0.9991791 -0.03064405 0.9163841 0.3694581 -0.1540813 0.9267198 0.3591922 -0.1103248 -0.2588898 0.5219196 0.8127583 -0.9599537 0.2801314 -0.003925144 0.8311855 0.5210177 -0.1940903 0.8078325 0.5468037 -0.2200284 -0.7875128 -0.07449537 0.6117796 -0.517647 0.1441025 0.8433718 0.6528125 0.7251385 -0.219112 0.6516624 0.7149465 -0.2533529 -0.2910228 0.7945418 0.5329249 0.4576056 0.8772752 -0.1448639 0.7989294 0.534747 -0.275241 0.6533299 0.6851952 -0.3219745 -0.2699707 0.7593527 -0.5920299 -0.8409196 0.3867814 0.3784897 0.4887687 0.8009542 -0.3457999 -0.641901 0.4313283 -0.6339708 0.3111791 0.8789557 -0.3613925 -0.284235 0.4720757 -0.834479 0.1612103 0.9073669 -0.3881968 -0.6668003 -0.3920444 -0.6337812 0.07483017 0.8744268 -0.4793521 0.9734268 0.1975122 -0.1158847 0.01627832 0.7515723 -0.6594499 0.908212 0.3672407 -0.200712 -0.1727942 0.3209374 -0.9312043 0.0235309 0.8610141 -0.5080364 0.972378 0.1830955 -0.1447653 -0.492583 -0.4290202 -0.7571682 -0.05652874 0.8240507 -0.5636887 0.9051904 0.3440675 -0.2494952 -0.06820577 0.7744694 -0.6289238 0.7990631 0.4956684 -0.3403105 -0.9653037 -0.1230336 -0.2303297 0.6611384 0.6278387 -0.410749 -0.678386 0.1018995 -0.727605 0.4984002 0.7324562 -0.4637944 -0.221583 0.2211478 -0.949734 0.3264894 0.801475 -0.5010414 -0.1736355 0.2786941 -0.944553 0.162733 0.8462011 -0.507407 -0.1513776 0.3780962 -0.9133061 0.5095815 0.6327993 -0.5830023 -0.07991093 0.5805882 -0.8102664 0.3508279 0.6886633 -0.634557 -0.1506513 0.2057079 -0.966948 0.2191157 0.7411564 -0.6345672 -0.3805495 -0.4071167 -0.8303241 0.07462292 0.8045048 -0.5892398 0.9721363 0.1611703 -0.1702212 -0.03654807 0.8490845 -0.5269913 0.9060212 0.3016955 -0.2968255 -0.1272003 0.9865334 -0.1028205 0.8035894 0.4328587 -0.4085065 -0.2723194 0.3613665 -0.8917714 0.6670197 0.544658 -0.5083624 -0.2556332 -0.4782127 -0.8402169 0.03856623 0.6484562 -0.7602745 0.9082786 0.2450352 -0.3390985 -0.668127 -0.01404058 0.7439148 0.8097651 0.3484253 -0.4721021 -0.9081821 -0.3891026 0.1542869 0.6782434 0.4367009 -0.5909978 -0.6394278 0.5955369 -0.4862797 0.5171568 0.5005756 -0.6942428 -0.07827949 0.2225026 -0.9717844 0.3683285 0.5365973 -0.7592085 -0.1618481 0.1755492 -0.9710755 0.2679279 0.5637031 -0.7813153 0.1421716 0.6038347 -0.7843284 0.9707972 0.1319273 -0.2003695 -0.3118482 0.2119243 -0.9261959 -0.105818 0.2137776 -0.9711343 0.3600307 0.3581379 -0.8614611 -0.1179463 -0.1274012 -0.9848136 0.2575715 0.3367583 -0.9056771 -0.2083212 -0.5274809 -0.8236299 0.1370704 0.2939313 -0.9459472 0.9729157 0.09962588 -0.2085899 0.04651695 0.2227464 -0.973766 0.9107061 0.1767628 -0.373322 -0.07908302 -0.4758705 -0.8759527 0.8144965 0.2464111 -0.5252402 -0.4009395 -0.1954193 -0.895019 0.682099 0.3032523 -0.6654166 0.5151252 0.340055 -0.7867711 0.9124469 0.1004794 -0.396667 -0.07937777 -0.3678703 -0.9264829 0.8156966 0.1327725 -0.5630369 -0.1579777 -0.3057857 -0.9389026 0.6814031 0.1546293 -0.7153878 -0.144082 0.3996747 -0.9052627 0.5100956 0.1691772 -0.8433158 -0.1549333 0.4670573 -0.8705477 0.3388914 0.1778113 -0.9238701 -0.1241655 -0.314438 -0.9411226 0.2051054 0.1512797 -0.9669779 -0.1599763 -0.587539 -0.7932248 0.06675308 0.07093238 -0.9952451 0.9720594 0.05825662 -0.2273911 -0.07237839 -0.03325194 -0.9968228 0.499629 -0.01432657 -0.866121 0.3219642 -0.01768499 -0.9465867 -0.3207073 -0.5572548 -0.7659074 -0.1353532 -0.5230434 -0.84149 0.1602783 -0.0230199 -0.9868035 -0.0693854 -0.7241986 -0.686092 0.001645684 -0.05300259 -0.9985931 0.9741339 0.02390378 -0.2247037 -0.1389583 -0.08843868 -0.9863413 0.9134017 0.02145671 -0.4064936 -0.151308 -0.159463 -0.9755396 0.8143748 0.01610463 -0.5801158 -0.1176447 -0.1990125 -0.9729101 0.6738569 -0.00127685 -0.7388609 -0.7704736 -0.1470112 -0.6202887 -0.150869 -0.05097669 -0.9872386 -0.1653579 -0.05643784 -0.9846175 0.913479 -0.05873179 -0.4026246 0.8104922 -0.1056481 -0.5761432 -0.119219 -0.1339545 -0.9837902 0.6617355 -0.1542696 -0.7336941 -0.1277768 -0.8610106 -0.4922743 0.4896057 -0.1855667 -0.8519691 -0.1244155 -0.9105511 -0.3942304 0.3241535 -0.1791306 -0.9288901 -0.07659143 -0.4378336 -0.8957877 0.1667029 -0.127718 -0.9777005 -0.04482573 -0.7892994 -0.6123703 -0.003917455 -0.07380419 -0.9972651 0.9748607 -0.01564967 -0.2222654 -0.1050139 -0.4398447 -0.8919129 0.3633975 -0.3170635 -0.8760212 0.2281885 -0.2478057 -0.9415531 -0.08223891 -0.7684919 -0.6345526 0.02970349 -0.1703074 -0.9849432 0.9755112 -0.05349016 -0.2133468 -0.1216276 -0.07795912 -0.9895096 0.9127749 -0.1343869 -0.3857231 -0.09690475 0.2433043 -0.9650972 0.8049378 -0.2176152 -0.5520134 -0.2008141 0.4852382 -0.8510097 0.6533467 -0.2899296 -0.6993419 -0.5416601 -0.3933145 -0.7429053 0.4927259 -0.3321484 -0.8043 -0.232846 -0.3554243 -0.9052383 0.9121804 -0.2025049 -0.3562564 0.8017118 -0.3146919 -0.5081608 -0.178063 0.3898974 0.9034786 0.6503134 -0.4080656 -0.6407612 -0.6194553 0.6498213 0.4404627 0.5031302 -0.465523 -0.7281129 -0.6856405 -0.08529216 -0.7229263 0.4061703 -0.4768352 -0.7795216 -0.1243758 -0.5458441 -0.8286042 0.2941741 -0.4625966 -0.8363409 -0.104032 -0.7712657 -0.6279543 0.0690357 -0.4406424 -0.8950243 0.9762428 -0.08816111 -0.1979336 -0.1059644 -0.3782359 -0.9196245 -0.5829523 0.5415937 0.6056755 0.2994173 -0.7158777 -0.6307682 -0.09848684 -0.8674103 -0.4877498 0.09909445 -0.7640025 -0.6375584 0.9771903 -0.118251 -0.1763968 -0.04755651 -0.7484485 -0.6614856 0.9127429 -0.2600142 -0.315108 -0.08149719 -0.9779162 -0.192453 0.802416 -0.394326 -0.4479237 -0.8368871 -0.3680753 -0.405143 0.6506816 -0.5091567 -0.5633588 -0.4446235 0.8728559 0.201079 0.5000052 -0.59184 -0.6322343 -0.657365 0.3682155 -0.6574866 0.4019525 -0.6557331 -0.6390996 -0.2847023 -0.6073282 -0.7416853 -0.7017071 0.05155295 -0.7105981 0.6554167 -0.5915873 -0.4695249 -0.3426403 0.9393028 0.01754641 0.4875103 -0.6934455 -0.5305346 -0.8332041 0.3284794 -0.4448282 0.3526498 -0.7748941 -0.5245735 -0.3712244 -0.7552352 -0.5401964 0.2363771 -0.8571767 -0.457574 -0.09828692 -0.9347274 -0.3415032 0.09169667 -0.9156084 -0.3914756 0.9784538 -0.1425659 -0.1493423 -0.02685064 -0.9209172 -0.3888325 0.9152162 -0.3044072 -0.2640373 -0.05100387 -0.9346493 -0.351894 0.8035985 -0.4649718 -0.3715249 -0.10359 -0.9586749 -0.2649748 0.06510984 -0.9448928 -0.3208401 0.9800779 -0.1600687 -0.1175807 -0.01108181 -0.9450031 -0.3268738 0.9196679 -0.3354113 -0.204231 -0.02530592 -0.907511 -0.4192656 0.8149586 -0.5029497 -0.2878959 -0.8604247 0.3518748 -0.3685832 0.6657646 -0.6519039 -0.3630136 -0.1803877 0.7987412 0.5739973 0.487851 -0.7691736 -0.4127635 -0.7952753 -0.04548865 0.6045396 0.3132957 -0.8520405 -0.419372 -0.441251 -0.8762092 -0.1937913 0.167718 -0.9130241 -0.3718304 -0.375303 -0.291827 -0.879764 -0.5675364 0.5833011 0.5810873 0.5009475 -0.8187415 -0.2805604 -0.493315 -0.6013571 0.6284983 0.3096475 -0.9078023 -0.2828668 -0.2892625 -0.9532229 0.08771163 0.1514096 -0.9544876 -0.2569604 -0.1025871 -0.9682747 -0.22786 0.06575089 -0.9691608 -0.2374956 0.9820022 -0.1700394 -0.08220976 0.02139985 -0.9595333 -0.2807809 0.9256203 -0.3522374 -0.1384047 0.006889104 -0.8575949 -0.5142799 0.8263962 -0.5282056 -0.1951114 0.6786497 -0.6928973 -0.2435734 0.9842837 -0.1705364 -0.04585897 -0.09134107 -0.9771986 -0.1916763 0.0594381 -0.9969841 -0.04989886 0.02986484 -0.9972588 0.06769913 0.9323611 -0.3550376 -0.06819951 -0.04494267 0.7576376 -0.6511263 0.8409122 -0.5324438 -0.09679967 -0.1978155 0.9671563 -0.1596176 0.7035802 -0.6993507 -0.1260299 -0.4577341 0.8749276 0.1580542 0.5188279 -0.8435012 -0.1390088 -0.827863 -0.2963195 0.4762749 0.3128694 -0.9421339 -0.1204013 -0.2158817 -0.9763625 -0.01055687 0.1468273 -0.985323 -0.08706545 0.5395672 -0.8417299 0.018929 -0.7529934 0.5948128 0.2814226 -0.732169 -0.6782839 0.06212437 0.3143513 -0.947659 0.05590873 -0.1872576 -0.9805635 0.05856579 0.1321589 -0.9856299 0.105203 -0.07884162 -0.987131 -0.1391276 0.06462699 -0.9868389 -0.1482312 0.9864971 -0.1636419 -0.006698012 0.001714587 -0.9876721 0.1565277 0.9392305 -0.3432268 0.006448686 -0.9807086 0.171626 0.09356904 0.8571116 -0.5150652 0.008232235 -0.2049309 0.9344556 0.2911978 0.7264134 -0.6871504 0.01216596 -0.4333245 -0.8995064 0.05584102 0.9449236 -0.317102 0.08103001 -0.02202707 -0.5149516 0.8569363 0.8707407 -0.4771417 0.1189394 -0.6553692 -0.4512916 0.6056627 0.7512043 -0.6413791 0.1559654 -0.6491078 -0.09168636 -0.7551509 0.5596692 -0.8042014 0.2000765 -0.6008974 -0.6191012 -0.5056046 0.3191256 -0.9163202 0.2419016 -0.1878861 -0.968574 0.1629824 0.1728829 -0.9499024 0.2603788 -0.0747087 -0.9963271 -0.04184544 -0.7452425 -0.6234768 -0.2364118 0.987155 -0.1552261 0.0378158 -0.926965 -0.3370969 -0.1646255 0.5709577 -0.7281051 0.3793025 0.3255628 -0.8484031 0.4173979 -0.2230864 -0.9275265 0.2998785 0.1100149 -0.8931767 0.4360417 -0.07439547 -0.9926885 0.09505152 0.01447588 -0.7190675 0.6947894 0.9888474 -0.1339209 0.06516104 -0.1026907 -0.6669939 0.7379525 0.9480204 -0.2792425 0.1525813 -0.06538319 -0.9245985 0.3752901 0.8773462 -0.421931 0.2285562 -0.8517649 -0.230323 -0.4705825 0.7602255 -0.5707789 0.3102722 -0.1959419 0.6935969 -0.6932029 0.9477531 -0.23278 0.2181226 -0.1904012 0.3672699 0.9104177 0.8757231 -0.3497424 0.3328502 -0.2870801 0.8227153 0.4906371 0.755775 -0.478272 0.4472806 -0.5241899 0.8293549 0.1933793 0.5791195 -0.6313465 0.5157736 -0.6388035 -0.1874151 0.7461941 0.328536 -0.7816608 0.5301609 -0.2236741 -0.7670255 0.6013668 0.07888174 -0.8172097 0.570917 -0.07763344 -0.9633373 0.2568159 -0.04585403 -0.7492483 0.6607 0.9882829 -0.111476 0.1042591 -0.005462229 -0.6179295 0.7862145 0.6034559 -0.5210346 0.6036258 0.3182566 -0.7209787 0.6155505 -0.1709601 -0.5626786 0.808805 -0.02656024 -0.7127082 0.7009577 -0.08294069 -0.9056908 0.4157466 -0.1104505 -0.6127507 0.7825199 0.9889244 -0.08561694 0.1212366 -0.05337041 -0.6013003 0.7972388 0.9443905 -0.18311 0.2731254 -0.1812215 -0.612478 0.7694346 0.8671705 -0.2665351 0.4206835 -0.2077801 -0.4304105 0.878393 0.7500223 -0.3680219 0.5495693 -0.08169358 -0.2109454 0.9740782 -0.400184 -0.2626976 0.8779767 -0.06384038 -0.5650359 0.8225928 -0.7001197 -0.2576522 -0.6659188 0.8533898 -0.1906083 0.4851745 -0.2113235 0.2419676 -0.9469922 0.7473983 -0.2467181 0.6168678 -0.8361935 -0.5126243 -0.1949283 0.62413 -0.3477065 0.699687 -0.4540875 -0.5282811 0.7174425 0.2755426 -0.4938982 0.8247066 -0.1427711 -0.4300907 0.891425 -0.09715694 -0.4924178 0.8649193 -0.09412193 -0.8224189 0.5610421 -0.0960673 -0.5020651 0.8594776 0.9886543 -0.05888175 0.1381868 0.9384898 -0.1347382 0.3179349 -0.4515004 -0.3612685 0.8158631 -0.1282068 -0.3397269 0.931745 0.2426095 -0.1507577 0.9583386 -0.01120436 -0.260597 0.9653827 -0.1132951 -0.7292682 0.674783 -0.02672499 -0.3748087 0.926717 0.9887976 -0.03414982 0.1453041 -0.068286 -0.3943427 0.9164229 0.9393342 -0.09971731 0.3281885 -0.1933019 0.3412149 0.919895 0.8404037 -0.1401485 0.5235266 -0.5384722 0.4180734 0.7316163 0.7237418 -0.1396957 0.6757832 -0.954 0.1916043 0.2305901 0.5853651 -0.1279234 0.8006144 -0.4470746 0.007576525 0.8944646 0.6888774 -0.09477794 0.7186551 -0.5162288 -0.01443821 0.8563292 0.5322548 -0.02396214 0.8462452 -0.3635146 -0.2649484 0.8931179 0.2769066 -0.03008073 0.960426 -0.1081951 -0.3093779 0.9447642 0.08592331 -0.124444 0.9884994 -0.1477284 -0.6331441 0.7598059 -0.009174525 -0.2418156 0.9702789 0.9895846 -0.008864104 0.1436799 -0.07566285 -0.3073792 0.9485744 0.9425039 -0.06085962 0.3286068 -0.2135565 -0.2768701 0.9368761 0.8345642 -0.09827458 0.5420745 -0.08741676 -0.3211202 0.9429953 -0.222722 -0.5206062 0.8242356 0.08119755 0.108905 0.9907304 -0.06151413 0.1584234 0.9854533 0.9910805 0.01822358 0.1320129 -0.4801101 -0.2475275 0.8415606 0.9509955 -0.0254088 0.3081591 -0.5756562 -0.7522106 0.3206234 0.8499406 -0.07196921 0.5219402 -0.5303556 -0.8038293 -0.2694099 0.6771733 -0.062702 0.7331473 -0.6227558 -0.5647351 0.5415252 0.517247 -0.003020524 0.8558309 -0.2809134 -0.2609001 0.9235902 0.2876373 0.01377254 0.9576404 0.8780929 -0.0316143 0.4774448 0.693514 0.001328825 0.7204419 -0.6871749 0.3344522 0.6449283 0.5235226 0.1106778 0.8447926 -0.2862393 -0.08288943 0.9545662 0.2658559 0.19435 0.9442186 -0.06720012 -0.3482127 0.9350038 0.01312416 0.4286921 0.9033553 -0.3235538 -0.4383623 0.8385413 -0.06888753 0.6420934 0.7635253 0.9928476 0.04586333 0.1102284 -0.09677892 0.5808911 0.8082075 0.9648523 0.01795661 0.2621787 -0.7008185 -0.1747902 0.6915937 -0.7414751 0.04854124 -0.6692224 -0.1207589 0.6751049 0.727771 0.994042 0.07240378 0.08147615 -0.418599 -0.4622369 0.7817365 -0.1421998 0.7973815 0.5864828 0.9790646 0.06955909 0.1912962 -0.2433659 0.9640524 0.1066582 0.9237127 0.02884244 0.3819988 -0.2289773 0.770053 0.5954728 0.7232248 0.1435154 0.6755362 -0.2374389 0.8202002 0.5204753 0.5077946 0.3407065 0.7912419 -0.185114 0.4516767 0.8727663 0.2428417 0.5072565 0.826873 -0.09887605 -0.1454334 0.9844149 -0.05146187 0.5564699 0.8292726 -0.1723854 0.5870524 0.7909822 0.4733459 0.6034219 0.6417364 -0.1431344 0.5883165 0.7958621 0.2499852 0.7236353 0.643319 -0.1557865 0.1312038 0.9790384 -0.03377318 0.6326969 0.7736628 -0.533661 -0.4902132 0.6891278 -0.1687002 0.589481 0.78997 0.9938406 0.09872835 0.05033636 -0.1811602 0.6154577 0.7670678 0.9870339 0.1214014 0.1050046 -0.2491642 0.5242359 0.8143058 0.9631317 0.1487065 0.224196 -0.323546 0.5601801 0.7625721 0.7646439 0.3958805 0.5085257 0.9914542 0.1288047 0.02069109 -0.6613199 -0.4995968 0.559517 -0.1420616 0.6938346 0.7059831 -0.1638888 0.4807717 0.8613937 0.981242 0.1922123 0.01479047 -0.8771781 -0.07725572 0.4739094 0.9565705 0.287928 0.04550129 -0.9733604 0.1729877 0.1504817 0.7727836 0.5903325 0.2330523 -0.165625 0.7261309 0.6673097 0.453072 0.800005 0.3933421 -0.1354799 0.6503578 0.747449 0.2857376 0.8538895 0.4350022 -0.234708 0.2968575 0.9256283 0.05782192 0.7829906 0.6193403 0.7224169 0.6907191 -0.03195577 0.4455875 0.8857414 0.1300545 -0.1308324 0.978291 0.1607156 -0.1517316 0.7934707 0.5893911 0.3108903 0.9271383 0.2091934 -0.4026618 0.467946 0.7866957 0.1787635 0.9233066 0.3399245 -0.8116416 -0.4553456 0.3659213 -0.02002722 0.8717372 0.4895644 0.9873567 0.1584315 -0.005116999 -0.8281713 0.5390846 0.1533625 0.9633182 0.2642431 -0.0468381 -0.6637749 0.5232791 -0.5343986 0.909929 0.4012342 -0.1050732 -0.4405423 0.877071 0.1914917 -0.1129657 0.9913792 -0.06638032 0.9414608 0.3256968 -0.08702456 -0.2051679 0.7164903 0.6667443 0.8657777 0.4706417 -0.1700748 -0.3353225 0.7814344 0.526231 0.6764494 0.717522 -0.1660679 -0.2401379 0.9580519 0.15643 0.4445143 0.8944052 -0.0494613 -0.1265549 0.9593966 0.2520753 0.318857 0.9474749 0.02493423 -0.6218715 0.6566548 0.4267089 0.2530754 0.9661316 0.05042439 -0.9092598 -0.397938 0.1220327 0.06058281 0.9927655 0.1036658 0.9816916 0.186941 -0.03653168 0.1164723 -0.9925209 0.03656017 0.1960214 -0.9389228 -0.282842 0.1944554 -0.9493239 -0.2469237 -0.2846407 -0.9334741 0.2181875 -0.4382865 -0.8877922 0.1404635 -0.2977916 -0.9487108 0.1061512 0.6755056 -0.7275887 0.1196112 0.2230938 -0.8983064 0.3785167 -0.2085123 -0.9357553 0.2844023 -0.268148 -0.9489071 0.1663489 0.8982618 0.3439468 0.2735443 0.4963731 -0.6477491 0.5779576 -0.1547909 -0.8937127 0.4210909 -0.1681358 -0.9640849 0.2055985 -0.9777013 -0.1894286 0.09064877 -0.9737087 -0.1976131 0.1133157 -0.998402 -0.01866412 0.05333942 0.2899161 0.9480196 0.1311777 0.8194891 0.3399152 0.4614061 -0.01105135 -0.8277561 0.5609793 0.01657831 -0.9977167 0.06547367 -0.913015 -0.360552 0.1908034 -0.9246743 -0.345233 0.1605976 0.5579373 -0.7771422 -0.2911288 -0.8130452 -0.5342798 0.2313067 0.6594536 -0.4440438 -0.6065856 0.5126686 -0.8519921 0.1062099 -0.6248428 -0.750567 0.2149903 -0.7947977 -0.5538388 0.2481115 0.6353724 -0.7504172 -0.1821426 -0.6304877 -0.7311968 0.2604545 -0.7904576 -0.5351973 0.2978941 0.1798829 -0.9046181 0.3864043 -0.4500325 -0.8593726 0.2427954 -0.6358901 -0.6952628 0.3350425 0.1973442 -0.9741999 0.109498 -0.292134 -0.8848108 0.362998 0.2709102 -0.5162011 0.8124926 -0.159813 -0.9063546 0.3911282 0.6832572 0.3699607 0.6295146 -0.08386307 -0.8642243 0.4960678 -0.9712809 -0.1960573 0.1348149 -0.03696995 -0.7283039 0.6842563 -0.9045649 -0.3636872 0.2224722 0.1790609 -0.6250527 0.7597673 -0.03500515 -0.8684996 0.4944523 -0.9698997 -0.1855552 0.1576831 0.5405105 0.4272158 0.7248001 0.0318911 -0.8299342 0.5569489 -0.9005062 -0.3452661 0.2643484 0.08308404 -0.7696128 0.6330824 0.08495295 -0.6751615 0.7327619 -0.785716 -0.5066195 0.3549467 0.1190497 -0.6523448 0.7485142 -0.4777269 -0.7362375 0.479303 -0.4652245 -0.8082798 0.3609016 0.1909002 -0.7096068 0.6782443 0.2046164 -0.7126324 0.6710345 -0.3144301 -0.8047865 0.5034407 0.1506369 -0.2756947 0.9493688 -0.1611679 -0.8547182 0.4934388 0.07116907 -0.4976627 0.864446 -0.4890963 -0.6370202 0.5958104 -0.6363915 -0.638011 0.4335294 0.07452648 -0.4522088 0.8887931 -0.3482211 -0.6921122 0.6322364 0.1212945 -0.1632312 0.9791033 -0.2272177 -0.7534338 0.6170169 0.4388886 0.3688675 0.8193373 -0.07712584 -0.8223946 0.5636655 -0.969435 -0.1664502 0.1802505 0.0456857 -0.860872 0.5067665 -0.9002003 -0.3084746 0.3073812 0.16921 -0.9070701 0.3854762 -0.7913861 -0.4413773 0.4229586 0.08762741 -0.6217295 0.7783148 -0.648248 -0.5500348 0.5265323 0.2626091 0.4667636 0.8444929 -0.0262174 -0.6585617 0.75207 -0.9018177 -0.2573518 0.3471239 -0.795302 -0.3611286 0.4869096 0.4803327 -0.6497282 0.5891805 -0.6551334 -0.4465454 0.6094239 0.1146252 -0.516849 0.8483681 -0.4974977 -0.5065959 0.7041709 0.06892621 -0.1843988 0.9804317 -0.3711007 -0.5389899 0.7561576 0.1354656 -0.2167237 0.9667885 -0.2824923 -0.5686894 0.7725222 -0.1488329 -0.611996 0.7767302 -0.9683576 -0.1396483 0.2068378 0.1362903 -0.4097952 0.9019384 -0.361937 -0.3580198 0.860711 0.06658214 0.187507 0.9800041 -0.2719614 -0.3277554 0.9047726 0.198134 0.5145224 0.834272 -0.1437929 -0.2788786 0.9495002 -0.9705634 -0.1109296 0.2137786 -0.02957499 -0.1965426 0.9800492 -0.9041219 -0.1933997 0.3809989 0.1104235 0.3460623 0.9316908 0.5196644 -0.4318855 0.7371729 -0.7985475 -0.2620223 0.5419099 0.5552116 0.2380754 0.7969068 -0.6580923 -0.3159686 0.6834314 -0.4970818 -0.3485887 0.7946041 -0.9061837 -0.1195093 0.405646 0.08030921 0.3592873 0.9297651 -0.799722 -0.1490644 0.5815709 0.2328466 0.1856127 0.9546363 -0.6569581 -0.1688085 0.7347856 -0.4920622 -0.1819321 0.8513375 0.11404 0.05655843 0.9918649 0.1534914 -0.1668822 0.9739562 -0.3365663 -0.1835571 0.9235962 0.0523321 0.3301059 0.9424922 -0.2024798 -0.1280192 0.9708826 0.152697 0.5741592 0.8043786 -0.07440006 -0.02249586 0.9969747 -0.9704577 -0.07235437 0.2301668 0.06757473 0.08328276 0.9942322 -0.4848527 -0.002296388 0.8745927 0.07988059 0.351767 0.9326732 0.1244679 0.2685749 0.9551833 -0.3147969 0.00445491 0.9491486 0.06206852 0.7684409 0.6369037 -0.007520377 0.04203146 0.999088 -0.9727063 -0.03988856 0.2285857 0.1226226 0.09976702 0.9874261 -0.9075522 -0.04032528 0.4179989 0.1590458 0.1750617 0.9716265 -0.7984534 -0.02915024 0.6013506 -0.6533206 -0.01627504 0.7569065 0.1156857 0.1925863 0.974437 0.167711 0.1699725 0.9710729 0.1491084 0.03961282 0.9880272 -0.7953974 0.09043335 0.5993037 0.1427168 0.1737642 0.9743911 -0.6473842 0.1368514 0.749777 0.1906636 0.4971033 0.8464844 0.1660374 0.4782962 0.8623598 0.1765837 0.355637 0.9177911 -0.4763202 0.1673854 0.8631924 0.08313697 0.3462298 0.9344589 -0.1508249 0.007818996 0.9885296 -0.321664 0.1559465 0.9339234 0.02296876 0.8536847 0.5202836 -0.1689322 0.1040689 0.9801182 -0.9739301 -0.001852273 0.226841 0.001569151 0.05415159 0.9985316 -0.9069539 0.04749345 0.4185442 0.09165018 0.369847 0.9245613 -0.3679336 0.2981323 0.8807623 0.06033951 0.7389909 0.6710079 -0.234053 0.2225819 0.9464019 -0.9754108 0.0346958 0.2176465 -0.03433012 0.1431214 0.9891096 -0.9087687 0.1159252 0.4008752 0.1885013 0.0732941 0.9793341 0.1637038 0.08512389 0.9828301 -0.7920603 0.2030583 0.5756804 0.1916369 -0.03772121 0.9807409 -0.6405336 0.2774239 0.7160675 0.2338204 0.3711926 0.8986346 0.1487321 0.4085729 0.9005259 -0.4843193 0.3179097 0.8150879 -0.7901592 0.3035866 0.5324319 0.1860107 -0.1029626 0.9771381 0.4830683 -0.04292982 0.8745297 -0.6357463 0.4026157 0.6585798 0.4441979 -0.1748793 0.8786953 0.261406 0.3348309 0.9052929 -0.4968516 0.4583128 0.7369451 0.1053876 0.4692251 0.8767676 -0.4131876 0.4641402 0.7834857 0.09867107 0.6914498 0.7156544 -0.3034161 0.4445365 0.8428084 -0.9770817 0.06966346 0.2011425 -0.07568079 0.419726 0.9044901 0.1018694 0.3538463 0.9297395 -0.3097282 0.7145853 0.6272451 0.08976352 0.8401784 0.5348296 -0.1140851 0.7639796 0.6350747 -0.9787607 0.1000235 0.1789496 0.06325083 0.7429307 0.6663733 -0.9075548 0.1953052 0.371753 -0.7913306 0.3883554 0.4722034 0.1468968 0.6210794 0.7698583 -0.6330994 0.5087556 0.5833977 0.6518374 0.3204355 0.6873348 0.600539 -0.004881441 0.7995806 -0.4931133 0.5905486 0.6388205 0.6572296 -0.2187402 0.7212503 -0.4103852 0.6527508 0.6367892 0.1511561 0.6345401 0.7579649 0.75428 0.1195743 0.6455724 -0.6358529 0.593682 0.4931864 0.7904866 -0.1910625 0.5819158 -0.4745126 0.6936639 0.5419117 0.4445045 0.3795153 0.8114086 -0.354305 0.7775208 0.5195472 0.5176681 0.5742856 0.634205 -0.2439803 0.8626627 0.4430426 0.08369714 0.9374521 0.3379032 -0.1057342 0.9215761 0.3735208 -0.980657 0.1245409 0.1510015 0.02151912 0.9230157 0.3841602 -0.9127936 0.2453271 0.3265312 0.0441901 0.9033511 0.4266193 -0.7954126 0.461452 0.3929134 0.08969634 0.9610446 0.2614347 0.2034531 0.8163037 0.5406062 -0.07958954 0.949951 0.3020907 -0.9827492 0.142077 0.118399 -0.002661287 0.9500387 0.312121 -0.917268 0.290338 0.2726231 0.04384332 0.9217985 0.385182 -0.8071579 0.5015992 0.3112787 0.7282898 0.684642 -0.02931505 -0.6468817 0.6558665 0.3890801 0.8843653 0.2618728 -0.3864204 -0.4684503 0.7703732 0.4325272 -0.3046214 0.8543217 0.421118 0.2152234 0.9198986 0.3278195 -0.1732751 0.9179559 0.3568371 0.7561935 0.5408008 -0.3683829 -0.4785642 0.8253557 0.299607 0.4609069 0.8773145 -0.1337313 0.5537918 0.8175016 0.158133 -0.2900518 0.9121566 0.289552 0.1961467 0.964071 0.1791473 -0.1479923 0.9555976 0.2548168 0.09497779 0.9615179 0.2578032 -0.07579427 0.9687406 0.2362138 -0.9849231 0.1520136 0.08257389 -0.02543896 0.962779 0.2690905 -0.9235459 0.3209416 0.209904 -0.8224094 0.5268191 0.2147194 0.3016722 0.6416144 0.7052126 -0.6645422 0.6979738 0.2668638 -0.9869765 0.1544033 0.04513537 0.08466982 0.9622632 0.2586131 -0.07529437 0.9951341 0.06355327 -0.9311696 0.3364873 0.1403551 -0.01659369 0.894741 0.4462771 -0.05784577 0.9965785 0.05903655 -0.8407585 0.5304015 0.1086248 0.1749982 0.9825862 0.06245052 -0.6884045 0.7115596 0.1406497 0.9557355 0.1797592 -0.23293 -0.4931324 0.8576952 0.1455315 0.4149267 0.9087218 -0.04539531 -0.2874581 0.9501199 0.1209967 0.1769054 0.9816297 0.07146883 -0.1421833 0.9859794 0.08734184 -0.5093724 0.8600543 -0.02909767 0.3980196 0.9154212 -0.05987077 -0.2876837 0.9558984 -0.05913043 0.1691335 0.983492 -0.06432288 -0.1279387 0.9869081 -0.09820461 -0.988793 0.1490575 0.008378565 0.08681011 0.9742124 0.208265 -0.06245934 0.9923047 -0.1069124 -0.9391893 0.336969 0.06614667 -0.02927583 0.9852194 -0.1687774 -0.8581262 0.5133647 -0.008726835 0.8726257 -0.1196162 -0.473515 0.9864857 -0.113905 0.1177788 -0.7121511 0.701792 -0.01814079 -0.01589256 0.9151671 -0.4027613 -0.9492883 0.3026731 -0.0850929 -0.9442329 0.3289558 -0.01457273 0.197203 0.9440765 -0.2642547 0.4311273 0.7279119 -0.5331731 -0.868786 0.4756219 -0.1378219 0.4258361 0.9047862 0.005064845 -0.730126 0.6585993 -0.1821076 0.875815 0.4169505 -0.2431058 -0.5247957 0.8228477 -0.2179706 0.3792247 0.9211319 -0.08777773 0.4502064 0.8928326 -0.01281523 -0.2909078 0.9229515 -0.2520583 0.1800019 0.9542083 -0.2389262 -0.1317505 0.9530677 -0.2725871 -0.9894689 0.1403708 -0.03531718 0.0800817 0.9905984 0.1109141 0.9727735 -0.1216399 0.1972701 -0.5334154 0.7504618 -0.3902244 0.6870148 0.6517595 -0.3212794 -0.2915108 0.8604699 -0.4178673 0.1905623 0.8609777 -0.4715965 -0.04644566 0.9535362 -0.2976769 -0.1134372 0.8858292 -0.4499319 -0.990414 0.1230925 -0.06267702 0.07843375 0.9953844 -0.05530154 -0.01656681 0.8488112 -0.5284365 -0.9496751 0.2691674 -0.1602066 0.006325542 0.7926231 -0.6096794 -0.8690818 0.4204347 -0.2606366 0.2863927 0.9032867 -0.3194563 -0.734552 0.5886148 -0.3375885 -0.9464619 0.2241575 -0.2322999 0.1473547 0.2503942 -0.9568644 0.2500578 -0.1066678 -0.9623373 0.8698139 0.4304834 -0.2410558 -0.8588528 0.3533907 -0.3707922 -0.7322998 0.4932723 -0.4694886 0.4242159 0.4185095 -0.8030509 -0.542984 0.6601275 -0.5190378 -0.2853505 0.7958216 -0.5340816 0.1744337 0.6890302 -0.7034275 -0.05689978 0.8075361 -0.5870671 -0.9893471 0.1053682 -0.1004499 0.08179473 0.967033 -0.2411573 0.04452782 0.7342879 -0.6773762 -0.5639436 0.5539995 -0.6124151 0.2879055 0.409685 -0.8656031 -0.2504576 0.7155303 -0.6521407 0.1495063 0.5040769 -0.85062 0.05140924 0.6805658 -0.7308812 -0.9892085 0.09086298 -0.1149364 0.08610641 0.9126073 -0.399667 0.07690399 0.5905775 -0.8033083 0.01966977 0.6499797 -0.759697 -0.9404007 0.1828739 -0.2867119 0.2434759 0.5452349 -0.8021461 0.262732 0.6085761 -0.748737 -0.8460963 0.2791513 -0.4540876 0.3607565 0.4460602 -0.8190757 0.3656978 0.05360019 -0.929189 -0.7305775 0.385586 -0.5635423 0.08003473 0.6005474 -0.7955735 -0.9334638 0.1459994 -0.3276119 0.7889598 0.6144421 0.001860618 -0.8309282 0.2120738 -0.5143765 0.7385099 0.6656027 0.1075935 -0.7283262 0.2678366 -0.6307176 0.4960052 0.5302765 -0.6875942 -0.5729079 0.3919672 -0.7198182 0.2754177 0.4126152 -0.8682706 -0.1931689 0.509917 -0.8382545 0.1227555 0.3714929 -0.9202849 0.08315807 0.5929906 -0.8009039 0.1068338 0.486786 -0.8669636 -0.9889356 0.07365387 -0.1287688 0.1138874 0.8301618 -0.5457666 0.07754349 0.5129055 -0.8549356 0.2737798 0.3770031 -0.8848239 -0.1911624 0.1951006 -0.9619733 0.09302413 0.3171899 -0.9437888 0.009716212 0.3025215 -0.9530931 -0.9892077 0.04971903 -0.137827 0.136646 0.7257927 -0.6742054 0.01740932 0.404083 -0.9145566 0.1267044 0.4136526 -0.9015751 -0.8209526 0.1688932 -0.5454465 0.7468549 0.0583356 -0.6624234 -0.7031263 0.1599019 -0.6928527 0.5236463 0.4142473 -0.7444419 -0.5257167 0.164631 -0.8345769 0.4892002 0.09377729 -0.8671154 0.3806385 0.05802297 -0.9229018 -0.6627151 0.1178288 -0.7395439 0.4499597 0.2946068 -0.8430558 -0.4932909 0.04286193 -0.8688079 0.275218 0.3144525 -0.9085014 -0.2433713 0.07217794 -0.9672439 0.08077865 0.3516809 -0.9326282 -0.08239978 0.1089127 -0.9906303 -0.9902703 0.02472025 -0.1369439 0.1463024 0.6283017 -0.7640894 0.1350116 0.1790368 -0.9745346 -0.9305011 0.1190463 -0.3464039 0.2915245 0.2866182 -0.9126136 -0.9324012 0.1000003 -0.3473152 0.06553888 0.3692237 -0.9270268 5.71326e-4 0.1338617 -0.9909999 -0.05324804 -0.1583465 -0.9859468 -0.9923954 -0.001566708 -0.1230816 0.2279781 0.5095921 -0.8296638 0.02603852 -0.2729332 -0.9616806 0.2980829 -0.1365555 -0.9447218 -0.8122588 0.1348766 -0.5674892 -0.9432159 0.07274276 -0.3241177 0.6009037 -0.03651386 -0.798487 -0.6392612 0.08656501 -0.7641019 0.6356992 -0.01819437 -0.7717225 -0.4769843 0.004575669 -0.8788999 0.4171607 0.01464909 -0.9087147 0.2703263 0.1475774 -0.951391 -0.2566242 -0.01480793 -0.9663979 -0.6396427 0.005111277 -0.7686554 -0.8186015 0.1247163 -0.560658 0.3942121 -0.660198 -0.6393242 -0.4709637 -0.121562 -0.8737367 0.3263642 -0.4753833 -0.8170051 0.2314848 -0.123126 -0.9650154 -0.222628 -0.2164117 -0.9505803 0.08715659 0.36234 -0.9279621 0.04620593 -0.4232764 -0.9048216 -0.9948846 -0.02788031 -0.09709542 0.3373378 0.4268376 -0.8390549 0.1773214 -0.740765 -0.6479387 0.3190678 -0.7794875 -0.5390688 -0.9611076 0.03665 -0.2737316 0.1168725 -0.6233424 -0.7731657 0.05791765 -0.5869061 -0.807581 -0.9965826 -0.05467414 -0.06191831 0.4544725 0.4520521 -0.7675309 0.1168174 -0.7282857 -0.6752434 0.2111409 -0.7841205 -0.5835877 -0.8538885 0.07406002 -0.5151599 -0.9807981 -0.0163623 -0.1943382 0.2727456 -0.7665488 -0.5813888 -0.6631957 -0.1710416 -0.7286401 0.2633343 -0.688712 -0.6755226 -0.456053 -0.3680468 -0.8102823 -0.1920734 -0.502281 -0.8431024 0.1270923 -0.4511328 -0.8833611 0.1389429 0.162171 -0.9769316 0.2039947 -0.7087168 -0.6753568 -0.4298095 -0.6315706 -0.645277 -0.2075236 -0.7005484 -0.6827634 0.1064074 -0.5960847 -0.7958396 0.09036129 -0.5347934 -0.8401374 0.170913 -0.09323173 -0.9808652 0.159843 -0.564529 -0.8097884 -0.9965452 -0.07980108 -0.02301406 0.575849 0.5155239 -0.6345338 0.1769932 -0.5907354 -0.7872135 0.2228329 -0.6154375 -0.7560307 -0.9071521 -0.01021635 -0.4206789 -0.9922538 -0.07914745 -0.09574997 0.254349 -0.6588247 -0.7079948 -0.706469 -0.4363192 -0.5572496 -0.9937343 -0.1108663 0.01417005 0.6952444 0.52982 -0.4857223 0.1992616 -0.6280443 -0.7522335 -0.9863305 -0.1644091 0.01104122 0.2487784 -0.6502022 -0.7178763 -0.945138 -0.3208416 -0.0614407 -0.9481043 -0.1731125 -0.2667027 0.2876272 -0.6712046 -0.6831948 -0.7121693 -0.6449602 -0.2772026 0.2014867 -0.7468772 -0.6337015 -0.407636 -0.8161491 -0.4095532 -0.2736663 -0.8410886 -0.4665584 0.1063264 -0.7064245 -0.6997565 -0.02927553 -0.7380682 -0.6740908 0.07188272 -0.5837551 -0.8087416 0.2584296 -0.2686798 -0.9279145 0.1409871 -0.6458522 -0.7503318 -0.407294 -0.9002731 -0.1536877 0.2093846 -0.8563466 -0.4720473 -0.3119243 -0.9229574 -0.2255061 0.113497 -0.8513634 -0.5121512 -0.1754137 -0.9072543 -0.3822559 0.427668 -0.4456479 -0.7864466 0.05302178 -0.8510801 -0.5223518 -0.9889801 -0.142221 0.04113191 0.8582845 0.4469979 -0.2520731 0.2009709 -0.8020001 -0.5625002 -0.9658095 -0.2443776 0.08655524 0.2868245 -0.7935366 -0.5366857 -0.8931251 -0.4342457 0.1172959 0.3105232 -0.8165451 -0.4866513 -0.6579988 -0.7529876 0.006878793 0.147079 -0.923589 -0.3540496 -0.9409091 -0.3092928 0.137943 0.3192816 -0.7881991 -0.5261194 -0.8442977 -0.4939639 0.2077527 0.3565503 -0.7915146 -0.4963635 -0.6299422 -0.7613896 0.1531627 0.2121768 -0.9335847 -0.288792 -0.3155198 -0.9486975 -0.02050888 0.1153097 -0.9636077 -0.2411721 -0.2684445 -0.962028 -0.04939568 0.642811 -0.6285254 -0.4378926 -0.06951469 -0.9908448 -0.1157343 -0.9823799 -0.1725437 0.07182157 0.9309353 0.3650848 0.008519411 -0.4191409 -0.9075773 0.02498662</float_array>
          <technique_common>
            <accessor source="#Sphere_001-mesh-normals-array" count="964" stride="3">
              <param name="X" type="float"/>
              <param name="Y" type="float"/>
              <param name="Z" type="float"/>
            </accessor>
          </technique_common>
        </source>
        <source id="Sphere_001-mesh-map-0">
          <float_array id="Sphere_001-mesh-map-0-array" count="11520">0.34509 0.4607284 0.5815201 0.4431178 0.3612707 0.462091 0.8915531 0.4137104 0.9143006 0.4275467 0.8916088 0.4159765 0.0702337 0.4827989 0.3612707 0.462091 0.07439804 0.4837375 0.8915531 0.4137104 0.8656715 0.4088516 0.8654942 0.4064458 0.05149686 0.5067467 0.07439804 0.4837375 0.05268138 0.5072253 0.8654942 0.4064458 0.8357501 0.4064458 0.8353057 0.4039928 0.9686853 0.5067467 0.9711382 0.5316519 0.9686853 0.5072253 0.1059792 0.5316519 0.05149686 0.5067467 0.05268138 0.5072253 0.8353057 0.4039928 0.7999691 0.4088516 0.799027 0.4064458 0.9686853 0.5067467 0.9614207 0.4837375 0.9614207 0.4827989 0.7523419 0.4137104 0.7999691 0.4088516 0.7541511 0.4159765 0.9496239 0.4607283 0.9614207 0.4837375 0.9496239 0.462091 0.7523419 0.4137104 0.689025 0.4275467 0.6856987 0.4255073 0.9337471 0.4413833 0.9496239 0.462091 0.9337472 0.4431178 0.5753755 0.4413833 0.689025 0.4275467 0.5815201 0.4431178 0.9142895 0.4255073 0.9337472 0.4431178 0.9143006 0.4275467 0.9337472 0.4431178 0.9496239 0.466127 0.9337476 0.4482546 0.5815201 0.4431178 0.6948342 0.4335871 0.5935145 0.4482546 0.9143006 0.4275467 0.9337476 0.4482546 0.9143206 0.4335871 0.3612707 0.462091 0.5935145 0.4482546 0.3950271 0.466127 0.9143006 0.4275467 0.8917053 0.4226881 0.8916088 0.4159765 0.3612707 0.462091 0.08872753 0.4865176 0.07439804 0.4837375 0.8916088 0.4159765 0.8659644 0.4159765 0.8656715 0.4088516 0.07439804 0.4837375 0.05651944 0.5086425 0.05268138 0.5072253 0.8656715 0.4088516 0.8364685 0.4137104 0.8357501 0.4064458 0.9686853 0.5072253 0.9711382 0.5316519 0.9686853 0.5086425 0.1059792 0.5316519 0.05268138 0.5072253 0.05651944 0.5086425 0.8357501 0.4064458 0.8014895 0.4159765 0.7999691 0.4088516 0.9686853 0.5072253 0.9614207 0.4865176 0.9614207 0.4837375 0.7999691 0.4088516 0.7571329 0.4226881 0.7541511 0.4159765 0.9496239 0.462091 0.9614207 0.4865176 0.9496239 0.466127 0.689025 0.4275467 0.7571329 0.4226881 0.6948342 0.4335871 0.8659644 0.4159765 0.8373686 0.4255073 0.8364685 0.4137104 0.9686853 0.5086425 0.9711382 0.5316519 0.9686853 0.5109441 0.1059792 0.5316519 0.05651944 0.5086425 0.06357264 0.5109441 0.8364685 0.4137104 0.803403 0.4275469 0.8014895 0.4159765 0.9686853 0.5086425 0.9614207 0.4910321 0.9614207 0.4865176 0.8014895 0.4159765 0.7609159 0.4335871 0.7571329 0.4226881 0.9614207 0.4865176 0.9496239 0.4726811 0.9496239 0.466127 0.6948342 0.4335871 0.7609159 0.4335871 0.7023113 0.4433959 0.9496239 0.466127 0.9337477 0.4565963 0.9337476 0.4482546 0.5935145 0.4482546 0.7023113 0.4433959 0.6092185 0.4565963 0.9337476 0.4482546 0.9143449 0.4433959 0.9143206 0.4335871 0.3950271 0.466127 0.6092185 0.4565963 0.436587 0.4726811 0.9143206 0.4335871 0.8918264 0.4335871 0.8917053 0.4226881 0.3950271 0.466127 0.1203126 0.4910321 0.08872753 0.4865176 0.8917053 0.4226881 0.8663319 0.4275467 0.8659644 0.4159765 0.08872753 0.4865176 0.06357264 0.5109441 0.05651944 0.5086425 0.7023113 0.4433959 0.6263366 0.4678224 0.6092185 0.4565963 0.9337477 0.4565963 0.9143682 0.4565963 0.9143449 0.4433959 0.436587 0.4726811 0.6263366 0.4678224 0.4781594 0.4815014 0.9143449 0.4433959 0.8919538 0.4482546 0.8918264 0.4335871 0.436587 0.4726811 0.1826202 0.4971075 0.1203126 0.4910321 0.8918264 0.4335871 0.8667275 0.4431178 0.8663319 0.4275467 0.1203126 0.4910321 0.07489317 0.5140413 0.06357264 0.5109441 0.8663319 0.4275467 0.8383501 0.4413833 0.8373686 0.4255073 0.9686853 0.5109441 0.9711382 0.5316519 0.9686853 0.5140413 0.1059792 0.5316519 0.06357264 0.5109441 0.07489317 0.5140413 0.8373686 0.4255073 0.805504 0.4431178 0.803403 0.4275469 0.9686853 0.5109441 0.9614207 0.4971075 0.9614207 0.4910321 0.7609159 0.4335871 0.805504 0.4431178 0.7650871 0.4482546 0.9614207 0.4910321 0.9496239 0.4815014 0.9496239 0.4726811 0.7609159 0.4335871 0.7105383 0.4565963 0.7023113 0.4433959 0.9496239 0.4726811 0.9337477 0.4678224 0.9337477 0.4565963 0.1059792 0.5316519 0.07489317 0.5140413 0.09224563 0.5178154 0.8383501 0.4413833 0.8076046 0.4620912 0.805504 0.4431178 0.9686853 0.5140413 0.9614207 0.5045105 0.9614207 0.4971075 0.7650871 0.4482546 0.8076046 0.4620912 0.7692776 0.466127 0.9614207 0.4971075 0.9496239 0.4922489 0.9496239 0.4815014 0.7650871 0.4482546 0.7187374 0.4726811 0.7105383 0.4565963 0.9496239 0.4815014 0.9337477 0.4815014 0.9337477 0.4678224 0.7105383 0.4565963 0.6430676 0.4815014 0.6263366 0.4678224 0.9337477 0.4678224 0.9143866 0.4726811 0.9143682 0.4565963 0.6263366 0.4678224 0.5157064 0.4922489 0.4781594 0.4815014 0.9143682 0.4565963 0.8920722 0.4661269 0.8919538 0.4482546 0.4781594 0.4815014 0.2734501 0.5045105 0.1826202 0.4971075 0.8919538 0.4482546 0.8671098 0.462091 0.8667275 0.4431178 0.1826202 0.4971075 0.09224563 0.5178154 0.07489317 0.5140413 0.8667275 0.4431178 0.8393217 0.4607283 0.8383501 0.4413833 0.9686853 0.5140413 0.9711382 0.5316519 0.9686853 0.5178154 0.5157064 0.4922489 0.6583098 0.4971075 0.5474933 0.5045105 0.9143866 0.4726811 0.8921698 0.4865176 0.8920722 0.4661269 0.2734501 0.5045105 0.5474933 0.5045105 0.3498009 0.5129565 0.8920722 0.4661269 0.8674512 0.4837375 0.8671098 0.462091 0.2734501 0.5045105 0.118204 0.5221211 0.09224563 0.5178154 0.8671098 0.462091 0.8402138 0.4827989 0.8393217 0.4607283 0.9686853 0.5178154 0.9711382 0.5316519 0.9686853 0.5221211 0.1059792 0.5316519 0.09224563 0.5178154 0.118204 0.5221211 0.8393217 0.4607283 0.809563 0.4837375 0.8076046 0.4620912 0.9686853 0.5178154 0.9614207 0.5129565 0.9614207 0.5045105 0.8076046 0.4620912 0.773213 0.4865176 0.7692776 0.466127 0.9614207 0.5045105 0.9496239 0.5045105 0.9496239 0.4922489 0.7187374 0.4726811 0.773213 0.4865176 0.7263596 0.4910321 0.9496239 0.4922489 0.9337477 0.4971075 0.9337477 0.4815014 0.7187374 0.4726811 0.6583098 0.4971075 0.6430676 0.4815014 0.9337477 0.4815014 0.9143972 0.4910321 0.9143866 0.4726811 0.9686853 0.5221211 0.9614207 0.5221211 0.9614207 0.5129565 0.809563 0.4837375 0.7767227 0.5086425 0.773213 0.4865176 0.9614207 0.5129565 0.9496239 0.5178154 0.9496239 0.5045105 0.773213 0.4865176 0.7331016 0.5109441 0.7263596 0.4910321 0.9496239 0.5045105 0.9337477 0.5140413 0.9337477 0.4971075 0.6583098 0.4971075 0.7331016 0.5109441 0.6715339 0.5140413 0.9337477 0.4971075 0.914402 0.5109441 0.9143972 0.4910321 0.5474933 0.5045105 0.6715339 0.5140413 0.5738513 0.5178154 0.9143972 0.4910321 0.8922419 0.5086425 0.8921698 0.4865176 0.3498009 0.5129565 0.5738513 0.5178154 0.4065937 0.5221211 0.8921698 0.4865176 0.8677345 0.5072253 0.8674512 0.4837375 0.3498009 0.5129565 0.1553918 0.5267932 0.118204 0.5221211 0.8674512 0.4837375 0.8409832 0.5067467 0.8402138 0.4827989 0.9686853 0.5221211 0.9711382 0.5316519 0.9686853 0.5267932 0.1059792 0.5316519 0.118204 0.5221211 0.1553918 0.5267932 0.8402138 0.4827989 0.8112936 0.5072253 0.809563 0.4837375 0.8922419 0.5086425 0.9144027 0.5316519 0.8922891 0.5316519 0.4065937 0.5221211 0.595362 0.5316519 0.4496027 0.5316519 0.8677345 0.5072253 0.8922891 0.5316519 0.8679543 0.5316519 0.4065937 0.5221211 0.2033335 0.5316519 0.1553918 0.5267932 0.8409832 0.5067467 0.8679543 0.5316519 0.8416142 0.5316519 0.9686853 0.5267932 0.9711382 0.5316519 0.9686853 0.5316519 0.1059792 0.5316519 0.1553918 0.5267932 0.2033335 0.5316519 0.8112936 0.5072253 0.8416142 0.5316519 0.812757 0.5316519 0.9686853 0.5267932 0.9614207 0.5316519 0.9614207 0.5221211 0.8112936 0.5072253 0.7797251 0.5316519 0.7767227 0.5086425 0.9614207 0.5221211 0.9496239 0.5316519 0.9496239 0.5178154 0.7331016 0.5109441 0.7797251 0.5316519 0.7388506 0.5316519 0.9496239 0.5178154 0.9337477 0.5316519 0.9337477 0.5140413 0.6715339 0.5140413 0.7388506 0.5316519 0.6825953 0.5316519 0.914402 0.5109441 0.9337477 0.5316519 0.9144027 0.5316519 0.5738513 0.5178154 0.6825953 0.5316519 0.595362 0.5316519 0.7797251 0.5316519 0.8139491 0.5560783 0.782204 0.554661 0.9496239 0.5316519 0.9614207 0.5411826 0.9496239 0.5454882 0.7388506 0.5316519 0.782204 0.554661 0.7436095 0.5523595 0.9337477 0.5316519 0.9496239 0.5454882 0.9337477 0.5492623 0.7388506 0.5316519 0.6916274 0.5492623 0.6825953 0.5316519 0.9144027 0.5316519 0.9337477 0.5492623 0.9144027 0.5523595 0.595362 0.5316519 0.6916274 0.5492623 0.6126134 0.5454884 0.8922891 0.5316519 0.9144027 0.5523595 0.8923162 0.554661 0.595362 0.5316519 0.4825261 0.5411826 0.4496027 0.5316519 0.8679543 0.5316519 0.8923162 0.554661 0.8681142 0.5560783 0.4496027 0.5316519 0.2541983 0.5365104 0.2033335 0.5316519 0.8416142 0.5316519 0.8681142 0.5560783 0.842107 0.5565569 0.9686853 0.5316519 0.9711382 0.5316519 0.9686853 0.5365104 0.1059792 0.5316519 0.2033335 0.5316519 0.2541983 0.5365104 0.812757 0.5316519 0.842107 0.5565569 0.8139491 0.5560783 0.9614207 0.5316519 0.9686853 0.5365104 0.9614207 0.5411826 0.6126134 0.5454884 0.5077602 0.5503471 0.4825261 0.5411826 0.8681142 0.5560783 0.892328 0.576786 0.8682225 0.5795661 0.4825261 0.5411826 0.2967506 0.5411826 0.2541983 0.5365104 0.842107 0.5565569 0.8682225 0.5795661 0.8424764 0.5805048 0.9686853 0.5365104 0.9711382 0.5316519 0.9686853 0.5411826 0.1059792 0.5316519 0.2541983 0.5365104 0.2967506 0.5411826 0.8139491 0.5560783 0.8424764 0.5805048 0.814885 0.5795661 0.9614207 0.5411826 0.9686853 0.5411826 0.9614207 0.5503471 0.782204 0.554661 0.814885 0.5795661 0.7841861 0.576786 0.9496239 0.5454882 0.9614207 0.5503471 0.9496239 0.558793 0.7436095 0.5523595 0.7841861 0.576786 0.7474352 0.5722717 0.9337477 0.5492623 0.9496239 0.558793 0.9337477 0.5661961 0.7436095 0.5523595 0.6988161 0.5661961 0.6916274 0.5492623 0.9144027 0.5523595 0.9337477 0.5661961 0.9144027 0.5722717 0.6126134 0.5454884 0.6988161 0.5661961 0.6261924 0.558793 0.8923162 0.554661 0.9144027 0.5722717 0.892328 0.576786 0.9496239 0.558793 0.9614207 0.558793 0.9496239 0.5710548 0.7841861 0.576786 0.7504161 0.5906225 0.7474352 0.5722717 0.9337477 0.5661961 0.9496239 0.5710548 0.9337477 0.5818024 0.7474352 0.5722717 0.7043827 0.5818024 0.6988161 0.5661961 0.9144027 0.5722717 0.9337477 0.5818024 0.9144027 0.5906225 0.6988161 0.5661961 0.6366328 0.5710547 0.6261924 0.558793 0.892328 0.576786 0.9144027 0.5906225 0.8923317 0.5971767 0.6261924 0.558793 0.5267392 0.558793 0.5077602 0.5503471 0.8682225 0.5795661 0.8923317 0.5971767 0.868291 0.6012126 0.5077602 0.5503471 0.3289452 0.5454882 0.2967506 0.5411826 0.8424764 0.5805048 0.868291 0.6012126 0.8427435 0.6025753 0.9686853 0.5411826 0.9711382 0.5316519 0.9686853 0.5454882 0.1059792 0.5316519 0.2967506 0.5411826 0.3289452 0.5454882 0.814885 0.5795661 0.8427435 0.6025753 0.815594 0.6012126 0.9614207 0.5503471 0.9686853 0.5454882 0.9614207 0.558793 0.7841861 0.576786 0.815594 0.6012126 0.7857192 0.5971765 0.8923317 0.5971767 0.8683319 0.6201859 0.868291 0.6012126 0.5267392 0.558793 0.3527706 0.5492623 0.3289452 0.5454882 0.868291 0.6012126 0.8429293 0.6219203 0.8427435 0.6025753 0.9686853 0.5454882 0.9711382 0.5316519 0.9686853 0.5492623 0.1059792 0.5316519 0.3289452 0.5454882 0.3527706 0.5492623 0.8427435 0.6025753 0.8161103 0.6201859 0.815594 0.6012126 0.9614207 0.558793 0.9686853 0.5492623 0.9614207 0.5661961 0.815594 0.6012126 0.7868532 0.6150491 0.7857192 0.5971765 0.9496239 0.5710548 0.9614207 0.5661961 0.9496239 0.5818024 0.7504161 0.5906225 0.7868532 0.6150491 0.7526415 0.6067072 0.9496239 0.5710548 0.9337477 0.5954812 0.9337477 0.5818024 0.7043827 0.5818024 0.7526415 0.6067072 0.7085334 0.5954812 0.9337477 0.5818024 0.9144027 0.6067074 0.9144027 0.5906225 0.7043827 0.5818024 0.6444007 0.5818024 0.6366328 0.5710547 0.9144027 0.5906225 0.8923323 0.6150491 0.8923317 0.5971767 0.6366328 0.5710547 0.5408011 0.566196 0.5267392 0.558793 0.7868532 0.6150491 0.7541946 0.6199076 0.7526415 0.6067072 0.9496239 0.5818024 0.9337477 0.6067074 0.9337477 0.5954812 0.7526415 0.6067072 0.7114256 0.6067072 0.7085334 0.5954812 0.9337477 0.5954812 0.9144027 0.6199077 0.9144027 0.6067074 0.7085334 0.5954812 0.6498462 0.5906225 0.6444007 0.5818024 0.9144027 0.6067074 0.8923323 0.6297166 0.8923323 0.6150491 0.5408011 0.566196 0.6498462 0.5906225 0.5507475 0.5722717 0.8923323 0.6150491 0.8683545 0.6357568 0.8683319 0.6201859 0.5408011 0.566196 0.3697395 0.5523595 0.3527706 0.5492623 0.8683319 0.6201859 0.8430517 0.6377963 0.8429293 0.6219203 0.9686853 0.5492623 0.9711382 0.5316519 0.9686853 0.5523595 0.1059792 0.5316519 0.3527706 0.5492623 0.3697395 0.5523595 0.8429293 0.6219203 0.816464 0.6357567 0.8161103 0.6201859 0.9614207 0.5661961 0.9686853 0.5523595 0.9614207 0.5722717 0.8161103 0.6201859 0.7876417 0.6297165 0.7868532 0.6150491 0.9614207 0.5661961 0.9496239 0.5906225 0.9496239 0.5818024 0.5507475 0.5722717 0.3808408 0.554661 0.3697395 0.5523595 0.8683545 0.6357568 0.8431257 0.6495933 0.8430517 0.6377963 0.9686853 0.5523595 0.9711382 0.5316519 0.9686853 0.554661 0.1059792 0.5316519 0.3697395 0.5523595 0.3808408 0.554661 0.8430517 0.6377963 0.8166815 0.6473272 0.816464 0.6357567 0.9614207 0.5722717 0.9686853 0.554661 0.9614207 0.576786 0.816464 0.6357567 0.7881226 0.6406154 0.7876417 0.6297165 0.9614207 0.5722717 0.9496239 0.5971767 0.9496239 0.5906225 0.7541946 0.6199076 0.7881226 0.6406154 0.7551378 0.6297163 0.9496239 0.5906225 0.9337477 0.6150491 0.9337477 0.6067074 0.7541946 0.6199076 0.713186 0.6150491 0.7114256 0.6067072 0.9337477 0.6067074 0.9144027 0.6297166 0.9144027 0.6199077 0.7114256 0.6067072 0.6532303 0.5971765 0.6498462 0.5906225 0.9144027 0.6199077 0.8923323 0.6406155 0.8923323 0.6297166 0.6498462 0.5906225 0.5571211 0.576786 0.5507475 0.5722717 0.8923323 0.6297166 0.8683664 0.647327 0.8683545 0.6357568 0.713186 0.6150491 0.755509 0.6357565 0.7138947 0.6201857 0.9337477 0.6150491 0.9144027 0.6357567 0.9144027 0.6297166 0.6532303 0.5971765 0.7138947 0.6201857 0.6547263 0.6012126 0.9144027 0.6297166 0.8923323 0.647327 0.8923323 0.6406155 0.6532303 0.5971765 0.5602627 0.5795661 0.5571211 0.576786 0.8923323 0.6406155 0.8683713 0.654452 0.8683664 0.647327 0.5571211 0.576786 0.3866701 0.5560783 0.3808408 0.554661 0.8683664 0.647327 0.8431607 0.6568577 0.8431257 0.6495933 0.9686853 0.554661 0.9711382 0.5316519 0.9686853 0.5560783 0.1059792 0.5316519 0.3808408 0.554661 0.3866701 0.5560783 0.8431257 0.6495933 0.816779 0.6544522 0.8166815 0.6473272 0.9614207 0.576786 0.9686853 0.5560783 0.9614207 0.5795661 0.7881226 0.6406154 0.816779 0.6544522 0.7883206 0.647327 0.9614207 0.576786 0.9496239 0.6012126 0.9496239 0.5971767 0.7881226 0.6406154 0.755509 0.6357565 0.7551378 0.6297163 0.9496239 0.5971767 0.9337477 0.6201859 0.9337477 0.6150491 0.9686853 0.5560783 0.9711382 0.5316519 0.9686853 0.5565569 0.1059792 0.5316519 0.3866701 0.5560783 0.3875415 0.5565569 0.816779 0.6544522 0.8431619 0.6593107 0.8167623 0.6568577 0.9614207 0.5795661 0.9686853 0.5565569 0.9614207 0.5805048 0.7883206 0.647327 0.8167623 0.6568577 0.7882436 0.6495932 0.9614207 0.5795661 0.9496239 0.6025753 0.9496239 0.6012126 0.755509 0.6357565 0.7882436 0.6495932 0.7553238 0.6377962 0.9496239 0.6012126 0.9337477 0.6219203 0.9337477 0.6201859 0.755509 0.6357565 0.713587 0.6219203 0.7138947 0.6201857 0.9337477 0.6201859 0.9144027 0.6377963 0.9144027 0.6357567 0.7138947 0.6201857 0.6544297 0.6025751 0.6547263 0.6012126 0.9144027 0.6357567 0.8923323 0.6495933 0.8923323 0.647327 0.6547263 0.6012126 0.5603603 0.5805047 0.5602627 0.5795661 0.8923323 0.647327 0.8683724 0.6568577 0.8683713 0.654452 0.5602627 0.5795661 0.3875415 0.5565569 0.3866701 0.5560783 0.8683713 0.654452 0.8431619 0.6593107 0.8431607 0.6568577 0.9337477 0.6219203 0.9144027 0.6357567 0.9144027 0.6377963 0.6544297 0.6025751 0.7122585 0.6201857 0.6523594 0.6012124 0.9144027 0.6377963 0.8923323 0.647327 0.8923323 0.6495933 0.6544297 0.6025751 0.5574652 0.5795661 0.5603603 0.5805047 0.8923323 0.6495933 0.8683694 0.654452 0.8683724 0.6568577 0.3875415 0.5565569 0.5574652 0.5795661 0.3835395 0.5560783 0.8431619 0.6593107 0.8683694 0.654452 0.8431285 0.6568577 0.9686853 0.5565569 0.9711382 0.5316519 0.9686853 0.5560783 0.1059792 0.5316519 0.3875415 0.5565569 0.3835395 0.5560783 0.8167623 0.6568577 0.8431285 0.6568577 0.8166273 0.654452 0.9686853 0.5565569 0.9614207 0.5795661 0.9614207 0.5805048 0.7882436 0.6495932 0.8166273 0.654452 0.7878831 0.647327 0.9614207 0.5805048 0.9496239 0.6012126 0.9496239 0.6025753 0.7553238 0.6377962 0.7878831 0.647327 0.7545731 0.6357565 0.9496239 0.6025753 0.9337477 0.6201859 0.9337477 0.6219203 0.713587 0.6219203 0.7545731 0.6357565 0.7122585 0.6201857 0.8431285 0.6568577 0.8163589 0.647327 0.8166273 0.654452 0.9686853 0.5560783 0.9614207 0.576786 0.9614207 0.5795661 0.8166273 0.654452 0.7872149 0.6406154 0.7878831 0.647327 0.9614207 0.5795661 0.9496239 0.5971767 0.9496239 0.6012126 0.7545731 0.6357565 0.7872149 0.6406154 0.7532244 0.6297163 0.9496239 0.6012126 0.9337477 0.6150491 0.9337477 0.6201859 0.7122585 0.6201857 0.7532244 0.6297163 0.7098683 0.6150491 0.9337477 0.6201859 0.9144027 0.6297166 0.9144027 0.6357567 0.7122585 0.6201857 0.648469 0.5971765 0.6523594 0.6012124 0.9144027 0.6357567 0.8923323 0.6406155 0.8923323 0.647327 0.5574652 0.5795661 0.648469 0.5971765 0.551495 0.576786 0.8923323 0.647327 0.8683606 0.647327 0.8683694 0.654452 0.3835395 0.5560783 0.551495 0.576786 0.3745174 0.554661 0.8431285 0.6568577 0.8683606 0.647327 0.8430536 0.6495932 0.9686853 0.5560783 0.9711382 0.5316519 0.9686853 0.554661 0.1059792 0.5316519 0.3835395 0.5560783 0.3745174 0.554661 0.7098683 0.6150491 0.6426419 0.5906225 0.648469 0.5971765 0.8923323 0.6406155 0.9144027 0.6199077 0.8923323 0.6297166 0.551495 0.576786 0.6426419 0.5906225 0.5422308 0.5722717 0.8683606 0.647327 0.8923323 0.6297166 0.868342 0.6357567 0.3745174 0.554661 0.5422308 0.5722717 0.3600903 0.5523595 0.8683606 0.647327 0.8429237 0.6377963 0.8430536 0.6495932 0.9686853 0.554661 0.9711382 0.5316519 0.9686853 0.5523595 0.1059792 0.5316519 0.3745174 0.554661 0.3600903 0.5523595 0.8430536 0.6495932 0.8159316 0.6357567 0.8163589 0.647327 0.9686853 0.554661 0.9614207 0.5722717 0.9614207 0.576786 0.7872149 0.6406154 0.8159316 0.6357567 0.7862018 0.6297165 0.9614207 0.576786 0.9496239 0.5906225 0.9496239 0.5971767 0.7532244 0.6297163 0.7862018 0.6297165 0.7512265 0.6199076 0.9496239 0.5971767 0.9337477 0.6067074 0.9337477 0.6150491 0.7532244 0.6297163 0.7063429 0.6067072 0.7098683 0.6150491 0.9337477 0.6150491 0.9144027 0.6199077 0.9144027 0.6297166 0.9686853 0.5523595 0.9614207 0.5661961 0.9614207 0.5722717 0.8159316 0.6357567 0.7847952 0.6150491 0.7862018 0.6297165 0.9614207 0.5722717 0.9496239 0.5818024 0.9496239 0.5906225 0.7862018 0.6297165 0.7485162 0.6067072 0.7512265 0.6199076 0.9337477 0.6067074 0.9496239 0.5818024 0.9337477 0.5954812 0.7063429 0.6067072 0.7485162 0.6067072 0.7015786 0.5954812 0.9144027 0.6199077 0.9337477 0.5954812 0.9144027 0.6067072 0.6426419 0.5906225 0.7015786 0.5954812 0.6347054 0.5818023 0.8923323 0.6297166 0.9144027 0.6067072 0.8923323 0.6150491 0.6426419 0.5906225 0.5292798 0.5661961 0.5422308 0.5722717 0.868342 0.6357567 0.8923323 0.6150491 0.8683048 0.6201859 0.3600903 0.5523595 0.5292798 0.5661961 0.3395739 0.5492623 0.8429237 0.6377963 0.8683048 0.6201859 0.842719 0.6219203 0.9686853 0.5523595 0.9711382 0.5316519 0.9686853 0.5492623 0.1059792 0.5316519 0.3600903 0.5523595 0.3395739 0.5492623 0.8159316 0.6357567 0.842719 0.6219203 0.8153101 0.6201859 0.8923323 0.6150491 0.9144027 0.5906225 0.8923316 0.5971767 0.6347054 0.5818023 0.5120481 0.558793 0.5292798 0.5661961 0.8683048 0.6201859 0.8923316 0.5971767 0.8682367 0.6012126 0.3395739 0.5492623 0.5120481 0.558793 0.3118178 0.5454882 0.842719 0.6219203 0.8682367 0.6012126 0.8424155 0.6025751 0.9686853 0.5492623 0.9711382 0.5316519 0.9686853 0.5454882 0.1059792 0.5316519 0.3395739 0.5492623 0.3118178 0.5454882 0.842719 0.6219203 0.814459 0.6012124 0.8153101 0.6201859 0.9686853 0.5492623 0.9614207 0.558793 0.9614207 0.5661961 0.8153101 0.6201859 0.7829457 0.5971765 0.7847952 0.6150491 0.9614207 0.5661961 0.9496239 0.5710548 0.9496239 0.5818024 0.7847952 0.6150491 0.7450222 0.5906225 0.7485162 0.6067072 0.9337477 0.5954812 0.9496239 0.5710548 0.9337477 0.5818024 0.7485162 0.6067072 0.6954531 0.5818024 0.7015786 0.5954812 0.9144027 0.6067072 0.9337477 0.5818024 0.9144027 0.5906225 0.7015786 0.5954812 0.6244251 0.5710547 0.6347054 0.5818023 0.7829457 0.5971765 0.8133423 0.5795661 0.7806087 0.576786 0.9614207 0.558793 0.9496239 0.558793 0.9496239 0.5710548 0.7829457 0.5971765 0.7406818 0.5722717 0.7450222 0.5906225 0.9337477 0.5818024 0.9496239 0.558793 0.9337477 0.5661961 0.7450222 0.5906225 0.6878437 0.5661961 0.6954531 0.5818024 0.9144027 0.5906225 0.9337477 0.5661961 0.9144027 0.5722717 0.6244251 0.5710547 0.6878437 0.5661961 0.6114959 0.5587929 0.8923316 0.5971767 0.9144027 0.5722717 0.8923239 0.576786 0.5120481 0.558793 0.6114959 0.5587929 0.4896329 0.5503471 0.8682367 0.6012126 0.8923239 0.576786 0.8681235 0.5795661 0.3118178 0.5454882 0.4896329 0.5503471 0.2752873 0.5411826 0.8424155 0.6025751 0.8681235 0.5795661 0.8419872 0.5805047 0.9686853 0.5454882 0.9711382 0.5316519 0.9686853 0.5411826 0.1059792 0.5316519 0.3118178 0.5454882 0.2752873 0.5411826 0.814459 0.6012124 0.8419872 0.5805047 0.8133423 0.5795661 0.9686853 0.5454882 0.9614207 0.5503471 0.9614207 0.558793 0.4896329 0.5503471 0.5955268 0.5454882 0.4608647 0.5411826 0.8681235 0.5795661 0.8923014 0.554661 0.8679504 0.5560783 0.2752873 0.5411826 0.4608647 0.5411826 0.2291469 0.5365104 0.8419872 0.5805047 0.8679504 0.5560783 0.8414109 0.5565567 0.9686853 0.5411826 0.9711382 0.5316519 0.9686853 0.5365104 0.1059792 0.5316519 0.2752873 0.5411826 0.2291469 0.5365104 0.8133423 0.5795661 0.8414109 0.5565567 0.8119384 0.5560781 0.9614207 0.5503471 0.9686853 0.5365104 0.9614207 0.5411826 0.8133423 0.5795661 0.7777637 0.554661 0.7806087 0.576786 0.9614207 0.5503471 0.9496239 0.5454882 0.9496239 0.558793 0.7406818 0.5722717 0.7777637 0.554661 0.7354549 0.5523595 0.9496239 0.558793 0.9337477 0.5492623 0.9337477 0.5661961 0.6878437 0.5661961 0.7354549 0.5523595 0.6786407 0.5492623 0.9144027 0.5722717 0.9337477 0.5492623 0.9144027 0.5523595 0.6878437 0.5661961 0.5955268 0.5454882 0.6114959 0.5587929 0.8923239 0.576786 0.9144027 0.5523595 0.8923014 0.554661 0.7777637 0.554661 0.7293431 0.5316519 0.7354549 0.5523595 0.9496239 0.5454882 0.9337477 0.5316519 0.9337477 0.5492623 0.7354549 0.5523595 0.6677739 0.5316519 0.6786407 0.5492623 0.9337477 0.5492623 0.9144027 0.5316519 0.9144027 0.5523595 0.6786407 0.5492623 0.5760539 0.5316519 0.5955268 0.5454882 0.8923014 0.554661 0.9144027 0.5316519 0.8922563 0.5316519 0.4608647 0.5411826 0.5760539 0.5316519 0.4241012 0.5316519 0.8679504 0.5560783 0.8922563 0.5316519 0.8677066 0.5316519 0.2291469 0.5365104 0.4241012 0.5316519 0.1807729 0.5316519 0.8414109 0.5565567 0.8677066 0.5316519 0.8406782 0.5316519 0.9686853 0.5365104 0.9711382 0.5316519 0.9686853 0.5316519 0.1059792 0.5316519 0.2291469 0.5365104 0.1807729 0.5316519 0.8414109 0.5565567 0.8102508 0.5316519 0.8119384 0.5560781 0.9614207 0.5411826 0.9686853 0.5316519 0.9614207 0.5316519 0.8119384 0.5560781 0.7744235 0.5316519 0.7777637 0.554661 0.9496239 0.5454882 0.9614207 0.5316519 0.9496239 0.5316519 0.1807729 0.5316519 0.3766659 0.5221211 0.1396583 0.5267932 0.8406782 0.5316519 0.8673896 0.5072253 0.8398011 0.5067467 0.9686853 0.5316519 0.9711382 0.5316519 0.9686853 0.5267932 0.1059792 0.5316519 0.1807729 0.5316519 0.1396583 0.5267932 0.8102508 0.5316519 0.8398011 0.5067467 0.8083198 0.5072253 0.9614207 0.5316519 0.9686853 0.5267932 0.9614207 0.5221211 0.7744235 0.5316519 0.8083198 0.5072253 0.7706547 0.5086425 0.9496239 0.5316519 0.9614207 0.5221211 0.9496239 0.5178154 0.7293431 0.5316519 0.7706547 0.5086425 0.7224263 0.5109441 0.9496239 0.5316519 0.9337477 0.5140413 0.9337477 0.5316519 0.6677739 0.5316519 0.7224263 0.5109441 0.6552455 0.5140413 0.9337477 0.5316519 0.9144015 0.5109441 0.9144027 0.5316519 0.5760539 0.5316519 0.6552455 0.5140413 0.5526123 0.5178154 0.8922563 0.5316519 0.9144015 0.5109441 0.8921817 0.5086425 0.4241012 0.5316519 0.5526123 0.5178154 0.3766659 0.5221211 0.8677066 0.5316519 0.8921817 0.5086425 0.8673896 0.5072253 0.9337477 0.5140413 0.9496239 0.5045105 0.9337477 0.4971075 0.7224263 0.5109441 0.6411681 0.4971075 0.6552455 0.5140413 0.9337477 0.5140413 0.9143926 0.4910321 0.9144015 0.5109441 0.5526123 0.5178154 0.6411681 0.4971075 0.5246566 0.5045105 0.9144015 0.5109441 0.8920773 0.4865176 0.8921817 0.5086425 0.3766659 0.5221211 0.5246566 0.5045105 0.3148556 0.5129565 0.8921817 0.5086425 0.867011 0.4837375 0.8673896 0.5072253 0.1396583 0.5267932 0.3148556 0.5129565 0.1090846 0.5221211 0.8673896 0.5072253 0.8388178 0.4827988 0.8398011 0.5067467 0.9686853 0.5267932 0.9711382 0.5316519 0.9686853 0.5221211 0.1059792 0.5316519 0.1396583 0.5267932 0.1090846 0.5221211 0.8398011 0.5067467 0.8062238 0.4837375 0.8083198 0.5072253 0.9614207 0.5221211 0.9686853 0.5221211 0.9614207 0.5129565 0.7706547 0.5086425 0.8062238 0.4837375 0.7665988 0.4865176 0.9496239 0.5178154 0.9614207 0.5129565 0.9496239 0.5045105 0.7706547 0.5086425 0.7148947 0.4910321 0.7224263 0.5109441 0.867011 0.4837375 0.8377971 0.4607283 0.8388178 0.4827988 0.9686853 0.5221211 0.9711382 0.5316519 0.9686853 0.5178154 0.1059792 0.5316519 0.1090846 0.5221211 0.08765256 0.5178154 0.8388178 0.4827988 0.8040929 0.462091 0.8062238 0.4837375 0.9614207 0.5129565 0.9686853 0.5178154 0.9614207 0.5045105 0.8062238 0.4837375 0.7624802 0.466127 0.7665988 0.4865176 0.9496239 0.5045105 0.9614207 0.5045105 0.9496239 0.4922489 0.7148947 0.4910321 0.7624802 0.466127 0.7070825 0.4726811 0.9337477 0.4971075 0.9496239 0.4922489 0.9337477 0.4815014 0.7148947 0.4910321 0.6259508 0.4815014 0.6411681 0.4971075 0.9337477 0.4971075 0.9143757 0.4726811 0.9143926 0.4910321 0.6411681 0.4971075 0.4918552 0.4922489 0.5246566 0.5045105 0.9143926 0.4910321 0.8919509 0.466127 0.8920773 0.4865176 0.3148556 0.5129565 0.4918552 0.4922489 0.2341529 0.5045105 0.8920773 0.4865176 0.8665981 0.462091 0.867011 0.4837375 0.1090846 0.5221211 0.2341529 0.5045105 0.08765256 0.5178154 0.7070825 0.4726811 0.6103392 0.4678224 0.6259508 0.4815014 0.9337477 0.4815014 0.9143519 0.4565963 0.9143757 0.4726811 0.4918552 0.4922489 0.6103392 0.4678224 0.4547008 0.4815014 0.9143757 0.4726811 0.8918163 0.4482546 0.8919509 0.466127 0.2341529 0.5045105 0.4547008 0.4815014 0.1577889 0.4971075 0.8665981 0.462091 0.8918163 0.4482546 0.8661901 0.4431178 0.08765256 0.5178154 0.1577889 0.4971075 0.07291662 0.5140413 0.8377971 0.4607283 0.8661901 0.4431178 0.8368268 0.4413833 0.9686853 0.5178154 0.9711382 0.5316519 0.9686853 0.5140413 0.1059792 0.5316519 0.08765256 0.5178154 0.07291662 0.5140413 0.8377971 0.4607283 0.8020941 0.4431178 0.8040929 0.462091 0.9614207 0.5045105 0.9686853 0.5140413 0.9614207 0.4971075 0.8040929 0.462091 0.7585965 0.4482546 0.7624802 0.466127 0.9496239 0.4922489 0.9614207 0.4971075 0.9496239 0.4815014 0.7624802 0.466127 0.6994984 0.4565963 0.7070825 0.4726811 0.9496239 0.4922489 0.9337477 0.4678224 0.9337477 0.4815014 0.9686853 0.5140413 0.9711382 0.5316519 0.9686853 0.5109441 0.1059792 0.5316519 0.07291662 0.5140413 0.06293052 0.5109441 0.8020941 0.4431178 0.8360106 0.4255074 0.8004253 0.4275469 0.9686853 0.5140413 0.9614207 0.4910321 0.9614207 0.4971075 0.7585965 0.4482546 0.8004253 0.4275469 0.7553084 0.4335871 0.9614207 0.4971075 0.9496239 0.4726811 0.9496239 0.4815014 0.6994984 0.4565963 0.7553084 0.4335871 0.6928313 0.4433959 0.9496239 0.4815014 0.9337477 0.4565963 0.9337477 0.4678224 0.6103392 0.4678224 0.6928313 0.4433959 0.5955718 0.4565963 0.9337477 0.4678224 0.9143261 0.4433959 0.9143519 0.4565963 0.4547008 0.4815014 0.5955718 0.4565963 0.4152863 0.4726811 0.9143519 0.4565963 0.8916921 0.4335871 0.8918163 0.4482546 0.1577889 0.4971075 0.4152863 0.4726811 0.1110403 0.4910321 0.8918163 0.4482546 0.8658343 0.4275469 0.8661901 0.4431178 0.07291662 0.5140413 0.1110403 0.4910321 0.06293052 0.5109441 0.8661901 0.4431178 0.8360106 0.4255074 0.8368268 0.4413833 0.9143261 0.4433959 0.9337476 0.4482546 0.9143039 0.4335871 0.4152863 0.4726811 0.583474 0.4482546 0.378273 0.466127 0.9143261 0.4433959 0.8915977 0.4226881 0.8916921 0.4335871 0.1110403 0.4910321 0.378273 0.466127 0.08613473 0.4865176 0.8916921 0.4335871 0.8655799 0.4159766 0.8658343 0.4275469 0.06293052 0.5109441 0.08613473 0.4865176 0.05644208 0.5086425 0.8658343 0.4275469 0.8354426 0.4137105 0.8360106 0.4255074 0.9686853 0.5109441 0.9711382 0.5316519 0.9686853 0.5086425 0.1059792 0.5316519 0.06293052 0.5109441 0.05644208 0.5086425 0.8004253 0.4275469 0.8354426 0.4137105 0.7992731 0.4159766 0.9686853 0.5109441 0.9614207 0.4865176 0.9614207 0.4910321 0.7553084 0.4335871 0.7992731 0.4159766 0.7529863 0.4226881 0.9614207 0.4910321 0.9496239 0.466127 0.9496239 0.4726811 0.7553084 0.4335871 0.6878585 0.4335871 0.6928313 0.4433959 0.9496239 0.4726811 0.9337476 0.4482546 0.9337477 0.4565963 0.6928313 0.4433959 0.583474 0.4482546 0.5955718 0.4565963 0.8354426 0.4137105 0.7987846 0.4088516 0.7992731 0.4159766 0.9686853 0.5086425 0.9614207 0.4837375 0.9614207 0.4865176 0.7529863 0.4226881 0.7987846 0.4088516 0.7519423 0.4159766 0.9614207 0.4865176 0.9496239 0.4620912 0.9496239 0.466127 0.7529863 0.4226881 0.6853209 0.4275469 0.6878585 0.4335871 0.9496239 0.466127 0.9337472 0.4431178 0.9337476 0.4482546 0.6878585 0.4335871 0.576178 0.4431178 0.583474 0.4482546 0.9143039 0.4335871 0.9337472 0.4431178 0.9142906 0.4275469 0.583474 0.4482546 0.3519107 0.4620912 0.378273 0.466127 0.8915977 0.4226881 0.9142906 0.4275469 0.8915486 0.4159766 0.08613473 0.4865176 0.3519107 0.4620912 0.07391113 0.4837375 0.8915977 0.4226881 0.8654612 0.4088516 0.8655799 0.4159766 0.05644208 0.5086425 0.07391113 0.4837375 0.05273872 0.5072253 0.8655799 0.4159766 0.8351972 0.4064459 0.8354426 0.4137105 0.9686853 0.5086425 0.9711382 0.5316519 0.9686853 0.5072253 0.1059792 0.5316519 0.05644208 0.5086425 0.05273872 0.5072253 0.3519107 0.4620912 0.5753755 0.4413833 0.34509 0.4607284 0.8915486 0.4159766 0.9142895 0.4255073 0.8915531 0.4137104 0.07391113 0.4837375 0.34509 0.4607284 0.0702337 0.4827989 0.8915486 0.4159766 0.8654942 0.4064458 0.8654612 0.4088516 0.05273872 0.5072253 0.0702337 0.4827989 0.05149686 0.5067467 0.8654612 0.4088516 0.8353057 0.4039928 0.8351972 0.4064459 0.9686853 0.5072253 0.9711382 0.5316519 0.9686853 0.5067467 0.1059792 0.5316519 0.05273872 0.5072253 0.05149686 0.5067467 0.7987846 0.4088516 0.8353057 0.4039928 0.799027 0.4064458 0.9686853 0.5072253 0.9614207 0.4827989 0.9614207 0.4837375 0.7519423 0.4159766 0.799027 0.4064458 0.7523419 0.4137104 0.9614207 0.4837375 0.9496239 0.4607283 0.9496239 0.4620912 0.6853209 0.4275469 0.7523419 0.4137104 0.6856987 0.4255073 0.9337472 0.4431178 0.9496239 0.4607283 0.9337471 0.4413833 0.576178 0.4431178 0.6856987 0.4255073 0.5753755 0.4413833 0.9142906 0.4275469 0.9337471 0.4413833 0.9142895 0.4255073 0.34509 0.4607284 0.5815201 0.4431178 0.5753755 0.4413833 0.8916088 0.4159765 0.9142895 0.4255073 0.8915531 0.4137104 0.0702337 0.4827989 0.3612707 0.462091 0.34509 0.4607284 0.8656715 0.4088516 0.8915531 0.4137104 0.8654942 0.4064458 0.05149686 0.5067467 0.07439804 0.4837375 0.0702337 0.4827989 0.8357501 0.4064458 0.8654942 0.4064458 0.8353057 0.4039928 0.9686853 0.5067467 0.9686853 0.5072253 0.9711382 0.5316519 0.1059792 0.5316519 0.05268138 0.5072253 0.05149686 0.5067467 0.7999691 0.4088516 0.8353057 0.4039928 0.799027 0.4064458 0.9614207 0.4837375 0.9686853 0.5067467 0.9614207 0.4827989 0.7523419 0.4137104 0.7999691 0.4088516 0.799027 0.4064458 0.9496239 0.4607283 0.9614207 0.4837375 0.9614207 0.4827989 0.6856987 0.4255073 0.7541511 0.4159765 0.7523419 0.4137104 0.9337471 0.4413833 0.9496239 0.462091 0.9496239 0.4607283 0.5753755 0.4413833 0.689025 0.4275467 0.6856987 0.4255073 0.9142895 0.4255073 0.9337472 0.4431178 0.9337471 0.4413833 0.9337472 0.4431178 0.9496239 0.466127 0.9496239 0.462091 0.5815201 0.4431178 0.6948342 0.4335871 0.689025 0.4275467 0.9143006 0.4275467 0.9337476 0.4482546 0.9337472 0.4431178 0.3612707 0.462091 0.5935145 0.4482546 0.5815201 0.4431178 0.8917053 0.4226881 0.9143006 0.4275467 0.8916088 0.4159765 0.08872753 0.4865176 0.3612707 0.462091 0.07439804 0.4837375 0.8659644 0.4159765 0.8916088 0.4159765 0.8656715 0.4088516 0.05651944 0.5086425 0.07439804 0.4837375 0.05268138 0.5072253 0.8364685 0.4137104 0.8656715 0.4088516 0.8357501 0.4064458 0.9686853 0.5072253 0.9686853 0.5086425 0.9711382 0.5316519 0.1059792 0.5316519 0.05651944 0.5086425 0.05268138 0.5072253 0.8014895 0.4159765 0.8357501 0.4064458 0.7999691 0.4088516 0.9614207 0.4865176 0.9686853 0.5072253 0.9614207 0.4837375 0.7571329 0.4226881 0.7999691 0.4088516 0.7541511 0.4159765 0.9496239 0.462091 0.9614207 0.4865176 0.9614207 0.4837375 0.689025 0.4275467 0.7571329 0.4226881 0.7541511 0.4159765 0.8373686 0.4255073 0.8659644 0.4159765 0.8364685 0.4137104 0.9686853 0.5086425 0.9686853 0.5109441 0.9711382 0.5316519 0.1059792 0.5316519 0.06357264 0.5109441 0.05651944 0.5086425 0.803403 0.4275469 0.8364685 0.4137104 0.8014895 0.4159765 0.9614207 0.4910321 0.9686853 0.5086425 0.9614207 0.4865176 0.7609159 0.4335871 0.8014895 0.4159765 0.7571329 0.4226881 0.9496239 0.466127 0.9614207 0.4910321 0.9614207 0.4865176 0.7023113 0.4433959 0.7571329 0.4226881 0.6948342 0.4335871 0.9337476 0.4482546 0.9496239 0.4726811 0.9496239 0.466127 0.6092185 0.4565963 0.6948342 0.4335871 0.5935145 0.4482546 0.9143449 0.4433959 0.9337476 0.4482546 0.9143206 0.4335871 0.436587 0.4726811 0.5935145 0.4482546 0.3950271 0.466127 0.8918264 0.4335871 0.9143206 0.4335871 0.8917053 0.4226881 0.1203126 0.4910321 0.3950271 0.466127 0.08872753 0.4865176 0.8663319 0.4275467 0.8917053 0.4226881 0.8659644 0.4159765 0.06357264 0.5109441 0.08872753 0.4865176 0.05651944 0.5086425 0.6263366 0.4678224 0.7023113 0.4433959 0.6092185 0.4565963 0.9143682 0.4565963 0.9337477 0.4565963 0.9143449 0.4433959 0.4781594 0.4815014 0.6092185 0.4565963 0.436587 0.4726811 0.8919538 0.4482546 0.9143449 0.4433959 0.8918264 0.4335871 0.1826202 0.4971075 0.436587 0.4726811 0.1203126 0.4910321 0.8667275 0.4431178 0.8918264 0.4335871 0.8663319 0.4275467 0.07489317 0.5140413 0.1203126 0.4910321 0.06357264 0.5109441 0.8383501 0.4413833 0.8663319 0.4275467 0.8373686 0.4255073 0.9686853 0.5109441 0.9686853 0.5140413 0.9711382 0.5316519 0.1059792 0.5316519 0.07489317 0.5140413 0.06357264 0.5109441 0.805504 0.4431178 0.8373686 0.4255073 0.803403 0.4275469 0.9614207 0.4971075 0.9686853 0.5109441 0.9614207 0.4910321 0.7650871 0.4482546 0.803403 0.4275469 0.7609159 0.4335871 0.9496239 0.4815014 0.9614207 0.4910321 0.9496239 0.4726811 0.7105383 0.4565963 0.7609159 0.4335871 0.7023113 0.4433959 0.9337477 0.4678224 0.9496239 0.4726811 0.9337477 0.4565963 0.1059792 0.5316519 0.09224563 0.5178154 0.07489317 0.5140413 0.8076046 0.4620912 0.8383501 0.4413833 0.805504 0.4431178 0.9614207 0.5045105 0.9686853 0.5140413 0.9614207 0.4971075 0.7650871 0.4482546 0.8076046 0.4620912 0.805504 0.4431178 0.9496239 0.4922489 0.9614207 0.4971075 0.9496239 0.4815014 0.7187374 0.4726811 0.7650871 0.4482546 0.7105383 0.4565963 0.9337477 0.4815014 0.9496239 0.4815014 0.9337477 0.4678224 0.6430676 0.4815014 0.7105383 0.4565963 0.6263366 0.4678224 0.9143866 0.4726811 0.9337477 0.4678224 0.9143682 0.4565963 0.5157064 0.4922489 0.6263366 0.4678224 0.4781594 0.4815014 0.8920722 0.4661269 0.9143682 0.4565963 0.8919538 0.4482546 0.2734501 0.5045105 0.4781594 0.4815014 0.1826202 0.4971075 0.8671098 0.462091 0.8919538 0.4482546 0.8667275 0.4431178 0.09224563 0.5178154 0.1826202 0.4971075 0.07489317 0.5140413 0.8393217 0.4607283 0.8667275 0.4431178 0.8383501 0.4413833 0.9686853 0.5140413 0.9686853 0.5178154 0.9711382 0.5316519 0.5157064 0.4922489 0.6583098 0.4971075 0.6430676 0.4815014 0.8921698 0.4865176 0.9143866 0.4726811 0.8920722 0.4661269 0.3498009 0.5129565 0.5157064 0.4922489 0.2734501 0.5045105 0.8674512 0.4837375 0.8920722 0.4661269 0.8671098 0.462091 0.118204 0.5221211 0.2734501 0.5045105 0.09224563 0.5178154 0.8402138 0.4827989 0.8671098 0.462091 0.8393217 0.4607283 0.9686853 0.5178154 0.9686853 0.5221211 0.9711382 0.5316519 0.1059792 0.5316519 0.118204 0.5221211 0.09224563 0.5178154 0.809563 0.4837375 0.8393217 0.4607283 0.8076046 0.4620912 0.9614207 0.5129565 0.9686853 0.5178154 0.9614207 0.5045105 0.773213 0.4865176 0.8076046 0.4620912 0.7692776 0.466127 0.9496239 0.5045105 0.9614207 0.5045105 0.9496239 0.4922489 0.7263596 0.4910321 0.7692776 0.466127 0.7187374 0.4726811 0.9337477 0.4971075 0.9496239 0.4922489 0.9337477 0.4815014 0.6583098 0.4971075 0.7187374 0.4726811 0.6430676 0.4815014 0.9143972 0.4910321 0.9337477 0.4815014 0.9143866 0.4726811 0.9614207 0.5221211 0.9686853 0.5221211 0.9614207 0.5129565 0.7767227 0.5086425 0.809563 0.4837375 0.773213 0.4865176 0.9496239 0.5178154 0.9614207 0.5129565 0.9496239 0.5045105 0.7331016 0.5109441 0.773213 0.4865176 0.7263596 0.4910321 0.9337477 0.5140413 0.9496239 0.5045105 0.9337477 0.4971075 0.6583098 0.4971075 0.7331016 0.5109441 0.7263596 0.4910321 0.914402 0.5109441 0.9337477 0.4971075 0.9143972 0.4910321 0.5474933 0.5045105 0.6715339 0.5140413 0.6583098 0.4971075 0.8922419 0.5086425 0.9143972 0.4910321 0.8921698 0.4865176 0.4065937 0.5221211 0.5474933 0.5045105 0.3498009 0.5129565 0.8677345 0.5072253 0.8921698 0.4865176 0.8674512 0.4837375 0.1553918 0.5267932 0.3498009 0.5129565 0.118204 0.5221211 0.8409832 0.5067467 0.8674512 0.4837375 0.8402138 0.4827989 0.9686853 0.5221211 0.9686853 0.5267932 0.9711382 0.5316519 0.1059792 0.5316519 0.1553918 0.5267932 0.118204 0.5221211 0.8112936 0.5072253 0.8402138 0.4827989 0.809563 0.4837375 0.8922419 0.5086425 0.9144027 0.5316519 0.914402 0.5109441 0.4496027 0.5316519 0.5738513 0.5178154 0.4065937 0.5221211 0.8677345 0.5072253 0.8922891 0.5316519 0.8922419 0.5086425 0.2033335 0.5316519 0.4065937 0.5221211 0.1553918 0.5267932 0.8416142 0.5316519 0.8677345 0.5072253 0.8409832 0.5067467 0.9686853 0.5267932 0.9686853 0.5316519 0.9711382 0.5316519 0.1059792 0.5316519 0.2033335 0.5316519 0.1553918 0.5267932 0.812757 0.5316519 0.8409832 0.5067467 0.8112936 0.5072253 0.9614207 0.5316519 0.9686853 0.5267932 0.9614207 0.5221211 0.7797251 0.5316519 0.8112936 0.5072253 0.7767227 0.5086425 0.9496239 0.5316519 0.9614207 0.5221211 0.9496239 0.5178154 0.7331016 0.5109441 0.7797251 0.5316519 0.7767227 0.5086425 0.9337477 0.5316519 0.9496239 0.5178154 0.9337477 0.5140413 0.6715339 0.5140413 0.7388506 0.5316519 0.7331016 0.5109441 0.9144027 0.5316519 0.9337477 0.5140413 0.914402 0.5109441 0.5738513 0.5178154 0.6825953 0.5316519 0.6715339 0.5140413 0.7797251 0.5316519 0.8139491 0.5560783 0.812757 0.5316519 0.9496239 0.5454882 0.9614207 0.5316519 0.9496239 0.5316519 0.7436095 0.5523595 0.7797251 0.5316519 0.7388506 0.5316519 0.9337477 0.5492623 0.9496239 0.5316519 0.9337477 0.5316519 0.6916274 0.5492623 0.7388506 0.5316519 0.6825953 0.5316519 0.9144027 0.5316519 0.9337477 0.5492623 0.9337477 0.5316519 0.6126134 0.5454884 0.6825953 0.5316519 0.595362 0.5316519 0.8922891 0.5316519 0.9144027 0.5523595 0.9144027 0.5316519 0.4825261 0.5411826 0.595362 0.5316519 0.4496027 0.5316519 0.8679543 0.5316519 0.8923162 0.554661 0.8922891 0.5316519 0.2541983 0.5365104 0.4496027 0.5316519 0.2033335 0.5316519 0.8416142 0.5316519 0.8681142 0.5560783 0.8679543 0.5316519 0.9686853 0.5316519 0.9686853 0.5365104 0.9711382 0.5316519 0.1059792 0.5316519 0.2541983 0.5365104 0.2033335 0.5316519 0.812757 0.5316519 0.842107 0.5565569 0.8416142 0.5316519 0.9614207 0.5411826 0.9686853 0.5316519 0.9614207 0.5316519 0.5077602 0.5503471 0.6126134 0.5454884 0.4825261 0.5411826 0.8681142 0.5560783 0.892328 0.576786 0.8923162 0.554661 0.2967506 0.5411826 0.4825261 0.5411826 0.2541983 0.5365104 0.842107 0.5565569 0.8682225 0.5795661 0.8681142 0.5560783 0.9686853 0.5365104 0.9686853 0.5411826 0.9711382 0.5316519 0.1059792 0.5316519 0.2967506 0.5411826 0.2541983 0.5365104 0.8139491 0.5560783 0.8424764 0.5805048 0.842107 0.5565569 0.9614207 0.5503471 0.9686853 0.5365104 0.9614207 0.5411826 0.782204 0.554661 0.814885 0.5795661 0.8139491 0.5560783 0.9496239 0.558793 0.9614207 0.5411826 0.9496239 0.5454882 0.7436095 0.5523595 0.7841861 0.576786 0.782204 0.554661 0.9337477 0.5661961 0.9496239 0.5454882 0.9337477 0.5492623 0.6988161 0.5661961 0.7436095 0.5523595 0.6916274 0.5492623 0.9144027 0.5523595 0.9337477 0.5661961 0.9337477 0.5492623 0.6261924 0.558793 0.6916274 0.5492623 0.6126134 0.5454884 0.8923162 0.554661 0.9144027 0.5722717 0.9144027 0.5523595 0.9496239 0.5710548 0.9614207 0.5503471 0.9496239 0.558793 0.7474352 0.5722717 0.7857192 0.5971765 0.7841861 0.576786 0.9337477 0.5818024 0.9496239 0.558793 0.9337477 0.5661961 0.6988161 0.5661961 0.7504161 0.5906225 0.7474352 0.5722717 0.9144027 0.5722717 0.9337477 0.5818024 0.9337477 0.5661961 0.6366328 0.5710547 0.6988161 0.5661961 0.6261924 0.558793 0.892328 0.576786 0.9144027 0.5906225 0.9144027 0.5722717 0.5267392 0.558793 0.6261924 0.558793 0.5077602 0.5503471 0.8682225 0.5795661 0.8923317 0.5971767 0.892328 0.576786 0.3289452 0.5454882 0.5077602 0.5503471 0.2967506 0.5411826 0.8424764 0.5805048 0.868291 0.6012126 0.8682225 0.5795661 0.9686853 0.5411826 0.9686853 0.5454882 0.9711382 0.5316519 0.1059792 0.5316519 0.3289452 0.5454882 0.2967506 0.5411826 0.814885 0.5795661 0.8427435 0.6025753 0.8424764 0.5805048 0.9614207 0.5503471 0.9686853 0.5454882 0.9686853 0.5411826 0.7841861 0.576786 0.815594 0.6012126 0.814885 0.5795661 0.8683319 0.6201859 0.8923317 0.5971767 0.868291 0.6012126 0.3527706 0.5492623 0.5267392 0.558793 0.3289452 0.5454882 0.8429293 0.6219203 0.868291 0.6012126 0.8427435 0.6025753 0.9686853 0.5454882 0.9686853 0.5492623 0.9711382 0.5316519 0.1059792 0.5316519 0.3527706 0.5492623 0.3289452 0.5454882 0.8161103 0.6201859 0.8427435 0.6025753 0.815594 0.6012126 0.9614207 0.558793 0.9686853 0.5492623 0.9686853 0.5454882 0.7857192 0.5971765 0.8161103 0.6201859 0.815594 0.6012126 0.9496239 0.5818024 0.9614207 0.558793 0.9496239 0.5710548 0.7504161 0.5906225 0.7868532 0.6150491 0.7857192 0.5971765 0.9337477 0.5954812 0.9496239 0.5710548 0.9337477 0.5818024 0.7043827 0.5818024 0.7526415 0.6067072 0.7504161 0.5906225 0.9144027 0.6067074 0.9337477 0.5818024 0.9144027 0.5906225 0.6366328 0.5710547 0.7085334 0.5954812 0.7043827 0.5818024 0.8923323 0.6150491 0.9144027 0.5906225 0.8923317 0.5971767 0.5408011 0.566196 0.6366328 0.5710547 0.5267392 0.558793 0.7541946 0.6199076 0.7868532 0.6150491 0.7526415 0.6067072 0.9337477 0.6067074 0.9496239 0.5818024 0.9337477 0.5954812 0.7114256 0.6067072 0.7526415 0.6067072 0.7085334 0.5954812 0.9144027 0.6199077 0.9337477 0.5954812 0.9144027 0.6067074 0.6444007 0.5818024 0.7114256 0.6067072 0.7085334 0.5954812 0.8923323 0.6297166 0.9144027 0.6067074 0.8923323 0.6150491 0.5408011 0.566196 0.6498462 0.5906225 0.6444007 0.5818024 0.8683545 0.6357568 0.8923323 0.6150491 0.8683319 0.6201859 0.3697395 0.5523595 0.5408011 0.566196 0.3527706 0.5492623 0.8430517 0.6377963 0.8683319 0.6201859 0.8429293 0.6219203 0.9686853 0.5492623 0.9686853 0.5523595 0.9711382 0.5316519 0.1059792 0.5316519 0.3697395 0.5523595 0.3527706 0.5492623 0.816464 0.6357567 0.8429293 0.6219203 0.8161103 0.6201859 0.9614207 0.5661961 0.9686853 0.5523595 0.9686853 0.5492623 0.7876417 0.6297165 0.8161103 0.6201859 0.7868532 0.6150491 0.9496239 0.5906225 0.9614207 0.5661961 0.9496239 0.5818024 0.3808408 0.554661 0.5507475 0.5722717 0.3697395 0.5523595 0.8431257 0.6495933 0.8683545 0.6357568 0.8430517 0.6377963 0.9686853 0.5523595 0.9686853 0.554661 0.9711382 0.5316519 0.1059792 0.5316519 0.3808408 0.554661 0.3697395 0.5523595 0.8166815 0.6473272 0.8430517 0.6377963 0.816464 0.6357567 0.9614207 0.5722717 0.9686853 0.554661 0.9686853 0.5523595 0.7881226 0.6406154 0.816464 0.6357567 0.7876417 0.6297165 0.9496239 0.5971767 0.9614207 0.5722717 0.9496239 0.5906225 0.7551378 0.6297163 0.7876417 0.6297165 0.7541946 0.6199076 0.9337477 0.6150491 0.9496239 0.5906225 0.9337477 0.6067074 0.713186 0.6150491 0.7541946 0.6199076 0.7114256 0.6067072 0.9144027 0.6297166 0.9337477 0.6067074 0.9144027 0.6199077 0.6498462 0.5906225 0.713186 0.6150491 0.7114256 0.6067072 0.8923323 0.6406155 0.9144027 0.6199077 0.8923323 0.6297166 0.5571211 0.576786 0.6498462 0.5906225 0.5507475 0.5722717 0.8683664 0.647327 0.8923323 0.6297166 0.8683545 0.6357568 0.7138947 0.6201857 0.7551378 0.6297163 0.713186 0.6150491 0.9144027 0.6357567 0.9337477 0.6150491 0.9144027 0.6297166 0.6547263 0.6012126 0.713186 0.6150491 0.6532303 0.5971765 0.8923323 0.647327 0.9144027 0.6297166 0.8923323 0.6406155 0.5602627 0.5795661 0.6532303 0.5971765 0.5571211 0.576786 0.8683713 0.654452 0.8923323 0.6406155 0.8683664 0.647327 0.3866701 0.5560783 0.5571211 0.576786 0.3808408 0.554661 0.8431607 0.6568577 0.8683664 0.647327 0.8431257 0.6495933 0.9686853 0.554661 0.9686853 0.5560783 0.9711382 0.5316519 0.1059792 0.5316519 0.3866701 0.5560783 0.3808408 0.554661 0.816779 0.6544522 0.8431257 0.6495933 0.8166815 0.6473272 0.9614207 0.576786 0.9686853 0.5560783 0.9686853 0.554661 0.7881226 0.6406154 0.816779 0.6544522 0.8166815 0.6473272 0.9496239 0.6012126 0.9614207 0.576786 0.9496239 0.5971767 0.755509 0.6357565 0.7881226 0.6406154 0.7551378 0.6297163 0.9337477 0.6201859 0.9496239 0.5971767 0.9337477 0.6150491 0.9686853 0.5560783 0.9686853 0.5565569 0.9711382 0.5316519 0.1059792 0.5316519 0.3875415 0.5565569 0.3866701 0.5560783 0.816779 0.6544522 0.8431619 0.6593107 0.8431607 0.6568577 0.9614207 0.5795661 0.9686853 0.5565569 0.9686853 0.5560783 0.7883206 0.647327 0.8167623 0.6568577 0.816779 0.6544522 0.9496239 0.6025753 0.9614207 0.5795661 0.9496239 0.6012126 0.755509 0.6357565 0.7882436 0.6495932 0.7883206 0.647327 0.9337477 0.6219203 0.9496239 0.6012126 0.9337477 0.6201859 0.713587 0.6219203 0.755509 0.6357565 0.7138947 0.6201857 0.9144027 0.6377963 0.9337477 0.6201859 0.9144027 0.6357567 0.6544297 0.6025751 0.7138947 0.6201857 0.6547263 0.6012126 0.8923323 0.6495933 0.9144027 0.6357567 0.8923323 0.647327 0.5603603 0.5805047 0.6547263 0.6012126 0.5602627 0.5795661 0.8683724 0.6568577 0.8923323 0.647327 0.8683713 0.654452 0.3875415 0.5565569 0.5602627 0.5795661 0.3866701 0.5560783 0.8431619 0.6593107 0.8683713 0.654452 0.8431607 0.6568577 0.9144027 0.6357567 0.9337477 0.6219203 0.9144027 0.6377963 0.6523594 0.6012124 0.713587 0.6219203 0.6544297 0.6025751 0.8923323 0.647327 0.9144027 0.6377963 0.8923323 0.6495933 0.5574652 0.5795661 0.6544297 0.6025751 0.5603603 0.5805047 0.8683694 0.654452 0.8923323 0.6495933 0.8683724 0.6568577 0.3875415 0.5565569 0.5574652 0.5795661 0.5603603 0.5805047 0.8431619 0.6593107 0.8683694 0.654452 0.8683724 0.6568577 0.9686853 0.5565569 0.9686853 0.5560783 0.9711382 0.5316519 0.1059792 0.5316519 0.3835395 0.5560783 0.3875415 0.5565569 0.8167623 0.6568577 0.8431285 0.6568577 0.8431619 0.6593107 0.9614207 0.5805048 0.9686853 0.5560783 0.9686853 0.5565569 0.7882436 0.6495932 0.8166273 0.654452 0.8167623 0.6568577 0.9496239 0.6012126 0.9614207 0.5805048 0.9496239 0.6025753 0.7545731 0.6357565 0.7882436 0.6495932 0.7553238 0.6377962 0.9337477 0.6201859 0.9496239 0.6025753 0.9337477 0.6219203 0.713587 0.6219203 0.7545731 0.6357565 0.7553238 0.6377962 0.8163589 0.647327 0.8431285 0.6568577 0.8166273 0.654452 0.9614207 0.576786 0.9686853 0.5560783 0.9614207 0.5795661 0.7872149 0.6406154 0.8166273 0.654452 0.7878831 0.647327 0.9496239 0.5971767 0.9614207 0.5795661 0.9496239 0.6012126 0.7532244 0.6297163 0.7878831 0.647327 0.7545731 0.6357565 0.9337477 0.6150491 0.9496239 0.6012126 0.9337477 0.6201859 0.7122585 0.6201857 0.7532244 0.6297163 0.7545731 0.6357565 0.9144027 0.6297166 0.9337477 0.6201859 0.9144027 0.6357567 0.6523594 0.6012124 0.7098683 0.6150491 0.7122585 0.6201857 0.8923323 0.647327 0.9144027 0.6297166 0.9144027 0.6357567 0.5574652 0.5795661 0.648469 0.5971765 0.6523594 0.6012124 0.8683694 0.654452 0.8923323 0.6406155 0.8923323 0.647327 0.3835395 0.5560783 0.551495 0.576786 0.5574652 0.5795661 0.8431285 0.6568577 0.8683606 0.647327 0.8683694 0.654452 0.9686853 0.5560783 0.9686853 0.554661 0.9711382 0.5316519 0.1059792 0.5316519 0.3745174 0.554661 0.3835395 0.5560783 0.648469 0.5971765 0.7063429 0.6067072 0.7098683 0.6150491 0.8923323 0.6406155 0.9144027 0.6199077 0.9144027 0.6297166 0.551495 0.576786 0.6426419 0.5906225 0.648469 0.5971765 0.8683606 0.647327 0.8923323 0.6297166 0.8923323 0.6406155 0.3745174 0.554661 0.5422308 0.5722717 0.551495 0.576786 0.8430536 0.6495932 0.868342 0.6357567 0.8683606 0.647327 0.9686853 0.554661 0.9686853 0.5523595 0.9711382 0.5316519 0.1059792 0.5316519 0.3600903 0.5523595 0.3745174 0.554661 0.8163589 0.647327 0.8429237 0.6377963 0.8430536 0.6495932 0.9614207 0.5722717 0.9686853 0.554661 0.9614207 0.576786 0.7872149 0.6406154 0.8159316 0.6357567 0.8163589 0.647327 0.9496239 0.5906225 0.9614207 0.576786 0.9496239 0.5971767 0.7532244 0.6297163 0.7862018 0.6297165 0.7872149 0.6406154 0.9337477 0.6150491 0.9496239 0.5906225 0.9496239 0.5971767 0.7063429 0.6067072 0.7532244 0.6297163 0.7098683 0.6150491 0.9144027 0.6297166 0.9337477 0.6067074 0.9337477 0.6150491 0.9614207 0.5661961 0.9686853 0.5523595 0.9614207 0.5722717 0.7847952 0.6150491 0.8159316 0.6357567 0.7862018 0.6297165 0.9496239 0.5906225 0.9614207 0.5661961 0.9614207 0.5722717 0.7485162 0.6067072 0.7862018 0.6297165 0.7512265 0.6199076 0.9337477 0.6067074 0.9496239 0.5818024 0.9496239 0.5906225 0.7063429 0.6067072 0.7485162 0.6067072 0.7512265 0.6199076 0.9144027 0.6199077 0.9337477 0.5954812 0.9337477 0.6067074 0.6347054 0.5818023 0.7063429 0.6067072 0.6426419 0.5906225 0.8923323 0.6297166 0.9144027 0.6067072 0.9144027 0.6199077 0.5422308 0.5722717 0.6347054 0.5818023 0.6426419 0.5906225 0.868342 0.6357567 0.8923323 0.6150491 0.8923323 0.6297166 0.3600903 0.5523595 0.5292798 0.5661961 0.5422308 0.5722717 0.8429237 0.6377963 0.8683048 0.6201859 0.868342 0.6357567 0.9686853 0.5523595 0.9686853 0.5492623 0.9711382 0.5316519 0.1059792 0.5316519 0.3395739 0.5492623 0.3600903 0.5523595 0.8159316 0.6357567 0.842719 0.6219203 0.8429237 0.6377963 0.8923323 0.6150491 0.9144027 0.5906225 0.9144027 0.6067072 0.5292798 0.5661961 0.6244251 0.5710547 0.6347054 0.5818023 0.8683048 0.6201859 0.8923316 0.5971767 0.8923323 0.6150491 0.3395739 0.5492623 0.5120481 0.558793 0.5292798 0.5661961 0.842719 0.6219203 0.8682367 0.6012126 0.8683048 0.6201859 0.9686853 0.5492623 0.9686853 0.5454882 0.9711382 0.5316519 0.1059792 0.5316519 0.3118178 0.5454882 0.3395739 0.5492623 0.814459 0.6012124 0.842719 0.6219203 0.8153101 0.6201859 0.9614207 0.558793 0.9686853 0.5492623 0.9614207 0.5661961 0.7829457 0.5971765 0.8153101 0.6201859 0.7847952 0.6150491 0.9496239 0.5818024 0.9614207 0.558793 0.9614207 0.5661961 0.7450222 0.5906225 0.7847952 0.6150491 0.7485162 0.6067072 0.9337477 0.5954812 0.9496239 0.5710548 0.9496239 0.5818024 0.6954531 0.5818024 0.7485162 0.6067072 0.7015786 0.5954812 0.9144027 0.6067072 0.9337477 0.5818024 0.9337477 0.5954812 0.6244251 0.5710547 0.7015786 0.5954812 0.6347054 0.5818023 0.7829457 0.5971765 0.8133423 0.5795661 0.814459 0.6012124 0.9496239 0.5710548 0.9614207 0.5503471 0.9614207 0.558793 0.7450222 0.5906225 0.7806087 0.576786 0.7829457 0.5971765 0.9337477 0.5818024 0.9496239 0.558793 0.9496239 0.5710548 0.6954531 0.5818024 0.7406818 0.5722717 0.7450222 0.5906225 0.9144027 0.5906225 0.9337477 0.5661961 0.9337477 0.5818024 0.6244251 0.5710547 0.6878437 0.5661961 0.6954531 0.5818024 0.8923316 0.5971767 0.9144027 0.5722717 0.9144027 0.5906225 0.5120481 0.558793 0.6114959 0.5587929 0.6244251 0.5710547 0.8682367 0.6012126 0.8923239 0.576786 0.8923316 0.5971767 0.3118178 0.5454882 0.4896329 0.5503471 0.5120481 0.558793 0.8424155 0.6025751 0.8681235 0.5795661 0.8682367 0.6012126 0.9686853 0.5454882 0.9686853 0.5411826 0.9711382 0.5316519 0.1059792 0.5316519 0.2752873 0.5411826 0.3118178 0.5454882 0.814459 0.6012124 0.8419872 0.5805047 0.8424155 0.6025751 0.9614207 0.5503471 0.9686853 0.5454882 0.9614207 0.558793 0.4896329 0.5503471 0.5955268 0.5454882 0.6114959 0.5587929 0.8681235 0.5795661 0.8923014 0.554661 0.8923239 0.576786 0.2752873 0.5411826 0.4608647 0.5411826 0.4896329 0.5503471 0.8419872 0.5805047 0.8679504 0.5560783 0.8681235 0.5795661 0.9686853 0.5411826 0.9686853 0.5365104 0.9711382 0.5316519 0.1059792 0.5316519 0.2291469 0.5365104 0.2752873 0.5411826 0.8133423 0.5795661 0.8414109 0.5565567 0.8419872 0.5805047 0.9614207 0.5503471 0.9686853 0.5365104 0.9686853 0.5411826 0.7806087 0.576786 0.8119384 0.5560781 0.8133423 0.5795661 0.9496239 0.5454882 0.9614207 0.5503471 0.9496239 0.558793 0.7354549 0.5523595 0.7806087 0.576786 0.7406818 0.5722717 0.9337477 0.5492623 0.9496239 0.558793 0.9337477 0.5661961 0.6878437 0.5661961 0.7354549 0.5523595 0.7406818 0.5722717 0.9144027 0.5722717 0.9337477 0.5492623 0.9337477 0.5661961 0.6114959 0.5587929 0.6786407 0.5492623 0.6878437 0.5661961 0.8923239 0.576786 0.9144027 0.5523595 0.9144027 0.5722717 0.7293431 0.5316519 0.7777637 0.554661 0.7354549 0.5523595 0.9337477 0.5316519 0.9496239 0.5454882 0.9337477 0.5492623 0.6677739 0.5316519 0.7354549 0.5523595 0.6786407 0.5492623 0.9144027 0.5316519 0.9337477 0.5492623 0.9144027 0.5523595 0.5955268 0.5454882 0.6677739 0.5316519 0.6786407 0.5492623 0.8923014 0.554661 0.9144027 0.5316519 0.9144027 0.5523595 0.4608647 0.5411826 0.5760539 0.5316519 0.5955268 0.5454882 0.8679504 0.5560783 0.8922563 0.5316519 0.8923014 0.554661 0.2291469 0.5365104 0.4241012 0.5316519 0.4608647 0.5411826 0.8414109 0.5565567 0.8677066 0.5316519 0.8679504 0.5560783 0.9686853 0.5365104 0.9686853 0.5316519 0.9711382 0.5316519 0.1059792 0.5316519 0.1807729 0.5316519 0.2291469 0.5365104 0.8102508 0.5316519 0.8414109 0.5565567 0.8119384 0.5560781 0.9614207 0.5411826 0.9686853 0.5316519 0.9686853 0.5365104 0.7744235 0.5316519 0.8119384 0.5560781 0.7777637 0.554661 0.9496239 0.5454882 0.9614207 0.5316519 0.9614207 0.5411826 0.1807729 0.5316519 0.3766659 0.5221211 0.4241012 0.5316519 0.8406782 0.5316519 0.8673896 0.5072253 0.8677066 0.5316519 0.9686853 0.5316519 0.9686853 0.5267932 0.9711382 0.5316519 0.1059792 0.5316519 0.1396583 0.5267932 0.1807729 0.5316519 0.8102508 0.5316519 0.8398011 0.5067467 0.8406782 0.5316519 0.9614207 0.5316519 0.9686853 0.5267932 0.9686853 0.5316519 0.7744235 0.5316519 0.8083198 0.5072253 0.8102508 0.5316519 0.9496239 0.5316519 0.9614207 0.5221211 0.9614207 0.5316519 0.7293431 0.5316519 0.7706547 0.5086425 0.7744235 0.5316519 0.9337477 0.5140413 0.9496239 0.5316519 0.9337477 0.5316519 0.6677739 0.5316519 0.7224263 0.5109441 0.7293431 0.5316519 0.9144015 0.5109441 0.9337477 0.5316519 0.9144027 0.5316519 0.5760539 0.5316519 0.6552455 0.5140413 0.6677739 0.5316519 0.8922563 0.5316519 0.9144015 0.5109441 0.9144027 0.5316519 0.4241012 0.5316519 0.5526123 0.5178154 0.5760539 0.5316519 0.8677066 0.5316519 0.8921817 0.5086425 0.8922563 0.5316519 0.9337477 0.4971075 0.9496239 0.5178154 0.9337477 0.5140413 0.6552455 0.5140413 0.7148947 0.4910321 0.7224263 0.5109441 0.9143926 0.4910321 0.9337477 0.5140413 0.9144015 0.5109441 0.5526123 0.5178154 0.6411681 0.4971075 0.6552455 0.5140413 0.8921817 0.5086425 0.9143926 0.4910321 0.9144015 0.5109441 0.3766659 0.5221211 0.5246566 0.5045105 0.5526123 0.5178154 0.8673896 0.5072253 0.8920773 0.4865176 0.8921817 0.5086425 0.1396583 0.5267932 0.3148556 0.5129565 0.3766659 0.5221211 0.8398011 0.5067467 0.867011 0.4837375 0.8673896 0.5072253 0.9686853 0.5267932 0.9686853 0.5221211 0.9711382 0.5316519 0.1059792 0.5316519 0.1090846 0.5221211 0.1396583 0.5267932 0.8062238 0.4837375 0.8398011 0.5067467 0.8083198 0.5072253 0.9614207 0.5221211 0.9686853 0.5221211 0.9686853 0.5267932 0.7665988 0.4865176 0.8083198 0.5072253 0.7706547 0.5086425 0.9496239 0.5178154 0.9614207 0.5129565 0.9614207 0.5221211 0.7148947 0.4910321 0.7706547 0.5086425 0.7224263 0.5109441 0.8377971 0.4607283 0.867011 0.4837375 0.8388178 0.4827988 0.9686853 0.5221211 0.9686853 0.5178154 0.9711382 0.5316519 0.1059792 0.5316519 0.08765256 0.5178154 0.1090846 0.5221211 0.8040929 0.462091 0.8388178 0.4827988 0.8062238 0.4837375 0.9614207 0.5129565 0.9686853 0.5178154 0.9686853 0.5221211 0.7624802 0.466127 0.8062238 0.4837375 0.7665988 0.4865176 0.9496239 0.5045105 0.9614207 0.5045105 0.9614207 0.5129565 0.7070825 0.4726811 0.7665988 0.4865176 0.7148947 0.4910321 0.9337477 0.4815014 0.9496239 0.5045105 0.9337477 0.4971075 0.6259508 0.4815014 0.7148947 0.4910321 0.6411681 0.4971075 0.9143757 0.4726811 0.9337477 0.4971075 0.9143926 0.4910321 0.5246566 0.5045105 0.6259508 0.4815014 0.6411681 0.4971075 0.8919509 0.466127 0.9143926 0.4910321 0.8920773 0.4865176 0.3148556 0.5129565 0.4918552 0.4922489 0.5246566 0.5045105 0.867011 0.4837375 0.8919509 0.466127 0.8920773 0.4865176 0.1090846 0.5221211 0.2341529 0.5045105 0.3148556 0.5129565 0.6103392 0.4678224 0.7070825 0.4726811 0.6259508 0.4815014 0.9143519 0.4565963 0.9337477 0.4815014 0.9143757 0.4726811 0.4918552 0.4922489 0.6103392 0.4678224 0.6259508 0.4815014 0.8918163 0.4482546 0.9143757 0.4726811 0.8919509 0.466127 0.2341529 0.5045105 0.4547008 0.4815014 0.4918552 0.4922489 0.8665981 0.462091 0.8918163 0.4482546 0.8919509 0.466127 0.08765256 0.5178154 0.1577889 0.4971075 0.2341529 0.5045105 0.8368268 0.4413833 0.8665981 0.462091 0.8377971 0.4607283 0.9686853 0.5178154 0.9686853 0.5140413 0.9711382 0.5316519 0.1059792 0.5316519 0.07291662 0.5140413 0.08765256 0.5178154 0.8020941 0.4431178 0.8377971 0.4607283 0.8040929 0.462091 0.9614207 0.5045105 0.9686853 0.5140413 0.9686853 0.5178154 0.7585965 0.4482546 0.8040929 0.462091 0.7624802 0.466127 0.9496239 0.4922489 0.9614207 0.4971075 0.9614207 0.5045105 0.6994984 0.4565963 0.7624802 0.466127 0.7070825 0.4726811 0.9337477 0.4678224 0.9496239 0.4922489 0.9337477 0.4815014 0.9686853 0.5140413 0.9686853 0.5109441 0.9711382 0.5316519 0.1059792 0.5316519 0.06293052 0.5109441 0.07291662 0.5140413 0.8004253 0.4275469 0.8368268 0.4413833 0.8020941 0.4431178 0.9614207 0.4910321 0.9686853 0.5140413 0.9614207 0.4971075 0.7553084 0.4335871 0.8020941 0.4431178 0.7585965 0.4482546 0.9496239 0.4726811 0.9614207 0.4971075 0.9496239 0.4815014 0.6928313 0.4433959 0.7585965 0.4482546 0.6994984 0.4565963 0.9337477 0.4565963 0.9496239 0.4815014 0.9337477 0.4678224 0.5955718 0.4565963 0.6994984 0.4565963 0.6103392 0.4678224 0.9143261 0.4433959 0.9337477 0.4678224 0.9143519 0.4565963 0.4547008 0.4815014 0.5955718 0.4565963 0.6103392 0.4678224 0.8916921 0.4335871 0.9143519 0.4565963 0.8918163 0.4482546 0.1577889 0.4971075 0.4152863 0.4726811 0.4547008 0.4815014 0.8658343 0.4275469 0.8918163 0.4482546 0.8661901 0.4431178 0.07291662 0.5140413 0.1110403 0.4910321 0.1577889 0.4971075 0.8360106 0.4255074 0.8661901 0.4431178 0.8368268 0.4413833 0.9143039 0.4335871 0.9337477 0.4565963 0.9143261 0.4433959 0.4152863 0.4726811 0.583474 0.4482546 0.5955718 0.4565963 0.8915977 0.4226881 0.9143261 0.4433959 0.8916921 0.4335871 0.1110403 0.4910321 0.378273 0.466127 0.4152863 0.4726811 0.8655799 0.4159766 0.8916921 0.4335871 0.8658343 0.4275469 0.06293052 0.5109441 0.08613473 0.4865176 0.1110403 0.4910321 0.8354426 0.4137105 0.8658343 0.4275469 0.8360106 0.4255074 0.9686853 0.5109441 0.9686853 0.5086425 0.9711382 0.5316519 0.1059792 0.5316519 0.05644208 0.5086425 0.06293052 0.5109441 0.7992731 0.4159766 0.8360106 0.4255074 0.8004253 0.4275469 0.9614207 0.4865176 0.9686853 0.5109441 0.9614207 0.4910321 0.7529863 0.4226881 0.8004253 0.4275469 0.7553084 0.4335871 0.9496239 0.466127 0.9614207 0.4910321 0.9496239 0.4726811 0.6878585 0.4335871 0.7553084 0.4335871 0.6928313 0.4433959 0.9337476 0.4482546 0.9496239 0.4726811 0.9337477 0.4565963 0.583474 0.4482546 0.6928313 0.4433959 0.5955718 0.4565963 0.7987846 0.4088516 0.8354426 0.4137105 0.7992731 0.4159766 0.9614207 0.4837375 0.9686853 0.5086425 0.9614207 0.4865176 0.7519423 0.4159766 0.7992731 0.4159766 0.7529863 0.4226881 0.9496239 0.4620912 0.9614207 0.4865176 0.9496239 0.466127 0.6853209 0.4275469 0.7529863 0.4226881 0.6878585 0.4335871 0.9337472 0.4431178 0.9496239 0.466127 0.9337476 0.4482546 0.576178 0.4431178 0.6878585 0.4335871 0.583474 0.4482546 0.9143039 0.4335871 0.9337472 0.4431178 0.9337476 0.4482546 0.378273 0.466127 0.576178 0.4431178 0.583474 0.4482546 0.8915486 0.4159766 0.9143039 0.4335871 0.8915977 0.4226881 0.08613473 0.4865176 0.3519107 0.4620912 0.378273 0.466127 0.8654612 0.4088516 0.8915977 0.4226881 0.8655799 0.4159766 0.05644208 0.5086425 0.07391113 0.4837375 0.08613473 0.4865176 0.8351972 0.4064459 0.8655799 0.4159766 0.8354426 0.4137105 0.9686853 0.5086425 0.9686853 0.5072253 0.9711382 0.5316519 0.1059792 0.5316519 0.05273872 0.5072253 0.05644208 0.5086425 0.3519107 0.4620912 0.5753755 0.4413833 0.576178 0.4431178 0.8915531 0.4137104 0.9142906 0.4275469 0.8915486 0.4159766 0.07391113 0.4837375 0.34509 0.4607284 0.3519107 0.4620912 0.8654942 0.4064458 0.8915486 0.4159766 0.8654612 0.4088516 0.05273872 0.5072253 0.0702337 0.4827989 0.07391113 0.4837375 0.8353057 0.4039928 0.8654612 0.4088516 0.8351972 0.4064459 0.9686853 0.5072253 0.9686853 0.5067467 0.9711382 0.5316519 0.1059792 0.5316519 0.05149686 0.5067467 0.05273872 0.5072253 0.7987846 0.4088516 0.8353057 0.4039928 0.8351972 0.4064459 0.9614207 0.4827989 0.9686853 0.5072253 0.9614207 0.4837375 0.7519423 0.4159766 0.799027 0.4064458 0.7987846 0.4088516 0.9496239 0.4607283 0.9614207 0.4837375 0.9496239 0.4620912 0.6853209 0.4275469 0.7523419 0.4137104 0.7519423 0.4159766 0.9337472 0.4431178 0.9496239 0.4607283 0.9496239 0.4620912 0.576178 0.4431178 0.6856987 0.4255073 0.6853209 0.4275469 0.9142906 0.4275469 0.9337471 0.4413833 0.9337472 0.4431178 0.34509 0.4607284 0.5753755 0.4413833 0.5815201 0.4431178 0.8915531 0.4137104 0.9142895 0.4255073 0.9143006 0.4275467 0.0702337 0.4827989 0.34509 0.4607284 0.3612707 0.462091 0.8915531 0.4137104 0.8916088 0.4159765 0.8656715 0.4088516 0.05149686 0.5067467 0.0702337 0.4827989 0.07439804 0.4837375 0.8654942 0.4064458 0.8656715 0.4088516 0.8357501 0.4064458 0.8353057 0.4039928 0.8357501 0.4064458 0.7999691 0.4088516 0.9686853 0.5067467 0.9686853 0.5072253 0.9614207 0.4837375 0.7523419 0.4137104 0.799027 0.4064458 0.7999691 0.4088516 0.9496239 0.4607283 0.9614207 0.4827989 0.9614207 0.4837375 0.7523419 0.4137104 0.7541511 0.4159765 0.689025 0.4275467 0.9337471 0.4413833 0.9496239 0.4607283 0.9496239 0.462091 0.5753755 0.4413833 0.6856987 0.4255073 0.689025 0.4275467 0.9142895 0.4255073 0.9337471 0.4413833 0.9337472 0.4431178 0.9337472 0.4431178 0.9496239 0.462091 0.9496239 0.466127 0.5815201 0.4431178 0.689025 0.4275467 0.6948342 0.4335871 0.9143006 0.4275467 0.9337472 0.4431178 0.9337476 0.4482546 0.3612707 0.462091 0.5815201 0.4431178 0.5935145 0.4482546 0.9143006 0.4275467 0.9143206 0.4335871 0.8917053 0.4226881 0.3612707 0.462091 0.3950271 0.466127 0.08872753 0.4865176 0.8916088 0.4159765 0.8917053 0.4226881 0.8659644 0.4159765 0.07439804 0.4837375 0.08872753 0.4865176 0.05651944 0.5086425 0.8656715 0.4088516 0.8659644 0.4159765 0.8364685 0.4137104 0.8357501 0.4064458 0.8364685 0.4137104 0.8014895 0.4159765 0.9686853 0.5072253 0.9686853 0.5086425 0.9614207 0.4865176 0.7999691 0.4088516 0.8014895 0.4159765 0.7571329 0.4226881 0.9496239 0.462091 0.9614207 0.4837375 0.9614207 0.4865176 0.689025 0.4275467 0.7541511 0.4159765 0.7571329 0.4226881 0.8659644 0.4159765 0.8663319 0.4275467 0.8373686 0.4255073 0.8364685 0.4137104 0.8373686 0.4255073 0.803403 0.4275469 0.9686853 0.5086425 0.9686853 0.5109441 0.9614207 0.4910321 0.8014895 0.4159765 0.803403 0.4275469 0.7609159 0.4335871 0.9614207 0.4865176 0.9614207 0.4910321 0.9496239 0.4726811 0.6948342 0.4335871 0.7571329 0.4226881 0.7609159 0.4335871 0.9496239 0.466127 0.9496239 0.4726811 0.9337477 0.4565963 0.5935145 0.4482546 0.6948342 0.4335871 0.7023113 0.4433959 0.9337476 0.4482546 0.9337477 0.4565963 0.9143449 0.4433959 0.3950271 0.466127 0.5935145 0.4482546 0.6092185 0.4565963 0.9143206 0.4335871 0.9143449 0.4433959 0.8918264 0.4335871 0.3950271 0.466127 0.436587 0.4726811 0.1203126 0.4910321 0.8917053 0.4226881 0.8918264 0.4335871 0.8663319 0.4275467 0.08872753 0.4865176 0.1203126 0.4910321 0.06357264 0.5109441 0.7023113 0.4433959 0.7105383 0.4565963 0.6263366 0.4678224 0.9337477 0.4565963 0.9337477 0.4678224 0.9143682 0.4565963 0.436587 0.4726811 0.6092185 0.4565963 0.6263366 0.4678224 0.9143449 0.4433959 0.9143682 0.4565963 0.8919538 0.4482546 0.436587 0.4726811 0.4781594 0.4815014 0.1826202 0.4971075 0.8918264 0.4335871 0.8919538 0.4482546 0.8667275 0.4431178 0.1203126 0.4910321 0.1826202 0.4971075 0.07489317 0.5140413 0.8663319 0.4275467 0.8667275 0.4431178 0.8383501 0.4413833 0.8373686 0.4255073 0.8383501 0.4413833 0.805504 0.4431178 0.9686853 0.5109441 0.9686853 0.5140413 0.9614207 0.4971075 0.7609159 0.4335871 0.803403 0.4275469 0.805504 0.4431178 0.9614207 0.4910321 0.9614207 0.4971075 0.9496239 0.4815014 0.7609159 0.4335871 0.7650871 0.4482546 0.7105383 0.4565963 0.9496239 0.4726811 0.9496239 0.4815014 0.9337477 0.4678224 0.8383501 0.4413833 0.8393217 0.4607283 0.8076046 0.4620912 0.9686853 0.5140413 0.9686853 0.5178154 0.9614207 0.5045105 0.7650871 0.4482546 0.805504 0.4431178 0.8076046 0.4620912 0.9614207 0.4971075 0.9614207 0.5045105 0.9496239 0.4922489 0.7650871 0.4482546 0.7692776 0.466127 0.7187374 0.4726811 0.9496239 0.4815014 0.9496239 0.4922489 0.9337477 0.4815014 0.7105383 0.4565963 0.7187374 0.4726811 0.6430676 0.4815014 0.9337477 0.4678224 0.9337477 0.4815014 0.9143866 0.4726811 0.6263366 0.4678224 0.6430676 0.4815014 0.5157064 0.4922489 0.9143682 0.4565963 0.9143866 0.4726811 0.8920722 0.4661269 0.4781594 0.4815014 0.5157064 0.4922489 0.2734501 0.5045105 0.8919538 0.4482546 0.8920722 0.4661269 0.8671098 0.462091 0.1826202 0.4971075 0.2734501 0.5045105 0.09224563 0.5178154 0.8667275 0.4431178 0.8671098 0.462091 0.8393217 0.4607283 0.5157064 0.4922489 0.6430676 0.4815014 0.6583098 0.4971075 0.9143866 0.4726811 0.9143972 0.4910321 0.8921698 0.4865176 0.2734501 0.5045105 0.5157064 0.4922489 0.5474933 0.5045105 0.8920722 0.4661269 0.8921698 0.4865176 0.8674512 0.4837375 0.2734501 0.5045105 0.3498009 0.5129565 0.118204 0.5221211 0.8671098 0.462091 0.8674512 0.4837375 0.8402138 0.4827989 0.8393217 0.4607283 0.8402138 0.4827989 0.809563 0.4837375 0.9686853 0.5178154 0.9686853 0.5221211 0.9614207 0.5129565 0.8076046 0.4620912 0.809563 0.4837375 0.773213 0.4865176 0.9614207 0.5045105 0.9614207 0.5129565 0.9496239 0.5045105 0.7187374 0.4726811 0.7692776 0.466127 0.773213 0.4865176 0.9496239 0.4922489 0.9496239 0.5045105 0.9337477 0.4971075 0.7187374 0.4726811 0.7263596 0.4910321 0.6583098 0.4971075 0.9337477 0.4815014 0.9337477 0.4971075 0.9143972 0.4910321 0.9686853 0.5221211 0.9686853 0.5267932 0.9614207 0.5221211 0.809563 0.4837375 0.8112936 0.5072253 0.7767227 0.5086425 0.9614207 0.5129565 0.9614207 0.5221211 0.9496239 0.5178154 0.773213 0.4865176 0.7767227 0.5086425 0.7331016 0.5109441 0.9496239 0.5045105 0.9496239 0.5178154 0.9337477 0.5140413 0.6583098 0.4971075 0.7263596 0.4910321 0.7331016 0.5109441 0.9337477 0.4971075 0.9337477 0.5140413 0.914402 0.5109441 0.5474933 0.5045105 0.6583098 0.4971075 0.6715339 0.5140413 0.9143972 0.4910321 0.914402 0.5109441 0.8922419 0.5086425 0.3498009 0.5129565 0.5474933 0.5045105 0.5738513 0.5178154 0.8921698 0.4865176 0.8922419 0.5086425 0.8677345 0.5072253 0.3498009 0.5129565 0.4065937 0.5221211 0.1553918 0.5267932 0.8674512 0.4837375 0.8677345 0.5072253 0.8409832 0.5067467 0.8402138 0.4827989 0.8409832 0.5067467 0.8112936 0.5072253 0.8922419 0.5086425 0.914402 0.5109441 0.9144027 0.5316519 0.4065937 0.5221211 0.5738513 0.5178154 0.595362 0.5316519 0.8677345 0.5072253 0.8922419 0.5086425 0.8922891 0.5316519 0.4065937 0.5221211 0.4496027 0.5316519 0.2033335 0.5316519 0.8409832 0.5067467 0.8677345 0.5072253 0.8679543 0.5316519 0.8112936 0.5072253 0.8409832 0.5067467 0.8416142 0.5316519 0.9686853 0.5267932 0.9686853 0.5316519 0.9614207 0.5316519 0.8112936 0.5072253 0.812757 0.5316519 0.7797251 0.5316519 0.9614207 0.5221211 0.9614207 0.5316519 0.9496239 0.5316519 0.7331016 0.5109441 0.7767227 0.5086425 0.7797251 0.5316519 0.9496239 0.5178154 0.9496239 0.5316519 0.9337477 0.5316519 0.6715339 0.5140413 0.7331016 0.5109441 0.7388506 0.5316519 0.914402 0.5109441 0.9337477 0.5140413 0.9337477 0.5316519 0.5738513 0.5178154 0.6715339 0.5140413 0.6825953 0.5316519 0.7797251 0.5316519 0.812757 0.5316519 0.8139491 0.5560783 0.9496239 0.5316519 0.9614207 0.5316519 0.9614207 0.5411826 0.7388506 0.5316519 0.7797251 0.5316519 0.782204 0.554661 0.9337477 0.5316519 0.9496239 0.5316519 0.9496239 0.5454882 0.7388506 0.5316519 0.7436095 0.5523595 0.6916274 0.5492623 0.9144027 0.5316519 0.9337477 0.5316519 0.9337477 0.5492623 0.595362 0.5316519 0.6825953 0.5316519 0.6916274 0.5492623 0.8922891 0.5316519 0.9144027 0.5316519 0.9144027 0.5523595 0.595362 0.5316519 0.6126134 0.5454884 0.4825261 0.5411826 0.8679543 0.5316519 0.8922891 0.5316519 0.8923162 0.554661 0.4496027 0.5316519 0.4825261 0.5411826 0.2541983 0.5365104 0.8416142 0.5316519 0.8679543 0.5316519 0.8681142 0.5560783 0.812757 0.5316519 0.8416142 0.5316519 0.842107 0.5565569 0.9614207 0.5316519 0.9686853 0.5316519 0.9686853 0.5365104 0.6126134 0.5454884 0.6261924 0.558793 0.5077602 0.5503471 0.8681142 0.5560783 0.8923162 0.554661 0.892328 0.576786 0.4825261 0.5411826 0.5077602 0.5503471 0.2967506 0.5411826 0.842107 0.5565569 0.8681142 0.5560783 0.8682225 0.5795661 0.8139491 0.5560783 0.842107 0.5565569 0.8424764 0.5805048 0.9614207 0.5411826 0.9686853 0.5365104 0.9686853 0.5411826 0.782204 0.554661 0.8139491 0.5560783 0.814885 0.5795661 0.9496239 0.5454882 0.9614207 0.5411826 0.9614207 0.5503471 0.7436095 0.5523595 0.782204 0.554661 0.7841861 0.576786 0.9337477 0.5492623 0.9496239 0.5454882 0.9496239 0.558793 0.7436095 0.5523595 0.7474352 0.5722717 0.6988161 0.5661961 0.9144027 0.5523595 0.9337477 0.5492623 0.9337477 0.5661961 0.6126134 0.5454884 0.6916274 0.5492623 0.6988161 0.5661961 0.8923162 0.554661 0.9144027 0.5523595 0.9144027 0.5722717 0.9496239 0.558793 0.9614207 0.5503471 0.9614207 0.558793 0.7841861 0.576786 0.7857192 0.5971765 0.7504161 0.5906225 0.9337477 0.5661961 0.9496239 0.558793 0.9496239 0.5710548 0.7474352 0.5722717 0.7504161 0.5906225 0.7043827 0.5818024 0.9144027 0.5722717 0.9337477 0.5661961 0.9337477 0.5818024 0.6988161 0.5661961 0.7043827 0.5818024 0.6366328 0.5710547 0.892328 0.576786 0.9144027 0.5722717 0.9144027 0.5906225 0.6261924 0.558793 0.6366328 0.5710547 0.5267392 0.558793 0.8682225 0.5795661 0.892328 0.576786 0.8923317 0.5971767 0.5077602 0.5503471 0.5267392 0.558793 0.3289452 0.5454882 0.8424764 0.5805048 0.8682225 0.5795661 0.868291 0.6012126 0.814885 0.5795661 0.8424764 0.5805048 0.8427435 0.6025753 0.9614207 0.5503471 0.9686853 0.5411826 0.9686853 0.5454882 0.7841861 0.576786 0.814885 0.5795661 0.815594 0.6012126 0.8923317 0.5971767 0.8923323 0.6150491 0.8683319 0.6201859 0.5267392 0.558793 0.5408011 0.566196 0.3527706 0.5492623 0.868291 0.6012126 0.8683319 0.6201859 0.8429293 0.6219203 0.8427435 0.6025753 0.8429293 0.6219203 0.8161103 0.6201859 0.9614207 0.558793 0.9686853 0.5454882 0.9686853 0.5492623 0.815594 0.6012126 0.8161103 0.6201859 0.7868532 0.6150491 0.9496239 0.5710548 0.9614207 0.558793 0.9614207 0.5661961 0.7504161 0.5906225 0.7857192 0.5971765 0.7868532 0.6150491 0.9496239 0.5710548 0.9496239 0.5818024 0.9337477 0.5954812 0.7043827 0.5818024 0.7504161 0.5906225 0.7526415 0.6067072 0.9337477 0.5818024 0.9337477 0.5954812 0.9144027 0.6067074 0.7043827 0.5818024 0.7085334 0.5954812 0.6444007 0.5818024 0.9144027 0.5906225 0.9144027 0.6067074 0.8923323 0.6150491 0.6366328 0.5710547 0.6444007 0.5818024 0.5408011 0.566196 0.7868532 0.6150491 0.7876417 0.6297165 0.7541946 0.6199076 0.9496239 0.5818024 0.9496239 0.5906225 0.9337477 0.6067074 0.7526415 0.6067072 0.7541946 0.6199076 0.7114256 0.6067072 0.9337477 0.5954812 0.9337477 0.6067074 0.9144027 0.6199077 0.7085334 0.5954812 0.7114256 0.6067072 0.6498462 0.5906225 0.9144027 0.6067074 0.9144027 0.6199077 0.8923323 0.6297166 0.5408011 0.566196 0.6444007 0.5818024 0.6498462 0.5906225 0.8923323 0.6150491 0.8923323 0.6297166 0.8683545 0.6357568 0.5408011 0.566196 0.5507475 0.5722717 0.3697395 0.5523595 0.8683319 0.6201859 0.8683545 0.6357568 0.8430517 0.6377963 0.8429293 0.6219203 0.8430517 0.6377963 0.816464 0.6357567 0.9614207 0.5661961 0.9686853 0.5492623 0.9686853 0.5523595 0.8161103 0.6201859 0.816464 0.6357567 0.7876417 0.6297165 0.9614207 0.5661961 0.9614207 0.5722717 0.9496239 0.5906225 0.5507475 0.5722717 0.5571211 0.576786 0.3808408 0.554661 0.8683545 0.6357568 0.8683664 0.647327 0.8431257 0.6495933 0.8430517 0.6377963 0.8431257 0.6495933 0.8166815 0.6473272 0.9614207 0.5722717 0.9686853 0.5523595 0.9686853 0.554661 0.816464 0.6357567 0.8166815 0.6473272 0.7881226 0.6406154 0.9614207 0.5722717 0.9614207 0.576786 0.9496239 0.5971767 0.7541946 0.6199076 0.7876417 0.6297165 0.7881226 0.6406154 0.9496239 0.5906225 0.9496239 0.5971767 0.9337477 0.6150491 0.7541946 0.6199076 0.7551378 0.6297163 0.713186 0.6150491 0.9337477 0.6067074 0.9337477 0.6150491 0.9144027 0.6297166 0.7114256 0.6067072 0.713186 0.6150491 0.6532303 0.5971765 0.9144027 0.6199077 0.9144027 0.6297166 0.8923323 0.6406155 0.6498462 0.5906225 0.6532303 0.5971765 0.5571211 0.576786 0.8923323 0.6297166 0.8923323 0.6406155 0.8683664 0.647327 0.713186 0.6150491 0.7551378 0.6297163 0.755509 0.6357565 0.9337477 0.6150491 0.9337477 0.6201859 0.9144027 0.6357567 0.6532303 0.5971765 0.713186 0.6150491 0.7138947 0.6201857 0.9144027 0.6297166 0.9144027 0.6357567 0.8923323 0.647327 0.6532303 0.5971765 0.6547263 0.6012126 0.5602627 0.5795661 0.8923323 0.6406155 0.8923323 0.647327 0.8683713 0.654452 0.5571211 0.576786 0.5602627 0.5795661 0.3866701 0.5560783 0.8683664 0.647327 0.8683713 0.654452 0.8431607 0.6568577 0.8431257 0.6495933 0.8431607 0.6568577 0.816779 0.6544522 0.9614207 0.576786 0.9686853 0.554661 0.9686853 0.5560783 0.7881226 0.6406154 0.8166815 0.6473272 0.816779 0.6544522 0.9614207 0.576786 0.9614207 0.5795661 0.9496239 0.6012126 0.7881226 0.6406154 0.7883206 0.647327 0.755509 0.6357565 0.9496239 0.5971767 0.9496239 0.6012126 0.9337477 0.6201859 0.816779 0.6544522 0.8431607 0.6568577 0.8431619 0.6593107 0.9614207 0.5795661 0.9686853 0.5560783 0.9686853 0.5565569 0.7883206 0.647327 0.816779 0.6544522 0.8167623 0.6568577 0.9614207 0.5795661 0.9614207 0.5805048 0.9496239 0.6025753 0.755509 0.6357565 0.7883206 0.647327 0.7882436 0.6495932 0.9496239 0.6012126 0.9496239 0.6025753 0.9337477 0.6219203 0.755509 0.6357565 0.7553238 0.6377962 0.713587 0.6219203 0.9337477 0.6201859 0.9337477 0.6219203 0.9144027 0.6377963 0.7138947 0.6201857 0.713587 0.6219203 0.6544297 0.6025751 0.9144027 0.6357567 0.9144027 0.6377963 0.8923323 0.6495933 0.6547263 0.6012126 0.6544297 0.6025751 0.5603603 0.5805047 0.8923323 0.647327 0.8923323 0.6495933 0.8683724 0.6568577 0.5602627 0.5795661 0.5603603 0.5805047 0.3875415 0.5565569 0.8683713 0.654452 0.8683724 0.6568577 0.8431619 0.6593107 0.9337477 0.6219203 0.9337477 0.6201859 0.9144027 0.6357567 0.6544297 0.6025751 0.713587 0.6219203 0.7122585 0.6201857 0.9144027 0.6377963 0.9144027 0.6357567 0.8923323 0.647327 0.6544297 0.6025751 0.6523594 0.6012124 0.5574652 0.5795661 0.8923323 0.6495933 0.8923323 0.647327 0.8683694 0.654452 0.3875415 0.5565569 0.5603603 0.5805047 0.5574652 0.5795661 0.8431619 0.6593107 0.8683724 0.6568577 0.8683694 0.654452 0.8167623 0.6568577 0.8431619 0.6593107 0.8431285 0.6568577 0.9686853 0.5565569 0.9686853 0.5560783 0.9614207 0.5795661 0.7882436 0.6495932 0.8167623 0.6568577 0.8166273 0.654452 0.9614207 0.5805048 0.9614207 0.5795661 0.9496239 0.6012126 0.7553238 0.6377962 0.7882436 0.6495932 0.7878831 0.647327 0.9496239 0.6025753 0.9496239 0.6012126 0.9337477 0.6201859 0.713587 0.6219203 0.7553238 0.6377962 0.7545731 0.6357565 0.8431285 0.6568577 0.8430536 0.6495932 0.8163589 0.647327 0.9686853 0.5560783 0.9686853 0.554661 0.9614207 0.576786 0.8166273 0.654452 0.8163589 0.647327 0.7872149 0.6406154 0.9614207 0.5795661 0.9614207 0.576786 0.9496239 0.5971767 0.7545731 0.6357565 0.7878831 0.647327 0.7872149 0.6406154 0.9496239 0.6012126 0.9496239 0.5971767 0.9337477 0.6150491 0.7122585 0.6201857 0.7545731 0.6357565 0.7532244 0.6297163 0.9337477 0.6201859 0.9337477 0.6150491 0.9144027 0.6297166 0.7122585 0.6201857 0.7098683 0.6150491 0.648469 0.5971765 0.9144027 0.6357567 0.9144027 0.6297166 0.8923323 0.6406155 0.5574652 0.5795661 0.6523594 0.6012124 0.648469 0.5971765 0.8923323 0.647327 0.8923323 0.6406155 0.8683606 0.647327 0.3835395 0.5560783 0.5574652 0.5795661 0.551495 0.576786 0.8431285 0.6568577 0.8683694 0.654452 0.8683606 0.647327 0.7098683 0.6150491 0.7063429 0.6067072 0.6426419 0.5906225 0.8923323 0.6406155 0.9144027 0.6297166 0.9144027 0.6199077 0.551495 0.576786 0.648469 0.5971765 0.6426419 0.5906225 0.8683606 0.647327 0.8923323 0.6406155 0.8923323 0.6297166 0.3745174 0.554661 0.551495 0.576786 0.5422308 0.5722717 0.8683606 0.647327 0.868342 0.6357567 0.8429237 0.6377963 0.8430536 0.6495932 0.8429237 0.6377963 0.8159316 0.6357567 0.9686853 0.554661 0.9686853 0.5523595 0.9614207 0.5722717 0.7872149 0.6406154 0.8163589 0.647327 0.8159316 0.6357567 0.9614207 0.576786 0.9614207 0.5722717 0.9496239 0.5906225 0.7532244 0.6297163 0.7872149 0.6406154 0.7862018 0.6297165 0.9496239 0.5971767 0.9496239 0.5906225 0.9337477 0.6067074 0.7532244 0.6297163 0.7512265 0.6199076 0.7063429 0.6067072 0.9337477 0.6150491 0.9337477 0.6067074 0.9144027 0.6199077 0.9686853 0.5523595 0.9686853 0.5492623 0.9614207 0.5661961 0.8159316 0.6357567 0.8153101 0.6201859 0.7847952 0.6150491 0.9614207 0.5722717 0.9614207 0.5661961 0.9496239 0.5818024 0.7862018 0.6297165 0.7847952 0.6150491 0.7485162 0.6067072 0.9337477 0.6067074 0.9496239 0.5906225 0.9496239 0.5818024 0.7063429 0.6067072 0.7512265 0.6199076 0.7485162 0.6067072 0.9144027 0.6199077 0.9337477 0.6067074 0.9337477 0.5954812 0.6426419 0.5906225 0.7063429 0.6067072 0.7015786 0.5954812 0.8923323 0.6297166 0.9144027 0.6199077 0.9144027 0.6067072 0.6426419 0.5906225 0.6347054 0.5818023 0.5292798 0.5661961 0.868342 0.6357567 0.8923323 0.6297166 0.8923323 0.6150491 0.3600903 0.5523595 0.5422308 0.5722717 0.5292798 0.5661961 0.8429237 0.6377963 0.868342 0.6357567 0.8683048 0.6201859 0.8159316 0.6357567 0.8429237 0.6377963 0.842719 0.6219203 0.8923323 0.6150491 0.9144027 0.6067072 0.9144027 0.5906225 0.6347054 0.5818023 0.6244251 0.5710547 0.5120481 0.558793 0.8683048 0.6201859 0.8923323 0.6150491 0.8923316 0.5971767 0.3395739 0.5492623 0.5292798 0.5661961 0.5120481 0.558793 0.842719 0.6219203 0.8683048 0.6201859 0.8682367 0.6012126 0.842719 0.6219203 0.8424155 0.6025751 0.814459 0.6012124 0.9686853 0.5492623 0.9686853 0.5454882 0.9614207 0.558793 0.8153101 0.6201859 0.814459 0.6012124 0.7829457 0.5971765 0.9614207 0.5661961 0.9614207 0.558793 0.9496239 0.5710548 0.7847952 0.6150491 0.7829457 0.5971765 0.7450222 0.5906225 0.9337477 0.5954812 0.9496239 0.5818024 0.9496239 0.5710548 0.7485162 0.6067072 0.7450222 0.5906225 0.6954531 0.5818024 0.9144027 0.6067072 0.9337477 0.5954812 0.9337477 0.5818024 0.7015786 0.5954812 0.6954531 0.5818024 0.6244251 0.5710547 0.7829457 0.5971765 0.814459 0.6012124 0.8133423 0.5795661 0.9614207 0.558793 0.9614207 0.5503471 0.9496239 0.558793 0.7829457 0.5971765 0.7806087 0.576786 0.7406818 0.5722717 0.9337477 0.5818024 0.9496239 0.5710548 0.9496239 0.558793 0.7450222 0.5906225 0.7406818 0.5722717 0.6878437 0.5661961 0.9144027 0.5906225 0.9337477 0.5818024 0.9337477 0.5661961 0.6244251 0.5710547 0.6954531 0.5818024 0.6878437 0.5661961 0.8923316 0.5971767 0.9144027 0.5906225 0.9144027 0.5722717 0.5120481 0.558793 0.6244251 0.5710547 0.6114959 0.5587929 0.8682367 0.6012126 0.8923316 0.5971767 0.8923239 0.576786 0.3118178 0.5454882 0.5120481 0.558793 0.4896329 0.5503471 0.8424155 0.6025751 0.8682367 0.6012126 0.8681235 0.5795661 0.814459 0.6012124 0.8424155 0.6025751 0.8419872 0.5805047 0.9686853 0.5454882 0.9686853 0.5411826 0.9614207 0.5503471 0.4896329 0.5503471 0.6114959 0.5587929 0.5955268 0.5454882 0.8681235 0.5795661 0.8923239 0.576786 0.8923014 0.554661 0.2752873 0.5411826 0.4896329 0.5503471 0.4608647 0.5411826 0.8419872 0.5805047 0.8681235 0.5795661 0.8679504 0.5560783 0.8133423 0.5795661 0.8419872 0.5805047 0.8414109 0.5565567 0.9614207 0.5503471 0.9686853 0.5411826 0.9686853 0.5365104 0.8133423 0.5795661 0.8119384 0.5560781 0.7777637 0.554661 0.9614207 0.5503471 0.9614207 0.5411826 0.9496239 0.5454882 0.7406818 0.5722717 0.7806087 0.576786 0.7777637 0.554661 0.9496239 0.558793 0.9496239 0.5454882 0.9337477 0.5492623 0.6878437 0.5661961 0.7406818 0.5722717 0.7354549 0.5523595 0.9144027 0.5722717 0.9337477 0.5661961 0.9337477 0.5492623 0.6878437 0.5661961 0.6786407 0.5492623 0.5955268 0.5454882 0.8923239 0.576786 0.9144027 0.5722717 0.9144027 0.5523595 0.7777637 0.554661 0.7744235 0.5316519 0.7293431 0.5316519 0.9496239 0.5454882 0.9496239 0.5316519 0.9337477 0.5316519 0.7354549 0.5523595 0.7293431 0.5316519 0.6677739 0.5316519 0.9337477 0.5492623 0.9337477 0.5316519 0.9144027 0.5316519 0.6786407 0.5492623 0.6677739 0.5316519 0.5760539 0.5316519 0.8923014 0.554661 0.9144027 0.5523595 0.9144027 0.5316519 0.4608647 0.5411826 0.5955268 0.5454882 0.5760539 0.5316519 0.8679504 0.5560783 0.8923014 0.554661 0.8922563 0.5316519 0.2291469 0.5365104 0.4608647 0.5411826 0.4241012 0.5316519 0.8414109 0.5565567 0.8679504 0.5560783 0.8677066 0.5316519 0.8414109 0.5565567 0.8406782 0.5316519 0.8102508 0.5316519 0.9614207 0.5411826 0.9686853 0.5365104 0.9686853 0.5316519 0.8119384 0.5560781 0.8102508 0.5316519 0.7744235 0.5316519 0.9496239 0.5454882 0.9614207 0.5411826 0.9614207 0.5316519 0.1807729 0.5316519 0.4241012 0.5316519 0.3766659 0.5221211 0.8406782 0.5316519 0.8677066 0.5316519 0.8673896 0.5072253 0.8102508 0.5316519 0.8406782 0.5316519 0.8398011 0.5067467 0.9614207 0.5316519 0.9686853 0.5316519 0.9686853 0.5267932 0.7744235 0.5316519 0.8102508 0.5316519 0.8083198 0.5072253 0.9496239 0.5316519 0.9614207 0.5316519 0.9614207 0.5221211 0.7293431 0.5316519 0.7744235 0.5316519 0.7706547 0.5086425 0.9496239 0.5316519 0.9496239 0.5178154 0.9337477 0.5140413 0.6677739 0.5316519 0.7293431 0.5316519 0.7224263 0.5109441 0.9337477 0.5316519 0.9337477 0.5140413 0.9144015 0.5109441 0.5760539 0.5316519 0.6677739 0.5316519 0.6552455 0.5140413 0.8922563 0.5316519 0.9144027 0.5316519 0.9144015 0.5109441 0.4241012 0.5316519 0.5760539 0.5316519 0.5526123 0.5178154 0.8677066 0.5316519 0.8922563 0.5316519 0.8921817 0.5086425 0.9337477 0.5140413 0.9496239 0.5178154 0.9496239 0.5045105 0.7224263 0.5109441 0.7148947 0.4910321 0.6411681 0.4971075 0.9337477 0.5140413 0.9337477 0.4971075 0.9143926 0.4910321 0.5526123 0.5178154 0.6552455 0.5140413 0.6411681 0.4971075 0.9144015 0.5109441 0.9143926 0.4910321 0.8920773 0.4865176 0.3766659 0.5221211 0.5526123 0.5178154 0.5246566 0.5045105 0.8921817 0.5086425 0.8920773 0.4865176 0.867011 0.4837375 0.1396583 0.5267932 0.3766659 0.5221211 0.3148556 0.5129565 0.8673896 0.5072253 0.867011 0.4837375 0.8388178 0.4827988 0.8398011 0.5067467 0.8388178 0.4827988 0.8062238 0.4837375 0.9614207 0.5221211 0.9686853 0.5267932 0.9686853 0.5221211 0.7706547 0.5086425 0.8083198 0.5072253 0.8062238 0.4837375 0.9496239 0.5178154 0.9614207 0.5221211 0.9614207 0.5129565 0.7706547 0.5086425 0.7665988 0.4865176 0.7148947 0.4910321 0.867011 0.4837375 0.8665981 0.462091 0.8377971 0.4607283 0.8388178 0.4827988 0.8377971 0.4607283 0.8040929 0.462091 0.9614207 0.5129565 0.9686853 0.5221211 0.9686853 0.5178154 0.8062238 0.4837375 0.8040929 0.462091 0.7624802 0.466127 0.9496239 0.5045105 0.9614207 0.5129565 0.9614207 0.5045105 0.7148947 0.4910321 0.7665988 0.4865176 0.7624802 0.466127 0.9337477 0.4971075 0.9496239 0.5045105 0.9496239 0.4922489 0.7148947 0.4910321 0.7070825 0.4726811 0.6259508 0.4815014 0.9337477 0.4971075 0.9337477 0.4815014 0.9143757 0.4726811 0.6411681 0.4971075 0.6259508 0.4815014 0.4918552 0.4922489 0.9143926 0.4910321 0.9143757 0.4726811 0.8919509 0.466127 0.3148556 0.5129565 0.5246566 0.5045105 0.4918552 0.4922489 0.8920773 0.4865176 0.8919509 0.466127 0.8665981 0.462091 0.1090846 0.5221211 0.3148556 0.5129565 0.2341529 0.5045105 0.7070825 0.4726811 0.6994984 0.4565963 0.6103392 0.4678224 0.9337477 0.4815014 0.9337477 0.4678224 0.9143519 0.4565963 0.4918552 0.4922489 0.6259508 0.4815014 0.6103392 0.4678224 0.9143757 0.4726811 0.9143519 0.4565963 0.8918163 0.4482546 0.2341529 0.5045105 0.4918552 0.4922489 0.4547008 0.4815014 0.8665981 0.462091 0.8919509 0.466127 0.8918163 0.4482546 0.08765256 0.5178154 0.2341529 0.5045105 0.1577889 0.4971075 0.8377971 0.4607283 0.8665981 0.462091 0.8661901 0.4431178 0.8377971 0.4607283 0.8368268 0.4413833 0.8020941 0.4431178 0.9614207 0.5045105 0.9686853 0.5178154 0.9686853 0.5140413 0.8040929 0.462091 0.8020941 0.4431178 0.7585965 0.4482546 0.9496239 0.4922489 0.9614207 0.5045105 0.9614207 0.4971075 0.7624802 0.466127 0.7585965 0.4482546 0.6994984 0.4565963 0.9496239 0.4922489 0.9496239 0.4815014 0.9337477 0.4678224 0.8020941 0.4431178 0.8368268 0.4413833 0.8360106 0.4255074 0.9686853 0.5140413 0.9686853 0.5109441 0.9614207 0.4910321 0.7585965 0.4482546 0.8020941 0.4431178 0.8004253 0.4275469 0.9614207 0.4971075 0.9614207 0.4910321 0.9496239 0.4726811 0.6994984 0.4565963 0.7585965 0.4482546 0.7553084 0.4335871 0.9496239 0.4815014 0.9496239 0.4726811 0.9337477 0.4565963 0.6103392 0.4678224 0.6994984 0.4565963 0.6928313 0.4433959 0.9337477 0.4678224 0.9337477 0.4565963 0.9143261 0.4433959 0.4547008 0.4815014 0.6103392 0.4678224 0.5955718 0.4565963 0.9143519 0.4565963 0.9143261 0.4433959 0.8916921 0.4335871 0.1577889 0.4971075 0.4547008 0.4815014 0.4152863 0.4726811 0.8918163 0.4482546 0.8916921 0.4335871 0.8658343 0.4275469 0.07291662 0.5140413 0.1577889 0.4971075 0.1110403 0.4910321 0.8661901 0.4431178 0.8658343 0.4275469 0.8360106 0.4255074 0.9143261 0.4433959 0.9337477 0.4565963 0.9337476 0.4482546 0.4152863 0.4726811 0.5955718 0.4565963 0.583474 0.4482546 0.9143261 0.4433959 0.9143039 0.4335871 0.8915977 0.4226881 0.1110403 0.4910321 0.4152863 0.4726811 0.378273 0.466127 0.8916921 0.4335871 0.8915977 0.4226881 0.8655799 0.4159766 0.06293052 0.5109441 0.1110403 0.4910321 0.08613473 0.4865176 0.8658343 0.4275469 0.8655799 0.4159766 0.8354426 0.4137105 0.8004253 0.4275469 0.8360106 0.4255074 0.8354426 0.4137105 0.9686853 0.5109441 0.9686853 0.5086425 0.9614207 0.4865176 0.7553084 0.4335871 0.8004253 0.4275469 0.7992731 0.4159766 0.9614207 0.4910321 0.9614207 0.4865176 0.9496239 0.466127 0.7553084 0.4335871 0.7529863 0.4226881 0.6878585 0.4335871 0.9496239 0.4726811 0.9496239 0.466127 0.9337476 0.4482546 0.6928313 0.4433959 0.6878585 0.4335871 0.583474 0.4482546 0.8354426 0.4137105 0.8351972 0.4064459 0.7987846 0.4088516 0.9686853 0.5086425 0.9686853 0.5072253 0.9614207 0.4837375 0.7529863 0.4226881 0.7992731 0.4159766 0.7987846 0.4088516 0.9614207 0.4865176 0.9614207 0.4837375 0.9496239 0.4620912 0.7529863 0.4226881 0.7519423 0.4159766 0.6853209 0.4275469 0.9496239 0.466127 0.9496239 0.4620912 0.9337472 0.4431178 0.6878585 0.4335871 0.6853209 0.4275469 0.576178 0.4431178 0.9143039 0.4335871 0.9337476 0.4482546 0.9337472 0.4431178 0.583474 0.4482546 0.576178 0.4431178 0.3519107 0.4620912 0.8915977 0.4226881 0.9143039 0.4335871 0.9142906 0.4275469 0.08613473 0.4865176 0.378273 0.466127 0.3519107 0.4620912 0.8915977 0.4226881 0.8915486 0.4159766 0.8654612 0.4088516 0.05644208 0.5086425 0.08613473 0.4865176 0.07391113 0.4837375 0.8655799 0.4159766 0.8654612 0.4088516 0.8351972 0.4064459 0.3519107 0.4620912 0.576178 0.4431178 0.5753755 0.4413833 0.8915486 0.4159766 0.9142906 0.4275469 0.9142895 0.4255073 0.07391113 0.4837375 0.3519107 0.4620912 0.34509 0.4607284 0.8915486 0.4159766 0.8915531 0.4137104 0.8654942 0.4064458 0.05273872 0.5072253 0.07391113 0.4837375 0.0702337 0.4827989 0.8654612 0.4088516 0.8654942 0.4064458 0.8353057 0.4039928 0.7987846 0.4088516 0.8351972 0.4064459 0.8353057 0.4039928 0.9686853 0.5072253 0.9686853 0.5067467 0.9614207 0.4827989 0.7519423 0.4159766 0.7987846 0.4088516 0.799027 0.4064458 0.9614207 0.4837375 0.9614207 0.4827989 0.9496239 0.4607283 0.6853209 0.4275469 0.7519423 0.4159766 0.7523419 0.4137104 0.9337472 0.4431178 0.9496239 0.4620912 0.9496239 0.4607283 0.576178 0.4431178 0.6853209 0.4275469 0.6856987 0.4255073 0.9142906 0.4275469 0.9337472 0.4431178 0.9337471 0.4413833 0.34509 0.4607284 0.3612707 0.462091 0.5815201 0.4431178 0.8916088 0.4159765 0.9143006 0.4275467 0.9142895 0.4255073 0.0702337 0.4827989 0.07439804 0.4837375 0.3612707 0.462091 0.8656715 0.4088516 0.8916088 0.4159765 0.8915531 0.4137104 0.05149686 0.5067467 0.05268138 0.5072253 0.07439804 0.4837375 0.8357501 0.4064458 0.8656715 0.4088516 0.8654942 0.4064458 0.7999691 0.4088516 0.8357501 0.4064458 0.8353057 0.4039928 0.9614207 0.4837375 0.9686853 0.5072253 0.9686853 0.5067467 0.7523419 0.4137104 0.7541511 0.4159765 0.7999691 0.4088516 0.9496239 0.4607283 0.9496239 0.462091 0.9614207 0.4837375 0.6856987 0.4255073 0.689025 0.4275467 0.7541511 0.4159765 0.9337471 0.4413833 0.9337472 0.4431178 0.9496239 0.462091 0.5753755 0.4413833 0.5815201 0.4431178 0.689025 0.4275467 0.9142895 0.4255073 0.9143006 0.4275467 0.9337472 0.4431178 0.9337472 0.4431178 0.9337476 0.4482546 0.9496239 0.466127 0.5815201 0.4431178 0.5935145 0.4482546 0.6948342 0.4335871 0.9143006 0.4275467 0.9143206 0.4335871 0.9337476 0.4482546 0.3612707 0.462091 0.3950271 0.466127 0.5935145 0.4482546 0.8917053 0.4226881 0.9143206 0.4335871 0.9143006 0.4275467 0.08872753 0.4865176 0.3950271 0.466127 0.3612707 0.462091 0.8659644 0.4159765 0.8917053 0.4226881 0.8916088 0.4159765 0.05651944 0.5086425 0.08872753 0.4865176 0.07439804 0.4837375 0.8364685 0.4137104 0.8659644 0.4159765 0.8656715 0.4088516 0.8014895 0.4159765 0.8364685 0.4137104 0.8357501 0.4064458 0.9614207 0.4865176 0.9686853 0.5086425 0.9686853 0.5072253 0.7571329 0.4226881 0.8014895 0.4159765 0.7999691 0.4088516 0.9496239 0.462091 0.9496239 0.466127 0.9614207 0.4865176 0.689025 0.4275467 0.6948342 0.4335871 0.7571329 0.4226881 0.8373686 0.4255073 0.8663319 0.4275467 0.8659644 0.4159765 0.803403 0.4275469 0.8373686 0.4255073 0.8364685 0.4137104 0.9614207 0.4910321 0.9686853 0.5109441 0.9686853 0.5086425 0.7609159 0.4335871 0.803403 0.4275469 0.8014895 0.4159765 0.9496239 0.466127 0.9496239 0.4726811 0.9614207 0.4910321 0.7023113 0.4433959 0.7609159 0.4335871 0.7571329 0.4226881 0.9337476 0.4482546 0.9337477 0.4565963 0.9496239 0.4726811 0.6092185 0.4565963 0.7023113 0.4433959 0.6948342 0.4335871 0.9143449 0.4433959 0.9337477 0.4565963 0.9337476 0.4482546 0.436587 0.4726811 0.6092185 0.4565963 0.5935145 0.4482546 0.8918264 0.4335871 0.9143449 0.4433959 0.9143206 0.4335871 0.1203126 0.4910321 0.436587 0.4726811 0.3950271 0.466127 0.8663319 0.4275467 0.8918264 0.4335871 0.8917053 0.4226881 0.06357264 0.5109441 0.1203126 0.4910321 0.08872753 0.4865176 0.6263366 0.4678224 0.7105383 0.4565963 0.7023113 0.4433959 0.9143682 0.4565963 0.9337477 0.4678224 0.9337477 0.4565963 0.4781594 0.4815014 0.6263366 0.4678224 0.6092185 0.4565963 0.8919538 0.4482546 0.9143682 0.4565963 0.9143449 0.4433959 0.1826202 0.4971075 0.4781594 0.4815014 0.436587 0.4726811 0.8667275 0.4431178 0.8919538 0.4482546 0.8918264 0.4335871 0.07489317 0.5140413 0.1826202 0.4971075 0.1203126 0.4910321 0.8383501 0.4413833 0.8667275 0.4431178 0.8663319 0.4275467 0.805504 0.4431178 0.8383501 0.4413833 0.8373686 0.4255073 0.9614207 0.4971075 0.9686853 0.5140413 0.9686853 0.5109441 0.7650871 0.4482546 0.805504 0.4431178 0.803403 0.4275469 0.9496239 0.4815014 0.9614207 0.4971075 0.9614207 0.4910321 0.7105383 0.4565963 0.7650871 0.4482546 0.7609159 0.4335871 0.9337477 0.4678224 0.9496239 0.4815014 0.9496239 0.4726811 0.8076046 0.4620912 0.8393217 0.4607283 0.8383501 0.4413833 0.9614207 0.5045105 0.9686853 0.5178154 0.9686853 0.5140413 0.7650871 0.4482546 0.7692776 0.466127 0.8076046 0.4620912 0.9496239 0.4922489 0.9614207 0.5045105 0.9614207 0.4971075 0.7187374 0.4726811 0.7692776 0.466127 0.7650871 0.4482546 0.9337477 0.4815014 0.9496239 0.4922489 0.9496239 0.4815014 0.6430676 0.4815014 0.7187374 0.4726811 0.7105383 0.4565963 0.9143866 0.4726811 0.9337477 0.4815014 0.9337477 0.4678224 0.5157064 0.4922489 0.6430676 0.4815014 0.6263366 0.4678224 0.8920722 0.4661269 0.9143866 0.4726811 0.9143682 0.4565963 0.2734501 0.5045105 0.5157064 0.4922489 0.4781594 0.4815014 0.8671098 0.462091 0.8920722 0.4661269 0.8919538 0.4482546 0.09224563 0.5178154 0.2734501 0.5045105 0.1826202 0.4971075 0.8393217 0.4607283 0.8671098 0.462091 0.8667275 0.4431178 0.5157064 0.4922489 0.5474933 0.5045105 0.6583098 0.4971075 0.8921698 0.4865176 0.9143972 0.4910321 0.9143866 0.4726811 0.3498009 0.5129565 0.5474933 0.5045105 0.5157064 0.4922489 0.8674512 0.4837375 0.8921698 0.4865176 0.8920722 0.4661269 0.118204 0.5221211 0.3498009 0.5129565 0.2734501 0.5045105 0.8402138 0.4827989 0.8674512 0.4837375 0.8671098 0.462091 0.809563 0.4837375 0.8402138 0.4827989 0.8393217 0.4607283 0.9614207 0.5129565 0.9686853 0.5221211 0.9686853 0.5178154 0.773213 0.4865176 0.809563 0.4837375 0.8076046 0.4620912 0.9496239 0.5045105 0.9614207 0.5129565 0.9614207 0.5045105 0.7263596 0.4910321 0.773213 0.4865176 0.7692776 0.466127 0.9337477 0.4971075 0.9496239 0.5045105 0.9496239 0.4922489 0.6583098 0.4971075 0.7263596 0.4910321 0.7187374 0.4726811 0.9143972 0.4910321 0.9337477 0.4971075 0.9337477 0.4815014 0.9614207 0.5221211 0.9686853 0.5267932 0.9686853 0.5221211 0.7767227 0.5086425 0.8112936 0.5072253 0.809563 0.4837375 0.9496239 0.5178154 0.9614207 0.5221211 0.9614207 0.5129565 0.7331016 0.5109441 0.7767227 0.5086425 0.773213 0.4865176 0.9337477 0.5140413 0.9496239 0.5178154 0.9496239 0.5045105 0.6583098 0.4971075 0.6715339 0.5140413 0.7331016 0.5109441 0.914402 0.5109441 0.9337477 0.5140413 0.9337477 0.4971075 0.5474933 0.5045105 0.5738513 0.5178154 0.6715339 0.5140413 0.8922419 0.5086425 0.914402 0.5109441 0.9143972 0.4910321 0.4065937 0.5221211 0.5738513 0.5178154 0.5474933 0.5045105 0.8677345 0.5072253 0.8922419 0.5086425 0.8921698 0.4865176 0.1553918 0.5267932 0.4065937 0.5221211 0.3498009 0.5129565 0.8409832 0.5067467 0.8677345 0.5072253 0.8674512 0.4837375 0.8112936 0.5072253 0.8409832 0.5067467 0.8402138 0.4827989 0.8922419 0.5086425 0.8922891 0.5316519 0.9144027 0.5316519 0.4496027 0.5316519 0.595362 0.5316519 0.5738513 0.5178154 0.8677345 0.5072253 0.8679543 0.5316519 0.8922891 0.5316519 0.2033335 0.5316519 0.4496027 0.5316519 0.4065937 0.5221211 0.8416142 0.5316519 0.8679543 0.5316519 0.8677345 0.5072253 0.812757 0.5316519 0.8416142 0.5316519 0.8409832 0.5067467 0.9614207 0.5316519 0.9686853 0.5316519 0.9686853 0.5267932 0.7797251 0.5316519 0.812757 0.5316519 0.8112936 0.5072253 0.9496239 0.5316519 0.9614207 0.5316519 0.9614207 0.5221211 0.7331016 0.5109441 0.7388506 0.5316519 0.7797251 0.5316519 0.9337477 0.5316519 0.9496239 0.5316519 0.9496239 0.5178154 0.6715339 0.5140413 0.6825953 0.5316519 0.7388506 0.5316519 0.9144027 0.5316519 0.9337477 0.5316519 0.9337477 0.5140413 0.5738513 0.5178154 0.595362 0.5316519 0.6825953 0.5316519 0.7797251 0.5316519 0.782204 0.554661 0.8139491 0.5560783 0.9496239 0.5454882 0.9614207 0.5411826 0.9614207 0.5316519 0.7436095 0.5523595 0.782204 0.554661 0.7797251 0.5316519 0.9337477 0.5492623 0.9496239 0.5454882 0.9496239 0.5316519 0.6916274 0.5492623 0.7436095 0.5523595 0.7388506 0.5316519 0.9144027 0.5316519 0.9144027 0.5523595 0.9337477 0.5492623 0.6126134 0.5454884 0.6916274 0.5492623 0.6825953 0.5316519 0.8922891 0.5316519 0.8923162 0.554661 0.9144027 0.5523595 0.4825261 0.5411826 0.6126134 0.5454884 0.595362 0.5316519 0.8679543 0.5316519 0.8681142 0.5560783 0.8923162 0.554661 0.2541983 0.5365104 0.4825261 0.5411826 0.4496027 0.5316519 0.8416142 0.5316519 0.842107 0.5565569 0.8681142 0.5560783 0.812757 0.5316519 0.8139491 0.5560783 0.842107 0.5565569 0.9614207 0.5411826 0.9686853 0.5365104 0.9686853 0.5316519 0.5077602 0.5503471 0.6261924 0.558793 0.6126134 0.5454884 0.8681142 0.5560783 0.8682225 0.5795661 0.892328 0.576786 0.2967506 0.5411826 0.5077602 0.5503471 0.4825261 0.5411826 0.842107 0.5565569 0.8424764 0.5805048 0.8682225 0.5795661 0.8139491 0.5560783 0.814885 0.5795661 0.8424764 0.5805048 0.9614207 0.5503471 0.9686853 0.5411826 0.9686853 0.5365104 0.782204 0.554661 0.7841861 0.576786 0.814885 0.5795661 0.9496239 0.558793 0.9614207 0.5503471 0.9614207 0.5411826 0.7436095 0.5523595 0.7474352 0.5722717 0.7841861 0.576786 0.9337477 0.5661961 0.9496239 0.558793 0.9496239 0.5454882 0.6988161 0.5661961 0.7474352 0.5722717 0.7436095 0.5523595 0.9144027 0.5523595 0.9144027 0.5722717 0.9337477 0.5661961 0.6261924 0.558793 0.6988161 0.5661961 0.6916274 0.5492623 0.8923162 0.554661 0.892328 0.576786 0.9144027 0.5722717 0.9496239 0.5710548 0.9614207 0.558793 0.9614207 0.5503471 0.7474352 0.5722717 0.7504161 0.5906225 0.7857192 0.5971765 0.9337477 0.5818024 0.9496239 0.5710548 0.9496239 0.558793 0.6988161 0.5661961 0.7043827 0.5818024 0.7504161 0.5906225 0.9144027 0.5722717 0.9144027 0.5906225 0.9337477 0.5818024 0.6366328 0.5710547 0.7043827 0.5818024 0.6988161 0.5661961 0.892328 0.576786 0.8923317 0.5971767 0.9144027 0.5906225 0.5267392 0.558793 0.6366328 0.5710547 0.6261924 0.558793 0.8682225 0.5795661 0.868291 0.6012126 0.8923317 0.5971767 0.3289452 0.5454882 0.5267392 0.558793 0.5077602 0.5503471 0.8424764 0.5805048 0.8427435 0.6025753 0.868291 0.6012126 0.814885 0.5795661 0.815594 0.6012126 0.8427435 0.6025753 0.9614207 0.5503471 0.9614207 0.558793 0.9686853 0.5454882 0.7841861 0.576786 0.7857192 0.5971765 0.815594 0.6012126 0.8683319 0.6201859 0.8923323 0.6150491 0.8923317 0.5971767 0.3527706 0.5492623 0.5408011 0.566196 0.5267392 0.558793 0.8429293 0.6219203 0.8683319 0.6201859 0.868291 0.6012126 0.8161103 0.6201859 0.8429293 0.6219203 0.8427435 0.6025753 0.9614207 0.558793 0.9614207 0.5661961 0.9686853 0.5492623 0.7857192 0.5971765 0.7868532 0.6150491 0.8161103 0.6201859 0.9496239 0.5818024 0.9614207 0.5661961 0.9614207 0.558793 0.7504161 0.5906225 0.7526415 0.6067072 0.7868532 0.6150491 0.9337477 0.5954812 0.9496239 0.5818024 0.9496239 0.5710548 0.7043827 0.5818024 0.7085334 0.5954812 0.7526415 0.6067072 0.9144027 0.6067074 0.9337477 0.5954812 0.9337477 0.5818024 0.6366328 0.5710547 0.6444007 0.5818024 0.7085334 0.5954812 0.8923323 0.6150491 0.9144027 0.6067074 0.9144027 0.5906225 0.5408011 0.566196 0.6444007 0.5818024 0.6366328 0.5710547 0.7541946 0.6199076 0.7876417 0.6297165 0.7868532 0.6150491 0.9337477 0.6067074 0.9496239 0.5906225 0.9496239 0.5818024 0.7114256 0.6067072 0.7541946 0.6199076 0.7526415 0.6067072 0.9144027 0.6199077 0.9337477 0.6067074 0.9337477 0.5954812 0.6444007 0.5818024 0.6498462 0.5906225 0.7114256 0.6067072 0.8923323 0.6297166 0.9144027 0.6199077 0.9144027 0.6067074 0.5408011 0.566196 0.5507475 0.5722717 0.6498462 0.5906225 0.8683545 0.6357568 0.8923323 0.6297166 0.8923323 0.6150491 0.3697395 0.5523595 0.5507475 0.5722717 0.5408011 0.566196 0.8430517 0.6377963 0.8683545 0.6357568 0.8683319 0.6201859 0.816464 0.6357567 0.8430517 0.6377963 0.8429293 0.6219203 0.9614207 0.5661961 0.9614207 0.5722717 0.9686853 0.5523595 0.7876417 0.6297165 0.816464 0.6357567 0.8161103 0.6201859 0.9496239 0.5906225 0.9614207 0.5722717 0.9614207 0.5661961 0.3808408 0.554661 0.5571211 0.576786 0.5507475 0.5722717 0.8431257 0.6495933 0.8683664 0.647327 0.8683545 0.6357568 0.8166815 0.6473272 0.8431257 0.6495933 0.8430517 0.6377963 0.9614207 0.5722717 0.9614207 0.576786 0.9686853 0.554661 0.7881226 0.6406154 0.8166815 0.6473272 0.816464 0.6357567 0.9496239 0.5971767 0.9614207 0.576786 0.9614207 0.5722717 0.7551378 0.6297163 0.7881226 0.6406154 0.7876417 0.6297165 0.9337477 0.6150491 0.9496239 0.5971767 0.9496239 0.5906225 0.713186 0.6150491 0.7551378 0.6297163 0.7541946 0.6199076 0.9144027 0.6297166 0.9337477 0.6150491 0.9337477 0.6067074 0.6498462 0.5906225 0.6532303 0.5971765 0.713186 0.6150491 0.8923323 0.6406155 0.9144027 0.6297166 0.9144027 0.6199077 0.5571211 0.576786 0.6532303 0.5971765 0.6498462 0.5906225 0.8683664 0.647327 0.8923323 0.6406155 0.8923323 0.6297166 0.7138947 0.6201857 0.755509 0.6357565 0.7551378 0.6297163 0.9144027 0.6357567 0.9337477 0.6201859 0.9337477 0.6150491 0.6547263 0.6012126 0.7138947 0.6201857 0.713186 0.6150491 0.8923323 0.647327 0.9144027 0.6357567 0.9144027 0.6297166 0.5602627 0.5795661 0.6547263 0.6012126 0.6532303 0.5971765 0.8683713 0.654452 0.8923323 0.647327 0.8923323 0.6406155 0.3866701 0.5560783 0.5602627 0.5795661 0.5571211 0.576786 0.8431607 0.6568577 0.8683713 0.654452 0.8683664 0.647327 0.816779 0.6544522 0.8431607 0.6568577 0.8431257 0.6495933 0.9614207 0.576786 0.9614207 0.5795661 0.9686853 0.5560783 0.7881226 0.6406154 0.7883206 0.647327 0.816779 0.6544522 0.9496239 0.6012126 0.9614207 0.5795661 0.9614207 0.576786 0.755509 0.6357565 0.7883206 0.647327 0.7881226 0.6406154 0.9337477 0.6201859 0.9496239 0.6012126 0.9496239 0.5971767 0.816779 0.6544522 0.8167623 0.6568577 0.8431619 0.6593107 0.9614207 0.5795661 0.9614207 0.5805048 0.9686853 0.5565569 0.7883206 0.647327 0.7882436 0.6495932 0.8167623 0.6568577 0.9496239 0.6025753 0.9614207 0.5805048 0.9614207 0.5795661 0.755509 0.6357565 0.7553238 0.6377962 0.7882436 0.6495932 0.9337477 0.6219203 0.9496239 0.6025753 0.9496239 0.6012126 0.713587 0.6219203 0.7553238 0.6377962 0.755509 0.6357565 0.9144027 0.6377963 0.9337477 0.6219203 0.9337477 0.6201859 0.6544297 0.6025751 0.713587 0.6219203 0.7138947 0.6201857 0.8923323 0.6495933 0.9144027 0.6377963 0.9144027 0.6357567 0.5603603 0.5805047 0.6544297 0.6025751 0.6547263 0.6012126 0.8683724 0.6568577 0.8923323 0.6495933 0.8923323 0.647327 0.3875415 0.5565569 0.5603603 0.5805047 0.5602627 0.5795661 0.8431619 0.6593107 0.8683724 0.6568577 0.8683713 0.654452 0.9144027 0.6357567 0.9337477 0.6201859 0.9337477 0.6219203 0.6523594 0.6012124 0.7122585 0.6201857 0.713587 0.6219203 0.8923323 0.647327 0.9144027 0.6357567 0.9144027 0.6377963 0.5574652 0.5795661 0.6523594 0.6012124 0.6544297 0.6025751 0.8683694 0.654452 0.8923323 0.647327 0.8923323 0.6495933 0.3875415 0.5565569 0.3835395 0.5560783 0.5574652 0.5795661 0.8431619 0.6593107 0.8431285 0.6568577 0.8683694 0.654452 0.8167623 0.6568577 0.8166273 0.654452 0.8431285 0.6568577 0.9614207 0.5805048 0.9614207 0.5795661 0.9686853 0.5560783 0.7882436 0.6495932 0.7878831 0.647327 0.8166273 0.654452 0.9496239 0.6012126 0.9614207 0.5795661 0.9614207 0.5805048 0.7545731 0.6357565 0.7878831 0.647327 0.7882436 0.6495932 0.9337477 0.6201859 0.9496239 0.6012126 0.9496239 0.6025753 0.713587 0.6219203 0.7122585 0.6201857 0.7545731 0.6357565 0.8163589 0.647327 0.8430536 0.6495932 0.8431285 0.6568577 0.9614207 0.576786 0.9686853 0.554661 0.9686853 0.5560783 0.7872149 0.6406154 0.8163589 0.647327 0.8166273 0.654452 0.9496239 0.5971767 0.9614207 0.576786 0.9614207 0.5795661 0.7532244 0.6297163 0.7872149 0.6406154 0.7878831 0.647327 0.9337477 0.6150491 0.9496239 0.5971767 0.9496239 0.6012126 0.7122585 0.6201857 0.7098683 0.6150491 0.7532244 0.6297163 0.9144027 0.6297166 0.9337477 0.6150491 0.9337477 0.6201859 0.6523594 0.6012124 0.648469 0.5971765 0.7098683 0.6150491 0.8923323 0.647327 0.8923323 0.6406155 0.9144027 0.6297166 0.5574652 0.5795661 0.551495 0.576786 0.648469 0.5971765 0.8683694 0.654452 0.8683606 0.647327 0.8923323 0.6406155 0.3835395 0.5560783 0.3745174 0.554661 0.551495 0.576786 0.8431285 0.6568577 0.8430536 0.6495932 0.8683606 0.647327 0.648469 0.5971765 0.6426419 0.5906225 0.7063429 0.6067072 0.8923323 0.6406155 0.8923323 0.6297166 0.9144027 0.6199077 0.551495 0.576786 0.5422308 0.5722717 0.6426419 0.5906225 0.8683606 0.647327 0.868342 0.6357567 0.8923323 0.6297166 0.3745174 0.554661 0.3600903 0.5523595 0.5422308 0.5722717 0.8430536 0.6495932 0.8429237 0.6377963 0.868342 0.6357567 0.8163589 0.647327 0.8159316 0.6357567 0.8429237 0.6377963 0.9614207 0.5722717 0.9686853 0.5523595 0.9686853 0.554661 0.7872149 0.6406154 0.7862018 0.6297165 0.8159316 0.6357567 0.9496239 0.5906225 0.9614207 0.5722717 0.9614207 0.576786 0.7532244 0.6297163 0.7512265 0.6199076 0.7862018 0.6297165 0.9337477 0.6150491 0.9337477 0.6067074 0.9496239 0.5906225 0.7063429 0.6067072 0.7512265 0.6199076 0.7532244 0.6297163 0.9144027 0.6297166 0.9144027 0.6199077 0.9337477 0.6067074 0.9614207 0.5661961 0.9686853 0.5492623 0.9686853 0.5523595 0.7847952 0.6150491 0.8153101 0.6201859 0.8159316 0.6357567 0.9496239 0.5906225 0.9496239 0.5818024 0.9614207 0.5661961 0.7485162 0.6067072 0.7847952 0.6150491 0.7862018 0.6297165 0.9337477 0.6067074 0.9337477 0.5954812 0.9496239 0.5818024 0.7063429 0.6067072 0.7015786 0.5954812 0.7485162 0.6067072 0.9144027 0.6199077 0.9144027 0.6067072 0.9337477 0.5954812 0.6347054 0.5818023 0.7015786 0.5954812 0.7063429 0.6067072 0.8923323 0.6297166 0.8923323 0.6150491 0.9144027 0.6067072 0.5422308 0.5722717 0.5292798 0.5661961 0.6347054 0.5818023 0.868342 0.6357567 0.8683048 0.6201859 0.8923323 0.6150491 0.3600903 0.5523595 0.3395739 0.5492623 0.5292798 0.5661961 0.8429237 0.6377963 0.842719 0.6219203 0.8683048 0.6201859 0.8159316 0.6357567 0.8153101 0.6201859 0.842719 0.6219203 0.8923323 0.6150491 0.8923316 0.5971767 0.9144027 0.5906225 0.5292798 0.5661961 0.5120481 0.558793 0.6244251 0.5710547 0.8683048 0.6201859 0.8682367 0.6012126 0.8923316 0.5971767 0.3395739 0.5492623 0.3118178 0.5454882 0.5120481 0.558793 0.842719 0.6219203 0.8424155 0.6025751 0.8682367 0.6012126 0.814459 0.6012124 0.8424155 0.6025751 0.842719 0.6219203 0.9614207 0.558793 0.9686853 0.5454882 0.9686853 0.5492623 0.7829457 0.5971765 0.814459 0.6012124 0.8153101 0.6201859 0.9496239 0.5818024 0.9496239 0.5710548 0.9614207 0.558793 0.7450222 0.5906225 0.7829457 0.5971765 0.7847952 0.6150491 0.9337477 0.5954812 0.9337477 0.5818024 0.9496239 0.5710548 0.6954531 0.5818024 0.7450222 0.5906225 0.7485162 0.6067072 0.9144027 0.6067072 0.9144027 0.5906225 0.9337477 0.5818024 0.6244251 0.5710547 0.6954531 0.5818024 0.7015786 0.5954812 0.7829457 0.5971765 0.7806087 0.576786 0.8133423 0.5795661 0.9496239 0.5710548 0.9496239 0.558793 0.9614207 0.5503471 0.7450222 0.5906225 0.7406818 0.5722717 0.7806087 0.576786 0.9337477 0.5818024 0.9337477 0.5661961 0.9496239 0.558793 0.6954531 0.5818024 0.6878437 0.5661961 0.7406818 0.5722717 0.9144027 0.5906225 0.9144027 0.5722717 0.9337477 0.5661961 0.6244251 0.5710547 0.6114959 0.5587929 0.6878437 0.5661961 0.8923316 0.5971767 0.8923239 0.576786 0.9144027 0.5722717 0.5120481 0.558793 0.4896329 0.5503471 0.6114959 0.5587929 0.8682367 0.6012126 0.8681235 0.5795661 0.8923239 0.576786 0.3118178 0.5454882 0.2752873 0.5411826 0.4896329 0.5503471 0.8424155 0.6025751 0.8419872 0.5805047 0.8681235 0.5795661 0.814459 0.6012124 0.8133423 0.5795661 0.8419872 0.5805047 0.9614207 0.5503471 0.9686853 0.5411826 0.9686853 0.5454882 0.4896329 0.5503471 0.4608647 0.5411826 0.5955268 0.5454882 0.8681235 0.5795661 0.8679504 0.5560783 0.8923014 0.554661 0.2752873 0.5411826 0.2291469 0.5365104 0.4608647 0.5411826 0.8419872 0.5805047 0.8414109 0.5565567 0.8679504 0.5560783 0.8133423 0.5795661 0.8119384 0.5560781 0.8414109 0.5565567 0.9614207 0.5503471 0.9614207 0.5411826 0.9686853 0.5365104 0.7806087 0.576786 0.7777637 0.554661 0.8119384 0.5560781 0.9496239 0.5454882 0.9614207 0.5411826 0.9614207 0.5503471 0.7354549 0.5523595 0.7777637 0.554661 0.7806087 0.576786 0.9337477 0.5492623 0.9496239 0.5454882 0.9496239 0.558793 0.6878437 0.5661961 0.6786407 0.5492623 0.7354549 0.5523595 0.9144027 0.5722717 0.9144027 0.5523595 0.9337477 0.5492623 0.6114959 0.5587929 0.5955268 0.5454882 0.6786407 0.5492623 0.8923239 0.576786 0.8923014 0.554661 0.9144027 0.5523595 0.7293431 0.5316519 0.7744235 0.5316519 0.7777637 0.554661 0.9337477 0.5316519 0.9496239 0.5316519 0.9496239 0.5454882 0.6677739 0.5316519 0.7293431 0.5316519 0.7354549 0.5523595 0.9144027 0.5316519 0.9337477 0.5316519 0.9337477 0.5492623 0.5955268 0.5454882 0.5760539 0.5316519 0.6677739 0.5316519 0.8923014 0.554661 0.8922563 0.5316519 0.9144027 0.5316519 0.4608647 0.5411826 0.4241012 0.5316519 0.5760539 0.5316519 0.8679504 0.5560783 0.8677066 0.5316519 0.8922563 0.5316519 0.2291469 0.5365104 0.1807729 0.5316519 0.4241012 0.5316519 0.8414109 0.5565567 0.8406782 0.5316519 0.8677066 0.5316519 0.8102508 0.5316519 0.8406782 0.5316519 0.8414109 0.5565567 0.9614207 0.5411826 0.9614207 0.5316519 0.9686853 0.5316519 0.7744235 0.5316519 0.8102508 0.5316519 0.8119384 0.5560781 0.9496239 0.5454882 0.9496239 0.5316519 0.9614207 0.5316519 0.1807729 0.5316519 0.1396583 0.5267932 0.3766659 0.5221211 0.8406782 0.5316519 0.8398011 0.5067467 0.8673896 0.5072253 0.8102508 0.5316519 0.8083198 0.5072253 0.8398011 0.5067467 0.9614207 0.5316519 0.9614207 0.5221211 0.9686853 0.5267932 0.7744235 0.5316519 0.7706547 0.5086425 0.8083198 0.5072253 0.9496239 0.5316519 0.9496239 0.5178154 0.9614207 0.5221211 0.7293431 0.5316519 0.7224263 0.5109441 0.7706547 0.5086425 0.9337477 0.5140413 0.9496239 0.5178154 0.9496239 0.5316519 0.6677739 0.5316519 0.6552455 0.5140413 0.7224263 0.5109441 0.9144015 0.5109441 0.9337477 0.5140413 0.9337477 0.5316519 0.5760539 0.5316519 0.5526123 0.5178154 0.6552455 0.5140413 0.8922563 0.5316519 0.8921817 0.5086425 0.9144015 0.5109441 0.4241012 0.5316519 0.3766659 0.5221211 0.5526123 0.5178154 0.8677066 0.5316519 0.8673896 0.5072253 0.8921817 0.5086425 0.9337477 0.4971075 0.9496239 0.5045105 0.9496239 0.5178154 0.6552455 0.5140413 0.6411681 0.4971075 0.7148947 0.4910321 0.9143926 0.4910321 0.9337477 0.4971075 0.9337477 0.5140413 0.5526123 0.5178154 0.5246566 0.5045105 0.6411681 0.4971075 0.8921817 0.5086425 0.8920773 0.4865176 0.9143926 0.4910321 0.3766659 0.5221211 0.3148556 0.5129565 0.5246566 0.5045105 0.8673896 0.5072253 0.867011 0.4837375 0.8920773 0.4865176 0.1396583 0.5267932 0.1090846 0.5221211 0.3148556 0.5129565 0.8398011 0.5067467 0.8388178 0.4827988 0.867011 0.4837375 0.8062238 0.4837375 0.8388178 0.4827988 0.8398011 0.5067467 0.9614207 0.5221211 0.9614207 0.5129565 0.9686853 0.5221211 0.7665988 0.4865176 0.8062238 0.4837375 0.8083198 0.5072253 0.9496239 0.5178154 0.9496239 0.5045105 0.9614207 0.5129565 0.7148947 0.4910321 0.7665988 0.4865176 0.7706547 0.5086425 0.8377971 0.4607283 0.8665981 0.462091 0.867011 0.4837375 0.8040929 0.462091 0.8377971 0.4607283 0.8388178 0.4827988 0.9614207 0.5129565 0.9614207 0.5045105 0.9686853 0.5178154 0.7624802 0.466127 0.8040929 0.462091 0.8062238 0.4837375 0.9496239 0.5045105 0.9496239 0.4922489 0.9614207 0.5045105 0.7070825 0.4726811 0.7624802 0.466127 0.7665988 0.4865176 0.9337477 0.4815014 0.9496239 0.4922489 0.9496239 0.5045105 0.6259508 0.4815014 0.7070825 0.4726811 0.7148947 0.4910321 0.9143757 0.4726811 0.9337477 0.4815014 0.9337477 0.4971075 0.5246566 0.5045105 0.4918552 0.4922489 0.6259508 0.4815014 0.8919509 0.466127 0.9143757 0.4726811 0.9143926 0.4910321 0.3148556 0.5129565 0.2341529 0.5045105 0.4918552 0.4922489 0.867011 0.4837375 0.8665981 0.462091 0.8919509 0.466127 0.1090846 0.5221211 0.08765256 0.5178154 0.2341529 0.5045105 0.6103392 0.4678224 0.6994984 0.4565963 0.7070825 0.4726811 0.9143519 0.4565963 0.9337477 0.4678224 0.9337477 0.4815014 0.4918552 0.4922489 0.4547008 0.4815014 0.6103392 0.4678224 0.8918163 0.4482546 0.9143519 0.4565963 0.9143757 0.4726811 0.2341529 0.5045105 0.1577889 0.4971075 0.4547008 0.4815014 0.8665981 0.462091 0.8661901 0.4431178 0.8918163 0.4482546 0.08765256 0.5178154 0.07291662 0.5140413 0.1577889 0.4971075 0.8368268 0.4413833 0.8661901 0.4431178 0.8665981 0.462091 0.8020941 0.4431178 0.8368268 0.4413833 0.8377971 0.4607283 0.9614207 0.5045105 0.9614207 0.4971075 0.9686853 0.5140413 0.7585965 0.4482546 0.8020941 0.4431178 0.8040929 0.462091 0.9496239 0.4922489 0.9496239 0.4815014 0.9614207 0.4971075 0.6994984 0.4565963 0.7585965 0.4482546 0.7624802 0.466127 0.9337477 0.4678224 0.9496239 0.4815014 0.9496239 0.4922489 0.8004253 0.4275469 0.8360106 0.4255074 0.8368268 0.4413833 0.9614207 0.4910321 0.9686853 0.5109441 0.9686853 0.5140413 0.7553084 0.4335871 0.8004253 0.4275469 0.8020941 0.4431178 0.9496239 0.4726811 0.9614207 0.4910321 0.9614207 0.4971075 0.6928313 0.4433959 0.7553084 0.4335871 0.7585965 0.4482546 0.9337477 0.4565963 0.9496239 0.4726811 0.9496239 0.4815014 0.5955718 0.4565963 0.6928313 0.4433959 0.6994984 0.4565963 0.9143261 0.4433959 0.9337477 0.4565963 0.9337477 0.4678224 0.4547008 0.4815014 0.4152863 0.4726811 0.5955718 0.4565963 0.8916921 0.4335871 0.9143261 0.4433959 0.9143519 0.4565963 0.1577889 0.4971075 0.1110403 0.4910321 0.4152863 0.4726811 0.8658343 0.4275469 0.8916921 0.4335871 0.8918163 0.4482546 0.07291662 0.5140413 0.06293052 0.5109441 0.1110403 0.4910321 0.8360106 0.4255074 0.8658343 0.4275469 0.8661901 0.4431178 0.9143039 0.4335871 0.9337476 0.4482546 0.9337477 0.4565963 0.4152863 0.4726811 0.378273 0.466127 0.583474 0.4482546 0.8915977 0.4226881 0.9143039 0.4335871 0.9143261 0.4433959 0.1110403 0.4910321 0.08613473 0.4865176 0.378273 0.466127 0.8655799 0.4159766 0.8915977 0.4226881 0.8916921 0.4335871 0.06293052 0.5109441 0.05644208 0.5086425 0.08613473 0.4865176 0.8354426 0.4137105 0.8655799 0.4159766 0.8658343 0.4275469 0.7992731 0.4159766 0.8354426 0.4137105 0.8360106 0.4255074 0.9614207 0.4865176 0.9686853 0.5086425 0.9686853 0.5109441 0.7529863 0.4226881 0.7992731 0.4159766 0.8004253 0.4275469 0.9496239 0.466127 0.9614207 0.4865176 0.9614207 0.4910321 0.6878585 0.4335871 0.7529863 0.4226881 0.7553084 0.4335871 0.9337476 0.4482546 0.9496239 0.466127 0.9496239 0.4726811 0.583474 0.4482546 0.6878585 0.4335871 0.6928313 0.4433959 0.7987846 0.4088516 0.8351972 0.4064459 0.8354426 0.4137105 0.9614207 0.4837375 0.9686853 0.5072253 0.9686853 0.5086425 0.7519423 0.4159766 0.7987846 0.4088516 0.7992731 0.4159766 0.9496239 0.4620912 0.9614207 0.4837375 0.9614207 0.4865176 0.6853209 0.4275469 0.7519423 0.4159766 0.7529863 0.4226881 0.9337472 0.4431178 0.9496239 0.4620912 0.9496239 0.466127 0.576178 0.4431178 0.6853209 0.4275469 0.6878585 0.4335871 0.9143039 0.4335871 0.9142906 0.4275469 0.9337472 0.4431178 0.378273 0.466127 0.3519107 0.4620912 0.576178 0.4431178 0.8915486 0.4159766 0.9142906 0.4275469 0.9143039 0.4335871 0.08613473 0.4865176 0.07391113 0.4837375 0.3519107 0.4620912 0.8654612 0.4088516 0.8915486 0.4159766 0.8915977 0.4226881 0.05644208 0.5086425 0.05273872 0.5072253 0.07391113 0.4837375 0.8351972 0.4064459 0.8654612 0.4088516 0.8655799 0.4159766 0.3519107 0.4620912 0.34509 0.4607284 0.5753755 0.4413833 0.8915531 0.4137104 0.9142895 0.4255073 0.9142906 0.4275469 0.07391113 0.4837375 0.0702337 0.4827989 0.34509 0.4607284 0.8654942 0.4064458 0.8915531 0.4137104 0.8915486 0.4159766 0.05273872 0.5072253 0.05149686 0.5067467 0.0702337 0.4827989 0.8353057 0.4039928 0.8654942 0.4064458 0.8654612 0.4088516 0.7987846 0.4088516 0.799027 0.4064458 0.8353057 0.4039928 0.9614207 0.4827989 0.9686853 0.5067467 0.9686853 0.5072253 0.7519423 0.4159766 0.7523419 0.4137104 0.799027 0.4064458 0.9496239 0.4607283 0.9614207 0.4827989 0.9614207 0.4837375 0.6853209 0.4275469 0.6856987 0.4255073 0.7523419 0.4137104 0.9337472 0.4431178 0.9337471 0.4413833 0.9496239 0.4607283 0.576178 0.4431178 0.5753755 0.4413833 0.6856987 0.4255073 0.9142906 0.4275469 0.9142895 0.4255073 0.9337471 0.4413833</float_array>
          <technique_common>
            <accessor source="#Sphere_001-mesh-map-0-array" count="5760" stride="2">
              <param name="S" type="float"/>
              <param name="T" type="float"/>
            </accessor>
          </technique_common>
        </source>
        <vertices id="Sphere_001-mesh-vertices">
          <input semantic="POSITION" source="#Sphere_001-mesh-positions"/>
        </vertices>
        <triangles material="dégradé_orange-material" count="1920">
          <input semantic="VERTEX" source="#Sphere_001-mesh-vertices" offset="0"/>
          <input semantic="NORMAL" source="#Sphere_001-mesh-normals" offset="1"/>
          <input semantic="TEXCOORD" source="#Sphere_001-mesh-map-0" offset="2" set="0"/>
          <p>479 0 0 17 1 1 18 2 2 476 3 3 10 4 4 11 5 5 480 6 6 18 2 7 19 7 8 476 3 9 12 8 10 2 9 11 481 10 12 19 7 13 20 11 14 2 9 15 13 12 16 3 13 17 473 14 18 81 15 19 6 16 20 307 17 21 481 10 22 20 11 23 3 13 24 14 18 25 4 19 26 473 14 27 7 20 28 474 21 29 477 22 30 14 18 31 15 23 32 0 24 33 7 20 34 8 25 35 477 22 36 16 26 37 5 27 38 475 28 39 8 25 40 9 29 41 478 30 42 16 26 43 17 1 44 1 31 45 9 29 46 10 4 47 9 29 48 23 32 49 24 33 50 17 1 51 31 34 52 32 35 53 10 4 54 24 33 55 25 36 56 18 2 57 32 35 58 33 37 59 10 4 60 26 38 61 11 5 62 18 2 63 34 39 64 19 7 65 11 5 66 27 40 67 12 8 68 19 7 69 35 41 70 20 11 71 12 8 72 28 42 73 13 12 74 6 16 75 81 15 76 21 43 77 307 17 78 20 11 79 35 41 80 13 12 81 29 44 82 14 18 83 6 16 84 22 45 85 7 20 86 14 18 87 30 46 88 15 23 89 8 25 90 22 45 91 23 32 92 16 26 93 30 46 94 31 34 95 27 40 96 43 47 97 28 42 98 21 43 99 81 15 100 36 48 101 307 17 102 35 41 103 50 49 104 28 42 105 44 50 106 29 44 107 21 43 108 37 51 109 22 45 110 29 44 111 45 52 112 30 46 113 22 45 114 38 53 115 23 32 116 31 34 117 45 52 118 46 54 119 23 32 120 39 55 121 24 33 122 32 35 123 46 54 124 47 56 125 24 33 126 40 57 127 25 36 128 33 37 129 47 56 130 48 58 131 25 36 132 41 59 133 26 38 134 33 37 135 49 60 136 34 39 137 26 38 138 42 61 139 27 40 140 34 39 141 50 49 142 35 41 143 46 54 144 62 62 145 47 56 146 39 55 147 55 63 148 40 57 149 48 58 150 62 62 151 63 64 152 40 57 153 56 65 154 41 59 155 48 58 156 64 66 157 49 60 158 41 59 159 57 67 160 42 61 161 49 60 162 65 68 163 50 49 164 42 61 165 58 69 166 43 47 167 36 48 168 81 15 169 51 70 170 307 17 171 50 49 172 65 68 173 43 47 174 59 71 175 44 50 176 36 48 177 52 72 178 37 51 179 45 52 180 59 71 181 60 73 182 37 51 183 53 74 184 38 53 185 45 52 186 61 75 187 46 54 188 38 53 189 54 76 190 39 55 191 307 17 192 65 68 193 80 77 194 58 69 195 74 78 196 59 71 197 51 70 198 67 79 199 52 72 200 60 73 201 74 78 202 75 80 203 52 72 204 68 81 205 53 74 206 60 73 207 76 82 208 61 75 209 53 74 210 69 83 211 54 76 212 61 75 213 77 84 214 62 62 215 54 76 216 70 85 217 55 63 218 62 62 219 78 86 220 63 64 221 55 63 222 71 87 223 56 65 224 63 64 225 79 88 226 64 66 227 56 65 228 72 89 229 57 67 230 64 66 231 80 77 232 65 68 233 57 67 234 73 90 235 58 69 236 51 70 237 81 15 238 66 91 239 78 86 240 93 92 241 94 93 242 70 85 243 87 94 244 71 87 245 79 88 246 94 93 247 95 95 248 71 87 249 88 96 250 72 89 251 79 88 252 96 97 253 80 77 254 72 89 255 89 98 256 73 90 257 66 91 258 81 15 259 82 99 260 307 17 261 80 77 262 96 97 263 73 90 264 90 100 265 74 78 266 66 91 267 83 101 268 67 79 269 74 78 270 91 102 271 75 80 272 67 79 273 84 103 274 68 81 275 76 82 276 91 102 277 92 104 278 68 81 279 85 105 280 69 83 281 76 82 282 93 92 283 77 84 284 69 83 285 86 106 286 70 85 287 82 99 288 98 107 289 83 101 290 90 100 291 106 108 292 91 102 293 83 101 294 99 109 295 84 103 296 91 102 297 107 110 298 92 104 299 84 103 300 100 111 301 85 105 302 93 92 303 107 110 304 108 112 305 85 105 306 101 113 307 86 106 308 94 93 309 108 112 310 109 114 311 86 106 312 102 115 313 87 94 314 95 95 315 109 114 316 110 116 317 87 94 318 103 117 319 88 96 320 95 95 321 111 118 322 96 97 323 88 96 324 104 119 325 89 98 326 82 99 327 81 15 328 97 120 329 307 17 330 96 97 331 111 118 332 89 98 333 105 121 334 90 100 335 102 115 336 116 122 337 117 123 338 110 116 339 124 124 340 125 125 341 103 117 342 117 123 343 118 126 344 110 116 345 126 127 346 111 118 347 104 119 348 118 126 349 119 128 350 97 120 351 81 15 352 112 129 353 307 17 354 111 118 355 126 127 356 105 121 357 119 128 358 120 130 359 97 120 360 113 131 361 98 107 362 105 121 363 121 132 364 106 108 365 98 107 366 114 133 367 99 109 368 107 110 369 121 132 370 122 134 371 99 109 372 115 135 373 100 111 374 108 112 375 122 134 376 123 136 377 101 113 378 115 135 379 116 122 380 109 114 381 123 136 382 124 124 383 121 132 384 135 137 385 136 138 386 114 133 387 128 139 388 129 140 389 122 134 390 136 138 391 137 141 392 115 135 393 129 140 394 130 142 395 122 134 396 138 143 397 123 136 398 116 122 399 130 142 400 131 144 401 124 124 402 138 143 403 139 145 404 117 123 405 131 144 406 132 146 407 124 124 408 140 147 409 125 125 410 118 126 411 132 146 412 133 148 413 125 125 414 141 149 415 126 127 416 119 128 417 133 148 418 134 150 419 112 129 420 81 15 421 127 151 422 307 17 423 126 127 424 141 149 425 120 130 426 134 150 427 135 137 428 113 131 429 127 151 430 128 139 431 139 145 432 155 152 433 140 147 434 133 148 435 147 153 436 148 154 437 140 147 438 156 155 439 141 149 440 134 150 441 148 154 442 149 156 443 127 151 444 81 15 445 142 157 446 307 17 447 141 149 448 156 155 449 135 137 450 149 156 451 150 158 452 128 139 453 142 157 454 143 159 455 136 138 456 150 158 457 151 160 458 129 140 459 143 159 460 144 161 461 137 141 462 151 160 463 152 162 464 130 142 465 144 161 466 145 163 467 137 141 468 153 164 469 138 143 470 131 144 471 145 163 472 146 165 473 139 145 474 153 164 475 154 166 476 132 146 477 146 165 478 147 153 479 144 161 480 158 167 481 159 168 482 151 160 483 167 169 484 152 162 485 145 163 486 159 168 487 160 170 488 152 162 489 168 171 490 153 164 491 146 165 492 160 170 493 161 172 494 153 164 495 169 173 496 154 166 497 147 153 498 161 172 499 162 174 500 154 166 501 170 175 502 155 152 503 148 154 504 162 174 505 163 176 506 155 152 507 171 177 508 156 155 509 149 156 510 163 176 511 164 178 512 142 157 513 81 15 514 157 179 515 307 17 516 156 155 517 171 177 518 150 158 519 164 178 520 165 180 521 143 159 522 157 179 523 158 167 524 151 160 525 165 180 526 166 181 527 162 174 528 178 182 529 163 176 530 170 175 531 186 183 532 171 177 533 163 176 534 179 184 535 164 178 536 157 179 537 81 15 538 172 185 539 307 17 540 171 177 541 186 183 542 164 178 543 180 186 544 165 180 545 158 167 546 172 185 547 173 187 548 165 180 549 181 188 550 166 181 551 159 168 552 173 187 553 174 189 554 167 169 555 181 188 556 182 190 557 159 168 558 175 191 559 160 170 560 168 171 561 182 190 562 183 192 563 160 170 564 176 193 565 161 172 566 168 171 567 184 194 568 169 173 569 161 172 570 177 195 571 162 174 572 169 173 573 185 196 574 170 175 575 181 188 576 197 197 577 182 190 578 174 189 579 190 198 580 175 191 581 182 190 582 198 199 583 183 192 584 175 191 585 191 200 586 176 193 587 183 192 588 199 201 589 184 194 590 176 193 591 192 202 592 177 195 593 185 196 594 199 201 595 200 203 596 177 195 597 193 204 598 178 182 599 185 196 600 201 205 601 186 183 602 178 182 603 194 206 604 179 184 605 172 185 606 81 15 607 187 207 608 307 17 609 186 183 610 201 205 611 179 184 612 195 208 613 180 186 614 173 187 615 187 207 616 188 209 617 180 186 618 196 210 619 181 188 620 173 187 621 189 211 622 174 189 623 200 203 624 216 212 625 201 205 626 193 204 627 209 213 628 194 206 629 187 207 630 81 15 631 202 214 632 307 17 633 201 205 634 216 212 635 194 206 636 210 215 637 195 208 638 188 209 639 202 214 640 203 216 641 195 208 642 211 217 643 196 210 644 188 209 645 204 218 646 189 211 647 197 197 648 211 217 649 212 219 650 189 211 651 205 220 652 190 198 653 197 197 654 213 221 655 198 199 656 190 198 657 206 222 658 191 200 659 198 199 660 214 223 661 199 201 662 191 200 663 207 224 664 192 202 665 199 201 666 215 225 667 200 203 668 192 202 669 208 226 670 193 204 671 213 221 672 227 227 673 228 228 674 205 220 675 221 229 676 206 222 677 214 223 678 228 228 679 229 230 680 206 222 681 222 231 682 207 224 683 214 223 684 230 232 685 215 225 686 207 224 687 223 233 688 208 226 689 215 225 690 231 234 691 216 212 692 208 226 693 224 235 694 209 213 695 202 214 696 81 15 697 217 236 698 307 17 699 216 212 700 231 234 701 209 213 702 225 237 703 210 215 704 203 216 705 217 236 706 218 238 707 211 217 708 225 237 709 226 239 710 203 216 711 219 240 712 204 218 713 211 217 714 227 227 715 212 219 716 204 218 717 220 241 718 205 220 719 217 236 720 81 15 721 232 242 722 307 17 723 231 234 724 246 243 725 225 237 726 239 244 727 240 245 728 218 238 729 232 242 730 233 246 731 226 239 732 240 245 733 241 247 734 218 238 735 234 248 736 219 240 737 227 227 738 241 247 739 242 249 740 219 240 741 235 250 742 220 241 743 227 227 744 243 251 745 228 228 746 220 241 747 236 252 748 221 229 749 228 228 750 244 253 751 229 230 752 221 229 753 237 254 754 222 231 755 229 230 756 245 255 757 230 232 758 222 231 759 238 256 760 223 233 761 230 232 762 246 243 763 231 234 764 223 233 765 239 244 766 224 235 767 235 250 768 251 257 769 236 252 770 244 253 771 258 258 772 259 259 773 236 252 774 252 260 775 237 254 776 244 253 777 260 261 778 245 255 779 237 254 780 253 262 781 238 256 782 246 243 783 260 261 784 261 263 785 239 244 786 253 262 787 254 264 788 232 242 789 81 15 790 247 265 791 307 17 792 246 243 793 261 263 794 240 245 795 254 264 796 255 266 797 232 242 798 248 267 799 233 246 800 241 247 801 255 266 802 256 268 803 233 246 804 249 269 805 234 248 806 242 249 807 256 268 808 257 270 809 234 248 810 250 271 811 235 250 812 243 251 813 257 270 814 258 258 815 254 264 816 270 272 817 255 266 818 247 265 819 263 273 820 248 267 821 255 266 822 271 274 823 256 268 824 248 267 825 264 275 826 249 269 827 257 270 828 271 274 829 272 276 830 249 269 831 265 277 832 250 271 833 258 258 834 272 276 835 273 278 836 250 271 837 266 279 838 251 257 839 258 258 840 274 280 841 259 259 842 251 257 843 267 281 844 252 260 845 260 261 846 274 280 847 275 282 848 252 260 849 268 283 850 253 262 851 261 263 852 275 282 853 276 284 854 254 264 855 268 283 856 269 285 857 247 265 858 81 15 859 262 286 860 307 17 861 261 263 862 276 284 863 273 278 864 289 287 865 274 280 866 267 281 867 281 288 868 282 289 869 275 282 870 289 287 871 290 290 872 268 283 873 282 289 874 283 291 875 276 284 876 290 290 877 291 292 878 268 283 879 284 293 880 269 285 881 262 286 882 81 15 883 277 294 884 307 17 885 276 284 886 291 292 887 269 285 888 285 295 889 270 272 890 262 286 891 278 296 892 263 273 893 271 274 894 285 295 895 286 297 896 263 273 897 279 298 898 264 275 899 272 276 900 286 297 901 287 299 902 264 275 903 280 300 904 265 277 905 272 276 906 288 301 907 273 278 908 265 277 909 281 288 910 266 279 911 277 294 912 293 302 913 278 296 914 285 295 915 301 303 916 286 297 917 278 296 918 294 304 919 279 298 920 286 297 921 302 305 922 287 299 923 280 300 924 294 304 925 295 306 926 288 301 927 302 305 928 303 307 929 281 288 930 295 306 931 296 308 932 289 287 933 303 307 934 304 309 935 282 289 936 296 308 937 297 310 938 289 287 939 305 311 940 290 290 941 283 291 942 297 310 943 298 312 944 291 292 945 305 311 946 306 313 947 284 293 948 298 312 949 299 314 950 277 294 951 81 15 952 292 315 953 307 17 954 291 292 955 306 313 956 285 295 957 299 314 958 300 316 959 297 310 960 312 317 961 313 318 962 304 309 963 321 319 964 305 311 965 298 312 966 313 318 967 314 320 968 306 313 969 321 319 970 322 321 971 299 314 972 314 320 973 315 322 974 292 315 975 81 15 976 308 323 977 307 17 978 306 313 979 322 321 980 299 314 981 316 324 982 300 316 983 292 315 984 309 325 985 293 302 986 300 316 987 317 326 988 301 303 989 293 302 990 310 327 991 294 304 992 301 303 993 318 328 994 302 305 995 295 306 996 310 327 997 311 329 998 302 305 999 319 330 1000 303 307 1001 296 308 1002 311 329 1003 312 317 1004 303 307 1005 320 331 1006 304 309 1007 317 326 1008 331 332 1009 332 333 1010 309 325 1011 325 334 1012 310 327 1013 317 326 1014 333 335 1015 318 328 1016 311 329 1017 325 334 1018 326 336 1019 318 328 1020 334 337 1021 319 330 1022 312 317 1023 326 336 1024 327 338 1025 320 331 1026 334 337 1027 335 339 1028 313 318 1029 327 338 1030 328 340 1031 321 319 1032 335 339 1033 336 341 1034 314 320 1035 328 340 1036 329 342 1037 322 321 1038 336 341 1039 337 343 1040 315 322 1041 329 342 1042 330 344 1043 308 323 1044 81 15 1045 323 345 1046 307 17 1047 322 321 1048 337 343 1049 316 324 1050 330 344 1051 331 332 1052 308 323 1053 324 346 1054 309 325 1055 336 341 1056 350 347 1057 351 348 1058 329 342 1059 343 349 1060 344 350 1061 337 343 1062 351 348 1063 352 351 1064 330 344 1065 344 350 1066 345 352 1067 323 345 1068 81 15 1069 338 353 1070 307 17 1071 337 343 1072 352 351 1073 331 332 1074 345 352 1075 346 354 1076 324 346 1077 338 353 1078 339 355 1079 331 332 1080 347 356 1081 332 333 1082 324 346 1083 340 357 1084 325 334 1085 333 335 1086 347 356 1087 348 358 1088 325 334 1089 341 359 1090 326 336 1091 334 337 1092 348 358 1093 349 360 1094 327 338 1095 341 359 1096 342 361 1097 334 337 1098 350 347 1099 335 339 1100 328 340 1101 342 361 1102 343 349 1103 347 356 1104 363 362 1105 348 358 1106 340 357 1107 356 363 1108 341 359 1109 348 358 1110 364 364 1111 349 360 1112 341 359 1113 357 365 1114 342 361 1115 349 360 1116 365 366 1117 350 347 1118 343 349 1119 357 365 1120 358 367 1121 351 348 1122 365 366 1123 366 368 1124 344 350 1125 358 367 1126 359 369 1127 352 351 1128 366 368 1129 367 370 1130 345 352 1131 359 369 1132 360 371 1133 338 353 1134 81 15 1135 353 372 1136 307 17 1137 352 351 1138 367 370 1139 345 352 1140 361 373 1141 346 354 1142 339 355 1143 353 372 1144 354 374 1145 346 354 1146 362 375 1147 347 356 1148 340 357 1149 354 374 1150 355 376 1151 367 370 1152 381 377 1153 382 378 1154 360 371 1155 374 379 1156 375 380 1157 353 372 1158 81 15 1159 368 381 1160 307 17 1161 367 370 1162 382 378 1163 361 373 1164 375 380 1165 376 382 1166 354 374 1167 368 381 1168 369 383 1169 362 375 1170 376 382 1171 377 384 1172 355 376 1173 369 383 1174 370 385 1175 363 362 1176 377 384 1177 378 386 1178 355 376 1179 371 387 1180 356 363 1181 364 364 1182 378 386 1183 379 388 1184 356 363 1185 372 389 1186 357 365 1187 365 366 1188 379 388 1189 380 390 1190 358 367 1191 372 389 1192 373 391 1193 366 368 1194 380 390 1195 381 377 1196 359 369 1197 373 391 1198 374 379 1199 371 387 1200 385 392 1201 386 393 1202 378 386 1203 394 394 1204 379 388 1205 371 387 1206 387 395 1207 372 389 1208 380 390 1209 394 394 1210 395 396 1211 372 389 1212 388 397 1213 373 391 1214 381 377 1215 395 396 1216 396 398 1217 373 391 1218 389 399 1219 374 379 1220 382 378 1221 396 398 1222 397 400 1223 374 379 1224 390 401 1225 375 380 1226 368 381 1227 81 15 1228 383 402 1229 307 17 1230 382 378 1231 397 400 1232 375 380 1233 391 403 1234 376 382 1235 369 383 1236 383 402 1237 384 404 1238 377 384 1239 391 403 1240 392 405 1241 370 385 1242 384 404 1243 385 392 1244 377 384 1245 393 406 1246 378 386 1247 389 399 1248 405 407 1249 390 401 1250 383 402 1251 81 15 1252 398 408 1253 307 17 1254 397 400 1255 412 409 1256 390 401 1257 406 410 1258 391 403 1259 384 404 1260 398 408 1261 399 411 1262 391 403 1263 407 412 1264 392 405 1265 385 392 1266 399 411 1267 400 413 1268 393 406 1269 407 412 1270 408 414 1271 386 393 1272 400 413 1273 401 415 1274 393 406 1275 409 416 1276 394 394 1277 386 393 1278 402 417 1279 387 395 1280 394 394 1281 410 418 1282 395 396 1283 387 395 1284 403 419 1285 388 397 1286 396 398 1287 410 418 1288 411 420 1289 388 397 1290 404 421 1291 389 399 1292 397 400 1293 411 420 1294 412 409 1295 408 414 1296 424 422 1297 409 416 1298 401 415 1299 417 423 1300 402 417 1301 410 418 1302 424 422 1303 425 424 1304 402 417 1305 418 425 1306 403 419 1307 411 420 1308 425 424 1309 426 426 1310 404 421 1311 418 425 1312 419 427 1313 412 409 1314 426 426 1315 427 428 1316 405 407 1317 419 427 1318 420 429 1319 398 408 1320 81 15 1321 413 430 1322 307 17 1323 412 409 1324 427 428 1325 405 407 1326 421 431 1327 406 410 1328 399 411 1329 413 430 1330 414 432 1331 406 410 1332 422 433 1333 407 412 1334 400 413 1335 414 432 1336 415 434 1337 407 412 1338 423 435 1339 408 414 1340 400 413 1341 416 436 1342 401 415 1343 413 430 1344 81 15 1345 428 437 1346 307 17 1347 427 428 1348 442 438 1349 421 431 1350 435 439 1351 436 440 1352 413 430 1353 429 441 1354 414 432 1355 422 433 1356 436 440 1357 437 442 1358 414 432 1359 430 443 1360 415 434 1361 423 435 1362 437 442 1363 438 444 1364 415 434 1365 431 445 1366 416 436 1367 424 422 1368 438 444 1369 439 446 1370 416 436 1371 432 447 1372 417 423 1373 425 424 1374 439 446 1375 440 448 1376 417 423 1377 433 449 1378 418 425 1379 426 426 1380 440 448 1381 441 450 1382 418 425 1383 434 451 1384 419 427 1385 427 428 1386 441 450 1387 442 438 1388 419 427 1389 435 439 1390 420 429 1391 432 447 1392 446 452 1393 447 453 1394 440 448 1395 454 454 1396 455 455 1397 432 447 1398 448 456 1399 433 449 1400 441 450 1401 455 455 1402 456 457 1403 433 449 1404 449 458 1405 434 451 1406 442 438 1407 456 457 1408 457 459 1409 434 451 1410 450 460 1411 435 439 1412 428 437 1413 81 15 1414 443 461 1415 307 17 1416 442 438 1417 457 459 1418 436 440 1419 450 460 1420 451 462 1421 428 437 1422 444 463 1423 429 441 1424 437 442 1425 451 462 1426 452 464 1427 429 441 1428 445 465 1429 430 443 1430 437 442 1431 453 466 1432 438 444 1433 430 443 1434 446 452 1435 431 445 1436 438 444 1437 454 454 1438 439 446 1439 450 460 1440 466 467 1441 451 462 1442 443 461 1443 459 468 1444 444 463 1445 452 464 1446 466 467 1447 467 469 1448 444 463 1449 460 470 1450 445 465 1451 452 464 1452 468 471 1453 453 466 1454 445 465 1455 461 472 1456 446 452 1457 453 466 1458 469 473 1459 454 454 1460 447 453 1461 461 472 1462 462 474 1463 454 454 1464 470 475 1465 455 455 1466 448 456 1467 462 474 1468 463 476 1469 456 457 1470 470 475 1471 471 477 1472 448 456 1473 464 478 1474 449 458 1475 457 459 1476 471 477 1477 472 479 1478 449 458 1479 465 480 1480 450 460 1481 443 461 1482 81 15 1483 458 481 1484 307 17 1485 457 459 1486 472 479 1487 470 475 1488 478 30 1489 479 0 1490 463 476 1491 1 31 1492 476 3 1493 471 477 1494 479 0 1495 480 6 1496 463 476 1497 2 9 1498 464 478 1499 472 479 1500 480 6 1501 481 10 1502 464 478 1503 3 13 1504 465 480 1505 458 481 1506 81 15 1507 473 14 1508 307 17 1509 472 479 1510 481 10 1511 466 467 1512 3 13 1513 4 19 1514 458 481 1515 474 21 1516 459 468 1517 467 469 1518 4 19 1519 477 22 1520 459 468 1521 0 24 1522 460 470 1523 468 471 1524 477 22 1525 5 27 1526 461 472 1527 0 24 1528 475 28 1529 469 473 1530 5 27 1531 478 30 1532 462 474 1533 475 28 1534 1 31 1535 961 482 1536 499 483 1537 960 484 1538 493 485 1539 483 486 1540 958 487 1541 962 488 1542 500 489 1543 961 482 1544 494 490 1545 958 487 1546 484 491 1547 963 492 1548 501 493 1549 962 488 1550 495 494 1551 484 491 1552 485 495 1553 955 496 1554 488 497 1555 563 498 1556 789 499 1557 502 500 1558 963 492 1559 496 501 1560 485 495 1561 486 502 1562 489 503 1563 955 496 1564 956 504 1565 959 505 1566 496 501 1567 486 502 1568 482 506 1569 489 503 1570 956 504 1571 487 507 1572 497 508 1573 959 505 1574 957 509 1575 490 510 1576 482 506 1577 960 484 1578 498 511 1579 487 507 1580 483 486 1581 491 512 1582 957 509 1583 491 512 1584 505 513 1585 490 510 1586 499 483 1587 513 514 1588 498 511 1589 492 515 1590 506 516 1591 491 512 1592 500 489 1593 514 517 1594 499 483 1595 508 518 1596 492 515 1597 493 485 1598 516 519 1599 500 489 1600 501 493 1601 509 520 1602 493 485 1603 494 490 1604 517 521 1605 501 493 1606 502 500 1607 510 522 1608 494 490 1609 495 494 1610 488 497 1611 503 523 1612 563 498 1613 789 499 1614 517 521 1615 502 500 1616 511 524 1617 495 494 1618 496 501 1619 504 525 1620 488 497 1621 489 503 1622 512 526 1623 496 501 1624 497 508 1625 490 510 1626 504 525 1627 489 503 1628 498 511 1629 512 526 1630 497 508 1631 525 527 1632 509 520 1633 510 522 1634 503 523 1635 518 528 1636 563 498 1637 789 499 1638 532 529 1639 517 521 1640 526 530 1641 510 522 1642 511 524 1643 519 531 1644 503 523 1645 504 525 1646 527 532 1647 511 524 1648 512 526 1649 505 513 1650 519 531 1651 504 525 1652 528 533 1653 512 526 1654 513 514 1655 506 516 1656 520 534 1657 505 513 1658 529 535 1659 513 514 1660 514 517 1661 522 536 1662 506 516 1663 507 537 1664 530 538 1665 514 517 1666 515 539 1667 523 540 1668 507 537 1669 508 518 1670 531 541 1671 515 539 1672 516 519 1673 524 542 1674 508 518 1675 509 520 1676 532 529 1677 516 519 1678 517 521 1679 544 543 1680 528 533 1681 529 535 1682 537 544 1683 521 545 1684 522 536 1685 545 546 1686 529 535 1687 530 538 1688 538 547 1689 522 536 1690 523 540 1691 546 548 1692 530 538 1693 531 541 1694 539 549 1695 523 540 1696 524 542 1697 547 550 1698 531 541 1699 532 529 1700 540 551 1701 524 542 1702 525 527 1703 518 528 1704 533 552 1705 563 498 1706 789 499 1707 547 550 1708 532 529 1709 541 553 1710 525 527 1711 526 530 1712 534 554 1713 518 528 1714 519 531 1715 542 555 1716 526 530 1717 527 532 1718 535 556 1719 519 531 1720 520 534 1721 543 557 1722 527 532 1723 528 533 1724 536 558 1725 520 534 1726 521 545 1727 789 499 1728 562 559 1729 547 550 1730 556 560 1731 540 551 1732 541 553 1733 549 561 1734 533 552 1735 534 554 1736 542 555 1737 556 560 1738 541 553 1739 550 562 1740 534 554 1741 535 556 1742 558 563 1743 542 555 1744 543 557 1745 551 564 1746 535 556 1747 536 558 1748 559 565 1749 543 557 1750 544 543 1751 552 566 1752 536 558 1753 537 544 1754 560 567 1755 544 543 1756 545 546 1757 553 568 1758 537 544 1759 538 547 1760 561 569 1761 545 546 1762 546 548 1763 554 570 1764 538 547 1765 539 549 1766 562 559 1767 546 548 1768 547 550 1769 555 571 1770 539 549 1771 540 551 1772 533 552 1773 548 572 1774 563 498 1775 560 567 1776 575 573 1777 559 565 1778 569 574 1779 552 566 1780 553 568 1781 577 575 1782 560 567 1783 561 569 1784 570 576 1785 553 568 1786 554 570 1787 578 577 1788 561 569 1789 562 559 1790 571 578 1791 554 570 1792 555 571 1793 548 572 1794 564 579 1795 563 498 1796 789 499 1797 578 577 1798 562 559 1799 572 580 1800 555 571 1801 556 560 1802 565 581 1803 548 572 1804 549 561 1805 573 582 1806 556 560 1807 557 583 1808 566 584 1809 549 561 1810 550 562 1811 574 585 1812 557 583 1813 558 563 1814 567 586 1815 550 562 1816 551 564 1817 575 573 1818 558 563 1819 559 565 1820 568 587 1821 551 564 1822 552 566 1823 580 588 1824 564 579 1825 565 581 1826 588 589 1827 572 580 1828 573 582 1829 581 590 1830 565 581 1831 566 584 1832 589 591 1833 573 582 1834 574 585 1835 582 592 1836 566 584 1837 567 586 1838 575 573 1839 589 591 1840 574 585 1841 583 593 1842 567 586 1843 568 587 1844 576 594 1845 590 595 1846 575 573 1847 584 596 1848 568 587 1849 569 574 1850 592 597 1851 576 594 1852 577 575 1853 585 598 1854 569 574 1855 570 576 1856 593 599 1857 577 575 1858 578 577 1859 586 600 1860 570 576 1861 571 578 1862 564 579 1863 579 601 1864 563 498 1865 789 499 1866 593 599 1867 578 577 1868 587 602 1869 571 578 1870 572 580 1871 584 596 1872 598 603 1873 583 593 1874 607 604 1875 591 605 1876 592 597 1877 585 598 1878 599 606 1879 584 596 1880 608 607 1881 592 597 1882 593 599 1883 601 608 1884 585 598 1885 586 600 1886 579 601 1887 594 609 1888 563 498 1889 789 499 1890 608 607 1891 593 599 1892 602 610 1893 586 600 1894 587 602 1895 595 611 1896 579 601 1897 580 588 1898 603 612 1899 587 602 1900 588 589 1901 596 613 1902 580 588 1903 581 590 1904 589 591 1905 603 612 1906 588 589 1907 597 614 1908 581 590 1909 582 592 1910 590 595 1911 604 615 1912 589 591 1913 598 603 1914 582 592 1915 583 593 1916 591 605 1917 605 616 1918 590 595 1919 603 612 1920 617 617 1921 602 610 1922 611 618 1923 595 611 1924 596 613 1925 619 619 1926 603 612 1927 604 615 1928 612 620 1929 596 613 1930 597 614 1931 620 621 1932 604 615 1933 605 616 1934 598 603 1935 612 620 1936 597 614 1937 621 622 1938 605 616 1939 606 623 1940 599 606 1941 613 624 1942 598 603 1943 622 625 1944 606 623 1945 607 604 1946 600 626 1947 614 627 1948 599 606 1949 623 628 1950 607 604 1951 608 607 1952 601 608 1953 615 629 1954 600 626 1955 594 609 1956 609 630 1957 563 498 1958 789 499 1959 623 628 1960 608 607 1961 602 610 1962 616 631 1963 601 608 1964 610 632 1965 594 609 1966 595 611 1967 637 633 1968 621 622 1969 622 625 1970 615 629 1971 629 634 1972 614 627 1973 638 635 1974 622 625 1975 623 628 1976 616 631 1977 630 636 1978 615 629 1979 609 630 1980 624 637 1981 563 498 1982 789 499 1983 638 635 1984 623 628 1985 617 617 1986 631 638 1987 616 631 1988 625 639 1989 609 630 1990 610 632 1991 618 640 1992 632 641 1993 617 617 1994 626 642 1995 610 632 1996 611 618 1997 619 619 1998 633 643 1999 618 640 2000 627 644 2001 611 618 2002 612 620 2003 635 645 2004 619 619 2005 620 621 2006 613 624 2007 627 644 2008 612 620 2009 636 646 2010 620 621 2011 621 622 2012 614 627 2013 628 647 2014 613 624 2015 641 648 2016 625 639 2017 626 642 2018 634 649 2019 648 650 2020 633 643 2021 642 651 2022 626 642 2023 627 644 2024 635 645 2025 649 652 2026 634 649 2027 628 647 2028 642 651 2029 627 644 2030 651 653 2031 635 645 2032 636 646 2033 629 634 2034 643 654 2035 628 647 2036 652 655 2037 636 646 2038 637 633 2039 630 636 2040 644 656 2041 629 634 2042 653 657 2043 637 633 2044 638 635 2045 631 638 2046 645 658 2047 630 636 2048 624 637 2049 639 659 2050 563 498 2051 789 499 2052 653 657 2053 638 635 2054 632 641 2055 646 660 2056 631 638 2057 625 639 2058 639 659 2059 624 637 2060 633 643 2061 647 661 2062 632 641 2063 660 662 2064 644 656 2065 645 658 2066 668 663 2067 652 655 2068 653 657 2069 661 664 2070 645 658 2071 646 660 2072 639 659 2073 654 665 2074 563 498 2075 789 499 2076 668 663 2077 653 657 2078 662 666 2079 646 660 2080 647 661 2081 640 667 2082 654 665 2083 639 659 2084 648 650 2085 662 666 2086 647 661 2087 656 668 2088 640 667 2089 641 648 2090 649 652 2091 663 669 2092 648 650 2093 657 670 2094 641 648 2095 642 651 2096 650 671 2097 664 672 2098 649 652 2099 658 673 2100 642 651 2101 643 654 2102 651 653 2103 665 674 2104 650 671 2105 659 675 2106 643 654 2107 644 656 2108 667 676 2109 651 653 2110 652 655 2111 679 677 2112 663 669 2113 664 672 2114 672 678 2115 656 668 2116 657 670 2117 680 679 2118 664 672 2119 665 674 2120 673 680 2121 657 670 2122 658 673 2123 666 681 2124 680 679 2125 665 674 2126 674 682 2127 658 673 2128 659 675 2129 667 676 2130 681 683 2131 666 681 2132 675 684 2133 659 675 2134 660 662 2135 683 685 2136 667 676 2137 668 663 2138 676 686 2139 660 662 2140 661 664 2141 654 665 2142 669 687 2143 563 498 2144 789 499 2145 683 685 2146 668 663 2147 677 688 2148 661 664 2149 662 666 2150 655 689 2151 669 687 2152 654 665 2153 678 690 2154 662 666 2155 663 669 2156 671 691 2157 655 689 2158 656 668 2159 698 692 2160 682 693 2161 683 685 2162 691 694 2163 675 684 2164 676 686 2165 669 687 2166 684 695 2167 563 498 2168 789 499 2169 698 692 2170 683 685 2171 692 696 2172 676 686 2173 677 688 2174 670 697 2175 684 695 2176 669 687 2177 693 698 2178 677 688 2179 678 690 2180 686 699 2181 670 697 2182 671 691 2183 694 700 2184 678 690 2185 679 677 2186 687 701 2187 671 691 2188 672 678 2189 695 702 2190 679 677 2191 680 679 2192 688 703 2193 672 678 2194 673 680 2195 681 683 2196 695 702 2197 680 679 2198 689 704 2199 673 680 2200 674 682 2201 697 705 2202 681 683 2203 682 693 2204 690 706 2205 674 682 2206 675 684 2207 710 707 2208 694 700 2209 695 702 2210 703 708 2211 687 701 2212 688 703 2213 711 709 2214 695 702 2215 696 710 2216 704 711 2217 688 703 2218 689 704 2219 712 712 2220 696 710 2221 697 705 2222 705 713 2223 689 704 2224 690 706 2225 713 714 2226 697 705 2227 698 692 2228 706 715 2229 690 706 2230 691 694 2231 684 695 2232 699 716 2233 563 498 2234 789 499 2235 713 714 2236 698 692 2237 707 717 2238 691 694 2239 692 696 2240 685 718 2241 699 716 2242 684 695 2243 693 698 2244 707 717 2245 692 696 2246 701 719 2247 685 718 2248 686 699 2249 709 720 2250 693 698 2251 694 700 2252 702 721 2253 686 699 2254 687 701 2255 699 716 2256 714 722 2257 563 498 2258 789 499 2259 728 723 2260 713 714 2261 707 717 2262 721 724 2263 706 715 2264 700 725 2265 714 722 2266 699 716 2267 708 726 2268 722 727 2269 707 717 2270 716 728 2271 700 725 2272 701 719 2273 709 720 2274 723 729 2275 708 726 2276 717 730 2277 701 719 2278 702 721 2279 725 731 2280 709 720 2281 710 707 2282 718 732 2283 702 721 2284 703 708 2285 726 733 2286 710 707 2287 711 709 2288 719 734 2289 703 708 2290 704 711 2291 727 735 2292 711 709 2293 712 712 2294 720 736 2295 704 711 2296 705 713 2297 728 723 2298 712 712 2299 713 714 2300 721 724 2301 705 713 2302 706 715 2303 733 737 2304 717 730 2305 718 732 2306 741 738 2307 725 731 2308 726 733 2309 734 739 2310 718 732 2311 719 734 2312 742 740 2313 726 733 2314 727 735 2315 735 741 2316 719 734 2317 720 736 2318 728 723 2319 742 740 2320 727 735 2321 721 724 2322 735 741 2323 720 736 2324 714 722 2325 729 742 2326 563 498 2327 789 499 2328 743 743 2329 728 723 2330 722 727 2331 736 744 2332 721 724 2333 715 745 2334 729 742 2335 714 722 2336 723 729 2337 737 746 2338 722 727 2339 731 747 2340 715 745 2341 716 728 2342 739 748 2343 723 729 2344 724 749 2345 732 750 2346 716 728 2347 717 730 2348 725 731 2349 739 748 2350 724 749 2351 752 751 2352 736 744 2353 737 746 2354 745 752 2355 729 742 2356 730 753 2357 753 754 2358 737 746 2359 738 755 2360 746 756 2361 730 753 2362 731 747 2363 754 757 2364 738 755 2365 739 748 2366 747 758 2367 731 747 2368 732 750 2369 740 759 2370 754 757 2371 739 748 2372 748 760 2373 732 750 2374 733 737 2375 741 738 2376 755 761 2377 740 759 2378 734 739 2379 748 760 2380 733 737 2381 742 740 2382 756 762 2383 741 738 2384 735 741 2385 749 763 2386 734 739 2387 743 743 2388 757 764 2389 742 740 2390 736 744 2391 750 765 2392 735 741 2393 729 742 2394 744 766 2395 563 498 2396 789 499 2397 758 767 2398 743 743 2399 756 762 2400 770 768 2401 755 761 2402 749 763 2403 763 769 2404 748 760 2405 757 764 2406 771 770 2407 756 762 2408 750 765 2409 764 771 2410 749 763 2411 758 767 2412 772 772 2413 757 764 2414 751 773 2415 765 774 2416 750 765 2417 744 766 2418 759 775 2419 563 498 2420 789 499 2421 773 776 2422 758 767 2423 752 751 2424 766 777 2425 751 773 2426 760 778 2427 744 766 2428 745 752 2429 753 754 2430 767 779 2431 752 751 2432 761 780 2433 745 752 2434 746 756 2435 754 757 2436 768 781 2437 753 754 2438 747 758 2439 761 780 2440 746 756 2441 770 768 2442 754 757 2443 755 761 2444 748 760 2445 762 782 2446 747 758 2447 775 783 2448 759 775 2449 760 778 2450 783 784 2451 767 779 2452 768 781 2453 761 780 2454 775 783 2455 760 778 2456 784 785 2457 768 781 2458 769 786 2459 762 782 2460 776 787 2461 761 780 2462 770 768 2463 784 785 2464 769 786 2465 763 769 2466 777 788 2467 762 782 2468 786 789 2469 770 768 2470 771 770 2471 764 771 2472 778 790 2473 763 769 2474 772 772 2475 786 789 2476 771 770 2477 765 774 2478 779 791 2479 764 771 2480 773 776 2481 787 792 2482 772 772 2483 766 777 2484 780 793 2485 765 774 2486 759 775 2487 774 794 2488 563 498 2489 789 499 2490 788 795 2491 773 776 2492 767 779 2493 781 796 2494 766 777 2495 779 791 2496 794 797 2497 778 790 2498 787 792 2499 802 798 2500 786 789 2501 780 793 2502 795 799 2503 779 791 2504 788 795 2505 803 800 2506 787 792 2507 781 796 2508 796 801 2509 780 793 2510 774 794 2511 790 802 2512 563 498 2513 789 499 2514 804 803 2515 788 795 2516 798 804 2517 781 796 2518 782 805 2519 791 806 2520 774 794 2521 775 783 2522 799 807 2523 782 805 2524 783 784 2525 776 787 2526 791 806 2527 775 783 2528 800 808 2529 783 784 2530 784 785 2531 777 788 2532 792 809 2533 776 787 2534 801 810 2535 784 785 2536 785 811 2537 778 790 2538 793 812 2539 777 788 2540 802 798 2541 785 811 2542 786 789 2543 799 807 2544 813 813 2545 798 804 2546 792 809 2547 806 814 2548 791 806 2549 800 808 2550 814 815 2551 799 807 2552 793 812 2553 807 816 2554 792 809 2555 801 810 2556 815 817 2557 800 808 2558 794 797 2559 808 818 2560 793 812 2561 802 798 2562 816 819 2563 801 810 2564 795 799 2565 809 820 2566 794 797 2567 803 800 2568 817 821 2569 802 798 2570 796 801 2571 810 822 2572 795 799 2573 804 803 2574 818 823 2575 803 800 2576 797 824 2577 811 825 2578 796 801 2579 790 802 2580 805 826 2581 563 498 2582 789 499 2583 819 827 2584 804 803 2585 798 804 2586 812 828 2587 797 824 2588 806 814 2589 790 802 2590 791 806 2591 818 823 2592 832 829 2593 817 821 2594 811 825 2595 825 830 2596 810 822 2597 819 827 2598 833 831 2599 818 823 2600 812 828 2601 826 832 2602 811 825 2603 805 826 2604 820 833 2605 563 498 2606 789 499 2607 834 834 2608 819 827 2609 813 813 2610 827 835 2611 812 828 2612 806 814 2613 820 833 2614 805 826 2615 814 815 2616 828 836 2617 813 813 2618 822 837 2619 806 814 2620 807 816 2621 830 838 2622 814 815 2623 815 817 2624 823 839 2625 807 816 2626 808 818 2627 816 819 2628 830 838 2629 815 817 2630 809 820 2631 823 839 2632 808 818 2633 817 821 2634 831 840 2635 816 819 2636 810 822 2637 824 841 2638 809 820 2639 845 842 2640 829 843 2641 830 838 2642 838 844 2643 822 837 2644 823 839 2645 846 845 2646 830 838 2647 831 840 2648 839 846 2649 823 839 2650 824 841 2651 832 829 2652 846 845 2653 831 840 2654 825 830 2655 839 846 2656 824 841 2657 833 831 2658 847 847 2659 832 829 2660 826 832 2661 840 848 2662 825 830 2663 834 834 2664 848 849 2665 833 831 2666 827 835 2667 841 850 2668 826 832 2669 820 833 2670 835 851 2671 563 498 2672 789 499 2673 849 852 2674 834 834 2675 843 853 2676 827 835 2677 828 836 2678 821 854 2679 835 851 2680 820 833 2681 844 855 2682 828 836 2683 829 843 2684 822 837 2685 836 856 2686 821 854 2687 849 852 2688 863 857 2689 848 849 2690 842 858 2691 856 859 2692 841 850 2693 835 851 2694 850 860 2695 563 498 2696 789 499 2697 864 861 2698 849 852 2699 843 853 2700 857 862 2701 842 858 2702 836 856 2703 850 860 2704 835 851 2705 844 855 2706 858 863 2707 843 853 2708 837 864 2709 851 865 2710 836 856 2711 845 842 2712 859 866 2713 844 855 2714 853 867 2715 837 864 2716 838 844 2717 846 845 2718 860 868 2719 845 842 2720 854 869 2721 838 844 2722 839 846 2723 847 847 2724 861 870 2725 846 845 2726 840 848 2727 854 869 2728 839 846 2729 848 849 2730 862 871 2731 847 847 2732 841 850 2733 855 872 2734 840 848 2735 868 873 2736 852 874 2737 853 867 2738 861 870 2739 875 875 2740 860 868 2741 869 876 2742 853 867 2743 854 869 2744 862 871 2745 876 877 2746 861 870 2747 855 872 2748 869 876 2749 854 869 2750 863 857 2751 877 878 2752 862 871 2753 856 859 2754 870 879 2755 855 872 2756 864 861 2757 878 880 2758 863 857 2759 857 862 2760 871 881 2761 856 859 2762 850 860 2763 865 882 2764 563 498 2765 789 499 2766 879 883 2767 864 861 2768 873 884 2769 857 862 2770 858 863 2771 851 865 2772 865 882 2773 850 860 2774 874 885 2775 858 863 2776 859 866 2777 852 874 2778 866 886 2779 851 865 2780 875 875 2781 859 866 2782 860 868 2783 887 887 2784 871 881 2785 872 888 2786 865 882 2787 880 889 2788 563 498 2789 789 499 2790 894 890 2791 879 883 2792 888 891 2793 872 888 2794 873 884 2795 866 886 2796 880 889 2797 865 882 2798 889 892 2799 873 884 2800 874 885 2801 867 893 2802 881 894 2803 866 886 2804 890 895 2805 874 885 2806 875 875 2807 883 896 2808 867 893 2809 868 873 2810 891 897 2811 875 875 2812 876 877 2813 884 898 2814 868 873 2815 869 876 2816 877 878 2817 891 897 2818 876 877 2819 885 899 2820 869 876 2821 870 879 2822 878 880 2823 892 900 2824 877 878 2825 871 881 2826 885 899 2827 870 879 2828 879 883 2829 893 901 2830 878 880 2831 906 902 2832 890 895 2833 891 897 2834 899 903 2835 883 896 2836 884 898 2837 892 900 2838 906 902 2839 891 897 2840 900 904 2841 884 898 2842 885 899 2843 893 901 2844 907 905 2845 892 900 2846 886 906 2847 900 904 2848 885 899 2849 894 890 2850 908 907 2851 893 901 2852 902 908 2853 886 906 2854 887 887 2855 880 889 2856 895 909 2857 563 498 2858 789 499 2859 909 910 2860 894 890 2861 903 911 2862 887 887 2863 888 891 2864 881 894 2865 895 909 2866 880 889 2867 904 912 2868 888 891 2869 889 892 2870 882 913 2871 896 914 2872 881 894 2873 905 915 2874 889 892 2875 890 895 2876 898 916 2877 882 913 2878 883 896 2879 895 909 2880 910 917 2881 563 498 2882 789 499 2883 924 918 2884 909 910 2885 918 919 2886 902 908 2887 903 911 2888 911 920 2889 895 909 2890 896 914 2891 919 921 2892 903 911 2893 904 912 2894 912 922 2895 896 914 2896 897 923 2897 920 924 2898 904 912 2899 905 915 2900 913 925 2901 897 923 2902 898 916 2903 921 926 2904 905 915 2905 906 902 2906 914 927 2907 898 916 2908 899 903 2909 907 905 2910 921 926 2911 906 902 2912 915 928 2913 899 903 2914 900 904 2915 908 907 2916 922 929 2917 907 905 2918 916 930 2919 900 904 2920 901 931 2921 909 910 2922 923 932 2923 908 907 2924 917 933 2925 901 931 2926 902 908 2927 929 934 2928 913 925 2929 914 927 2930 922 929 2931 936 935 2932 921 926 2933 930 936 2934 914 927 2935 915 928 2936 923 932 2937 937 937 2938 922 929 2939 931 938 2940 915 928 2941 916 930 2942 924 918 2943 938 939 2944 923 932 2945 932 940 2946 916 930 2947 917 933 2948 910 917 2949 925 941 2950 563 498 2951 789 499 2952 939 942 2953 924 918 2954 933 943 2955 917 933 2956 918 919 2957 926 944 2958 910 917 2959 911 920 2960 934 945 2961 918 919 2962 919 921 2963 927 946 2964 911 920 2965 912 922 2966 935 947 2967 919 921 2968 920 924 2969 928 948 2970 912 922 2971 913 925 2972 936 935 2973 920 924 2974 921 926 2975 948 949 2976 932 940 2977 933 943 2978 941 950 2979 925 941 2980 926 944 2981 949 951 2982 933 943 2983 934 945 2984 942 952 2985 926 944 2986 927 946 2987 950 953 2988 934 945 2989 935 947 2990 943 954 2991 927 946 2992 928 948 2993 951 955 2994 935 947 2995 936 935 2996 929 934 2997 943 954 2998 928 948 2999 937 937 3000 951 955 3001 936 935 3002 945 956 3003 929 934 3004 930 936 3005 938 939 3006 952 957 3007 937 937 3008 946 958 3009 930 936 3010 931 938 3011 939 942 3012 953 959 3013 938 939 3014 947 960 3015 931 938 3016 932 940 3017 925 941 3018 940 961 3019 563 498 3020 789 499 3021 954 962 3022 939 942 3023 952 957 3024 960 484 3025 951 955 3026 958 487 3027 944 963 3028 945 956 3029 953 959 3030 961 482 3031 952 957 3032 484 491 3033 945 956 3034 946 958 3035 954 962 3036 962 488 3037 953 959 3038 485 495 3039 946 958 3040 947 960 3041 940 961 3042 955 496 3043 563 498 3044 789 499 3045 963 492 3046 954 962 3047 948 949 3048 485 495 3049 947 960 3050 956 504 3051 940 961 3052 941 950 3053 949 951 3054 486 502 3055 948 949 3056 482 506 3057 941 950 3058 942 952 3059 950 953 3060 959 505 3061 949 951 3062 943 954 3063 482 506 3064 942 952 3065 951 955 3066 487 507 3067 950 953 3068 944 963 3069 957 509 3070 943 954 3071 479 0 3072 478 30 3073 17 1 3074 476 3 3075 1 31 3076 10 4 3077 480 6 3078 479 0 3079 18 2 3080 476 3 3081 11 5 3082 12 8 3083 481 10 3084 480 6 3085 19 7 3086 2 9 3087 12 8 3088 13 12 3089 3 13 3090 13 12 3091 14 18 3092 473 14 3093 6 16 3094 7 20 3095 477 22 3096 4 19 3097 14 18 3098 0 24 3099 474 21 3100 7 20 3101 477 22 3102 15 23 3103 16 26 3104 475 28 3105 0 24 3106 8 25 3107 478 30 3108 5 27 3109 16 26 3110 1 31 3111 475 28 3112 9 29 3113 9 29 3114 8 25 3115 23 32 3116 17 1 3117 16 26 3118 31 34 3119 10 4 3120 9 29 3121 24 33 3122 18 2 3123 17 1 3124 32 35 3125 10 4 3126 25 36 3127 26 38 3128 18 2 3129 33 37 3130 34 39 3131 11 5 3132 26 38 3133 27 40 3134 19 7 3135 34 39 3136 35 41 3137 12 8 3138 27 40 3139 28 42 3140 13 12 3141 28 42 3142 29 44 3143 6 16 3144 21 43 3145 22 45 3146 14 18 3147 29 44 3148 30 46 3149 8 25 3150 7 20 3151 22 45 3152 16 26 3153 15 23 3154 30 46 3155 27 40 3156 42 61 3157 43 47 3158 28 42 3159 43 47 3160 44 50 3161 21 43 3162 36 48 3163 37 51 3164 29 44 3165 44 50 3166 45 52 3167 22 45 3168 37 51 3169 38 53 3170 31 34 3171 30 46 3172 45 52 3173 23 32 3174 38 53 3175 39 55 3176 32 35 3177 31 34 3178 46 54 3179 24 33 3180 39 55 3181 40 57 3182 33 37 3183 32 35 3184 47 56 3185 25 36 3186 40 57 3187 41 59 3188 33 37 3189 48 58 3190 49 60 3191 26 38 3192 41 59 3193 42 61 3194 34 39 3195 49 60 3196 50 49 3197 46 54 3198 61 75 3199 62 62 3200 39 55 3201 54 76 3202 55 63 3203 48 58 3204 47 56 3205 62 62 3206 40 57 3207 55 63 3208 56 65 3209 48 58 3210 63 64 3211 64 66 3212 41 59 3213 56 65 3214 57 67 3215 49 60 3216 64 66 3217 65 68 3218 42 61 3219 57 67 3220 58 69 3221 43 47 3222 58 69 3223 59 71 3224 36 48 3225 51 70 3226 52 72 3227 45 52 3228 44 50 3229 59 71 3230 37 51 3231 52 72 3232 53 74 3233 45 52 3234 60 73 3235 61 75 3236 38 53 3237 53 74 3238 54 76 3239 58 69 3240 73 90 3241 74 78 3242 51 70 3243 66 91 3244 67 79 3245 60 73 3246 59 71 3247 74 78 3248 52 72 3249 67 79 3250 68 81 3251 60 73 3252 75 80 3253 76 82 3254 53 74 3255 68 81 3256 69 83 3257 61 75 3258 76 82 3259 77 84 3260 54 76 3261 69 83 3262 70 85 3263 62 62 3264 77 84 3265 78 86 3266 55 63 3267 70 85 3268 71 87 3269 63 64 3270 78 86 3271 79 88 3272 56 65 3273 71 87 3274 72 89 3275 64 66 3276 79 88 3277 80 77 3278 57 67 3279 72 89 3280 73 90 3281 78 86 3282 77 84 3283 93 92 3284 70 85 3285 86 106 3286 87 94 3287 79 88 3288 78 86 3289 94 93 3290 71 87 3291 87 94 3292 88 96 3293 79 88 3294 95 95 3295 96 97 3296 72 89 3297 88 96 3298 89 98 3299 73 90 3300 89 98 3301 90 100 3302 66 91 3303 82 99 3304 83 101 3305 74 78 3306 90 100 3307 91 102 3308 67 79 3309 83 101 3310 84 103 3311 76 82 3312 75 80 3313 91 102 3314 68 81 3315 84 103 3316 85 105 3317 76 82 3318 92 104 3319 93 92 3320 69 83 3321 85 105 3322 86 106 3323 82 99 3324 97 120 3325 98 107 3326 90 100 3327 105 121 3328 106 108 3329 83 101 3330 98 107 3331 99 109 3332 91 102 3333 106 108 3334 107 110 3335 84 103 3336 99 109 3337 100 111 3338 93 92 3339 92 104 3340 107 110 3341 85 105 3342 100 111 3343 101 113 3344 94 93 3345 93 92 3346 108 112 3347 86 106 3348 101 113 3349 102 115 3350 95 95 3351 94 93 3352 109 114 3353 87 94 3354 102 115 3355 103 117 3356 95 95 3357 110 116 3358 111 118 3359 88 96 3360 103 117 3361 104 119 3362 89 98 3363 104 119 3364 105 121 3365 102 115 3366 101 113 3367 116 122 3368 110 116 3369 109 114 3370 124 124 3371 103 117 3372 102 115 3373 117 123 3374 110 116 3375 125 125 3376 126 127 3377 104 119 3378 103 117 3379 118 126 3380 105 121 3381 104 119 3382 119 128 3383 97 120 3384 112 129 3385 113 131 3386 105 121 3387 120 130 3388 121 132 3389 98 107 3390 113 131 3391 114 133 3392 107 110 3393 106 108 3394 121 132 3395 99 109 3396 114 133 3397 115 135 3398 108 112 3399 107 110 3400 122 134 3401 101 113 3402 100 111 3403 115 135 3404 109 114 3405 108 112 3406 123 136 3407 121 132 3408 120 130 3409 135 137 3410 114 133 3411 113 131 3412 128 139 3413 122 134 3414 121 132 3415 136 138 3416 115 135 3417 114 133 3418 129 140 3419 122 134 3420 137 141 3421 138 143 3422 116 122 3423 115 135 3424 130 142 3425 124 124 3426 123 136 3427 138 143 3428 117 123 3429 116 122 3430 131 144 3431 124 124 3432 139 145 3433 140 147 3434 118 126 3435 117 123 3436 132 146 3437 125 125 3438 140 147 3439 141 149 3440 119 128 3441 118 126 3442 133 148 3443 120 130 3444 119 128 3445 134 150 3446 113 131 3447 112 129 3448 127 151 3449 139 145 3450 154 166 3451 155 152 3452 133 148 3453 132 146 3454 147 153 3455 140 147 3456 155 152 3457 156 155 3458 134 150 3459 133 148 3460 148 154 3461 135 137 3462 134 150 3463 149 156 3464 128 139 3465 127 151 3466 142 157 3467 136 138 3468 135 137 3469 150 158 3470 129 140 3471 128 139 3472 143 159 3473 137 141 3474 136 138 3475 151 160 3476 130 142 3477 129 140 3478 144 161 3479 137 141 3480 152 162 3481 153 164 3482 131 144 3483 130 142 3484 145 163 3485 139 145 3486 138 143 3487 153 164 3488 132 146 3489 131 144 3490 146 165 3491 144 161 3492 143 159 3493 158 167 3494 151 160 3495 166 181 3496 167 169 3497 145 163 3498 144 161 3499 159 168 3500 152 162 3501 167 169 3502 168 171 3503 146 165 3504 145 163 3505 160 170 3506 153 164 3507 168 171 3508 169 173 3509 147 153 3510 146 165 3511 161 172 3512 154 166 3513 169 173 3514 170 175 3515 148 154 3516 147 153 3517 162 174 3518 155 152 3519 170 175 3520 171 177 3521 149 156 3522 148 154 3523 163 176 3524 150 158 3525 149 156 3526 164 178 3527 143 159 3528 142 157 3529 157 179 3530 151 160 3531 150 158 3532 165 180 3533 162 174 3534 177 195 3535 178 182 3536 170 175 3537 185 196 3538 186 183 3539 163 176 3540 178 182 3541 179 184 3542 164 178 3543 179 184 3544 180 186 3545 158 167 3546 157 179 3547 172 185 3548 165 180 3549 180 186 3550 181 188 3551 159 168 3552 158 167 3553 173 187 3554 167 169 3555 166 181 3556 181 188 3557 159 168 3558 174 189 3559 175 191 3560 168 171 3561 167 169 3562 182 190 3563 160 170 3564 175 191 3565 176 193 3566 168 171 3567 183 192 3568 184 194 3569 161 172 3570 176 193 3571 177 195 3572 169 173 3573 184 194 3574 185 196 3575 181 188 3576 196 210 3577 197 197 3578 174 189 3579 189 211 3580 190 198 3581 182 190 3582 197 197 3583 198 199 3584 175 191 3585 190 198 3586 191 200 3587 183 192 3588 198 199 3589 199 201 3590 176 193 3591 191 200 3592 192 202 3593 185 196 3594 184 194 3595 199 201 3596 177 195 3597 192 202 3598 193 204 3599 185 196 3600 200 203 3601 201 205 3602 178 182 3603 193 204 3604 194 206 3605 179 184 3606 194 206 3607 195 208 3608 173 187 3609 172 185 3610 187 207 3611 180 186 3612 195 208 3613 196 210 3614 173 187 3615 188 209 3616 189 211 3617 200 203 3618 215 225 3619 216 212 3620 193 204 3621 208 226 3622 209 213 3623 194 206 3624 209 213 3625 210 215 3626 188 209 3627 187 207 3628 202 214 3629 195 208 3630 210 215 3631 211 217 3632 188 209 3633 203 216 3634 204 218 3635 197 197 3636 196 210 3637 211 217 3638 189 211 3639 204 218 3640 205 220 3641 197 197 3642 212 219 3643 213 221 3644 190 198 3645 205 220 3646 206 222 3647 198 199 3648 213 221 3649 214 223 3650 191 200 3651 206 222 3652 207 224 3653 199 201 3654 214 223 3655 215 225 3656 192 202 3657 207 224 3658 208 226 3659 213 221 3660 212 219 3661 227 227 3662 205 220 3663 220 241 3664 221 229 3665 214 223 3666 213 221 3667 228 228 3668 206 222 3669 221 229 3670 222 231 3671 214 223 3672 229 230 3673 230 232 3674 207 224 3675 222 231 3676 223 233 3677 215 225 3678 230 232 3679 231 234 3680 208 226 3681 223 233 3682 224 235 3683 209 213 3684 224 235 3685 225 237 3686 203 216 3687 202 214 3688 217 236 3689 211 217 3690 210 215 3691 225 237 3692 203 216 3693 218 238 3694 219 240 3695 211 217 3696 226 239 3697 227 227 3698 204 218 3699 219 240 3700 220 241 3701 225 237 3702 224 235 3703 239 244 3704 218 238 3705 217 236 3706 232 242 3707 226 239 3708 225 237 3709 240 245 3710 218 238 3711 233 246 3712 234 248 3713 227 227 3714 226 239 3715 241 247 3716 219 240 3717 234 248 3718 235 250 3719 227 227 3720 242 249 3721 243 251 3722 220 241 3723 235 250 3724 236 252 3725 228 228 3726 243 251 3727 244 253 3728 221 229 3729 236 252 3730 237 254 3731 229 230 3732 244 253 3733 245 255 3734 222 231 3735 237 254 3736 238 256 3737 230 232 3738 245 255 3739 246 243 3740 223 233 3741 238 256 3742 239 244 3743 235 250 3744 250 271 3745 251 257 3746 244 253 3747 243 251 3748 258 258 3749 236 252 3750 251 257 3751 252 260 3752 244 253 3753 259 259 3754 260 261 3755 237 254 3756 252 260 3757 253 262 3758 246 243 3759 245 255 3760 260 261 3761 239 244 3762 238 256 3763 253 262 3764 240 245 3765 239 244 3766 254 264 3767 232 242 3768 247 265 3769 248 267 3770 241 247 3771 240 245 3772 255 266 3773 233 246 3774 248 267 3775 249 269 3776 242 249 3777 241 247 3778 256 268 3779 234 248 3780 249 269 3781 250 271 3782 243 251 3783 242 249 3784 257 270 3785 254 264 3786 269 285 3787 270 272 3788 247 265 3789 262 286 3790 263 273 3791 255 266 3792 270 272 3793 271 274 3794 248 267 3795 263 273 3796 264 275 3797 257 270 3798 256 268 3799 271 274 3800 249 269 3801 264 275 3802 265 277 3803 258 258 3804 257 270 3805 272 276 3806 250 271 3807 265 277 3808 266 279 3809 258 258 3810 273 278 3811 274 280 3812 251 257 3813 266 279 3814 267 281 3815 260 261 3816 259 259 3817 274 280 3818 252 260 3819 267 281 3820 268 283 3821 261 263 3822 260 261 3823 275 282 3824 254 264 3825 253 262 3826 268 283 3827 273 278 3828 288 301 3829 289 287 3830 267 281 3831 266 279 3832 281 288 3833 275 282 3834 274 280 3835 289 287 3836 268 283 3837 267 281 3838 282 289 3839 276 284 3840 275 282 3841 290 290 3842 268 283 3843 283 291 3844 284 293 3845 269 285 3846 284 293 3847 285 295 3848 262 286 3849 277 294 3850 278 296 3851 271 274 3852 270 272 3853 285 295 3854 263 273 3855 278 296 3856 279 298 3857 272 276 3858 271 274 3859 286 297 3860 264 275 3861 279 298 3862 280 300 3863 272 276 3864 287 299 3865 288 301 3866 265 277 3867 280 300 3868 281 288 3869 277 294 3870 292 315 3871 293 302 3872 285 295 3873 300 316 3874 301 303 3875 278 296 3876 293 302 3877 294 304 3878 286 297 3879 301 303 3880 302 305 3881 280 300 3882 279 298 3883 294 304 3884 288 301 3885 287 299 3886 302 305 3887 281 288 3888 280 300 3889 295 306 3890 289 287 3891 288 301 3892 303 307 3893 282 289 3894 281 288 3895 296 308 3896 289 287 3897 304 309 3898 305 311 3899 283 291 3900 282 289 3901 297 310 3902 291 292 3903 290 290 3904 305 311 3905 284 293 3906 283 291 3907 298 312 3908 285 295 3909 284 293 3910 299 314 3911 297 310 3912 296 308 3913 312 317 3914 304 309 3915 320 331 3916 321 319 3917 298 312 3918 297 310 3919 313 318 3920 306 313 3921 305 311 3922 321 319 3923 299 314 3924 298 312 3925 314 320 3926 299 314 3927 315 322 3928 316 324 3929 292 315 3930 308 323 3931 309 325 3932 300 316 3933 316 324 3934 317 326 3935 293 302 3936 309 325 3937 310 327 3938 301 303 3939 317 326 3940 318 328 3941 295 306 3942 294 304 3943 310 327 3944 302 305 3945 318 328 3946 319 330 3947 296 308 3948 295 306 3949 311 329 3950 303 307 3951 319 330 3952 320 331 3953 317 326 3954 316 324 3955 331 332 3956 309 325 3957 324 346 3958 325 334 3959 317 326 3960 332 333 3961 333 335 3962 311 329 3963 310 327 3964 325 334 3965 318 328 3966 333 335 3967 334 337 3968 312 317 3969 311 329 3970 326 336 3971 320 331 3972 319 330 3973 334 337 3974 313 318 3975 312 317 3976 327 338 3977 321 319 3978 320 331 3979 335 339 3980 314 320 3981 313 318 3982 328 340 3983 322 321 3984 321 319 3985 336 341 3986 315 322 3987 314 320 3988 329 342 3989 316 324 3990 315 322 3991 330 344 3992 308 323 3993 323 345 3994 324 346 3995 336 341 3996 335 339 3997 350 347 3998 329 342 3999 328 340 4000 343 349 4001 337 343 4002 336 341 4003 351 348 4004 330 344 4005 329 342 4006 344 350 4007 331 332 4008 330 344 4009 345 352 4010 324 346 4011 323 345 4012 338 353 4013 331 332 4014 346 354 4015 347 356 4016 324 346 4017 339 355 4018 340 357 4019 333 335 4020 332 333 4021 347 356 4022 325 334 4023 340 357 4024 341 359 4025 334 337 4026 333 335 4027 348 358 4028 327 338 4029 326 336 4030 341 359 4031 334 337 4032 349 360 4033 350 347 4034 328 340 4035 327 338 4036 342 361 4037 347 356 4038 362 375 4039 363 362 4040 340 357 4041 355 376 4042 356 363 4043 348 358 4044 363 362 4045 364 364 4046 341 359 4047 356 363 4048 357 365 4049 349 360 4050 364 364 4051 365 366 4052 343 349 4053 342 361 4054 357 365 4055 351 348 4056 350 347 4057 365 366 4058 344 350 4059 343 349 4060 358 367 4061 352 351 4062 351 348 4063 366 368 4064 345 352 4065 344 350 4066 359 369 4067 345 352 4068 360 371 4069 361 373 4070 339 355 4071 338 353 4072 353 372 4073 346 354 4074 361 373 4075 362 375 4076 340 357 4077 339 355 4078 354 374 4079 367 370 4080 366 368 4081 381 377 4082 360 371 4083 359 369 4084 374 379 4085 361 373 4086 360 371 4087 375 380 4088 354 374 4089 353 372 4090 368 381 4091 362 375 4092 361 373 4093 376 382 4094 355 376 4095 354 374 4096 369 383 4097 363 362 4098 362 375 4099 377 384 4100 355 376 4101 370 385 4102 371 387 4103 364 364 4104 363 362 4105 378 386 4106 356 363 4107 371 387 4108 372 389 4109 365 366 4110 364 364 4111 379 388 4112 358 367 4113 357 365 4114 372 389 4115 366 368 4116 365 366 4117 380 390 4118 359 369 4119 358 367 4120 373 391 4121 371 387 4122 370 385 4123 385 392 4124 378 386 4125 393 406 4126 394 394 4127 371 387 4128 386 393 4129 387 395 4130 380 390 4131 379 388 4132 394 394 4133 372 389 4134 387 395 4135 388 397 4136 381 377 4137 380 390 4138 395 396 4139 373 391 4140 388 397 4141 389 399 4142 382 378 4143 381 377 4144 396 398 4145 374 379 4146 389 399 4147 390 401 4148 375 380 4149 390 401 4150 391 403 4151 369 383 4152 368 381 4153 383 402 4154 377 384 4155 376 382 4156 391 403 4157 370 385 4158 369 383 4159 384 404 4160 377 384 4161 392 405 4162 393 406 4163 389 399 4164 404 421 4165 405 407 4166 390 401 4167 405 407 4168 406 410 4169 384 404 4170 383 402 4171 398 408 4172 391 403 4173 406 410 4174 407 412 4175 385 392 4176 384 404 4177 399 411 4178 393 406 4179 392 405 4180 407 412 4181 386 393 4182 385 392 4183 400 413 4184 393 406 4185 408 414 4186 409 416 4187 386 393 4188 401 415 4189 402 417 4190 394 394 4191 409 416 4192 410 418 4193 387 395 4194 402 417 4195 403 419 4196 396 398 4197 395 396 4198 410 418 4199 388 397 4200 403 419 4201 404 421 4202 397 400 4203 396 398 4204 411 420 4205 408 414 4206 423 435 4207 424 422 4208 401 415 4209 416 436 4210 417 423 4211 410 418 4212 409 416 4213 424 422 4214 402 417 4215 417 423 4216 418 425 4217 411 420 4218 410 418 4219 425 424 4220 404 421 4221 403 419 4222 418 425 4223 412 409 4224 411 420 4225 426 426 4226 405 407 4227 404 421 4228 419 427 4229 405 407 4230 420 429 4231 421 431 4232 399 411 4233 398 408 4234 413 430 4235 406 410 4236 421 431 4237 422 433 4238 400 413 4239 399 411 4240 414 432 4241 407 412 4242 422 433 4243 423 435 4244 400 413 4245 415 434 4246 416 436 4247 421 431 4248 420 429 4249 435 439 4250 413 430 4251 428 437 4252 429 441 4253 422 433 4254 421 431 4255 436 440 4256 414 432 4257 429 441 4258 430 443 4259 423 435 4260 422 433 4261 437 442 4262 415 434 4263 430 443 4264 431 445 4265 424 422 4266 423 435 4267 438 444 4268 416 436 4269 431 445 4270 432 447 4271 425 424 4272 424 422 4273 439 446 4274 417 423 4275 432 447 4276 433 449 4277 426 426 4278 425 424 4279 440 448 4280 418 425 4281 433 449 4282 434 451 4283 427 428 4284 426 426 4285 441 450 4286 419 427 4287 434 451 4288 435 439 4289 432 447 4290 431 445 4291 446 452 4292 440 448 4293 439 446 4294 454 454 4295 432 447 4296 447 453 4297 448 456 4298 441 450 4299 440 448 4300 455 455 4301 433 449 4302 448 456 4303 449 458 4304 442 438 4305 441 450 4306 456 457 4307 434 451 4308 449 458 4309 450 460 4310 436 440 4311 435 439 4312 450 460 4313 428 437 4314 443 461 4315 444 463 4316 437 442 4317 436 440 4318 451 462 4319 429 441 4320 444 463 4321 445 465 4322 437 442 4323 452 464 4324 453 466 4325 430 443 4326 445 465 4327 446 452 4328 438 444 4329 453 466 4330 454 454 4331 450 460 4332 465 480 4333 466 467 4334 443 461 4335 458 481 4336 459 468 4337 452 464 4338 451 462 4339 466 467 4340 444 463 4341 459 468 4342 460 470 4343 452 464 4344 467 469 4345 468 471 4346 445 465 4347 460 470 4348 461 472 4349 453 466 4350 468 471 4351 469 473 4352 447 453 4353 446 452 4354 461 472 4355 454 454 4356 469 473 4357 470 475 4358 448 456 4359 447 453 4360 462 474 4361 456 457 4362 455 455 4363 470 475 4364 448 456 4365 463 476 4366 464 478 4367 457 459 4368 456 457 4369 471 477 4370 449 458 4371 464 478 4372 465 480 4373 470 475 4374 469 473 4375 478 30 4376 463 476 4377 462 474 4378 1 31 4379 471 477 4380 470 475 4381 479 0 4382 463 476 4383 476 3 4384 2 9 4385 472 479 4386 471 477 4387 480 6 4388 464 478 4389 2 9 4390 3 13 4391 466 467 4392 465 480 4393 3 13 4394 458 481 4395 473 14 4396 474 21 4397 467 469 4398 466 467 4399 4 19 4400 459 468 4401 474 21 4402 0 24 4403 468 471 4404 467 469 4405 477 22 4406 461 472 4407 460 470 4408 0 24 4409 469 473 4410 468 471 4411 5 27 4412 462 474 4413 461 472 4414 475 28 4415 961 482 4416 500 489 4417 499 483 4418 493 485 4419 492 515 4420 483 486 4421 962 488 4422 501 493 4423 500 489 4424 494 490 4425 493 485 4426 958 487 4427 963 492 4428 502 500 4429 501 493 4430 495 494 4431 494 490 4432 484 491 4433 496 501 4434 495 494 4435 485 495 4436 489 503 4437 488 497 4438 955 496 4439 959 505 4440 497 508 4441 496 501 4442 482 506 4443 490 510 4444 489 503 4445 487 507 4446 498 511 4447 497 508 4448 957 509 4449 491 512 4450 490 510 4451 960 484 4452 499 483 4453 498 511 4454 483 486 4455 492 515 4456 491 512 4457 491 512 4458 506 516 4459 505 513 4460 499 483 4461 514 517 4462 513 514 4463 492 515 4464 507 537 4465 506 516 4466 500 489 4467 515 539 4468 514 517 4469 508 518 4470 507 537 4471 492 515 4472 516 519 4473 515 539 4474 500 489 4475 509 520 4476 508 518 4477 493 485 4478 517 521 4479 516 519 4480 501 493 4481 510 522 4482 509 520 4483 494 490 4484 511 524 4485 510 522 4486 495 494 4487 504 525 4488 503 523 4489 488 497 4490 512 526 4491 511 524 4492 496 501 4493 490 510 4494 505 513 4495 504 525 4496 498 511 4497 513 514 4498 512 526 4499 525 527 4500 524 542 4501 509 520 4502 526 530 4503 525 527 4504 510 522 4505 519 531 4506 518 528 4507 503 523 4508 527 532 4509 526 530 4510 511 524 4511 505 513 4512 520 534 4513 519 531 4514 528 533 4515 527 532 4516 512 526 4517 506 516 4518 521 545 4519 520 534 4520 529 535 4521 528 533 4522 513 514 4523 522 536 4524 521 545 4525 506 516 4526 530 538 4527 529 535 4528 514 517 4529 523 540 4530 522 536 4531 507 537 4532 531 541 4533 530 538 4534 515 539 4535 524 542 4536 523 540 4537 508 518 4538 532 529 4539 531 541 4540 516 519 4541 544 543 4542 543 557 4543 528 533 4544 537 544 4545 536 558 4546 521 545 4547 545 546 4548 544 543 4549 529 535 4550 538 547 4551 537 544 4552 522 536 4553 546 548 4554 545 546 4555 530 538 4556 539 549 4557 538 547 4558 523 540 4559 547 550 4560 546 548 4561 531 541 4562 540 551 4563 539 549 4564 524 542 4565 541 553 4566 540 551 4567 525 527 4568 534 554 4569 533 552 4570 518 528 4571 542 555 4572 541 553 4573 526 530 4574 535 556 4575 534 554 4576 519 531 4577 543 557 4578 542 555 4579 527 532 4580 536 558 4581 535 556 4582 520 534 4583 556 560 4584 555 571 4585 540 551 4586 549 561 4587 548 572 4588 533 552 4589 542 555 4590 557 583 4591 556 560 4592 550 562 4593 549 561 4594 534 554 4595 558 563 4596 557 583 4597 542 555 4598 551 564 4599 550 562 4600 535 556 4601 559 565 4602 558 563 4603 543 557 4604 552 566 4605 551 564 4606 536 558 4607 560 567 4608 559 565 4609 544 543 4610 553 568 4611 552 566 4612 537 544 4613 561 569 4614 560 567 4615 545 546 4616 554 570 4617 553 568 4618 538 547 4619 562 559 4620 561 569 4621 546 548 4622 555 571 4623 554 570 4624 539 549 4625 560 567 4626 576 594 4627 575 573 4628 569 574 4629 568 587 4630 552 566 4631 577 575 4632 576 594 4633 560 567 4634 570 576 4635 569 574 4636 553 568 4637 578 577 4638 577 575 4639 561 569 4640 571 578 4641 570 576 4642 554 570 4643 572 580 4644 571 578 4645 555 571 4646 565 581 4647 564 579 4648 548 572 4649 573 582 4650 572 580 4651 556 560 4652 566 584 4653 565 581 4654 549 561 4655 574 585 4656 573 582 4657 557 583 4658 567 586 4659 566 584 4660 550 562 4661 575 573 4662 574 585 4663 558 563 4664 568 587 4665 567 586 4666 551 564 4667 580 588 4668 579 601 4669 564 579 4670 588 589 4671 587 602 4672 572 580 4673 581 590 4674 580 588 4675 565 581 4676 589 591 4677 588 589 4678 573 582 4679 582 592 4680 581 590 4681 566 584 4682 575 573 4683 590 595 4684 589 591 4685 583 593 4686 582 592 4687 567 586 4688 576 594 4689 591 605 4690 590 595 4691 584 596 4692 583 593 4693 568 587 4694 592 597 4695 591 605 4696 576 594 4697 585 598 4698 584 596 4699 569 574 4700 593 599 4701 592 597 4702 577 575 4703 586 600 4704 585 598 4705 570 576 4706 587 602 4707 586 600 4708 571 578 4709 584 596 4710 599 606 4711 598 603 4712 607 604 4713 606 623 4714 591 605 4715 585 598 4716 600 626 4717 599 606 4718 608 607 4719 607 604 4720 592 597 4721 601 608 4722 600 626 4723 585 598 4724 602 610 4725 601 608 4726 586 600 4727 595 611 4728 594 609 4729 579 601 4730 603 612 4731 602 610 4732 587 602 4733 596 613 4734 595 611 4735 580 588 4736 589 591 4737 604 615 4738 603 612 4739 597 614 4740 596 613 4741 581 590 4742 590 595 4743 605 616 4744 604 615 4745 598 603 4746 597 614 4747 582 592 4748 591 605 4749 606 623 4750 605 616 4751 603 612 4752 618 640 4753 617 617 4754 611 618 4755 610 632 4756 595 611 4757 619 619 4758 618 640 4759 603 612 4760 612 620 4761 611 618 4762 596 613 4763 620 621 4764 619 619 4765 604 615 4766 598 603 4767 613 624 4768 612 620 4769 621 622 4770 620 621 4771 605 616 4772 599 606 4773 614 627 4774 613 624 4775 622 625 4776 621 622 4777 606 623 4778 600 626 4779 615 629 4780 614 627 4781 623 628 4782 622 625 4783 607 604 4784 601 608 4785 616 631 4786 615 629 4787 602 610 4788 617 617 4789 616 631 4790 610 632 4791 609 630 4792 594 609 4793 637 633 4794 636 646 4795 621 622 4796 615 629 4797 630 636 4798 629 634 4799 638 635 4800 637 633 4801 622 625 4802 616 631 4803 631 638 4804 630 636 4805 617 617 4806 632 641 4807 631 638 4808 625 639 4809 624 637 4810 609 630 4811 618 640 4812 633 643 4813 632 641 4814 626 642 4815 625 639 4816 610 632 4817 619 619 4818 634 649 4819 633 643 4820 627 644 4821 626 642 4822 611 618 4823 635 645 4824 634 649 4825 619 619 4826 613 624 4827 628 647 4828 627 644 4829 636 646 4830 635 645 4831 620 621 4832 614 627 4833 629 634 4834 628 647 4835 641 648 4836 640 667 4837 625 639 4838 634 649 4839 649 652 4840 648 650 4841 642 651 4842 641 648 4843 626 642 4844 635 645 4845 650 671 4846 649 652 4847 628 647 4848 643 654 4849 642 651 4850 651 653 4851 650 671 4852 635 645 4853 629 634 4854 644 656 4855 643 654 4856 652 655 4857 651 653 4858 636 646 4859 630 636 4860 645 658 4861 644 656 4862 653 657 4863 652 655 4864 637 633 4865 631 638 4866 646 660 4867 645 658 4868 632 641 4869 647 661 4870 646 660 4871 625 639 4872 640 667 4873 639 659 4874 633 643 4875 648 650 4876 647 661 4877 660 662 4878 659 675 4879 644 656 4880 668 663 4881 667 676 4882 652 655 4883 661 664 4884 660 662 4885 645 658 4886 662 666 4887 661 664 4888 646 660 4889 640 667 4890 655 689 4891 654 665 4892 648 650 4893 663 669 4894 662 666 4895 656 668 4896 655 689 4897 640 667 4898 649 652 4899 664 672 4900 663 669 4901 657 670 4902 656 668 4903 641 648 4904 650 671 4905 665 674 4906 664 672 4907 658 673 4908 657 670 4909 642 651 4910 651 653 4911 666 681 4912 665 674 4913 659 675 4914 658 673 4915 643 654 4916 667 676 4917 666 681 4918 651 653 4919 679 677 4920 678 690 4921 663 669 4922 672 678 4923 671 691 4924 656 668 4925 680 679 4926 679 677 4927 664 672 4928 673 680 4929 672 678 4930 657 670 4931 666 681 4932 681 683 4933 680 679 4934 674 682 4935 673 680 4936 658 673 4937 667 676 4938 682 693 4939 681 683 4940 675 684 4941 674 682 4942 659 675 4943 683 685 4944 682 693 4945 667 676 4946 676 686 4947 675 684 4948 660 662 4949 677 688 4950 676 686 4951 661 664 4952 655 689 4953 670 697 4954 669 687 4955 678 690 4956 677 688 4957 662 666 4958 671 691 4959 670 697 4960 655 689 4961 698 692 4962 697 705 4963 682 693 4964 691 694 4965 690 706 4966 675 684 4967 692 696 4968 691 694 4969 676 686 4970 670 697 4971 685 718 4972 684 695 4973 693 698 4974 692 696 4975 677 688 4976 686 699 4977 685 718 4978 670 697 4979 694 700 4980 693 698 4981 678 690 4982 687 701 4983 686 699 4984 671 691 4985 695 702 4986 694 700 4987 679 677 4988 688 703 4989 687 701 4990 672 678 4991 681 683 4992 696 710 4993 695 702 4994 689 704 4995 688 703 4996 673 680 4997 697 705 4998 696 710 4999 681 683 5000 690 706 5001 689 704 5002 674 682 5003 710 707 5004 709 720 5005 694 700 5006 703 708 5007 702 721 5008 687 701 5009 711 709 5010 710 707 5011 695 702 5012 704 711 5013 703 708 5014 688 703 5015 712 712 5016 711 709 5017 696 710 5018 705 713 5019 704 711 5020 689 704 5021 713 714 5022 712 712 5023 697 705 5024 706 715 5025 705 713 5026 690 706 5027 707 717 5028 706 715 5029 691 694 5030 685 718 5031 700 725 5032 699 716 5033 693 698 5034 708 726 5035 707 717 5036 701 719 5037 700 725 5038 685 718 5039 709 720 5040 708 726 5041 693 698 5042 702 721 5043 701 719 5044 686 699 5045 707 717 5046 722 727 5047 721 724 5048 700 725 5049 715 745 5050 714 722 5051 708 726 5052 723 729 5053 722 727 5054 716 728 5055 715 745 5056 700 725 5057 709 720 5058 724 749 5059 723 729 5060 717 730 5061 716 728 5062 701 719 5063 725 731 5064 724 749 5065 709 720 5066 718 732 5067 717 730 5068 702 721 5069 726 733 5070 725 731 5071 710 707 5072 719 734 5073 718 732 5074 703 708 5075 727 735 5076 726 733 5077 711 709 5078 720 736 5079 719 734 5080 704 711 5081 728 723 5082 727 735 5083 712 712 5084 721 724 5085 720 736 5086 705 713 5087 733 737 5088 732 750 5089 717 730 5090 741 738 5091 740 759 5092 725 731 5093 734 739 5094 733 737 5095 718 732 5096 742 740 5097 741 738 5098 726 733 5099 735 741 5100 734 739 5101 719 734 5102 728 723 5103 743 743 5104 742 740 5105 721 724 5106 736 744 5107 735 741 5108 722 727 5109 737 746 5110 736 744 5111 715 745 5112 730 753 5113 729 742 5114 723 729 5115 738 755 5116 737 746 5117 731 747 5118 730 753 5119 715 745 5120 739 748 5121 738 755 5122 723 729 5123 732 750 5124 731 747 5125 716 728 5126 725 731 5127 740 759 5128 739 748 5129 752 751 5130 751 773 5131 736 744 5132 745 752 5133 744 766 5134 729 742 5135 753 754 5136 752 751 5137 737 746 5138 746 756 5139 745 752 5140 730 753 5141 754 757 5142 753 754 5143 738 755 5144 747 758 5145 746 756 5146 731 747 5147 740 759 5148 755 761 5149 754 757 5150 748 760 5151 747 758 5152 732 750 5153 741 738 5154 756 762 5155 755 761 5156 734 739 5157 749 763 5158 748 760 5159 742 740 5160 757 764 5161 756 762 5162 735 741 5163 750 765 5164 749 763 5165 743 743 5166 758 767 5167 757 764 5168 736 744 5169 751 773 5170 750 765 5171 756 762 5172 771 770 5173 770 768 5174 749 763 5175 764 771 5176 763 769 5177 757 764 5178 772 772 5179 771 770 5180 750 765 5181 765 774 5182 764 771 5183 758 767 5184 773 776 5185 772 772 5186 751 773 5187 766 777 5188 765 774 5189 752 751 5190 767 779 5191 766 777 5192 760 778 5193 759 775 5194 744 766 5195 753 754 5196 768 781 5197 767 779 5198 761 780 5199 760 778 5200 745 752 5201 754 757 5202 769 786 5203 768 781 5204 747 758 5205 762 782 5206 761 780 5207 770 768 5208 769 786 5209 754 757 5210 748 760 5211 763 769 5212 762 782 5213 775 783 5214 774 794 5215 759 775 5216 783 784 5217 782 805 5218 767 779 5219 761 780 5220 776 787 5221 775 783 5222 784 785 5223 783 784 5224 768 781 5225 762 782 5226 777 788 5227 776 787 5228 770 768 5229 785 811 5230 784 785 5231 763 769 5232 778 790 5233 777 788 5234 786 789 5235 785 811 5236 770 768 5237 764 771 5238 779 791 5239 778 790 5240 772 772 5241 787 792 5242 786 789 5243 765 774 5244 780 793 5245 779 791 5246 773 776 5247 788 795 5248 787 792 5249 766 777 5250 781 796 5251 780 793 5252 767 779 5253 782 805 5254 781 796 5255 779 791 5256 795 799 5257 794 797 5258 787 792 5259 803 800 5260 802 798 5261 780 793 5262 796 801 5263 795 799 5264 788 795 5265 804 803 5266 803 800 5267 781 796 5268 797 824 5269 796 801 5270 798 804 5271 797 824 5272 781 796 5273 791 806 5274 790 802 5275 774 794 5276 799 807 5277 798 804 5278 782 805 5279 776 787 5280 792 809 5281 791 806 5282 800 808 5283 799 807 5284 783 784 5285 777 788 5286 793 812 5287 792 809 5288 801 810 5289 800 808 5290 784 785 5291 778 790 5292 794 797 5293 793 812 5294 802 798 5295 801 810 5296 785 811 5297 799 807 5298 814 815 5299 813 813 5300 792 809 5301 807 816 5302 806 814 5303 800 808 5304 815 817 5305 814 815 5306 793 812 5307 808 818 5308 807 816 5309 801 810 5310 816 819 5311 815 817 5312 794 797 5313 809 820 5314 808 818 5315 802 798 5316 817 821 5317 816 819 5318 795 799 5319 810 822 5320 809 820 5321 803 800 5322 818 823 5323 817 821 5324 796 801 5325 811 825 5326 810 822 5327 804 803 5328 819 827 5329 818 823 5330 797 824 5331 812 828 5332 811 825 5333 798 804 5334 813 813 5335 812 828 5336 806 814 5337 805 826 5338 790 802 5339 818 823 5340 833 831 5341 832 829 5342 811 825 5343 826 832 5344 825 830 5345 819 827 5346 834 834 5347 833 831 5348 812 828 5349 827 835 5350 826 832 5351 813 813 5352 828 836 5353 827 835 5354 806 814 5355 821 854 5356 820 833 5357 814 815 5358 829 843 5359 828 836 5360 822 837 5361 821 854 5362 806 814 5363 830 838 5364 829 843 5365 814 815 5366 823 839 5367 822 837 5368 807 816 5369 816 819 5370 831 840 5371 830 838 5372 809 820 5373 824 841 5374 823 839 5375 817 821 5376 832 829 5377 831 840 5378 810 822 5379 825 830 5380 824 841 5381 845 842 5382 844 855 5383 829 843 5384 838 844 5385 837 864 5386 822 837 5387 846 845 5388 845 842 5389 830 838 5390 839 846 5391 838 844 5392 823 839 5393 832 829 5394 847 847 5395 846 845 5396 825 830 5397 840 848 5398 839 846 5399 833 831 5400 848 849 5401 847 847 5402 826 832 5403 841 850 5404 840 848 5405 834 834 5406 849 852 5407 848 849 5408 827 835 5409 842 858 5410 841 850 5411 843 853 5412 842 858 5413 827 835 5414 821 854 5415 836 856 5416 835 851 5417 844 855 5418 843 853 5419 828 836 5420 822 837 5421 837 864 5422 836 856 5423 849 852 5424 864 861 5425 863 857 5426 842 858 5427 857 862 5428 856 859 5429 843 853 5430 858 863 5431 857 862 5432 836 856 5433 851 865 5434 850 860 5435 844 855 5436 859 866 5437 858 863 5438 837 864 5439 852 874 5440 851 865 5441 845 842 5442 860 868 5443 859 866 5444 853 867 5445 852 874 5446 837 864 5447 846 845 5448 861 870 5449 860 868 5450 854 869 5451 853 867 5452 838 844 5453 847 847 5454 862 871 5455 861 870 5456 840 848 5457 855 872 5458 854 869 5459 848 849 5460 863 857 5461 862 871 5462 841 850 5463 856 859 5464 855 872 5465 868 873 5466 867 893 5467 852 874 5468 861 870 5469 876 877 5470 875 875 5471 869 876 5472 868 873 5473 853 867 5474 862 871 5475 877 878 5476 876 877 5477 855 872 5478 870 879 5479 869 876 5480 863 857 5481 878 880 5482 877 878 5483 856 859 5484 871 881 5485 870 879 5486 864 861 5487 879 883 5488 878 880 5489 857 862 5490 872 888 5491 871 881 5492 873 884 5493 872 888 5494 857 862 5495 851 865 5496 866 886 5497 865 882 5498 874 885 5499 873 884 5500 858 863 5501 852 874 5502 867 893 5503 866 886 5504 875 875 5505 874 885 5506 859 866 5507 887 887 5508 886 906 5509 871 881 5510 888 891 5511 887 887 5512 872 888 5513 866 886 5514 881 894 5515 880 889 5516 889 892 5517 888 891 5518 873 884 5519 867 893 5520 882 913 5521 881 894 5522 890 895 5523 889 892 5524 874 885 5525 883 896 5526 882 913 5527 867 893 5528 891 897 5529 890 895 5530 875 875 5531 884 898 5532 883 896 5533 868 873 5534 877 878 5535 892 900 5536 891 897 5537 885 899 5538 884 898 5539 869 876 5540 878 880 5541 893 901 5542 892 900 5543 871 881 5544 886 906 5545 885 899 5546 879 883 5547 894 890 5548 893 901 5549 906 902 5550 905 915 5551 890 895 5552 899 903 5553 898 916 5554 883 896 5555 892 900 5556 907 905 5557 906 902 5558 900 904 5559 899 903 5560 884 898 5561 893 901 5562 908 907 5563 907 905 5564 886 906 5565 901 931 5566 900 904 5567 894 890 5568 909 910 5569 908 907 5570 902 908 5571 901 931 5572 886 906 5573 903 911 5574 902 908 5575 887 887 5576 881 894 5577 896 914 5578 895 909 5579 904 912 5580 903 911 5581 888 891 5582 882 913 5583 897 923 5584 896 914 5585 905 915 5586 904 912 5587 889 892 5588 898 916 5589 897 923 5590 882 913 5591 918 919 5592 917 933 5593 902 908 5594 911 920 5595 910 917 5596 895 909 5597 919 921 5598 918 919 5599 903 911 5600 912 922 5601 911 920 5602 896 914 5603 920 924 5604 919 921 5605 904 912 5606 913 925 5607 912 922 5608 897 923 5609 921 926 5610 920 924 5611 905 915 5612 914 927 5613 913 925 5614 898 916 5615 907 905 5616 922 929 5617 921 926 5618 915 928 5619 914 927 5620 899 903 5621 908 907 5622 923 932 5623 922 929 5624 916 930 5625 915 928 5626 900 904 5627 909 910 5628 924 918 5629 923 932 5630 917 933 5631 916 930 5632 901 931 5633 929 934 5634 928 948 5635 913 925 5636 922 929 5637 937 937 5638 936 935 5639 930 936 5640 929 934 5641 914 927 5642 923 932 5643 938 939 5644 937 937 5645 931 938 5646 930 936 5647 915 928 5648 924 918 5649 939 942 5650 938 939 5651 932 940 5652 931 938 5653 916 930 5654 933 943 5655 932 940 5656 917 933 5657 926 944 5658 925 941 5659 910 917 5660 934 945 5661 933 943 5662 918 919 5663 927 946 5664 926 944 5665 911 920 5666 935 947 5667 934 945 5668 919 921 5669 928 948 5670 927 946 5671 912 922 5672 936 935 5673 935 947 5674 920 924 5675 948 949 5676 947 960 5677 932 940 5678 941 950 5679 940 961 5680 925 941 5681 949 951 5682 948 949 5683 933 943 5684 942 952 5685 941 950 5686 926 944 5687 950 953 5688 949 951 5689 934 945 5690 943 954 5691 942 952 5692 927 946 5693 951 955 5694 950 953 5695 935 947 5696 929 934 5697 944 963 5698 943 954 5699 937 937 5700 952 957 5701 951 955 5702 945 956 5703 944 963 5704 929 934 5705 938 939 5706 953 959 5707 952 957 5708 946 958 5709 945 956 5710 930 936 5711 939 942 5712 954 962 5713 953 959 5714 947 960 5715 946 958 5716 931 938 5717 952 957 5718 961 482 5719 960 484 5720 958 487 5721 483 486 5722 944 963 5723 953 959 5724 962 488 5725 961 482 5726 484 491 5727 958 487 5728 945 956 5729 954 962 5730 963 492 5731 962 488 5732 485 495 5733 484 491 5734 946 958 5735 948 949 5736 486 502 5737 485 495 5738 956 504 5739 955 496 5740 940 961 5741 949 951 5742 959 505 5743 486 502 5744 482 506 5745 956 504 5746 941 950 5747 950 953 5748 487 507 5749 959 505 5750 943 954 5751 957 509 5752 482 506 5753 951 955 5754 960 484 5755 487 507 5756 944 963 5757 483 486 5758 957 509 5759</p>
        </triangles>
      </mesh>
    </geometry>
  </library_geometries>
  <library_visual_scenes>
    <visual_scene id="Scene" name="Scene">
      <node id="Camera" name="Camera" type="NODE">
        <matrix sid="transform">0.6859207 -0.3240135 0.6515581 7.358891 0.7276762 0.3054208 -0.6141704 -6.925791 8.58484e-8 0.8953956 0.4452714 6.200853 0 0 0 1</matrix>
        <instance_camera url="#Camera-camera"/>
      </node>
      <node id="Light" name="Light" type="NODE">
        <matrix sid="transform">-0.290865 -0.7711006 0.5663932 4.076245 0.955171 -0.1998836 0.2183914 1.005454 -0.05518899 0.6045249 0.7946721 7.146406 0 0 0 1</matrix>
        <instance_light url="#Light-light"/>
      </node>
      <node id="Sphere" name="Sphere" type="NODE">
        <matrix sid="transform">1 0 0 0 0 1 0 0 0 0 1 1.242544 0 0 0 1</matrix>
        <instance_geometry url="#Sphere-mesh" name="Sphere">
          <bind_material>
            <technique_common>
              <instance_material symbol="Material_001-material" target="#Material_001-material">
                <bind_vertex_input semantic="UVMap" input_semantic="TEXCOORD" input_set="0"/>
              </instance_material>
            </technique_common>
          </bind_material>
        </instance_geometry>
      </node>
      <node id="Sphere_001" name="Sphere.001" type="NODE">
        <matrix sid="transform">1 0 0 0 0 1 0 0 0 0 1 1.242544 0 0 0 1</matrix>
        <instance_geometry url="#Sphere_001-mesh" name="Sphere.001">
          <bind_material>
            <technique_common>
              <instance_material symbol="dégradé_orange-material" target="#dégradé_orange-material">
                <bind_vertex_input semantic="UVMap" input_semantic="TEXCOORD" input_set="0"/>
              </instance_material>
            </technique_common>
          </bind_material>
        </instance_geometry>
      </node>
    </visual_scene>
  </library_visual_scenes>
  <scene>
    <instance_visual_scene url="#Scene"/>
  </scene>
</COLLADA>