<?xml version="1.0" encoding="utf-8"?>
<COLLADA xmlns="http://www.collada.org/2005/11/COLLADASchema" version="1.4.1" xmlns:xsi="http://www.w3.org/2001/XMLSchema-instance">
  <asset>
    <contributor>
      <author>Blender User</author>
      <authoring_tool>Blender 4.5.4 LTS commit date:2025-10-27, commit time:12:46, hash:b3efe983cc58</authoring_tool>
    </contributor>
    <created>2025-11-13T16:57:00</created>
    <modified>2025-11-13T16:57:00</modified>
    <unit name="meter" meter="1"/>
    <up_axis>Z_UP</up_axis>
  </asset>
  <library_effects>
    <effect id="fire3_lambert1-effect">
      <profile_COMMON>
        <newparam sid="fire3_file1-surface">
          <surface type="2D">
            <init_from>fire3_file1</init_from>
          </surface>
        </newparam>
        <newparam sid="fire3_file1-sampler">
          <sampler2D>
            <source>fire3_file1-surface</source>
          </sampler2D>
        </newparam>
        <technique sid="common">
          <lambert>
            <emission>
              <color sid="emission">0 0 0 1</color>
            </emission>
            <diffuse>
              <texture texture="fire3_file1-sampler" texcoord="map1"/>
            </diffuse>
            <index_of_refraction>
              <float sid="ior">1.5</float>
            </index_of_refraction>
          </lambert>
        </technique>
      </profile_COMMON>
    </effect>
  </library_effects>
  <library_images>
    <image id="fire3_file1" name="fire3_file1">
      <init_from>fire3:file1.png</init_from>
    </image>
  </library_images>
  <library_materials>
    <material id="fire3_lambert1-material" name="fire3:lambert1">
      <instance_effect url="#fire3_lambert1-effect"/>
    </material>
  </library_materials>
  <library_geometries>
    <geometry id="fire3_Group20972-mesh" name="fire3:Group20972">
      <mesh>
        <source id="fire3_Group20972-mesh-positions">
          <float_array id="fire3_Group20972-mesh-positions-array" count="1248">-8.11054e-4 -6.28461e-4 0.002215802 0.001444041 6.75674e-4 0.001104176 -8.48511e-4 -6.43635e-4 0.002118766 0.001431882 6.90229e-4 0.001098334 0.001436591 6.82652e-4 0.001056909 -7.74204e-4 -6.58684e-4 0.001739025 -3.6794e-4 -1.04138e-4 0.001639306 -7.81863e-4 -6.30837e-4 0.0020864 -7.9499e-4 -6.67501e-4 0.002103209 -2.54516e-4 8.64509e-4 0.003404736 -0.001425266 2.60422e-5 -8.04096e-4 -1.99193e-4 8.00638e-4 0.003493368 6.96848e-4 9.31162e-4 4.29117e-4 8.57664e-4 -3.83446e-4 6.93923e-4 8.99236e-5 -2.02358e-4 0.001670658 0.001077651 9.18382e-4 3.94728e-4 -5.31723e-4 4.58414e-4 0.001608371 0.001288771 5.49637e-4 4.47397e-4 1.19716e-4 -0.001572787 -6.38971e-4 -6.75576e-4 7.49253e-4 -0.001369774 3.85088e-4 -7.68012e-6 -0.001656472 -7.91508e-4 -6.34737e-4 0.002192795 -8.00151e-4 -6.23987e-4 0.002127051 -8.27518e-4 -6.27159e-4 0.002144336 -8.34483e-4 -6.52579e-4 0.002151191 -8.11928e-4 -6.63377e-4 0.002141058 0.001420259 6.85582e-4 0.001070141 0.001445949 6.90084e-4 0.001067459 0.001424551 7.16877e-4 0.001057922 -2.83071e-4 7.57028e-4 0.00375247 -2.7524e-4 7.68006e-4 0.003739356 -3.06905e-4 7.88294e-4 0.003736376 -3.19988e-4 7.87141e-4 0.003715932 -8.83699e-4 -6.65869e-4 0.001990079 -8.73649e-4 -6.84617e-4 0.001999735 -8.63723e-4 -6.45522e-4 0.001992106 0.001392424 7.38898e-4 0.001038014 0.001399397 7.11516e-4 0.001061081 0.001395881 7.29153e-4 9.64872e-4 0.001410543 7.51266e-4 9.5961e-4 0.001355051 7.44966e-4 9.66144e-4 -7.88762e-4 -5.4095e-4 0.001576066 -8.96871e-4 -5.99077e-4 0.001570463 -8.56286e-4 -6.6472e-4 0.001774847 -6.51355e-4 -5.73957e-4 0.001598834 -6.25774e-4 -3.87562e-4 0.001580119 -7.76919e-4 -7.07251e-4 0.001773655 -7.18523e-4 -6.85351e-4 0.001581549 -4.6622e-4 -3.93703e-4 0.001515507 -4.97957e-4 1.33364e-4 0.001685261 -6.80978e-4 -9.17538e-5 0.001520276 -2.21695e-4 -2.18243e-6 0.001958549 -3.64784e-4 1.41157e-4 0.001971244 8.853e-5 -8.2246e-5 0.002013325 -1.86958e-4 -3.26743e-4 0.001444101 -7.87958e-4 -6.45077e-4 0.001957297 -8.25776e-4 -6.37156e-4 0.001978397 -7.79937e-4 -6.46978e-4 0.00211519 -7.84692e-4 -6.69999e-4 0.001972258 -8.4412e-4 -6.96844e-4 0.001995444 -8.09906e-4 -6.934e-4 0.001979887 -2.72227e-4 8.77738e-4 0.003439605 -1.89036e-4 8.74172e-4 0.003310084 -1.90678e-4 8.46066e-4 0.003307104 -2.00348e-4 8.07218e-4 0.00333774 -2.76733e-4 8.33554e-4 0.003460764 -3.20454e-4 8.40513e-4 0.003550291 -0.001406073 -1.91449e-4 -8.45874e-4 -0.001449286 -1.928e-4 -5.95689e-4 -0.001458942 9.83246e-5 -6.17199e-4 -0.001368761 1.4441e-4 -9.24866e-4 -0.0013085 -1.27585e-4 -0.001069605 -0.001405417 3.30646e-4 -7.01509e-4 -1.27486e-4 7.92287e-4 0.003376722 -1.32171e-4 8.30133e-4 0.003362596 -2.18416e-4 8.2277e-4 0.003511428 -2.15001e-4 7.71741e-4 0.003549158 -1.4023e-4 7.54402e-4 0.003409981 -2.50888e-4 7.86362e-4 0.003623366 8.24759e-4 8.15933e-4 5.64628e-4 9.25744e-4 8.59504e-4 2.58146e-4 7.81863e-4 9.57528e-4 1.65931e-5 4.55604e-4 0.001096725 2.27416e-4 5.21855e-4 9.83292e-4 7.79041e-4 7.80395e-4 7.26643e-4 9.33227e-4 7.08698e-4 -2.93418e-4 0.001102983 4.61427e-4 -5.30986e-4 0.001091659 5.33696e-4 -7.17011e-4 7.39523e-4 8.0755e-4 -7.45248e-4 3.04857e-4 0.001122117 -4.65174e-4 1.67646e-4 0.001154363 -1.11612e-4 4.2902e-4 4.92009e-4 -9.91401e-4 3.65324e-4 4.56163e-5 -4.82633e-4 0.00128895 3.21148e-4 -3.73219e-4 0.00139743 5.89928e-4 -2.10732e-4 0.001447796 4.75312e-4 -1.27233e-4 0.001766264 4.19241e-4 -6.65683e-5 0.002087891 0.001220524 9.35534e-4 3.22604e-4 0.001361608 7.81065e-4 6.76828e-5 0.00112307 8.63455e-4 1.0963e-4 0.001111507 9.78816e-4 5.95028e-4 0.001172423 0.001011848 5.54975e-4 9.844e-4 8.09313e-4 4.68741e-4 0.001133501 7.86683e-4 5.04831e-4 0.001163482 8.86809e-4 6.36017e-4 0.001086354 5.64649e-4 5.82557e-4 -3.59607e-4 4.07267e-4 0.001990437 -1.82978e-4 5.88511e-4 0.002050995 -2.23061e-4 6.9232e-4 0.001713454 -7.36221e-4 2.79435e-4 0.001398921 0.001372814 1.76371e-4 2.55576e-4 0.001521527 4.11642e-4 1.41244e-4 0.001409947 6.83769e-4 3.62203e-4 0.001148462 2.63205e-4 5.65988e-4 0.001325845 8.61931e-4 5.83319e-4 0.001263558 8.1572e-4 6.13548e-4 2.80007e-4 -0.001460373 -7.48039e-4 3.69833e-4 -0.001408874 -4.58096e-4 1.00081e-4 -0.001526534 -3.69559e-4 -9.79187e-5 -0.001618087 -6.89057e-4 4.20606e-5 -0.00148195 -9.20694e-4 -1.77306e-4 -0.001626431 -3.30841e-4 -8.71016e-4 6.3587e-4 -0.001303553 -8.65562e-4 9.20107e-4 -0.001128435 -5.46399e-4 9.79787e-4 -0.001244664 -2.34012e-4 9.41306e-4 -0.001339972 -5.26492e-4 6.56148e-4 -0.001481473 -7.61872e-4 4.18503e-4 -0.001463592 2.91445e-4 -2.91404e-4 -0.00164932 -5.4321e-5 -1.59661e-4 -0.00169301 1.94905e-4 1.63494e-4 -0.001678705 -4.23552e-5 3.59017e-4 -0.001661062 3.84481e-4 6.4113e-4 -0.001488506 6.04619e-4 3.82977e-4 -0.0015226 7.53236e-4 8.60309e-5 -0.001508295 -3.73374e-4 1.24651e-5 -0.001664519 -2.43262e-4 -5.27394e-4 -0.001604199 -5.60911e-4 -3.26938e-4 -0.001581847 -8.09727e-4 -7.97499e-5 -0.001503944 -5.8723e-4 2.0315e-4 -0.001588761 -2.87756e-4 5.32123e-4 -0.001592576 9.6666e-5 8.25624e-4 -0.001418411 7.04315e-5 0.001054584 -0.001029372 4.50381e-4 9.25945e-4 -0.001069307 7.84351e-4 7.61636e-4 -0.001160264 7.6854e-4 9.51134e-4 -6.93499e-4 0.001089692 7.64893e-4 -7.95237e-4 0.001284122 5.34029e-4 -8.31285e-4 0.001027464 4.99515e-4 -0.00121665 0.001387298 2.42211e-4 -8.10953e-4 0.001168847 1.64109e-4 -0.001191794 0.001357376 -1.82538e-4 -7.50265e-4 0.001143872 -2.74694e-4 -0.001157343 7.30668e-4 -3.12229e-4 -0.001494348 0.001020431 -7.17276e-4 -0.001079916 6.43933e-4 -7.18502e-4 -0.001393795 1.81812e-4 -6.67659e-4 -0.001556694 4.40211e-4 -0.0010522 -0.001260638 1.10871e-5 -9.7902e-4 -0.001399397 -4.11592e-4 -8.4779e-4 -0.001421749 -1.70845e-4 -0.001228272 -0.001194298 -5.76479e-4 -0.001084327 -0.001184165 -9.26989e-4 -8.30829e-4 -0.001168489 -7.53444e-4 -6.28548e-4 -0.001401007 -0.001189529 -4.74319e-4 -0.001123905 -0.001020967 -3.24488e-4 -0.001336872 -0.001167893 3.08932e-6 -0.001248955 -9.84307e-4 1.88036e-4 -0.001380801 -0.001247882 3.05269e-4 -0.001076817 -0.00108236 4.71506e-4 -0.001199066 -0.001281499 5.66612e-4 -8.31284e-4 -0.001107811 7.62106e-4 -9.80345e-4 -0.001244723 7.64115e-4 -5.85582e-4 -0.001001894 9.81662e-4 -7.61677e-4 -6.82431e-4 0.001109957 -9.04765e-4 -8.82684e-4 0.001044988 -4.34551e-4 -5.39985e-4 0.001140952 -5.66201e-4 -1.25857e-4 0.001124322 -6.54473e-4 -3.14939e-4 0.001131534 -9.85853e-4 3.21215e-4 0.001069605 -6.56938e-4 1.29161e-5 0.001114785 -2.28915e-4 4.05439e-4 0.001101374 -2.36506e-4 7.63834e-4 9.52721e-4 -3.63069e-4 0.001103162 8.50111e-4 -1.87077e-4 0.001054584 8.10133e-4 -4.84308e-4 0.001380562 6.97144e-4 -2.23065e-4 0.001331508 5.87967e-4 -5.25721e-4 0.001527547 4.966e-4 -1.81732e-4 0.001451313 3.48352e-4 -4.91476e-4 0.001534879 1.92703e-4 -1.08999e-4 0.001466989 -1.34772e-5 -3.85264e-4 0.001375615 -1.43247e-4 2.06464e-5 0.001317381 -4.57704e-4 -2.5823e-4 0.001234948 -6.3798e-4 -6.81147e-4 0.001037597 -8.0519e-4 -1.51826e-4 0.001005589 -0.001000702 -5.95053e-4 7.89707e-4 -0.001070618 -9.91057e-4 6.97837e-4 -0.001246035 -5.12431e-4 5.20393e-4 -0.001305103 -8.62224e-4 2.27123e-4 -0.001298666 -0.001098871 -3.10484e-4 -0.001387298 -9.59178e-4 -3.97095e-4 -0.001520037 -6.78474e-4 -7.56769e-4 -0.001271724 -6.89847e-4 -6.91346e-4 -0.001219511 -9.46663e-4 -0.001099407 -9.4577e-4 -6.8213e-4 -0.001049697 -9.25669e-4 -9.34299e-4 -0.001343965 -5.35142e-4 -6.36273e-4 -0.00130403 -5.35277e-4 -8.86615e-4 -0.001092493 -9.08933e-4 -4.14812e-4 -0.00132513 -4.87362e-4 -3.59029e-4 -0.001432955 -1.25467e-4 -3.09124e-4 -0.0012151 -3.68427e-4 -6.68941e-5 -0.001304149 -1.48067e-5 -4.04785e-5 -0.001337766 2.95069e-4 -6.94543e-5 -0.001451015 1.95535e-4 -3.44438e-4 -0.001297056 5.80302e-4 -1.49729e-4 -0.00140506 4.83664e-4 -4.33159e-4 -0.00115019 8.45068e-4 -2.87191e-4 -0.001158118 5.95566e-4 1.71603e-4 -0.001012444 8.31626e-4 9.18166e-5 -7.57566e-4 0.001030087 -1.94165e-5 -8.89002e-4 7.7372e-4 4.86143e-4 -6.48691e-4 9.59636e-4 4.46183e-4 -2.49477e-4 0.001082062 3.47402e-4 -4.06822e-4 0.001095354 -1.54344e-4 1.2589e-4 0.001145362 3.04115e-4 -1.56215e-4 0.001130998 9.29487e-4 1.72974e-4 0.001133441 8.89637e-4 -1.7175e-4 9.17522e-4 0.001377105 1.74429e-4 9.8223e-4 0.001383781 4.9651e-4 8.83855e-4 0.001369357 1.06288e-4 8.08318e-4 0.001757085 4.10052e-4 7.8023e-4 0.001767396 6.24587e-4 6.25799e-4 0.001758515 7.02991e-4 6.74507e-4 0.00137794 7.42585e-4 4.23234e-4 0.001759946 8.15529e-4 4.54905e-4 0.001413702 8.84337e-4 5.18233e-4 0.001044452 8.44425e-4 2.27939e-4 0.001449823 9.14091e-4 2.77151e-4 0.001110792 9.99775e-4 3.82111e-4 8.02374e-4 9.61032e-4 6.35002e-4 7.06728e-4 8.64279e-4 0 0.001130223 9.87927e-4 5.6022e-5 8.06033e-4 7.67554e-4 1.52689e-6 0.001463234 7.67856e-4 2.16677e-4 0.001775264 6.85984e-4 2.49281e-5 0.001785814 6.73941e-4 2.24626e-4 0.00206995 6.02959e-4 5.79383e-5 0.00208342 5.14257e-4 2.50828e-4 0.002349138 4.46697e-4 1.11185e-4 0.002354741 2.6786e-4 3.00977e-5 0.0023548 3.00096e-4 2.56053e-4 0.002619981 1.77972e-4 1.94553e-4 0.002629101 2.83811e-5 1.91187e-4 0.002629697 3.76673e-5 2.91652e-5 0.002329945 -9.82132e-5 2.46785e-4 0.002629935 -1.63975e-4 1.06542e-4 0.002314805 -1.60255e-4 3.46506e-4 0.002632975 -2.58894e-4 2.40133e-4 0.002327799 -1.50984e-4 4.61171e-4 0.002636909 -2.38436e-4 4.05947e-4 0.002345204 -7.95615e-5 5.5717e-4 0.002636313 -1.24635e-4 5.36161e-4 0.002365946 2.91804e-5 6.10487e-4 0.002631723 3.89968e-5 6.03576e-4 0.002374649 5.94034e-5 6.73533e-4 0.002079069 2.1371e-4 5.99838e-4 0.002372503 3.01182e-4 6.65242e-4 0.00208503 3.702e-4 5.28097e-4 0.00236237 5.11181e-4 5.70258e-4 0.002078115 4.79533e-4 4.02262e-4 0.002352237 6.48529e-4 4.07355e-4 0.002066969 2.62155e-4 5.61508e-4 0.002611517 3.38022e-4 4.69679e-4 0.002606093 3.55859e-4 3.57673e-4 0.00260961 2.25133e-4 5.86484e-4 0.002819657 2.36297e-4 5.06555e-4 0.002828478 2.00538e-4 4.31591e-4 0.002844572 1.15651e-4 6.44353e-4 0.003024637 9.17449e-5 5.87635e-4 0.003044068 4.54395e-5 5.51228e-4 0.003059208 1.2392e-4 3.83845e-4 0.002859532 -8.69955e-6 5.46982e-4 0.003062009 3.11529e-5 3.78075e-4 0.002866864 -5.4134e-5 5.74634e-4 0.00305444 -4.84931e-5 4.15759e-4 0.002866864 -7.92079e-5 6.24575e-4 0.003042519 -9.1832e-5 4.84535e-4 0.002863645 -7.98868e-5 6.82923e-4 0.003030776 -9.13171e-5 5.64864e-4 0.00285834 -5.78151e-5 7.34978e-4 0.00302118 -5.0855e-5 6.34915e-4 0.00285083 -1.75349e-5 7.68246e-4 0.003012955 1.78705e-5 6.77561e-4 0.002840578 3.2216e-5 7.74317e-4 0.003006637 9.8969e-5 6.83179e-4 0.002829194 1.51215e-4 6.11856e-4 0.002621948 1.74219e-4 6.50421e-4 0.00282067 7.92515e-5 7.51259e-4 0.003004729 1.10402e-4 7.04156e-4 0.003010392 -3.11632e-5 8.29935e-4 0.00317955 -1.29315e-5 7.91274e-4 0.003191053 -1.12433e-5 7.43421e-4 0.003209412 -2.8376e-5 6.97746e-4 0.00323385 -1.59699e-4 7.30026e-4 0.003431677 -5.7518e-5 6.69101e-4 0.003249466 -1.84261e-4 7.34714e-4 0.003419935 -8.97519e-5 6.69076e-4 0.003243982 -2.00643e-4 7.65275e-4 0.003381788 -1.13455e-4 6.95519e-4 0.003222346 -1.2268e-4 7.37832e-4 0.003196775 -1.19165e-4 7.83942e-4 0.003177344 -1.07671e-4 8.23371e-4 0.003170251 -1.82755e-4 8.89156e-4 0.003324627 -8.68521e-5 8.47815e-4 0.003170013 -1.67587e-4 8.85455e-4 0.003340363 -5.89961e-5 8.5038e-4 0.003173351 -1.47652e-4 8.63766e-4 0.003351986 -2.65823e-4 8.73301e-4 0.003506422 -2.41781e-4 8.50453e-4 0.003515958 -3.14534e-4 8.29597e-4 0.003651618 -2.81562e-4 8.08245e-4 0.003653109 -2.54549e-4 7.53175e-4 0.003692448 -2.7836e-4 7.52226e-4 0.003696799 -2.53655e-4 7.52332e-4 0.003579676 -2.27362e-4 7.46668e-4 0.003588795 -3.16706e-4 7.88656e-4 0.00364232 -2.78173e-4 7.88022e-4 0.003527998 -3.31523e-4 8.39821e-4 0.003615856 -2.78089e-4 8.82969e-4 0.003477811 -5.38714e-4 7.20368e-4 0.001331865 -4.69945e-4 9.68333e-4 9.88349e-4 -7.92597e-4 7.03562e-4 8.79691e-4 -7.79268e-4 5.36387e-4 0.001185119 -9.3293e-4 3.18815e-4 0.001072049 -8.81368e-4 1.07221e-5 0.001268565 -9.75434e-4 5.02155e-4 8.21535e-4 -0.00104916 2.78624e-4 7.69647e-4 -0.001011312 6.12287e-5 9.87552e-4 -0.001044929 5.66015e-4 5.04018e-4 -0.001099765 3.46619e-4 5.06314e-4 -0.001050949 9.17757e-5 4.87725e-4 -0.001023113 2.27224e-5 7.17114e-4 -0.001202583 3.41751e-4 2.18896e-4 -0.001154065 5.89743e-5 2.32239e-4 -0.001014411 -2.72482e-4 2.16927e-4 -8.85733e-4 -1.95798e-4 4.57649e-4 -5.46353e-4 -4.17786e-4 4.46939e-4 -6.77543e-4 -3.87744e-4 6.77637e-4 -9.02978e-4 -2.23459e-4 6.77906e-4 -7.74199e-4 -6.39074e-4 2.13041e-4 -5.12323e-4 -9.39926e-4 2.64416e-4 -3.4581e-4 -6.68149e-4 5.43915e-4 -0.001004338 -8.01786e-4 -1.21627e-4 -7.24205e-4 -0.00116539 -1.042e-4 -4.64775e-4 -0.001364052 -6.73574e-5 -2.96553e-4 -0.001101672 3.21705e-4 -7.73725e-4 -0.001274108 -4.22966e-4 -4.74758e-4 -0.001523971 -3.85198e-4 -2.17448e-4 -0.001431167 -4.24333e-5 3.80593e-5 -0.001385331 -4.32581e-5 2.00297e-4 -0.001143693 3.82107e-4 -5.81635e-5 -0.001173853 3.62113e-4 2.60782e-4 -8.86861e-4 7.41456e-4 1.75169e-5 -9.20361e-4 7.02717e-4 -1.89003e-4 -8.33526e-4 6.33617e-4 -5.04861e-5 -6.89823e-4 9.72553e-4 -2.66889e-4 -6.14479e-4 8.71071e-4 -4.03502e-4 -4.85729e-4 7.68752e-4 -5.22478e-4 -6.06012e-4 0.001015007 -6.70319e-4 -5.86235e-4 9.17732e-4 -8.23117e-4 -5.24726e-4 8.77464e-4 -7.84358e-4 -7.13406e-4 0.001113712 -8.98493e-4 -6.67295e-4 0.001090347 -9.75795e-4 -5.62843e-4 0.001098692 -9.48451e-4 -3.94702e-4 8.84393e-4 -0.00100255 -4.10909e-4 0.001131474 -0.001014053 -1.90481e-4 9.24273e-4 -9.71591e-4 -2.22443e-4 0.001185536 -9.93965e-4 -5.16937e-4 0.001343131 -9.41117e-4 -4.11639e-4 0.001377761 -8.3464e-4 -2.88033e-4 0.001429915 -9.5908e-4 -6.40639e-4 0.001561045 -9.76048e-4 -6.87335e-4 0.001550436 -9.31698e-4 -7.07183e-4 0.001785874 -9.1031e-4 -6.80883e-4 0.001786112 -9.93401e-4 -6.21038e-4 0.001319885 -9.44929e-4 -7.07394e-4 0.001310884 -9.49809e-4 -7.32809e-4 0.001544713 -8.88589e-4 -7.58065e-4 0.001547276 -8.75706e-4 -7.48885e-4 0.001785218 -9.17437e-4 -7.34105e-4 0.001786708 -8.58307e-4 -7.49041e-4 0.001321494 -7.43059e-4 -7.24432e-4 0.001356124 -8.056e-4 -7.45541e-4 0.00156027 -6.42735e-4 -6.91628e-4 0.001172423 -4.48532e-4 -5.55552e-4 0.001266896 -6.06092e-4 -6.11009e-4 0.001417875 -2.35754e-4 -5.17997e-4 0.001166224 2.01435e-4 -6.67851e-4 0.001047849 -8.21749e-4 -7.40597e-4 0.001781225 3.78782e-4 -0.001250386 -4.33116e-5 7.17262e-4 -0.001052677 -7.64755e-5 0.001532018 6.13066e-4 9.39172e-5 0.001365482 8.4233e-4 3.2472e-4 0.001274943 9.61649e-4 5.56347e-4 0.001227498 9.53318e-4 7.70449e-4 0.001298844 9.19672e-4 7.73281e-4 0.001345932 8.48073e-4 7.91475e-4 0.001376509 7.97476e-4 9.4664e-4 0.001316189 8.14097e-4 8.05873e-4 0.001249194 8.47156e-4 8.09675e-4 0.00132209 7.89422e-4 9.53783e-4 0.001202225 9.1751e-4 7.90529e-4 0.001330316 8.19354e-4 9.4009e-4</float_array>
          <technique_common>
            <accessor source="#fire3_Group20972-mesh-positions-array" count="416" stride="3">
              <param name="X" type="float"/>
              <param name="Y" type="float"/>
              <param name="Z" type="float"/>
            </accessor>
          </technique_common>
        </source>
        <source id="fire3_Group20972-mesh-normals">
          <float_array id="fire3_Group20972-mesh-normals-array" count="4950">0.201727 0.9794364 0.003247737 0.04847562 0.9917194 0.1189231 0.2600237 0.9646739 -0.04233103 -0.8842936 0.3314906 0.3288447 -0.8843209 0.3314809 0.3287813 -0.9243906 0.3125818 0.2186201 -0.1057831 -0.8697067 0.4820998 0.02874964 -0.929123 0.3686517 0.07779282 -0.9428847 0.3239087 0.1650303 -0.9837319 -0.07096874 0.169114 -0.9850099 -0.03400331 0.1249963 -0.9257112 -0.3569801 0.6824525 0.663348 0.3069658 0.6756263 0.6717289 0.3038248 0.6698929 0.6786234 0.3011872 -0.8984193 -0.3205609 0.3001391 -0.8963981 -0.3251147 0.3012825 -0.8985642 -0.3202322 0.3000563 -0.6705616 0.7385858 0.06955718 -0.7115177 0.6986463 0.07507318 -0.7153364 0.6946797 0.07559114 -0.7765684 -0.4858279 0.4011396 -0.7770674 -0.484975 0.4012053 -0.7763524 -0.4861965 0.4011111 0.6574826 -0.5394526 -0.5260301 0.7834218 -0.3483223 -0.5147057 0.8093892 -0.2957568 -0.5073629 -0.3765484 -0.8835705 -0.2784145 -0.356454 -0.889603 -0.2855649 -0.3823059 -0.8817511 -0.2763282 -0.08695596 0.9176232 0.3878228 -0.3005891 0.8091256 0.5049376 0.0584973 0.9537831 0.2947472 -0.0326817 0.4717978 0.881101 -0.006043136 0.5506814 0.8346937 0.09913599 0.8107407 0.5769502 0.9420713 -0.01203674 0.3351966 0.8256418 -0.4303325 0.3648692 0.7725502 -0.5219256 0.361607 0.3661457 -0.1511097 0.9182065 0.3461292 -0.3135746 0.8842316 0.3176932 -0.4618276 0.8281221 -0.356495 -0.1544712 0.9214392 -0.3569598 -0.06852889 0.9316027 -0.3484668 0.1230894 0.9292039 -0.6919212 -0.599608 0.4021386 -0.7061946 -0.5561932 0.4381079 -0.7226237 -0.4900075 0.4875528 -0.2533386 -0.9009516 0.3522866 -0.2492181 -0.9004763 0.3564169 -0.218698 -0.8960398 0.3863727 0.06067025 -0.6297177 0.7744514 0.02561229 -0.6472038 0.7618867 -0.2018098 -0.7333274 0.6492332 0.1285228 0.9855935 -0.1099425 0.1398792 0.9835331 -0.1144403 0.1266043 0.9859264 -0.1091818 0.9978124 0.0509001 -0.04218608 0.9942389 0.09139937 -0.05599367 0.9937522 0.09568601 -0.05745244 0.7705919 0.6309238 0.09012991 0.7811325 0.6029213 0.1622276 0.7878633 0.558081 0.2604174 0.1754134 -0.9672623 0.1833958 0.179226 -0.9669092 0.1815617 0.179809 -0.9668537 0.1812808 0.7728296 -0.6304246 0.07279652 0.7016559 -0.709196 0.06870269 0.7833359 -0.6172533 0.07337135 0.6143731 -0.7314833 0.2957667 0.5962275 -0.7614497 0.254376 0.6396899 -0.6789537 0.3603038 -0.8005478 0.2900946 -0.5243742 -0.8219928 0.1211771 -0.5564568 -0.8226411 0.1075493 -0.5582965 -0.8446962 -0.2384386 -0.4792029 -0.8394307 -0.2055063 -0.5031135 -0.8459443 -0.2478133 -0.4721937 -0.8977698 -0.1122598 -0.4259193 -0.9004059 -0.1096413 -0.4210085 -0.9024513 -0.1075828 -0.4171423 -0.9851014 -0.04879879 -0.1649063 -0.9849261 -0.04958873 -0.1657157 -0.9860185 -0.04456585 -0.1605666 -0.9136625 0.008040904 -0.4063944 -0.9143344 0.004998266 -0.4049293 -0.9161935 -0.003691017 -0.4007192 -0.9536927 0.1499562 -0.2607362 -0.9554921 0.1481771 -0.2551051 -0.9447715 0.158222 -0.2870063 0.8170647 0.3068529 0.4881052 0.8244283 0.2874966 0.4875075 0.815976 0.3096279 0.4881739 0.8487141 0.3106141 0.4280229 0.8480352 0.1884425 0.4953036 0.8457304 0.1616365 0.5085409 0.8436794 0.3544313 0.4032167 0.8650759 0.33429 0.3740241 0.826049 0.3696663 0.4254291 0.4399451 0.8694922 0.2245702 0.4143633 0.8919501 0.1809088 0.3884981 0.9110131 0.1382908 0.5871658 0.7784669 0.2218683 0.5802073 0.7884418 0.2042521 0.5617297 0.8117033 0.1599921 0.4838106 0.865228 0.1315591 0.4788892 0.8668384 0.138767 0.4928984 0.8620384 0.1180719 0.6543996 -0.629961 0.4182227 0.6531525 -0.6327586 0.4159428 0.6707733 -0.5900496 0.4493381 0.7455469 -0.490783 0.4508792 0.7422556 -0.4964494 0.4501052 0.7871375 -0.4114708 0.4594633 0.6425554 -0.6235365 0.4453369 0.6360818 -0.6325914 0.4418465 0.667903 -0.585959 0.4588657 -0.0219652 -0.8046368 0.5933609 -0.01726436 -0.8049721 0.5930615 0.09141314 -0.8077068 0.5824547 0.220007 -0.8514989 0.4759691 0.2108308 -0.8516216 0.4798867 0.02756237 -0.8368936 0.5466713 0.05406725 -0.964052 0.2601549 0.05845791 -0.962017 0.2666572 0.1012831 -0.9387243 0.3294519 -0.06235557 0.9536992 -0.2942273 0.1047253 0.9264748 -0.3614929 -0.2243557 0.9496492 -0.2187029 -0.3424564 0.8854948 -0.3140425 -0.4674284 0.8555334 -0.2226508 -0.2846186 0.8917234 -0.3518832 -0.4403551 0.891606 0.1054807 -0.3460255 0.9380233 -0.01945853 -0.588978 0.7336598 0.3388928 -0.9250264 -0.2428463 0.2921508 -0.9093216 -0.2573828 0.326938 -0.9503458 -0.2144526 0.225506 -0.1299362 0.5047965 0.8534033 -0.1420887 0.4608247 0.876043 -0.09640765 0.6140356 0.7833683 -0.6871645 0.6481097 0.3282665 -0.6755324 0.6541478 0.3402159 -0.637543 0.6718044 0.3771179 -0.7413859 0.09340864 0.6645463 -0.7408235 0.0950886 0.6649352 -0.7461082 0.07899373 0.6611223 -0.9097226 -0.003054976 0.4152056 -0.9090122 -0.005120992 0.4167382 -0.9116308 0.002591609 0.411002 0.7319612 -0.2061611 0.6494078 0.7412101 -0.1827929 0.6459059 0.7196832 -0.235309 0.653212 0.7756292 -0.1697489 0.6079349 0.7736215 -0.1768462 0.6084696 0.7850543 -0.134029 0.604753 0.5575975 0.1147471 0.8221424 0.5575548 0.1178011 0.8217394 0.5576101 0.06943947 0.8271936 0.7310376 -0.3284588 0.5980793 0.6815308 -0.4050532 0.6094651 0.7478613 -0.2992897 0.5925616 -0.4274834 -0.6038062 0.6728122 -0.448134 -0.5701669 0.6885388 -0.4896311 -0.4946657 0.7180302 0.5075035 -0.8582881 0.07603979 0.499547 -0.861595 0.09003895 0.4428635 -0.8777093 0.1830254 0.3087796 -0.8771006 -0.3678991 0.3092538 -0.8769051 -0.3679668 0.3489511 -0.8595726 -0.3733204 0.2807103 -0.9546011 0.09969258 0.2569409 -0.9594623 0.1158168 0.1610545 -0.9706777 0.1784554 -0.4445773 0.5278067 -0.7237203 -0.4359562 0.536144 -0.7228359 -0.3708929 0.5948374 -0.7131668 -0.1931108 0.5716045 -0.7974814 -0.2062546 0.5694923 -0.7956995 -0.2402176 0.5635266 -0.7904009 -0.4427046 0.3496679 -0.8256785 -0.4485976 0.3502335 -0.822251 -0.4773346 0.3527815 -0.8047962 0.0969544 -0.0436685 -0.9943304 0.09426122 -0.04425507 -0.9945635 0.07235419 -0.0490083 -0.9961742 0.1860286 0.298851 -0.9359923 0.1921873 0.2962414 -0.9355774 0.199092 0.2932955 -0.9350616 0.3167808 0.1432281 -0.9376223 0.2945685 0.1574082 -0.9425773 0.2676408 0.1742708 -0.9476277 -0.04344838 0.06239312 -0.9971055 -0.03754293 0.06227213 -0.9973528 -0.02299231 0.0619648 -0.9978135 -0.1649903 -0.1484677 -0.9750568 -0.1648697 -0.1488119 -0.9750247 -0.1658815 -0.1459228 -0.9752897 -0.3402461 -0.02670544 -0.9399572 -0.33961 -0.0299465 -0.9400896 -0.3431542 -0.01163715 -0.9392071 -0.1808573 0.1639966 -0.96974 -0.1710749 0.1626614 -0.971738 -0.1583877 0.1609088 -0.9741775 -0.07480436 0.5309232 -0.8441119 -0.049281 0.5293399 -0.8469774 -0.01722019 0.5268582 -0.8497788 0.06652784 0.44471 -0.8932006 0.06569445 0.4449326 -0.8931513 0.06476718 0.4451799 -0.8930957 -0.3145465 0.2584615 -0.9133774 -0.3082343 0.2581452 -0.915616 -0.2946453 0.2574275 -0.92028 0.2049891 0.8494532 -0.4862192 0.2145657 0.8479586 -0.4846936 0.235425 0.8444077 -0.481197 0.2725522 0.7753738 -0.5696585 0.3013719 0.7659996 -0.5678201 0.3438274 0.7507107 -0.5641067 0.359609 0.8687567 -0.3405046 0.3687902 0.8655349 -0.3388856 0.3910744 0.8573074 -0.3347907 0.6138411 0.6240214 -0.483525 0.6014164 0.6330556 -0.4873796 0.5824024 0.6463738 -0.4929589 0.4191517 0.5159538 -0.7470633 0.4373372 0.5046987 -0.7443221 0.4600638 0.4901164 -0.7403562 0.8029671 0.2684675 -0.5321366 0.796687 0.2758933 -0.5377481 0.7844225 0.2899689 -0.5482696 0.5584319 0.1978102 -0.8056209 0.5459806 0.2099154 -0.8110738 0.5294539 0.2256135 -0.817788 0.8816007 -0.1063264 -0.4598641 0.880988 -0.1077364 -0.4607094 0.8901779 -0.08585149 -0.4474516 0.6226994 -0.0827167 -0.7780768 0.6257748 -0.07750529 -0.7761437 0.6144345 -0.09649997 -0.783044 0.613997 -0.3053985 -0.727832 0.6148939 -0.3044071 -0.7274901 0.6092011 -0.3106682 -0.7296295 0.2971597 -0.2975762 -0.9072731 0.2952767 -0.299182 -0.9073598 0.3061875 -0.2898299 -0.9067789 0.3606386 -0.08521151 -0.9288051 0.3509104 -0.09758406 -0.9313106 0.3845892 -0.05414479 -0.9214985 0.2094563 -0.5041915 -0.837806 0.2167623 -0.4998531 -0.8385471 0.1809176 -0.5207045 -0.8343476 -0.06618046 -0.4427933 -0.8941781 -0.07032054 -0.4445793 -0.892975 -0.04188281 -0.4321295 -0.9008385 0.02743619 -0.2472224 -0.9685703 0.02744174 -0.24722 -0.9685707 0.02844554 -0.2467759 -0.968655 -0.1891596 -0.5892324 -0.7855086 -0.1780213 -0.5854299 -0.7909364 -0.2332329 -0.6034028 -0.7625664 -0.3902285 -0.514712 -0.7634091 -0.3931605 -0.5150313 -0.7616874 -0.3759162 -0.5130752 -0.7716482 -0.2842307 -0.355144 -0.8905537 -0.2842625 -0.3550438 -0.8905833 -0.2834271 -0.3576755 -0.8897963 -0.5874079 -0.3500475 -0.7296704 -0.5875282 -0.3539458 -0.7276902 -0.587809 -0.3649947 -0.7219831 -0.4604646 -0.2083224 -0.8628871 -0.460454 -0.2084338 -0.862866 -0.4590466 -0.2225704 -0.8600806 -0.7247935 -0.1435757 -0.6738401 -0.7248542 -0.1438251 -0.6737217 -0.7250093 -0.1444653 -0.6734176 -0.5835664 -0.02536076 -0.8116694 -0.5838896 -0.02771002 -0.8113602 -0.5862794 -0.04590058 -0.8088075 -0.7001713 0.2015371 -0.6849401 -0.7007158 0.2000214 -0.6848276 -0.702188 0.1958949 -0.6845125 -0.5835379 0.2783457 -0.7628941 -0.583405 0.2788102 -0.7628262 -0.5809706 0.2872227 -0.7615619 -0.4642325 0.1155502 -0.8781438 -0.4641917 0.1172117 -0.8779451 -0.4645224 0.1016522 -0.8797078 -0.7803423 0.3555543 -0.5144387 -0.7854464 0.3443366 -0.5143018 -0.7973503 0.316864 -0.5136436 -0.6499143 0.4135696 -0.6376296 -0.6489611 0.415174 -0.6375579 -0.6441041 0.4232681 -0.6371609 -0.7768523 0.567738 -0.2723494 -0.7788136 0.5647237 -0.2730143 -0.7421395 0.6175245 -0.2605621 -0.5657039 0.7527867 -0.336588 -0.560933 0.7568342 -0.3354939 -0.6532632 0.6687323 -0.3550273 -0.3224881 0.9465507 -0.006575703 -0.3257459 0.9454226 -0.008118987 -0.2618106 0.9648732 0.02179676 -0.01672095 0.9993652 -0.03145682 -0.0116012 0.9995204 -0.02871477 -0.07185095 0.9955523 -0.06093508 -0.2288505 0.8749386 -0.4267433 -0.2294371 0.8747127 -0.4268916 -0.3191954 0.8352711 -0.4477015 0.1521055 0.9829635 -0.1031835 0.1511404 0.9830573 -0.1037062 0.1858499 0.9789151 -0.08476507 0.05734658 0.8848875 -0.4622614 0.03981125 0.8839988 -0.4657909 -0.03838545 0.8766009 -0.479685 0.08007258 0.9956566 -0.04750084 0.05898112 0.996931 -0.05147576 0.0540142 0.9964207 -0.06502526 0.3028196 0.9498294 -0.07825911 0.2951743 0.9532024 -0.06540215 0.2559744 0.9666832 -9.97924e-4 0.2559536 0.9349775 -0.2455703 0.2602024 0.9342219 -0.2439762 0.2899747 0.9283378 -0.2326018 0.3745822 0.9266954 -0.03039616 0.3746048 0.926685 -0.0304358 0.3740697 0.9269313 -0.02949959 0.3331042 0.9380476 -0.0954374 0.3373638 0.9354838 -0.1051464 0.3702721 0.9107091 -0.1830511 0.4646393 0.8846361 -0.03910934 0.4607019 0.8869724 -0.0321502 0.4409541 0.8975275 0.001969039 0.5058017 0.8166456 -0.2779473 0.5103496 0.8109925 -0.2860673 0.5501806 0.753066 -0.3608229 0.6792843 0.7211513 -0.136065 0.675693 0.72565 -0.1298895 0.6211784 0.7824504 -0.04369038 0.8291205 0.4288593 -0.3586629 0.8204636 0.4543855 -0.3469486 0.8464577 0.3681582 -0.3846675 0.9000851 0.359276 -0.2465112 0.9019976 0.3503149 -0.2523487 0.8861478 0.4129121 -0.2103468 0.9742965 -0.02649998 -0.2237053 0.9742841 -0.02660852 -0.2237467 0.9747029 -0.02289873 -0.2223286 0.9733094 -0.06361001 -0.2205053 0.974022 -0.05987405 -0.2183948 0.9812923 -0.01371967 -0.1920344 0.932628 -0.3469741 0.09906679 0.9364023 -0.3352697 0.1036586 0.9505859 -0.2851045 0.1228901 0.9475814 -0.3054514 -0.09375035 0.9457629 -0.3101805 -0.09654301 0.9302315 -0.3472934 -0.1185616 0.8235756 -0.5514206 0.1328855 0.8210142 -0.5557802 0.1305533 0.8510852 -0.5002779 0.1592984 0.764751 -0.5661625 -0.307597 0.7642576 -0.5666618 -0.307904 0.7711657 -0.5595999 -0.3035644 0.8669357 -0.3022103 -0.3963477 0.8670449 -0.3020401 -0.3962386 0.8722457 -0.2938249 -0.3909661 0.5913429 -0.7872004 -0.1750119 0.5904272 -0.7877995 -0.1754073 0.5988702 -0.782215 -0.1717395 0.4018144 -0.7344235 -0.5469619 0.4044975 -0.7331495 -0.5466933 0.3841174 -0.7426222 -0.5486038 0.5200067 -0.5408603 -0.6611076 0.5158057 -0.5436993 -0.6620692 0.5471634 -0.5219213 -0.6543779 0.3611156 -0.825039 -0.4346334 0.3582399 -0.8262308 -0.4347492 0.3882861 -0.8133056 -0.4333219 -0.03527134 -0.7464219 -0.6645376 -0.06307339 -0.7558748 -0.651671 0.04007518 -0.7170197 -0.6959 0.1074472 -0.6414345 -0.7596164 0.09781694 -0.6457362 -0.7572692 0.1412889 -0.6256754 -0.7671817 -0.2249963 -0.8210731 -0.5246101 -0.2169793 -0.81985 -0.5298737 -0.288501 -0.8281006 -0.4806421 -0.4314633 -0.7979964 -0.4207627 -0.4721189 -0.7975092 -0.3756101 -0.3652772 -0.7929224 -0.4876953 -0.2980554 -0.7238569 -0.6222493 -0.3142797 -0.7282558 -0.6089925 -0.2700774 -0.7155914 -0.644195 -0.633435 -0.72576 -0.2683889 -0.6580615 -0.7177591 -0.2275454 -0.6102649 -0.7314547 -0.3042217 -0.5078556 -0.6381403 -0.5786707 -0.5237296 -0.6390184 -0.5633497 -0.4871391 -0.6365591 -0.5979031 -0.8399782 -0.510424 -0.1841302 -0.8502798 -0.502244 -0.1574017 -0.8313772 -0.5165227 -0.2049791 -0.7239631 -0.4455453 -0.5266563 -0.7423346 -0.4416584 -0.5038622 -0.7035132 -0.4492896 -0.5506434 -0.9506796 -0.2675554 -0.1569156 -0.9496764 -0.2692706 -0.1600252 -0.9523043 -0.2647213 -0.151787 -0.8624302 -0.215122 -0.4581886 -0.8662979 -0.2124341 -0.4521059 -0.8553178 -0.2199426 -0.4691021 -0.8562763 -0.5004981 0.1276422 -0.8535256 -0.5094262 0.1094495 -0.8583434 -0.4927019 0.1431483 -0.9456591 -0.302292 0.1197854 -0.9458112 -0.3012816 0.1211227 -0.9452912 -0.3046631 0.1166415 -0.8357622 -0.276597 0.4743372 -0.8367559 -0.2830827 0.4687258 -0.8303935 -0.2465225 0.4996731 -0.9084676 -0.03193527 0.4167335 -0.9085428 -0.03226089 0.4165445 -0.9012422 -0.002943694 0.4333057 -0.9976825 -0.03944581 0.05544131 -0.9976826 -0.04024016 0.05486428 -0.9975804 -0.02839529 0.06346011 -0.9303792 0.2255113 0.2890315 -0.9300934 0.2262595 0.2893666 -0.9253484 0.2383978 0.2947828 -0.9839158 0.1674054 -0.06233167 -0.983398 0.1709256 -0.06093353 -0.9769382 0.2085354 -0.04587739 -0.834071 0.53685 0.1269556 -0.8340065 0.5371543 0.1260897 -0.8333202 0.5401806 0.117399 -0.9009245 0.3855416 -0.1992306 -0.9005042 0.3867154 -0.1988556 -0.9084525 0.3636255 -0.2061326 -0.7615774 0.5748667 0.2992126 -0.7616963 0.5743623 0.2998777 -0.7612065 0.5764219 0.2971572 -0.5270917 0.8253192 0.2025406 -0.5289108 0.8231131 0.2067328 -0.520119 0.8334372 0.1867052 -0.621293 0.7828756 0.03317981 -0.6199368 0.784169 0.0275228 -0.6067564 0.7945442 -0.023373 -0.5370089 0.8020101 0.2615367 -0.5432416 0.7947931 0.2705417 -0.5263217 0.8138329 0.2462953 -0.1927815 0.9727036 0.1291628 -0.2052102 0.9676002 0.1471015 -0.1545752 0.98517 0.0744757 -0.1757553 0.9767084 0.1230888 -0.1802462 0.9748526 0.1310489 -0.1519675 0.9850449 0.08119434 -0.1151389 0.9933415 0.003966927 -0.09131091 0.9957102 0.01495015 -0.03944259 0.9984713 0.03872227 0.007969915 0.9980229 0.06234496 0.0104559 0.9979122 0.06373518 0.05935364 0.9940821 0.09098345 -0.1178842 0.9925628 -0.0303725 -0.06632882 0.9977734 -0.006996035 -0.004983723 0.9997729 0.02072274 0.2644292 0.9584876 0.1066707 0.3253535 0.944216 0.05100452 0.1838173 0.9669364 0.1767638 0.09542 0.9949341 -0.0316419 -0.04805153 0.9383665 0.3422856 -0.09983026 0.9218171 0.3745495 0.0282433 0.9558527 0.2924859 0.3893547 0.8980534 0.204703 0.3509436 0.9064374 0.2349678 0.4341884 0.8850719 0.167715 0.203731 0.9122968 0.3552579 0.1643535 0.9108229 0.3786685 0.290909 0.9085811 0.299754 0.642508 0.718903 0.2652585 0.6125987 0.7365285 0.2867903 0.6881706 0.6881774 0.229855 0.6752821 0.7147834 0.1818758 0.6623237 0.7301626 0.1678985 0.6485786 0.7455266 0.1534149 0.8445563 0.484772 0.2274221 0.8464877 0.4796767 0.2310169 0.8488305 0.4733362 0.2354565 0.8412232 0.4904555 0.2275897 0.8341879 0.5075175 0.2157703 0.8276568 0.5223492 0.2052699 0.9623106 0.1645421 0.2165278 0.9620923 0.1700128 0.2132469 0.9617912 0.1763247 0.2094456 0.9226728 0.222923 0.3146116 0.9220606 0.2350394 0.3075072 0.9207896 0.2532642 0.2966542 0.6968728 0.6557495 0.2904494 0.7189277 0.6145877 0.3246924 0.7416593 0.5638403 0.3633534 0.7467184 0.4191831 0.5164274 0.7454169 0.4313623 0.5082127 0.7318605 0.5135118 0.4479798 0.2431939 0.9075971 0.3422346 0.3064541 0.8375117 0.4523939 0.3736705 0.7304362 0.5716934 0.9502802 -0.09249752 0.2973415 0.9532625 -0.08235305 0.2907035 0.9657819 -0.03220212 0.2573485 0.8581664 0.05990678 0.5098645 0.8589189 0.06448388 0.5080357 0.8693085 0.1533108 0.4698921 0.8540802 -0.4035566 0.3281605 0.8540903 -0.4028392 0.3290141 0.852173 -0.3514798 0.3876377 0.8340217 -0.2628219 0.4851108 0.8308356 -0.2697377 0.486779 0.8772292 -0.1525908 0.4551759 0.9535767 -0.2140331 0.211852 0.943071 -0.2403066 0.2299345 0.9170516 -0.2955473 0.2677091 0.7699345 -0.5496141 0.3242306 0.7862611 -0.5348214 0.3094505 0.8462118 -0.4716522 0.2479312 0.918151 -0.3266243 0.2243106 0.9090758 -0.3434152 0.2358965 0.8947131 -0.3681159 0.2529413 0.6170459 -0.7169052 0.3245016 0.651269 -0.696725 0.3007043 0.7375229 -0.6340433 0.2324848 0.8866758 -0.3598014 0.2904291 0.8878658 -0.3578984 0.2891421 0.8893291 -0.3555417 0.2875479 0.5500531 -0.7984458 0.2447976 0.551026 -0.7979785 0.2441331 0.5531029 -0.7969747 0.2427109 0.803874 -0.3205993 0.5010017 0.789619 -0.3403312 0.5105651 0.7780042 -0.3557175 0.5178557 0.4156956 -0.7760828 0.4742287 0.4611151 -0.7596423 0.4586028 0.511313 -0.7385706 0.4394002 0.3519815 -0.7331773 0.5818592 0.3824837 -0.7257544 0.5718277 0.4045699 -0.7198149 0.564083 -0.004390895 -0.8742763 0.4854087 -0.03052389 -0.86862 0.494538 -0.05055969 -0.8638095 0.5012754 -0.03012192 -0.9446645 0.326652 -0.02983611 -0.9447194 0.32652 -0.02870196 -0.9449355 0.3259956 -0.3570225 -0.8241847 0.4396076 -0.3531067 -0.8267706 0.437911 -0.350685 -0.8283569 0.4368582 -0.3279552 -0.8995223 0.2886262 -0.3146933 -0.9004357 0.3003063 -0.3630004 -0.8956837 0.2568686 -0.7563976 -0.5068855 0.4134367 -0.7362414 -0.5432518 0.4035172 -0.7284185 -0.556496 0.3996483 -0.7163967 -0.5985729 0.3584497 -0.6800199 -0.6539178 0.331609 -0.6574423 -0.6843441 0.3153456 -0.9584531 0.07366907 0.2755732 -0.9569922 0.08473908 0.2774625 -0.9564124 0.08888894 0.278162 -0.9494827 0.05244314 0.3094065 -0.9551381 0.02081787 0.2954283 -0.9584734 -0.001887917 0.285176 -0.7862497 0.6109281 0.09261935 -0.7671196 0.6335449 0.100739 -0.7570454 0.6448929 0.1048592 -0.743475 0.6219456 0.2458224 -0.7382956 0.626567 0.2496668 -0.7337731 0.6305369 0.2529831 -0.4190831 0.9074866 -0.02893787 -0.3970657 0.9176297 -0.01716381 -0.3805347 0.9247285 -0.008415281 -0.3664355 0.9086803 0.2000631 -0.3576006 0.9107114 0.2067044 -0.3453803 0.913316 0.2157924 0.02636641 0.9727226 0.2304685 0.02533245 0.9726268 0.2309882 0.02771645 0.9728456 0.2297896 0.04477554 0.9251204 0.3770245 0.05378049 0.9265537 0.3722981 0.02203613 0.9210704 0.3887723 -0.3492918 0.8824124 0.3151884 -0.3498417 0.8820493 0.3155946 -0.3464673 0.8842669 0.3131014 0.4028389 0.8562964 0.3232294 0.406961 0.8549781 0.3215513 0.3986414 0.8576171 0.3249275 0.4560489 0.799161 0.3916136 0.497043 0.785378 0.3689575 0.3841865 0.8181452 0.4278309 0.7031396 0.5672066 0.4288025 0.7004864 0.569604 0.4299653 0.705228 0.5653074 0.4278798 0.7664773 0.5506875 0.3305386 0.7931391 0.5243518 0.3098158 0.7254092 0.5870066 0.3594509 0.8601953 0.144088 0.4891857 0.8513808 0.1664992 0.497422 0.8660051 0.1284246 0.4832623 0.9449786 0.1368224 0.2971448 0.944999 0.1372033 0.296904 0.9450221 0.1376361 0.2966305 0.7441905 0.6206343 0.246969 0.7506993 0.6131238 0.2460281 0.7411736 0.624066 0.2473933 0.8732947 0.1833718 0.451366 0.8778604 0.1635491 0.4501253 0.8715047 0.1907225 0.4517795 0.9075317 0.1585579 0.3889029 0.9067887 0.1667548 0.3872042 0.9076895 0.1567199 0.3892797 0.7387079 -0.3248339 0.5905875 0.7642245 -0.2641651 0.5883688 0.7312893 -0.3409303 0.5907474 0.734479 -0.339952 0.5873443 0.735946 -0.3349047 0.5884067 0.7336843 -0.3426526 0.5867681 0.7694098 -0.2215871 0.5990892 0.7930908 -0.1536303 0.5894106 0.7639853 -0.2355484 0.6007026 0.5706967 -0.4999257 0.6514443 0.4924721 -0.54026 0.6823419 0.4759294 -0.5479379 0.6879355 0.4673575 -0.6185657 0.6316277 0.398498 -0.6373624 0.6595216 0.3737142 -0.6430858 0.6684149 0.09363496 -0.7434106 0.6622487 0.09775495 -0.7432675 0.6618137 0.09847056 -0.7432414 0.661737 0.07601207 -0.7794356 0.621854 0.03494381 -0.7729569 0.6334956 0.01995021 -0.7702356 0.6374474 -0.4735349 -0.683107 0.5559942 -0.3688374 -0.7347128 0.5693472 -0.3509761 -0.7422939 0.5708027 -0.3394324 -0.731825 0.5909466 -0.3280313 -0.7388643 0.5886214 -0.3244001 -0.7410698 0.5878607 -0.8586133 -0.3768156 0.3475537 -0.8007063 -0.4649595 0.3777332 -0.7897623 -0.4795739 0.3824717 -0.7448045 -0.4529506 0.490002 -0.7357146 -0.4675815 0.4899914 -0.7334167 -0.4712039 0.4899661 -0.9979056 0.003053486 0.06461483 -0.9979953 0.009264707 0.06260746 -0.9980079 0.01048618 0.0622124 -0.9679091 0.03246366 0.2491948 -0.967277 0.06230556 0.245954 -0.9669817 0.06978011 0.2451066 -0.8982492 0.3664172 -0.2426663 -0.8583949 0.444007 -0.2569359 -0.8479676 0.4618861 -0.2600235 -0.8517012 0.5202116 -0.06312716 -0.8141919 0.5771552 -0.06311452 -0.8008905 0.5954828 -0.06304544 -0.5964538 0.6582791 -0.4592511 -0.536153 0.7132508 -0.4514569 -0.5184524 0.7279233 -0.4487037 -0.50582 0.8173282 -0.2758999 -0.4571193 0.8500157 -0.2617543 -0.4343745 0.8638854 -0.2549921 -0.1340401 0.8612068 -0.4902613 -0.1586841 0.8589649 -0.4868253 -0.1287483 0.8616174 -0.4909577 -0.0882321 0.9444801 -0.3165004 -0.05311089 0.9430498 -0.3283846 -0.1089458 0.9447141 -0.3092671 0.3828963 0.8975791 -0.2184998 0.3729425 0.9018393 -0.218174 0.3861369 0.8961651 -0.2186007 0.4178693 0.9064794 0.06066828 0.4186895 0.9061158 0.06044375 0.4172385 0.9067583 0.06084078 -0.001281201 0.9994585 -0.03288048 0.01104789 0.9991988 -0.03846633 -0.01340711 0.9995352 -0.02738076 0.3580078 0.8833812 -0.3024371 0.4024261 0.8678308 -0.2914155 0.3511356 0.8855792 -0.3040617 0.7846812 0.6132928 0.09026384 0.8161599 0.5664441 0.1141242 0.7799885 0.6197366 0.08685988 0.7791874 0.6235391 0.06376594 0.7727983 0.6316499 0.06165599 0.7811477 0.6210144 0.06441766 0.7913467 0.5464701 0.2741184 0.8194274 0.4880696 0.3005443 0.7876418 0.5534377 0.2707901 0.853667 0.19313 0.4836875 0.8521131 0.2098697 0.4794351 0.8538999 0.1903469 0.4843789 0.8879684 0.1776701 0.4241997 0.8882529 0.1718801 0.4259861 0.8879036 0.178903 0.423817 0.8232554 0.2350081 0.5167414 0.8242822 0.2764607 0.4940935 0.8242658 0.28482 0.48935 0.8527023 0.1285461 0.5063346 0.8266595 0.01639777 0.5624637 0.8210026 -0.002315282 0.5709199 0.8315274 -0.03824442 0.5541657 0.7939867 -0.1095513 0.5979831 0.7859804 -0.123194 0.6058531 0.8188446 -0.2107986 0.5339078 0.7189093 -0.3881312 0.5766487 0.707713 -0.4042273 0.5794332 0.6837927 -0.3903244 0.6165018 0.6002656 -0.4694187 0.647555 0.5889289 -0.4790873 0.6508749 -0.2566019 -0.9432722 0.2106971 -0.06471049 -0.9559434 0.2863298 -0.04869091 -0.9551638 0.292047 -0.06748521 -0.843919 0.5322093 0.08032703 -0.8254777 0.5586897 0.09347254 -0.8229053 0.5604372 -0.7175385 -0.689897 -0.09581619 -0.7549061 -0.634927 -0.1642701 -0.7084845 -0.701096 -0.08071029 -0.7644068 -0.6228173 0.1666761 -0.5604017 -0.7785206 0.2825877 -0.5320464 -0.7935189 0.2953885 -0.8783802 -0.3668984 -0.306323 -0.8792995 -0.3464136 -0.3268486 -0.8779567 -0.3730327 -0.3000648 -0.9549311 -0.2889658 -0.06786364 -0.9052929 -0.4247606 -0.004836559 -0.8942625 -0.4474996 0.006235003 -0.8924413 -0.1162286 -0.435935 -0.8931214 -0.1187789 -0.4338499 -0.8922421 -0.1154884 -0.4365391 -0.9703707 -0.03262251 -0.2394086 -0.9710816 -0.05359619 -0.2326548 -0.9711689 -0.05789148 -0.2312567 -0.84145 0.1109133 -0.5288292 -0.8354507 0.1432762 -0.5305604 -0.8345698 0.1476402 -0.5307502 -0.887943 0.2033122 -0.4125791 -0.8633646 0.2725569 -0.4246343 -0.8582258 0.2853663 -0.4266317 -0.5192394 0.6871706 -0.5081213 -0.6243013 0.5464205 -0.5582764 -0.6324768 0.5332823 -0.5617679 -0.6350569 0.5508452 -0.5415464 -0.5991706 0.5773671 -0.5546548 -0.644342 0.5436129 -0.5378741 -0.03964895 0.9715616 -0.2334442 0.2689117 0.9594472 -0.08454376 -0.06018781 0.9682937 -0.2424553 -0.04430967 0.884512 -0.4644084 -0.1559875 0.8622441 -0.4818745 -0.02654492 0.8869654 -0.4610725 0.5551587 0.8033849 0.2153412 0.6289727 0.7336476 0.2572056 0.5476583 0.8096206 0.211151 0.5813149 0.8122504 -0.04818964 0.4452837 0.8870249 -0.1221044 0.5971652 0.8011785 -0.03881818 0.5661094 0.7290862 0.3846471 0.5545212 0.7394131 0.3818046 0.5678194 0.7275363 0.3850613 0.7413445 0.492734 0.4556552 0.7191407 0.5257838 0.4542995 0.7450008 0.4870399 0.4558137 0.765495 0.4858322 0.4218825 0.7652798 0.4862757 0.4217615 0.7655286 0.4857627 0.4219014 0.5342398 0.7442434 0.400861 0.4972876 0.7769508 0.3860731 0.489597 0.7833619 0.3829346 0.7369358 0.5512059 0.391277 0.7505482 0.5375776 0.3843018 0.7331286 0.5549224 0.3931711 0.4962442 0.7978718 0.3422607 0.4877591 0.8036013 0.3410515 0.4844739 0.8057875 0.3405758 0.7651462 0.5778824 0.2839072 0.7994226 0.5554518 0.2289037 0.7373021 0.5928118 0.3239749 0.7751581 -0.6087512 0.1689732 0.2341228 -0.916981 0.3230053 0.09979498 -0.935248 0.3396352 0.009299933 -0.9999284 0.007549822 -0.178215 -0.9839736 0.005942761 -0.2124345 -0.9771592 0.0056203 0.9078443 0.2362219 0.3464362 0.9129664 0.3121325 0.2628038 0.9109379 0.3509064 0.2169263 -0.2134447 -0.9768449 0.01467692 -0.1983149 -0.9799589 0.01875674 -0.1963317 -0.9803477 0.0192902 0.854474 -0.207906 0.4760771 0.9138758 0.1151974 0.3893077 0.9140244 0.1470956 0.3780508 -0.6221376 -0.7607073 -0.1851201 -0.6002368 -0.7859252 -0.1484503 -0.6364904 -0.742033 -0.2103974 -0.6533772 -0.7276466 -0.2088749 -0.676338 -0.6946088 -0.2451238 -0.6477125 -0.7350891 -0.2002813 -0.7999443 -0.5103537 -0.3156396 -0.8010752 -0.5177649 -0.3003299 -0.7964396 -0.4926524 -0.3506819 -0.8018174 -0.4768055 -0.3602021 -0.8059741 -0.4398674 -0.3961343 -0.7999714 -0.4887394 -0.3481086 -0.647007 -0.7623035 -0.01659506 -0.6476408 -0.7617074 -0.01906085 -0.6539678 -0.7552012 -0.04469126 -0.9469449 -0.3126763 -0.07435661 -0.9313837 -0.3387101 -0.1334162 -0.9231502 -0.3498015 -0.1594762 -0.6387928 0.6659526 0.3852934 -0.507924 0.7381458 0.4440204 -0.4961764 0.7434137 0.448492 -0.01433861 0.9585388 0.2846013 0.02562141 0.9515418 0.3064505 0.02969485 0.9507144 0.3086428 -0.8388292 0.509431 -0.1919525 -0.8067246 0.5754121 -0.134523 -0.8036111 0.5808974 -0.1294888 0.2384828 0.9484108 0.2089091 0.1311283 0.9836766 0.1232307 0.1208429 0.9859876 0.1150028 -0.6083511 0.6822496 -0.4055175 -0.3632745 0.9116629 -0.1920999 -0.3480245 0.9201615 -0.1793933 0.9634527 0.1498164 0.2220674 0.9634867 0.143345 0.2261541 0.9634477 0.1350462 0.2313677 -0.2722906 0.8534191 0.4444479 -0.2534638 0.8645824 0.4338818 -0.3470119 0.8029524 0.4846134 -0.5460845 0.6713939 0.501021 -0.5419417 0.6769718 0.4980044 -0.4662178 0.766373 0.4419426 -0.4223262 0.798848 0.4283487 -0.4093539 0.8100291 0.4198598 -0.4642655 0.7596529 0.4553954 -0.6769682 0.6441036 0.3561528 -0.6772656 0.6436898 0.3563352 -0.6620096 0.6643286 0.3470026 -0.3897629 0.9204478 0.02934116 -0.3437451 0.9378225 0.04825454 -0.2753831 0.9583718 0.07541733 -0.6086744 0.7549952 0.2439215 -0.6288635 0.742727 0.2299726 -0.6613044 0.7211467 0.206456 -0.8163287 0.2488318 0.5212392 -0.8189556 0.2391443 0.5216529 -0.8019245 0.2969953 0.5183733 -0.7508177 0.4145644 0.5142073 -0.7465569 0.4136992 0.5210623 -0.6800394 0.398285 0.6155612 -0.7954894 0.4678654 0.3850957 -0.7864009 0.4883544 0.378264 -0.8310654 0.3721789 0.4132956 -0.9226457 0.2034781 0.3275998 -0.9237323 0.1961786 0.3289874 -0.9185728 0.2281512 0.3227555 -0.7509354 0.5943864 0.2877517 -0.7521587 0.5933835 0.2866243 -0.7547608 0.5912349 0.2842138 -0.9369928 0.2455043 0.2485403 -0.9372898 0.2429685 0.2499086 -0.9361934 0.2520121 0.2450141 -0.9811374 -0.1582497 0.1110252 -0.9810125 -0.1587773 0.1113741 -0.9711099 -0.1960673 0.1360266 -0.9168968 0.2280434 0.3275613 -0.9168422 0.2261195 0.3290445 -0.9170035 0.2325446 0.3240797 -0.9172847 -0.1684539 0.360849 -0.9176556 -0.1709746 0.3587143 -0.9212955 -0.2008838 0.332957 -0.784112 -0.4301996 0.4473217 -0.7827248 -0.4110619 0.4673008 -0.7844454 -0.490391 0.379687 -0.8806544 -0.09106761 0.4649243 -0.8797869 -0.08740252 0.4672644 -0.8694743 -0.04826337 0.4916148 -0.7676483 -0.2949262 0.5689771 -0.766656 -0.2899139 0.5728776 -0.7767498 -0.3514786 0.5226114 -0.5645323 -0.8076261 -0.1704217 -0.5546877 -0.8116323 -0.1832337 -0.5827502 -0.7994243 -0.1460244 -0.8868291 -0.4537532 -0.08741974 -0.8812319 -0.4669612 -0.0733323 -0.8682225 -0.4942696 -0.04344493 -0.5431796 -0.5062808 0.6698027 -0.4832195 -0.5130546 0.7094181 -0.3137416 -0.5180438 0.7957367 -0.5955923 -0.3012762 0.7446493 -0.5975156 -0.2881557 0.7482924 -0.6082853 -0.188608 0.7709839 -0.6553823 -0.4149589 0.6310968 -0.6558089 -0.4186199 0.6282293 -0.6533697 -0.3989998 0.6433564 -0.6270826 -0.4449307 0.639378 -0.6265493 -0.4451169 0.6397711 -0.6332088 -0.4427682 0.6348252 -0.5379317 -0.5559632 0.6336674 -0.5535888 -0.5507095 0.6247069 -0.5211279 -0.561318 0.6429213 -0.718106 -0.596 0.3593159 -0.7227628 -0.5767805 0.3807076 -0.7092013 -0.6262664 0.3237653 -0.6131826 -0.7061098 0.3541414 -0.6136491 -0.7054121 0.3547232 -0.6017144 -0.7227442 0.3399716 -0.3279607 -0.8204059 0.468376 -0.316455 -0.8285337 0.4619398 -0.276292 -0.8549768 0.4389506 -0.5866194 -0.8009051 -0.1201196 -0.6056291 -0.7902147 -0.09367078 -0.5574821 -0.8148855 -0.1586675 -0.3110816 -0.9458402 -0.09281438 -0.3109155 -0.9458832 -0.09293264 -0.3086366 -0.9464688 -0.09455305 0.1318749 -0.8656677 0.4829374 0.08974719 -0.8741198 0.4773471 0.1558945 -0.8600943 0.4857313 -0.2804805 -0.7412782 0.6097848 -0.3068773 -0.7379534 0.6010419 -0.2636694 -0.7430812 0.6150683 0.2764127 -0.828276 0.4873961 0.2424685 -0.8251649 0.510208 0.1470744 -0.8094496 0.568472 0.03960633 -0.8091526 0.5862624 0.02897036 -0.8123615 0.5824342 0.0485056 -0.8063803 0.5894048 -0.3660888 -0.6622582 0.6537531 -0.4233221 -0.6588348 0.6218804 -0.315685 -0.6629239 0.6788776 -0.4771387 -0.7219672 0.5011008 -0.4800309 -0.7198497 0.501385 -0.484748 -0.716366 0.5018358 -0.7639157 -0.5815564 0.2796876 -0.7653812 -0.5796099 0.2797217 -0.7678507 -0.576308 0.2797757 -0.657568 -0.40144 0.6375345 -0.5946087 -0.4191767 0.6860986 -0.7263711 -0.3770322 0.5746581 -0.1829353 -0.8456698 -0.5013756 -0.02870327 -0.8926584 -0.4498191 0.130197 -0.9142698 -0.3836139 -0.1055805 -0.7679722 -0.631721 -0.09109222 -0.7688622 -0.6328927 -0.06431555 -0.7700761 -0.6347019 -0.6298729 -0.7677584 0.1175041 -0.5825622 -0.8080077 0.08800548 -0.8009209 -0.5487077 0.2396784 -0.1702765 -0.7860818 -0.5942065 -0.1784498 -0.7786656 -0.6015278 -0.1637411 -0.7918938 -0.5882967 -0.6437417 -0.5441761 -0.5380234 -0.6680711 -0.5035648 -0.5478171 -0.624527 -0.5737706 -0.5298615 -0.4973059 -0.5509779 -0.6701569 -0.4884951 -0.5715676 -0.6593051 -0.5275547 -0.4708536 -0.7070948 -0.9502837 -0.2179056 -0.2224367 -0.9597979 -0.1723677 -0.221534 -0.9399609 -0.2584899 -0.2228375 -0.8869399 -0.2875856 -0.3614309 -0.882779 -0.3051319 -0.3572059 -0.9006473 -0.2157076 -0.3772329 -0.986568 0.01699876 0.1624642 -0.9841519 0.05903196 0.1672134 -0.9871847 -0.02881002 0.1569607 -0.9974793 -0.04985404 0.05049574 -0.9965413 -0.06439411 0.05252528 -0.999054 -1.56174e-4 0.04348796 -0.955564 0.1725897 0.2389773 -0.9349948 0.2664046 0.2341223 -0.966278 0.08961439 0.2414049 -0.8204372 0.2326668 0.5222538 -0.7933729 0.3053711 0.5266004 -0.8461012 0.1446636 0.5130159 -0.8842494 0.161908 0.4380514 -0.8869424 0.1494023 0.4370495 -0.8792129 0.1836188 0.4396237 -0.6028881 0.3720913 0.7057436 -0.4750192 0.5242804 0.7067438 -0.6644133 0.279971 0.6929439 -0.506884 0.2015972 0.8381093 -0.4785287 0.2613523 0.8382752 -0.5633497 0.06167107 0.8239138 -0.7317032 0.1822915 0.6567956 -0.7407061 0.1563216 0.6533896 -0.7063183 0.2476069 0.6631782 -0.8083773 0.3514157 0.4722638 -0.6331738 0.6010783 0.4876432 -0.8450583 0.2731354 0.4596452 -0.9235192 0.3223356 0.2078754 -0.7782488 0.5700029 0.2634872 -0.7481058 0.6059617 0.2704592 -0.2837256 0.902284 0.3246279 -0.5152978 0.8114431 0.2757325 -0.5632812 0.7835704 0.2621676 -0.9614306 0.2270135 0.155294 -0.989912 0.007353484 0.1414929 -0.9389744 0.3053141 0.1584623 -0.8722099 -0.4836844 -0.07279866 -0.8690235 -0.4895192 -0.07189613 -0.8729236 -0.4823642 -0.07300198 -0.9965686 -0.05215376 -0.06427425 -0.9918324 -0.1165413 -0.05183202 -0.9970179 0.01164609 -0.07628756 -0.8356361 -0.4908269 -0.246579 -0.8107057 -0.539915 -0.2263807 -0.8530257 -0.4515148 -0.2616898 -0.3769642 -0.9250271 0.04714745 -0.3400557 -0.9389117 0.05298328 -0.3826041 -0.9227547 0.04624062 -0.8557894 -0.5037299 0.1178166 -0.8762649 -0.4677737 0.1155326 -0.853605 -0.507371 0.1180396 -0.387716 -0.9171525 -0.09223711 -0.4126322 -0.9050177 -0.1033329 -0.3767912 -0.9221662 -0.08739435 0.1994732 -0.9796887 -0.02050709 0.1753732 -0.9837068 -0.03956145 0.2118662 -0.9772408 -0.01064157 -0.3704035 -0.8941023 -0.2517588 -0.3353008 -0.9050275 -0.2617225 -0.3132736 -0.9111469 -0.2677146 0.1989889 -0.9768663 -0.07833087 0.2134562 -0.9736182 -0.08064794 0.2320449 -0.9691051 -0.0836097 0.5345903 -0.8233393 0.1905933 0.5338317 -0.8237722 0.1908487 0.5800837 -0.7956035 0.1746941 0.2373677 -0.8882532 -0.3932721 0.1998786 -0.8975299 -0.3930506 0.1358332 -0.9101651 -0.3913426 0.4400774 -0.8965435 0.05041402 0.3644569 -0.9278725 0.07889145 0.5755066 -0.817781 -0.005125045 0.1577973 -0.8261799 0.5408576 0.05918711 -0.8271577 0.5588443 0.3684756 -0.7947701 0.4822512 -0.1399995 -0.9366912 0.3209514 -0.1620247 -0.9327742 0.3219943 -0.4419885 -0.8378155 0.3204862 -0.1212385 -0.8131794 0.5692456 -0.1262499 -0.8119251 0.5699463 -0.1486492 -0.8060371 0.572894 0.1973232 -0.7714701 0.6048947 0.186956 -0.7876884 0.5870216 0.2454938 -0.6855764 0.6853597 -0.06178838 -0.7990565 0.5980727 -0.03824001 -0.7852399 0.6180098 -0.09791618 -0.8185485 0.566031 0.3802376 -0.757649 0.5304598 0.3957434 -0.7396779 0.5443012 0.3388771 -0.801399 0.4928711 0.7542493 -0.5801486 0.3074667 0.7652844 -0.5656281 0.3072536 0.793489 -0.5259528 0.3061844 0.580796 -0.8103728 0.07727819 0.5975666 -0.7984539 0.07338637 0.6177858 -0.7833513 0.06856721 0.5133916 -0.7020354 0.4935336 0.446767 -0.7349139 0.5101968 0.6466071 -0.6174485 0.4479471 0.5634573 -0.8230063 0.0719487 0.5903892 -0.8044966 0.06500655 0.6023847 -0.7958073 0.06183457 0.1458759 -0.9888246 0.03075867 0.151943 -0.9878494 0.03266441 0.1445225 -0.9890365 0.03033357 0.6168738 -0.769629 0.1647365 0.6813125 -0.7196649 0.1337749 0.6950741 -0.7076893 0.1266804 0.1877385 -0.9595004 0.2100318 0.1672994 -0.9616069 0.2175388 0.1640524 -0.9618985 0.2187191 -0.3140535 -0.9086309 0.2752459 -0.3306066 -0.9022949 0.2767007 -0.3120772 -0.9092603 0.2754155 -0.8535943 -0.4344839 0.2874031 -0.8966201 -0.3530784 0.2672233 -0.8498191 -0.4408386 0.2889093 -0.7708891 0.6346892 0.05384957 -0.7201433 0.6924933 0.04297429 -0.7150666 0.6977983 0.04192149 -0.2951849 0.9515081 -0.08659267 -0.259112 0.9601859 -0.1044223 -0.3015562 0.9497936 -0.08340221 0.4501602 -0.7496898 0.4850988 0.4415606 -0.7568886 0.4818132 0.4631139 -0.7385516 0.4899663 0.4075334 -0.8306934 0.3792957 0.3893809 -0.8437387 0.3694421 0.4439076 -0.8073736 0.388708 0.5453699 -0.7462857 0.3816142 0.5643239 -0.7282783 0.3887792 0.4962558 -0.7888825 0.3624839 0.4083985 -0.8384482 0.3608536 0.463401 -0.8310475 0.3076031 0.4846832 -0.813219 0.3221133 0.48022 -0.8170685 0.3190422 0.4997171 -0.799845 0.332462 0.6554222 -0.6322386 0.4131537 0.663272 -0.6222413 0.4157958 0.6174409 -0.677357 0.3999429 0.6343479 -0.7203428 0.2805515 0.6360705 -0.7183701 0.2817069 0.627478 -0.7280936 0.2759549 -0.710725 -0.7034675 0.001920163 -0.7317551 -0.6789759 0.05938202 -0.6890037 -0.7230206 -0.05015307 -0.7738559 -0.4644001 0.4306736 -0.7726984 -0.4515178 0.4461714 -0.7749344 -0.4818465 0.4090242 -0.8958016 0.230898 0.3797706 -0.8959399 0.2315724 0.3790329 -0.8952319 0.2281633 0.3827549 -0.7506855 0.5819637 0.3127132 -0.7519431 0.578776 0.3155949 -0.7481545 0.5882332 0.3069961 0.4824189 -0.8747854 -0.04497259 0.4798481 -0.8761304 -0.04627585 0.5369573 -0.843446 -0.01660466 0.7924984 -0.4961706 0.354628 0.7925986 -0.4959754 0.3546773 0.7793765 -0.5209074 0.3481782 0.8729155 -0.3132061 0.3740596 0.8719127 -0.3166985 0.3734573 0.8837694 -0.2720227 0.38073 0.8023754 -0.375589 0.4638176 0.8024069 -0.3755083 0.4638285 0.7878526 -0.4109649 0.4586896 0.9998253 -3.44724e-4 0.01868814 0.9998034 -0.01231855 0.01553809 0.9991788 0.03042018 0.02676838 0.6641764 0.724919 -0.1826532 0.5867521 0.7856914 -0.1959874 0.7048598 0.6875839 -0.1743591 0.9152619 0.1125054 0.3868311 0.9037006 0.254854 0.3440562 0.9138092 0.04712176 0.4034011 0.7531089 0.6289496 -0.1930013 0.7665945 0.6085807 -0.2048473 0.7056881 0.6916477 -0.1537137 0.5070837 0.8355709 -0.211394 0.4651876 0.8612638 -0.2045121 0.5305214 0.8199259 -0.2151018 0.9343559 0.336387 0.1175705 0.8998866 0.4231166 0.105719 0.9476408 0.2948011 0.1227567 0.4313957 0.8926914 0.130384 0.4229561 0.8969671 0.1286789 0.4187544 0.8990576 0.1278285 0.8549674 0.5174458 -0.03578525 0.881078 0.4726112 -0.0184459 0.8918041 0.4522941 -0.01074564 0.8303192 0.5569971 0.01800888 0.8045204 0.5929046 0.03480303 0.7998369 0.5990309 0.03772389 0.5890526 -0.5543631 -0.5879614 0.4931468 -0.6564593 -0.5708479 0.4841212 -0.6649259 -0.5687708 0.6677443 -0.7228812 -0.1776524 0.5782178 -0.8068696 -0.1209379 0.5578282 -0.8228209 -0.108599 -0.4303083 -0.8621412 -0.2674837 -0.3662186 -0.8834522 -0.2922263 -0.4387527 -0.8589367 -0.2640526 -0.4763588 -0.8729637 0.104961 -0.5341696 -0.8399739 0.09542959 -0.4346104 -0.8937085 0.1113506 -0.8357609 -0.5023717 0.2216454 -0.8157598 -0.5446798 0.1945759 -0.8374815 -0.498398 0.2241079 -0.8417106 -0.4488791 0.3000514 -0.8730453 -0.3877174 0.2957484 -0.828758 -0.4715617 0.3013135 -0.3454492 0.621092 0.7034982 -0.4818733 0.484051 0.7304059 -0.3354085 0.6297972 0.7006117 -0.5277637 0.7183389 0.4532711 -0.3186362 0.8850796 0.3392714 -0.5710696 0.6696464 0.4748193 -0.5193664 0.4688773 0.7144318 -0.5194086 0.4688265 0.7144343 -0.5193638 0.4688804 0.7144316 0.2755385 0.8304429 0.4841934 0.3175534 0.8225295 0.4718106 0.3221964 0.8215466 0.4703728 0.3378987 0.8333253 0.4374855 0.3682802 0.8257513 0.4272057 0.3719096 0.8247792 0.4259372 -0.8120551 -0.5538704 0.183832 -0.7978236 -0.5789036 0.1683694 -0.8132879 -0.5515986 0.1852079 0.759893 0.6397519 0.1152395 0.7848179 0.6113187 0.1017374 0.7878419 0.6076985 0.1000397 0.3904113 0.9083582 -0.1498817 0.3861302 0.9110052 -0.1448212 0.4488933 0.8658972 -0.2207193 0.2390851 0.9658634 0.0997312 0.2439786 0.9662895 0.08221411 0.2809115 0.9577359 -0.0618934 -0.8807053 0.2717908 -0.3879278 -0.8819905 0.2672535 -0.3881602 -0.8862943 0.2514752 -0.3888995 -0.8234118 0.1077291 -0.5571243 -0.8243672 0.1045284 -0.5563207 -0.82656 0.09704929 -0.5544186 0.4998633 -0.7345767 0.4588395 0.509219 -0.7170934 0.475892 0.4360188 -0.8294734 0.3490871 -0.3148259 -0.9087236 0.2740553 -0.3331078 -0.9013307 0.2768434 0.9981982 -1.95217e-5 0.06000548 0.9927477 0.1186228 0.01951223 0.9904044 0.1375915 0.01294964 -0.2227194 0.9735761 -0.05045521 -0.1736022 0.9819607 -0.07493674 -0.2309783 0.9718571 -0.04628932 0.07770788 0.9877324 -0.135449 -0.07722645 0.9939504 -0.0780937 0.1210787 0.9810943 -0.1509772 0.08785223 0.5082288 0.8567296 -0.7154518 -0.2007184 0.6692092 -0.7863069 -0.3305716 0.5219616 -0.07980233 0.7560997 0.649573 -0.06810563 0.7232565 0.687213 -0.1048679 0.8215177 0.5604565 -0.01170551 0.9865907 0.1627938 -0.8220648 0.3475719 0.4510028 -0.1629274 -0.8346762 0.5260897 0.1994122 -0.8759288 0.4392991 0.6866118 0.6581469 0.3088802 -0.8962386 -0.3254712 0.3013718 -0.6665766 0.7422341 0.06902396 -0.7772305 -0.4846957 0.4012266 0.6464259 -0.5529107 -0.5257598 -0.3539585 -0.8903181 -0.2864388 -0.4155462 0.719224 0.5568107 -0.1349092 0.1171398 0.9839095 0.9383893 0.1642908 0.3040297 0.3765001 0.04109829 0.9255045 -0.3443445 -0.3566878 0.8684473 -0.655081 -0.6827268 0.3236559 -0.2890328 -0.9037939 0.3156208 0.3220881 -0.4624454 0.8260772 0.1415729 0.9832125 -0.1151104 0.998085 0.04657584 -0.04070907 0.7531631 0.6577785 0.008537411 0.1748347 -0.9673142 0.1836737 0.6896425 -0.720952 0.06798231 0.5753915 -0.790373 0.2103222 -0.7972159 0.3058971 -0.5204554 -0.8373698 -0.1944952 -0.5108653 -0.8961774 -0.1138235 -0.4288477 -0.9839369 -0.05394071 -0.170172 -0.9117358 0.01650655 -0.4104453 -0.9636834 0.1394888 -0.2277219 0.8256225 0.2842551 0.4873875 0.8468252 0.334809 0.4132674 0.8751521 0.3240724 0.3592853 0.4674823 0.8406169 0.2735392 0.5999275 0.7580471 0.2558355 0.4694975 0.869692 0.152342 0.6320561 -0.6759753 0.3788967 0.6967262 -0.5678505 0.4383131 0.6059205 -0.6722201 0.4254181 -0.1325756 -0.7915304 0.5965765 0.428727 -0.8240164 0.3703919 0.004617094 -0.9825179 0.186111 0.2337235 0.8834846 -0.4059907 -0.5482167 0.8218105 -0.1551966 -0.1800204 0.9601765 -0.2136678 -0.8569852 -0.295971 0.4218741 -0.1681334 0.3572922 0.9187347 -0.7327219 0.6211363 0.2780439 -0.7361463 0.1087738 0.6680245 -0.9063212 -0.01278316 0.4223961 0.7492122 -0.1614245 0.6423576 0.7632717 -0.2111701 0.6105928 0.5561317 0.1669853 0.8141459 0.6402344 -0.4607512 0.6146611 -0.359056 -0.700495 0.6167541 0.5616073 -0.8269578 -0.02716881 0.2691408 -0.8925037 -0.3619397 0.3450964 -0.9369698 0.05473631 -0.5118364 0.457675 -0.7270194 -0.1732926 0.5745848 -0.7998888 -0.4140178 0.346713 -0.8416528 0.1100096 -0.04081791 -0.9930921 0.1791618 0.3017408 -0.9364046 0.3424111 0.1265521 -0.9309883 -0.055265 0.0626288 -0.9965056 -0.1640335 -0.1511951 -0.974799 -0.3370333 -0.0428822 -0.9405156 -0.1946523 0.1658554 -0.9667484 -0.1136654 0.5326622 -0.8386605 0.06736832 0.444485 -0.8932495 -0.3306817 0.25922 -0.9074441 0.1821695 0.8526743 -0.4896539 0.2317634 0.787302 -0.5713505 0.3373233 0.8761788 -0.3442727 0.6342568 0.6085775 -0.4768141 0.3966591 0.5293848 -0.7499422 0.8161606 0.2523446 -0.5198116 0.573728 0.1825943 -0.7984331 0.8714078 -0.1289826 -0.4732992 0.6341969 -0.06299221 -0.7706013 0.6191793 -0.299644 -0.7258309 0.2862023 -0.3068737 -0.9076986 0.324348 -0.1306828 -0.9368674 0.2431262 -0.4838137 -0.8407223 -0.094222 -0.4547138 -0.8856397 0.02657115 -0.2476048 -0.9684967 -0.1338072 -0.569476 -0.8110442 -0.4072291 -0.5164859 -0.7532642 -0.2851098 -0.3523638 -0.8913766 -0.5870683 -0.340541 -0.7344268 -0.4619503 -0.1921535 -0.8658401 -0.7246522 -0.1429949 -0.6741154 -0.5804817 -0.004037559 -0.8142634 -0.6987772 0.2053925 -0.6852185 -0.5863934 0.2682291 -0.7643272 -0.4637385 0.1330025 -0.875932 -0.7663249 0.3848543 -0.5144252 -0.6546327 0.40555 -0.6379541 -0.814054 0.5060887 -0.2849395 -0.4715622 0.8241947 -0.3135799 -0.386938 0.9213427 -0.0375061 0.03993856 0.9992016 -0.00106877 -0.1419911 0.9040563 -0.4031388 0.119994 0.9854401 -0.1204548 0.126289 0.8856234 -0.4469032 0.1214206 0.992449 -0.01737958 0.3375216 0.931154 -0.137955 0.227926 0.9394477 -0.2559058 0.3750776 0.9264662 -0.03126347 0.3018235 0.9529983 -0.02639925 0.483052 0.8725928 -0.07240605 0.454837 0.8697692 -0.191376 0.7271437 0.6478167 -0.2271468 0.7951261 0.5178164 -0.315659 0.9103511 0.3021627 -0.2827695 0.9738277 -0.03050273 -0.2252317 0.9647674 -0.1025517 -0.2422953 0.9120736 -0.4028102 0.07658779 0.9603652 -0.2691725 -0.07242166 0.789974 -0.6043165 0.1036472 0.7576917 -0.5732308 -0.311945 0.8615131 -0.3105605 -0.4016807 0.583553 -0.7922467 -0.178357 0.42371 -0.7237842 -0.5446159 0.4859058 -0.563235 -0.6683278 0.3332567 -0.8361912 -0.4355735 -0.1424394 -0.7786679 -0.6110544 0.06249487 -0.6608286 -0.7479305 -0.1549465 -0.8079478 -0.5685176 -0.5360214 -0.7901436 -0.2972443 -0.3430873 -0.735325 -0.5844556 -0.6789292 -0.7091143 -0.1902952 -0.5432755 -0.6396793 -0.5437483 -0.8577496 -0.4955932 -0.1365765 -0.7609812 -0.4371489 -0.4793834 -0.9479952 -0.272089 -0.1651449 -0.873646 -0.2071904 -0.4402443 -0.8508003 -0.5171313 0.09334969 -0.9461423 -0.2990142 0.1241185 -0.8404061 -0.3115468 0.4434594 -0.9148142 -0.06182605 0.3991146 -0.997593 -0.050834 0.04716116 -0.9349374 0.2132981 0.2835419 -0.9880546 0.1344344 -0.07533615 -0.8347128 0.5335913 0.1361436 -0.893343 0.4060021 -0.1926152 -0.7621243 0.5725256 0.3022931 -0.5361916 0.8138919 0.2237826 -0.631868 0.7708407 0.08091694 -0.5554353 0.7799376 0.2884249 -0.2417474 0.9494445 0.2002831 -0.2035495 0.9637268 0.1726215 -0.1684911 0.9854844 -0.02077001 -0.04003608 0.9985707 0.03540736 -0.1721153 0.9835378 -0.05504369 0.39195 0.9198973 -0.01281982 0.1446915 0.9894604 -0.00571829 -0.1746549 0.8910616 0.4189333 0.2918902 0.91481 0.2791469 0.06858366 0.8994899 0.4315254 0.5620558 0.7624345 0.320604 0.6931741 0.6919595 0.2017472 0.8417841 0.49189 0.2223595 0.8477682 0.4733915 0.2391435 0.9625294 0.1576576 0.2206383 0.9232702 0.2035738 0.3257756 0.6687844 0.7001295 0.2500925 0.751272 0.3310431 0.5709648 0.1534145 0.9700255 0.1884525 0.9326083 -0.14442 0.3307335 0.8405318 -0.02446746 0.5412095 0.8478189 -0.4719387 0.2418201 0.7830033 -0.3612629 0.5063547 0.9709489 -0.1621721 0.1759502 0.6938763 -0.6085731 0.3849343 0.9298232 -0.3033935 0.208282 0.5162472 -0.7643907 0.386259 0.8853152 -0.3619627 0.2918905 0.547863 -0.799492 0.2462901 0.8135459 -0.3066266 0.4940885 0.3597478 -0.7931788 0.4913745 0.3343305 -0.737072 0.5873227 0.02173972 -0.8792339 0.4758941 -0.03146868 -0.9444054 0.3272739 -0.3602293 -0.822047 0.4409916 -0.2895346 -0.9013886 0.3219758 -0.7656112 -0.4890424 0.4179441 -0.7380837 -0.5609542 0.3749173 -0.959137 0.06813442 0.274616 -0.9429897 0.08260244 0.3224084 -0.7990152 0.5949888 0.08696669 -0.749466 0.6164976 0.2413119 -0.4412662 0.8964416 -0.04094696 -0.382681 0.9046142 0.1876927 0.02369314 0.9724722 0.2318113 0.07370811 0.929381 0.361688 -0.3521608 0.8805107 0.3173074 0.4119195 0.853364 0.3195188 0.560276 0.7593791 0.3308085 0.6980369 0.5718024 0.4310297 0.8289285 0.4847944 0.2790197 0.8443187 0.1834462 0.5034615 0.944952 0.136332 0.2974547 0.7543827 0.6088075 0.2454798 0.8798878 0.1541737 0.4494751 0.9065631 0.1691104 0.3867107 0.772425 -0.2425176 0.5869794 0.7365437 -0.3328244 0.588839 0.7987254 -0.1352854 0.5862897 0.5924208 -0.4874348 0.6414399 0.4995878 -0.608202 0.6168488 0.09250968 -0.7434474 0.6623655 0.09723782 -0.7822214 0.6153654 -0.498674 -0.668742 0.5514605 -0.3445025 -0.7286384 0.5919495 -0.8704366 -0.3559641 0.3400439 -0.7477869 -0.4480412 0.4899733 -0.9978768 0.001508891 0.0651136 -0.9679265 0.02264964 0.2502109 -0.9092034 0.341728 -0.237847 -0.867122 0.4940909 -0.0630384 -0.6191151 0.6354031 -0.4614752 -0.5356845 0.7951087 -0.2843318 -0.1664268 0.8581475 -0.4856799 -0.03727942 0.9419823 -0.333586 0.3687148 0.9036111 -0.2180283 0.4192008 0.9058886 0.06030374 0.02084213 0.998862 -0.04289931 0.411784 0.8642495 -0.2889752 0.8216187 0.5575915 0.1184682 0.7712493 0.6335894 0.06114768 0.8233924 0.4788703 0.3044803 0.8517616 0.2133067 0.4785422 0.8882975 0.1709058 0.4262849 0.8229179 0.2282747 0.5202855 0.8557231 0.1472952 0.4960263 0.8385607 -0.0231449 0.5443164 0.8275099 -0.1911259 0.5279188 0.6969516 -0.3764089 0.6103891 -0.2759913 -0.939632 0.2022885 -0.08862841 -0.8449838 0.5273967 -0.7601212 -0.6258212 -0.1748249 -0.7929572 -0.5915874 0.1457512 -0.8794047 -0.3417445 -0.3314484 -0.9624773 -0.2589462 -0.08114403 -0.8932904 -0.119418 -0.4333264 -0.9701201 -0.02739024 -0.2410746 -0.8423582 0.1055245 -0.5284859 -0.8930929 0.1865808 -0.4093564 -0.5081551 0.6995738 -0.5023694 -0.5937575 0.5811805 -0.5564902 0.3018252 0.9510005 -0.06708019 -0.1662854 0.8595872 -0.483176 0.6368749 0.7251692 0.2617633 0.4322421 0.8925327 -0.1286564 0.5530258 0.7407234 0.3814334 0.715861 0.5304577 0.4540458 0.7652503 0.4863368 0.421745 0.5412951 0.7376214 0.4036265 0.7531735 0.5348858 0.3829187 0.4994357 0.7956854 0.342708 0.8203147 0.5389366 0.1913928 0.8686642 -0.4818591 0.1150404 0.04125839 -0.9991182 0.0077973 0.8984519 0.1859325 0.3977605 -0.2152472 -0.9764565 0.0141896 0.8415949 -0.2428622 0.4824271 -0.5850305 -0.8014544 -0.1241378 -0.6825308 -0.6848003 -0.2553434 -0.8027032 -0.5329832 -0.2675754 -0.8070288 -0.4248479 -0.4101327 -0.6392748 -0.7688812 0.01222175 -0.9523961 -0.3009579 -0.04864257 -0.6503893 0.6581877 0.3791871 -0.01769751 0.9590344 0.2827364 -0.8417934 0.5022076 -0.1979178 0.2453485 0.9454349 0.2143755 -0.6206969 0.6640052 -0.4169322 0.9633441 0.1572391 0.217357 -0.1765277 0.9041785 0.3889722 -0.6152122 0.564482 0.5503401 -0.3650127 0.8451752 0.3904415 -0.6959916 0.6166682 0.3678532 -0.4604576 0.8876813 -7.92934e-4 -0.5589227 0.7818364 0.2762923 -0.8299012 0.1945968 0.522873 -0.8020043 0.4233642 0.4213692 -0.7421904 0.5737398 0.3463757 -0.9268553 0.1727772 0.3332975 -0.748812 0.5961163 0.2896997 -0.9379529 0.2370368 0.2530968 -0.9893973 -0.1181307 0.08448743 -0.9167232 0.2224474 0.3318671 -0.912079 -0.1382381 0.3860079 -0.7747918 -0.3508086 0.5259574 -0.8891598 -0.1318452 0.4381914 -0.7541161 -0.2357698 0.6129615 -0.5406541 -0.8168607 -0.2010767 -0.8994479 -0.4193366 -0.1230869 -0.7077881 -0.4694034 0.5279172 -0.5808217 -0.3829046 0.7183524 -0.6578007 -0.4375497 0.6130648 -0.6205046 -0.4472063 0.64419 -0.571327 -0.5444366 0.6141452 -0.7294304 -0.5420019 0.4173314 -0.6234305 -0.6903838 0.3670215 -0.3625974 -0.7943764 0.4873287 -0.6370896 -0.7693395 -0.0472632 -0.3131555 -0.9452995 -0.09133738 0.06582814 -0.8781764 0.4737858 -0.3234878 -0.7355457 0.5952548 0.3585626 -0.8299705 0.4272961 0.02000212 -0.8149793 0.5791449 -0.472602 -0.6534206 0.591345 -0.4724902 -0.7253419 0.5006318 -0.7610583 -0.5853247 0.2796166 -0.5213429 -0.4353681 0.733932 -0.3287186 -0.7762733 -0.5379071 -0.1424052 -0.7649675 -0.6281288 -0.3189104 -0.9459986 -0.05816131 -0.1867578 -0.7709569 -0.60889 -0.6889149 -0.4654698 -0.5556386 -0.4604473 -0.6308149 -0.6245486 -0.9676986 -0.123069 -0.2200311 -0.8651381 -0.3679113 -0.3408482 -0.9786568 0.1113497 0.1727201 -0.9918032 -0.113198 0.05926817 -0.8984308 0.3768963 0.2253253 -0.7410785 0.4160287 0.5269942 -0.8911181 0.1284424 0.435214 -0.3701894 0.6220352 0.6899508 -0.4000304 0.4031381 0.8230768 -0.758868 0.09750831 0.6439034 -0.5365335 0.6940875 0.4799734 -0.9344439 0.2940713 0.2008403 -0.2049664 0.9192933 0.3359892 -0.9897802 -0.03617811 0.1379358 -0.8677923 -0.4917493 -0.07154941 -0.9854585 -0.1645566 -0.0423423 -0.7934079 -0.5701555 -0.2131357 -0.3316161 -0.9418508 0.05429404 -0.8793306 -0.4620786 0.1151576 -0.4201621 -0.9011542 -0.1067004 0.1572179 -0.9860972 -0.05380374 -0.3956521 -0.8853213 -0.2442657 0.1820861 -0.9803713 -0.07561051 0.4932212 -0.8456249 0.2040869 0.2965165 -0.8706856 -0.3924086 0.2298796 -0.965048 0.1258488 -0.1515539 -0.8016363 0.5782827 0.1348312 -0.9459412 0.2949847 -0.0978226 -0.8187376 0.5657733 0.1400277 -0.8523011 0.5039595 0.001208066 -0.760148 0.6497489 0.4341548 -0.6910187 0.5779297 0.7312255 -0.608852 0.3075851 0.5526945 -0.8291805 0.08359766 0.3236551 -0.7822675 0.5322641 0.5547004 -0.8287392 0.07415473 0.1541733 -0.9874803 0.03336519 0.6064603 -0.7768532 0.1694259 0.1914734 -0.9590646 0.2086455 -0.8999354 -0.3459589 0.2653842 -0.7749141 0.6296917 0.05474257 -0.2511866 0.9618624 -0.1082873 0.4282638 -0.7677208 0.4766498 0.3327143 -0.8521969 0.4038092 0.609327 -0.6815437 0.4052394 0.4635459 -0.8309779 0.307573 0.6980096 -0.5748007 0.4270678 0.6430025 -0.7103103 0.286369 -0.747614 -0.6550157 0.1096715 -0.7706237 -0.433738 0.4669159 -0.8964189 0.2339419 0.3764363 -0.7539578 0.5735622 0.3202722 0.4344958 -0.8980423 -0.06880003 0.8056737 -0.4695436 0.3611354 0.8568705 -0.364441 0.364631 0.816578 -0.3371574 0.4685355 0.9986932 -0.05082309 0.005388975 0.53171 0.8220325 -0.2038311 0.8901121 0.3251405 0.3193498 0.805702 0.5408548 -0.2414965 0.4331673 0.8790601 -0.1990468 0.87538 0.4733656 0.09815794 0.4346148 0.8910332 0.1310334 0.8399214 0.5408366 -0.04503375 0.8336018 0.5521405 0.01577818 0.6019805 -0.5386497 -0.5894709 0.6950988 -0.6916839 -0.1959878 -0.3530769 -0.8871928 -0.2970284 -0.563116 -0.821426 0.09033185 -0.8131139 -0.5498147 0.1911799 -0.8824121 -0.367278 0.2940337 -0.4941123 0.4697983 0.7315345 -0.2821226 0.9051253 0.3180491 -0.5194122 0.4688223 0.7144346 0.2691416 0.8314957 0.4859812 0.3327572 0.8345092 0.4391663 -0.7959035 -0.5821248 0.1663382 0.7553189 0.6447147 0.1176281 0.3157347 0.9467049 -0.06372988 0.186021 0.9440581 0.2723063 -0.8748176 0.2916818 -0.386802 -0.8209819 0.1157226 -0.5591037 0.5564564 -0.6063285 0.5680863 -0.3125932 -0.9097412 0.2732335 0.9979244 -0.01049774 0.0635364 -0.1641739 0.9832162 -0.07957965 -0.1028085 0.9923508 -0.06834065 0.3298806 0.6187057 0.7130092 -0.03948998 0.637244 0.7696498</float_array>
          <technique_common>
            <accessor source="#fire3_Group20972-mesh-normals-array" count="1650" stride="3">
              <param name="X" type="float"/>
              <param name="Y" type="float"/>
              <param name="Z" type="float"/>
            </accessor>
          </technique_common>
        </source>
        <source id="fire3_Group20972-mesh-map-0">
          <float_array id="fire3_Group20972-mesh-map-0-array" count="4968">0.3664576 0.6110402 0.3615676 0.6044523 0.3638032 0.6141587 0.3615676 0.6044523 0.3606215 0.6053885 0.3638032 0.6141587 0.3606215 0.6053885 0.3664576 0.6110402 0.3638032 0.6141587 0.6668201 0.4585815 0.6703081 0.4582173 0.6700494 0.4632012 0.6703081 0.4582173 0.6684028 0.46241 0.6700494 0.4632012 0.3587166 0.6009801 0.3553028 0.5848176 0.3606215 0.6053885 0.3587166 0.6009801 0.3566507 0.5837863 0.3539382 0.5835086 0.6684028 0.46241 0.6668201 0.4585815 0.6700494 0.4632012 0.6635105 0.4442802 0.6703081 0.4582173 0.669039 0.4567811 0.6668201 0.4585815 0.6635105 0.4442802 0.669039 0.4567811 0.3688076 0.5494112 0.3521493 0.5265235 0.3576607 0.5542763 0.3854905 0.5303762 0.3668303 0.527284 0.3688076 0.5494112 0.3688076 0.5494112 0.3763691 0.5280295 0.3854905 0.5303762 0.3889643 0.527839 0.4106318 0.5190616 0.4239785 0.5358713 0.4239785 0.5358713 0.3814677 0.5197062 0.3889643 0.527839 0.4438383 0.5792222 0.406322 0.5421172 0.4239785 0.5358713 0.4861564 0.5401329 0.4438383 0.5792222 0.4239785 0.5358713 0.4239785 0.5358713 0.4485558 0.5093655 0.4861564 0.5401329 0.3677673 0.5965883 0.3618041 0.5819234 0.3652838 0.6021084 0.3677673 0.5965883 0.3673831 0.5810877 0.36694 0.5790522 0.3652838 0.6021084 0.3680292 0.6004943 0.3677673 0.5965883 0.3659847 0.5988716 0.359313 0.5842366 0.363959 0.5821227 0.3659847 0.5988716 0.3673831 0.5810877 0.3680292 0.6004943 0.3680292 0.6004943 0.3636848 0.6040107 0.3659847 0.5988716 0.4393815 0.7756156 0.4482737 0.7627659 0.4480507 0.7623591 0.4393815 0.7756156 0.4467375 0.7665203 0.4363643 0.7832271 0.4363643 0.7832271 0.4369763 0.7803557 0.4393815 0.7756156 0.2803921 0.2040534 0.2771265 0.2323552 0.2758152 0.229434 0.2803921 0.2040534 0.2962469 0.167995 0.2829924 0.1983798 0.2803921 0.2040534 0.283087 0.2179847 0.288066 0.1876527 0.4468941 0.7876515 0.4559957 0.7698977 0.4442837 0.7901086 0.4468941 0.7876515 0.4549013 0.7763308 0.4566318 0.7718173 0.4442837 0.7901086 0.4447475 0.7952297 0.4468941 0.7876515 0.5685769 0.3715244 0.5996612 0.3483064 0.5801224 0.3155034 0.544813 0.4190441 0.5859477 0.3899269 0.5685769 0.3715244 0.5685769 0.3715244 0.5358163 0.3441333 0.544813 0.4190441 0.5904161 0.4074852 0.536607 0.4615014 0.5464211 0.4136776 0.5904161 0.4074852 0.6263315 0.3360164 0.630712 0.3715112 0.5464211 0.4136776 0.5836104 0.3546498 0.5904161 0.4074852 0.4861564 0.5401329 0.4801395 0.4882963 0.517557 0.5030285 0.517557 0.5030285 0.5384925 0.5531123 0.4861564 0.5401329 0.5384925 0.5531123 0.4859673 0.5866677 0.4861564 0.5401329 0.6397004 0.3570598 0.6264618 0.3281379 0.6202935 0.3668544 0.6202935 0.3668544 0.6331641 0.388616 0.6397004 0.3570598 0.6202935 0.3668544 0.5996612 0.3483064 0.6076267 0.3769054 0.6278772 0.3818064 0.6248958 0.3940551 0.6202935 0.3668544 0.6076267 0.3769054 0.6278772 0.3818064 0.6202935 0.3668544 0.4251102 0.5835558 0.4436528 0.5459448 0.4017364 0.5316681 0.3739654 0.5032313 0.406322 0.5421172 0.4017364 0.5316681 0.406322 0.5421172 0.4251102 0.5835558 0.4017364 0.5316681 0.6489613 0.3740068 0.6805697 0.3324311 0.6654178 0.3624374 0.6299145 0.3901115 0.6603741 0.3479574 0.6489613 0.3740068 0.6489613 0.3740068 0.6214789 0.3923617 0.6299145 0.3901115 0.6654178 0.3624374 0.6455444 0.3965702 0.6489613 0.3740068 0.6455444 0.3965702 0.6278772 0.3818064 0.6489613 0.3740068 0.4902024 0.2264775 0.5241683 0.2510404 0.4875361 0.2630637 0.4902024 0.2264775 0.4796563 0.1882193 0.51197 0.211666 0.4875361 0.2630637 0.4606476 0.2196757 0.4902024 0.2264775 0.3822011 0.1272301 0.3564011 0.1600003 0.3997436 0.1442192 0.3997436 0.1442192 0.4024469 0.1120625 0.3822011 0.1272301 0.3822011 0.1272301 0.3704825 0.1144919 0.3556604 0.1362224 0.5135233 0.08927005 0.5004131 0.08527868 0.5262402 0.0882982 0.5004131 0.08527868 0.5261575 0.1111055 0.5560524 0.1064744 0.5560524 0.1064744 0.5262402 0.0882982 0.5004131 0.08527868 0.4665679 0.08333331 0.4681932 0.08767002 0.5004131 0.08527868 0.4665679 0.08333331 0.3977731 0.09843307 0.4232406 0.08720529 0.4232406 0.08720529 0.3639836 0.1090109 0.3941988 0.09749525 0.4232406 0.08720529 0.4348675 0.09697121 0.4681932 0.08767002 0.4348675 0.09697121 0.4421658 0.1312748 0.4870724 0.1206248 0.4870724 0.1206248 0.4681932 0.08767002 0.4348675 0.09697121 0.3941988 0.09749525 0.4024469 0.1120625 0.4348675 0.09697121 0.4870724 0.1206248 0.4835096 0.1734549 0.5351065 0.1680328 0.5351065 0.1680328 0.5261575 0.1111055 0.4870724 0.1206248 0.5804597 0.1556829 0.5783128 0.2190725 0.6219291 0.2052564 0.6219291 0.2052564 0.6134811 0.1480209 0.5804597 0.1556829 0.5804597 0.1556829 0.5560524 0.1064744 0.5261575 0.1111055 0.6483311 0.2003611 0.6326805 0.1514006 0.6134811 0.1480209 0.6134811 0.1480209 0.5762345 0.1084158 0.5560524 0.1064744 0.6326805 0.1514006 0.6582811 0.2113636 0.6292858 0.1560807 0.6292858 0.1560807 0.5762345 0.1084158 0.6326805 0.1514006 0.5731697 0.1103145 0.6125199 0.1665906 0.5613914 0.1239718 0.5613914 0.1239718 0.5135233 0.08927005 0.5731697 0.1103145 0.5731697 0.1103145 0.5262402 0.0882982 0.5762345 0.1084158 0.4986348 0.10185 0.5337257 0.142053 0.4754502 0.1232109 0.4754502 0.1232109 0.4409098 0.09539651 0.4986348 0.10185 0.4986348 0.10185 0.4665679 0.08333331 0.5135233 0.08927005 0.4180506 0.1201678 0.4507437 0.1510566 0.3956587 0.1524369 0.3956587 0.1524369 0.3716269 0.1229871 0.4180506 0.1201678 0.3716269 0.1229871 0.4409098 0.09539651 0.4180506 0.1201678 0.3716269 0.1229871 0.3124014 0.160618 0.3352927 0.1316941 0.3352927 0.1316941 0.3977731 0.09843307 0.3716269 0.1229871 0.3352927 0.1316941 0.2962469 0.167995 0.3153387 0.1436334 0.3153387 0.1436334 0.3639836 0.1090109 0.3352927 0.1316941 0.3402752 0.1257319 0.3044759 0.1670118 0.326958 0.1504097 0.326958 0.1504097 0.3704825 0.1144919 0.3402752 0.1257319 0.3402752 0.1257319 0.3941988 0.09749525 0.3639836 0.1090109 0.326958 0.1504097 0.2999126 0.2003613 0.3235029 0.1801187 0.3235029 0.1801187 0.3556604 0.1362224 0.326958 0.1504097 0.3235029 0.1801187 0.3049079 0.2337276 0.3378859 0.2098139 0.3378859 0.2098139 0.3564011 0.1600003 0.3235029 0.1801187 0.3812705 0.1903824 0.3540757 0.2542378 0.4006146 0.2363596 0.4006146 0.2363596 0.4311759 0.1793707 0.3812705 0.1903824 0.3812705 0.1903824 0.3997436 0.1442192 0.3564011 0.1600003 0.4568536 0.2243722 0.4835096 0.1734549 0.4311759 0.1793707 0.4311759 0.1793707 0.4421658 0.1312748 0.3997436 0.1442192 0.5175661 0.2240375 0.4756986 0.2821633 0.5290035 0.2811324 0.5175661 0.2240375 0.5776738 0.2639451 0.5783128 0.2190725 0.5175661 0.2240375 0.5351065 0.1680328 0.4835096 0.1734549 0.5290035 0.2811324 0.5801224 0.3155034 0.5776738 0.2639451 0.5776738 0.2639451 0.6237621 0.287845 0.6171607 0.2474808 0.6171607 0.2474808 0.5783128 0.2190725 0.5776738 0.2639451 0.6171607 0.2474808 0.6614291 0.2829577 0.654768 0.2418568 0.654768 0.2418568 0.6219291 0.2052564 0.6171607 0.2474808 0.654768 0.2418568 0.6813934 0.2885708 0.6710341 0.2465073 0.6710341 0.2465073 0.6483311 0.2003611 0.654768 0.2418568 0.6710341 0.2465073 0.6823856 0.298448 0.67317 0.260931 0.67317 0.260931 0.6623426 0.2031221 0.6710341 0.2465073 0.67317 0.260931 0.6607583 0.3160539 0.6528463 0.2781823 0.6528463 0.2781823 0.6582811 0.2113636 0.67317 0.260931 0.6416538 0.22075 0.6148516 0.2926319 0.6105072 0.2324416 0.6105072 0.2324416 0.6125199 0.1665906 0.6416538 0.22075 0.6416538 0.22075 0.6292858 0.1560807 0.6582811 0.2113636 0.5811873 0.1786639 0.5687116 0.2436615 0.5446143 0.1961596 0.5446143 0.1961596 0.5337257 0.142053 0.5811873 0.1786639 0.5811873 0.1786639 0.5613914 0.1239718 0.6125199 0.1665906 0.5047881 0.1640193 0.51197 0.211666 0.4796563 0.1882193 0.4796563 0.1882193 0.4507437 0.1510566 0.5047881 0.1640193 0.5047881 0.1640193 0.4754502 0.1232109 0.5337257 0.142053 0.4317811 0.1829932 0.4606476 0.2196757 0.4200191 0.2211128 0.4200191 0.2211128 0.3800598 0.1846928 0.4317811 0.1829932 0.4317811 0.1829932 0.3956587 0.1524369 0.4507437 0.1510566 0.3711751 0.2195684 0.3313878 0.1863718 0.3800598 0.1846928 0.3800598 0.1846928 0.3480592 0.1545633 0.3956587 0.1524369 0.3246406 0.2206164 0.2968537 0.1928471 0.3313878 0.1863718 0.3313878 0.1863718 0.3124014 0.160618 0.3480592 0.1545633 0.2914296 0.2268438 0.2829924 0.1983798 0.2968537 0.1928471 0.2968537 0.1928471 0.2962469 0.167995 0.3124014 0.160618 0.2914296 0.2268438 0.3255831 0.2569183 0.2939843 0.2644938 0.2939843 0.2644938 0.2771265 0.2323552 0.2914296 0.2268438 0.2793418 0.2712708 0.3089308 0.3041658 0.2968326 0.3077531 0.2968326 0.3077531 0.2768937 0.2664753 0.2793418 0.2712708 0.2793418 0.2712708 0.2758152 0.229434 0.2771265 0.2323552 0.292272 0.3038181 0.2831358 0.2544269 0.2768937 0.2664753 0.2768937 0.2664753 0.283087 0.2179847 0.2758152 0.229434 0.2831358 0.2544269 0.3177427 0.2742494 0.3049079 0.2337276 0.2831358 0.2544269 0.2999126 0.2003613 0.283087 0.2179847 0.297803 0.2929168 0.3364526 0.3257188 0.3177427 0.2742494 0.3177427 0.2742494 0.371067 0.3106133 0.3540757 0.2542378 0.3540757 0.2542378 0.3049079 0.2337276 0.3177427 0.2742494 0.3364526 0.3257188 0.3858522 0.3738419 0.371067 0.3106133 0.371067 0.3106133 0.4400658 0.3604274 0.4186979 0.2922901 0.4186979 0.2922901 0.3540757 0.2542378 0.371067 0.3106133 0.4400658 0.3604274 0.4756986 0.2821633 0.4186979 0.2922901 0.4186979 0.2922901 0.4568536 0.2243722 0.4006146 0.2363596 0.4910408 0.3545491 0.4527305 0.4394748 0.4974348 0.4340633 0.4910408 0.3545491 0.544813 0.4190441 0.5358163 0.3441333 0.4910408 0.3545491 0.5290035 0.2811324 0.4756986 0.2821633 0.4527305 0.4394748 0.4976323 0.5011709 0.4974348 0.4340633 0.4974348 0.4340633 0.541371 0.4992163 0.544813 0.4190441 0.4976323 0.5011709 0.5296301 0.5532652 0.541371 0.4992163 0.541371 0.4992163 0.5587641 0.5520635 0.5694114 0.5003825 0.541371 0.4992163 0.5799233 0.4399828 0.544813 0.4190441 0.5587641 0.5520635 0.584694 0.5052387 0.5694114 0.5003825 0.5694114 0.5003825 0.5940384 0.4550899 0.5799233 0.4399828 0.584694 0.5052387 0.5980789 0.4640968 0.5940384 0.4550899 0.5940384 0.4550899 0.6097149 0.4222128 0.6044534 0.409224 0.6044534 0.409224 0.5799233 0.4399828 0.5940384 0.4550899 0.6044534 0.409224 0.6214789 0.3923617 0.6076267 0.3769054 0.6076267 0.3769054 0.5859477 0.3899269 0.6044534 0.409224 0.5980789 0.4640968 0.608106 0.4227097 0.6097149 0.4222128 0.6097149 0.4222128 0.6299145 0.3901115 0.6214789 0.3923617 0.608106 0.4227097 0.5701867 0.463043 0.5904161 0.4074852 0.608106 0.4227097 0.630712 0.3715112 0.6299145 0.3901115 0.5913145 0.4667377 0.5886184 0.5101438 0.5781788 0.5119597 0.5781788 0.5119597 0.5701867 0.463043 0.5913145 0.4667377 0.5781788 0.5119597 0.5782202 0.554336 0.5671015 0.5557674 0.5671015 0.5557674 0.5540573 0.5098695 0.5781788 0.5119597 0.5671015 0.5557674 0.5654664 0.594357 0.5558267 0.5961809 0.5558267 0.5961809 0.5384925 0.5531123 0.5671015 0.5557674 0.5558267 0.5961809 0.543781 0.6322712 0.5346063 0.6330284 0.5346063 0.6330284 0.5308778 0.5967931 0.5558267 0.5961809 0.5103201 0.6330341 0.5146979 0.6690506 0.4981135 0.6702878 0.4981135 0.6702878 0.4790603 0.6296629 0.5103201 0.6330341 0.5103201 0.6330341 0.4859673 0.5866677 0.5308778 0.5967931 0.4777991 0.6703712 0.4516771 0.6276057 0.4790603 0.6296629 0.4516771 0.6276057 0.4859673 0.5866677 0.4790603 0.6296629 0.4606075 0.6704024 0.438787 0.6293736 0.4516771 0.6276057 0.4516771 0.6276057 0.4244068 0.5809535 0.4438383 0.5792222 0.4521822 0.6708143 0.4415654 0.6317301 0.438787 0.6293736 0.438787 0.6293736 0.4251102 0.5835558 0.4244068 0.5809535 0.453441 0.671348 0.4570193 0.6345515 0.4415654 0.6317301 0.4415654 0.6317301 0.4490966 0.591782 0.4251102 0.5835558 0.4631403 0.6712695 0.4792403 0.6357338 0.4570193 0.6345515 0.4570193 0.6345515 0.4820119 0.5955967 0.4490966 0.591782 0.4820119 0.5955967 0.502967 0.6354388 0.5148457 0.5964031 0.5148457 0.5964031 0.4883785 0.5518707 0.4820119 0.5955967 0.4820119 0.5955967 0.4436528 0.5459448 0.4490966 0.591782 0.5148457 0.5964031 0.524218 0.6340616 0.5433634 0.5954612 0.5433634 0.5954612 0.5296301 0.5532652 0.5148457 0.5964031 0.5433634 0.5954612 0.5390659 0.632686 0.5620157 0.5939466 0.5620157 0.5939466 0.5587641 0.5520635 0.5433634 0.5954612 0.5620157 0.5939466 0.543781 0.6322712 0.5654664 0.594357 0.5620157 0.5939466 0.5782202 0.554336 0.5747885 0.5522539 0.524218 0.6340616 0.5198485 0.6671651 0.5390659 0.632686 0.5390659 0.632686 0.5222705 0.6676406 0.543781 0.6322712 0.5198485 0.6671651 0.5060342 0.6973602 0.5222705 0.6676406 0.5222705 0.6676406 0.501178 0.6995446 0.5146979 0.6690506 0.5146979 0.6690506 0.543781 0.6322712 0.5222705 0.6676406 0.5060342 0.6973602 0.4864036 0.726644 0.501178 0.6995446 0.4864036 0.726644 0.4907734 0.7015783 0.501178 0.6995446 0.501178 0.6995446 0.4981135 0.6702878 0.5146979 0.6690506 0.4801157 0.7286947 0.4781754 0.7025728 0.4907734 0.7015783 0.4907734 0.7015783 0.4777991 0.6703712 0.4981135 0.6702878 0.4727632 0.7290742 0.4673591 0.7025774 0.4781754 0.7025728 0.4781754 0.7025728 0.4606075 0.6704024 0.4777991 0.6703712 0.4665934 0.7280486 0.4614741 0.7021358 0.4673591 0.7025774 0.4673591 0.7025774 0.4521822 0.6708143 0.4606075 0.6704024 0.4631884 0.7264319 0.461544 0.7014188 0.4614741 0.7021358 0.4614741 0.7021358 0.453441 0.671348 0.4521822 0.6708143 0.4630962 0.7248356 0.4670388 0.7003977 0.461544 0.7014188 0.461544 0.7014188 0.4631403 0.6712695 0.453441 0.671348 0.4660935 0.7235343 0.4763713 0.6990093 0.4670388 0.7003977 0.4670388 0.7003977 0.4779075 0.6706437 0.4631403 0.6712695 0.4763713 0.6990093 0.4783196 0.7215577 0.487385 0.6974602 0.487385 0.6974602 0.4779075 0.6706437 0.4763713 0.6990093 0.49448 0.6693167 0.4976041 0.696305 0.5095457 0.6678991 0.5095457 0.6678991 0.502967 0.6354388 0.49448 0.6693167 0.49448 0.6693167 0.4792403 0.6357338 0.4779075 0.6706437 0.487385 0.6974602 0.4847072 0.7212948 0.4976041 0.696305 0.4976041 0.696305 0.4889376 0.7220637 0.5045182 0.6961677 0.5045182 0.6961677 0.5095457 0.6678991 0.4976041 0.696305 0.4847072 0.7212948 0.4721887 0.7466014 0.4889376 0.7220637 0.4889376 0.7220637 0.472418 0.7490899 0.48965 0.7239986 0.48965 0.7239986 0.5045182 0.6961677 0.4889376 0.7220637 0.472418 0.7490899 0.4559957 0.7698977 0.4566318 0.7718173 0.4566318 0.7718173 0.4700914 0.7524105 0.472418 0.7490899 0.472418 0.7490899 0.4864036 0.726644 0.48965 0.7239986 0.4549013 0.7763308 0.4661336 0.7545304 0.4700914 0.7524105 0.4700914 0.7524105 0.4801157 0.7286947 0.4864036 0.726644 0.4522576 0.7792767 0.4617562 0.7537893 0.4661336 0.7545304 0.4661336 0.7545304 0.4727632 0.7290742 0.4801157 0.7286947 0.4617562 0.7537893 0.4466974 0.7724992 0.4585376 0.750852 0.4617562 0.7537893 0.4665934 0.7280486 0.4727632 0.7290742 0.4585376 0.750852 0.4467375 0.7665203 0.4572847 0.7473739 0.4585376 0.750852 0.4631884 0.7264319 0.4665934 0.7280486 0.4572847 0.7473739 0.4480507 0.7623591 0.457762 0.7447417 0.4572847 0.7473739 0.4630962 0.7248356 0.4631884 0.7264319 0.4480507 0.7623591 0.4593228 0.7437767 0.457762 0.7447417 0.457762 0.7447417 0.4660935 0.7235343 0.4630962 0.7248356 0.4482737 0.7627659 0.4621505 0.7437447 0.4593228 0.7437767 0.4621505 0.7437447 0.4660935 0.7235343 0.4593228 0.7437767 0.4621505 0.7437447 0.4511864 0.7668805 0.465933 0.7441971 0.465933 0.7441971 0.4715636 0.7224161 0.4621505 0.7437447 0.465933 0.7441971 0.4538936 0.7684534 0.4697127 0.7450395 0.4697127 0.7450395 0.4783196 0.7215577 0.465933 0.7441971 0.4511864 0.7668805 0.4411108 0.7907193 0.4538936 0.7684534 0.4538936 0.7684534 0.4442837 0.7901086 0.4559957 0.7698977 0.4559957 0.7698977 0.4697127 0.7450395 0.4538936 0.7684534 0.4411108 0.7907193 0.4312312 0.8091449 0.4357087 0.8093518 0.4411108 0.7907193 0.4398742 0.8053096 0.4442837 0.7901086 0.4357087 0.8093518 0.4322671 0.820658 0.436567 0.8210592 0.4357087 0.8093518 0.4393767 0.8146876 0.4398742 0.8053096 0.436567 0.8210592 0.4361433 0.8152828 0.4393767 0.8146876 0.4393767 0.8146876 0.4394983 0.7993782 0.4430686 0.8006128 0.4430686 0.8006128 0.4398742 0.8053096 0.4393767 0.8146876 0.4430686 0.8006128 0.4489218 0.777683 0.4522576 0.7792767 0.4522576 0.7792767 0.4447475 0.7952297 0.4430686 0.8006128 0.4394983 0.7993782 0.4309359 0.807884 0.4361688 0.7923575 0.4361688 0.7923575 0.4489218 0.777683 0.4394983 0.7993782 0.4361688 0.7923575 0.4304269 0.7953837 0.4363643 0.7832271 0.4363643 0.7832271 0.4466974 0.7724992 0.4361688 0.7923575 0.4361433 0.8152828 0.4304901 0.8178824 0.4309359 0.807884 0.4309359 0.807884 0.4289237 0.804291 0.4304269 0.7953837 0.4304901 0.8178824 0.4312312 0.8091449 0.4289237 0.804291 0.4289237 0.804291 0.4378461 0.7894274 0.4361803 0.7855437 0.4361803 0.7855437 0.4304269 0.7953837 0.4289237 0.804291 0.4361803 0.7855437 0.4511864 0.7668805 0.4491264 0.7647365 0.4491264 0.7647365 0.4369763 0.7803557 0.4361803 0.7855437 0.5886184 0.5101438 0.5747885 0.5522539 0.5782202 0.554336 0.4883785 0.5518707 0.4506213 0.5002623 0.4436528 0.5459448 0.4007871 0.4941191 0.4436528 0.5459448 0.4506213 0.5002623 0.4506213 0.5002623 0.4101263 0.4474684 0.4007871 0.4941191 0.3663098 0.4327126 0.4007871 0.4941191 0.4101263 0.4474684 0.4101263 0.4474684 0.4400658 0.3604274 0.3858522 0.3738419 0.3858522 0.3738419 0.3663098 0.4327126 0.4101263 0.4474684 0.3472526 0.4588422 0.3739654 0.5032313 0.3681198 0.4741957 0.3739654 0.5032313 0.4007871 0.4941191 0.3681198 0.4741957 0.3681198 0.4741957 0.3414804 0.4248149 0.3472526 0.4588422 0.3314649 0.4177685 0.3472526 0.4588422 0.3414804 0.4248149 0.3414804 0.4248149 0.3532182 0.3792685 0.3320367 0.3816959 0.3414804 0.4248149 0.3245917 0.3820077 0.3314649 0.4177685 0.3312253 0.3794834 0.3314649 0.4177685 0.3245917 0.3820077 0.3320367 0.3816959 0.3106295 0.3429762 0.3245917 0.3820077 0.3106295 0.3429762 0.3312253 0.3794834 0.3245917 0.3820077 0.3172166 0.3447881 0.3536621 0.375399 0.3312253 0.3794834 0.3172166 0.3447881 0.292272 0.3038181 0.2968326 0.3077531 0.2968326 0.3077531 0.3361856 0.3427089 0.3172166 0.3447881 0.3536621 0.375399 0.3819341 0.4052735 0.3513196 0.40531 0.3536621 0.375399 0.335005 0.4106345 0.3312253 0.3794834 0.3536621 0.375399 0.368808 0.3421811 0.3997499 0.3739446 0.368808 0.3421811 0.4269837 0.387114 0.3997499 0.3739446 0.368808 0.3421811 0.3089308 0.3041658 0.3375505 0.296733 0.368808 0.3421811 0.3755978 0.2990996 0.4043709 0.3491578 0.4108281 0.3041029 0.4043709 0.3491578 0.3755978 0.2990996 0.3755978 0.2990996 0.3255831 0.2569183 0.3688724 0.255811 0.3688724 0.255811 0.4108281 0.3041029 0.3755978 0.2990996 0.4094723 0.26094 0.4444153 0.3074876 0.4108281 0.3041029 0.4094723 0.26094 0.3711751 0.2195684 0.4200191 0.2211128 0.4200191 0.2211128 0.4498663 0.2683216 0.4094723 0.26094 0.4791131 0.3073756 0.4660462 0.3624252 0.4444153 0.3074876 0.4444153 0.3074876 0.4336726 0.3569378 0.4108281 0.3041029 0.4498663 0.2683216 0.4791131 0.3073756 0.4444153 0.3074876 0.5011454 0.3651404 0.4763236 0.4086794 0.4660462 0.3624252 0.4660462 0.3624252 0.4482781 0.3992955 0.4336726 0.3569378 0.4482781 0.3992955 0.4670885 0.4453232 0.4377014 0.4315419 0.4377014 0.4315419 0.4269837 0.387114 0.4482781 0.3992955 0.4269837 0.387114 0.4336726 0.3569378 0.4482781 0.3992955 0.4191489 0.417647 0.4029921 0.4510937 0.3829152 0.4378786 0.3829152 0.4378786 0.3819341 0.4052735 0.4191489 0.417647 0.4191489 0.417647 0.3997499 0.3739446 0.4269837 0.387114 0.3829152 0.4378786 0.3519291 0.4613205 0.3621653 0.4324102 0.3621653 0.4324102 0.3414316 0.4624534 0.3451449 0.433351 0.3451449 0.433351 0.3819341 0.4052735 0.3621653 0.4324102 0.3451449 0.433351 0.3377949 0.4669075 0.336234 0.4387667 0.336234 0.4387667 0.3513196 0.40531 0.3451449 0.433351 0.336234 0.4387667 0.3420022 0.4742485 0.3366028 0.4473602 0.3366028 0.4473602 0.335005 0.4106345 0.336234 0.4387667 0.3377949 0.4669075 0.3461408 0.500351 0.3420022 0.4742485 0.3420022 0.4742485 0.3606004 0.5074334 0.3542546 0.4855272 0.3542546 0.4855272 0.3366028 0.4473602 0.3420022 0.4742485 0.3461408 0.500351 0.3668303 0.527284 0.3606004 0.5074334 0.3606004 0.5074334 0.3889643 0.527839 0.3814677 0.5197062 0.3814677 0.5197062 0.3542546 0.4855272 0.3606004 0.5074334 0.3389639 0.4956537 0.3521493 0.5265235 0.3461408 0.500351 0.3437013 0.5252421 0.3474199 0.5557745 0.3503242 0.5558063 0.3503242 0.5558063 0.3521493 0.5265235 0.3437013 0.5252421 0.3437013 0.5252421 0.3390402 0.4924951 0.3413966 0.5238056 0.345623 0.4912719 0.3413966 0.5238056 0.3390402 0.4924951 0.3389639 0.4956537 0.3414316 0.4624534 0.3390402 0.4924951 0.3390402 0.4924951 0.3519291 0.4613205 0.345623 0.4912719 0.3532742 0.5233765 0.3493566 0.5558924 0.3449602 0.5230301 0.3449602 0.5230301 0.3474199 0.5557745 0.3413966 0.5238056 0.3449602 0.5230301 0.3573862 0.4927167 0.3532742 0.5233765 0.3730372 0.4974175 0.3532742 0.5233765 0.3573862 0.4927167 0.3573862 0.4927167 0.3519291 0.4613205 0.3674284 0.4644951 0.3674284 0.4644951 0.3730372 0.4974175 0.3573862 0.4927167 0.3866608 0.4724661 0.3916374 0.5058034 0.3730372 0.4974175 0.3866608 0.4724661 0.3829152 0.4378786 0.4029921 0.4510937 0.4029921 0.4510937 0.4130339 0.4852982 0.3866608 0.4724661 0.4419293 0.471625 0.4485558 0.5093655 0.4130339 0.4852982 0.4419293 0.471625 0.4377014 0.4315419 0.4670885 0.4453232 0.4670885 0.4453232 0.4801395 0.4882963 0.4419293 0.471625 0.536607 0.4615014 0.4801395 0.4882963 0.5013 0.4555562 0.4670885 0.4453232 0.5093593 0.4139402 0.5013 0.4555562 0.5013 0.4555562 0.5464211 0.4136776 0.536607 0.4615014 0.3916374 0.5058034 0.3854905 0.5303762 0.3763691 0.5280295 0.3763691 0.5280295 0.3730372 0.4974175 0.3916374 0.5058034 0.4130339 0.4852982 0.4106318 0.5190616 0.3916374 0.5058034 0.3645439 0.5251364 0.3684388 0.5541134 0.3623508 0.5551416 0.3645439 0.5251364 0.3550235 0.5556876 0.3532742 0.5233765 0.3623508 0.5551416 0.3673831 0.5810877 0.363959 0.5821227 0.363959 0.5821227 0.3550235 0.5556876 0.3623508 0.5551416 0.3550235 0.5556876 0.3553028 0.5848176 0.3493566 0.5558924 0.3493566 0.5558924 0.3539382 0.5835086 0.3474199 0.5557745 0.3503242 0.5558063 0.3539382 0.5835086 0.3566507 0.5837863 0.3503242 0.5558063 0.3618041 0.5819234 0.3576607 0.5542763 0.5093593 0.4139402 0.5407599 0.3628612 0.5464211 0.4136776 0.5011454 0.3651404 0.5253834 0.3073683 0.5407599 0.3628612 0.5713497 0.3028646 0.5407599 0.3628612 0.5253834 0.3073683 0.5253834 0.3073683 0.4875361 0.2630637 0.5241683 0.2510404 0.5253834 0.3073683 0.5687116 0.2436615 0.5713497 0.3028646 0.6148516 0.2926319 0.5836104 0.3546498 0.5713497 0.3028646 0.5713497 0.3028646 0.6105072 0.2324416 0.6148516 0.2926319 0.3688724 0.255811 0.3246406 0.2206164 0.3711751 0.2195684 0.3375505 0.296733 0.2939843 0.2644938 0.3255831 0.2569183 0.3166686 0.3365538 0.292272 0.3038181 0.3106295 0.3429762 0.3532182 0.3792685 0.3166686 0.3365538 0.3320367 0.3816959 0.5446143 0.1961596 0.5241683 0.2510404 0.51197 0.211666 0.6528463 0.2781823 0.6263315 0.3360164 0.6148516 0.2926319 0.6823856 0.298448 0.6603741 0.3479574 0.6607583 0.3160539 0.6607583 0.3160539 0.630712 0.3715112 0.6263315 0.3360164 0.6813934 0.2885708 0.6805697 0.3324311 0.6823856 0.298448 0.6588597 0.3224415 0.6593787 0.3573471 0.6819962 0.326004 0.6819962 0.326004 0.6654178 0.3624374 0.6805697 0.3324311 0.6819962 0.326004 0.6614291 0.2829577 0.6588597 0.3224415 0.6397004 0.3570598 0.6470894 0.3888022 0.6593787 0.3573471 0.6593787 0.3573471 0.6540015 0.392465 0.6654178 0.3624374 0.6470894 0.3888022 0.6406429 0.4178774 0.6503354 0.418262 0.6503354 0.418262 0.6540015 0.392465 0.6470894 0.3888022 0.6567286 0.4207327 0.6608811 0.4418042 0.6654977 0.4435656 0.6654977 0.4435656 0.652689 0.422688 0.6567286 0.4207327 0.6567286 0.4207327 0.6455444 0.3965702 0.6540015 0.392465 0.652689 0.422688 0.6579692 0.444453 0.6435894 0.4232043 0.6435894 0.4232043 0.6455444 0.3965702 0.652689 0.422688 0.6435894 0.4232043 0.6534921 0.4427742 0.6372077 0.4206043 0.6372077 0.4206043 0.6319513 0.3996215 0.6435894 0.4232043 0.6372077 0.4206043 0.6546039 0.4409148 0.6406429 0.4178774 0.6406429 0.4178774 0.6248958 0.3940551 0.6372077 0.4206043 0.6534921 0.4427742 0.6630408 0.4542186 0.6546039 0.4409148 0.6630408 0.4542186 0.6608811 0.4418042 0.6546039 0.4409148 0.6546039 0.4409148 0.6503354 0.418262 0.6406429 0.4178774 0.6579692 0.444453 0.6639861 0.457346 0.6534921 0.4427742 0.6674046 0.4569186 0.6654977 0.4435656 0.6608811 0.4418042 0.6237621 0.287845 0.6588597 0.3224415 0.6614291 0.2829577 0.5801224 0.3155034 0.6264618 0.3281379 0.6237621 0.287845 0.3044759 0.1670118 0.283087 0.2179847 0.2999126 0.2003613 0.3153387 0.1436334 0.288066 0.1876527 0.3044759 0.1670118 0.517557 0.5030285 0.5701867 0.463043 0.5540573 0.5098695 0.3636848 0.6040107 0.3553028 0.5848176 0.359313 0.5842366 0.3684388 0.5541134 0.36694 0.5790522 0.3673831 0.5810877 0.3566507 0.5837863 0.3652838 0.6021084 0.3618041 0.5819234 0.36694 0.5790522 0.3576607 0.5542763 0.3618041 0.5819234 0.4355036 0.822845 0.4322671 0.820658 0.4304901 0.8178824 0.6674046 0.4569186 0.6639861 0.457346 0.6684028 0.46241 0.3664576 0.6110402 0.3652838 0.6021084 0.3615676 0.6044523 0.3615676 0.6044523 0.3587166 0.6009801 0.3606215 0.6053885 0.3606215 0.6053885 0.3636848 0.6040107 0.3664576 0.6110402 0.6668201 0.4585815 0.669039 0.4567811 0.6703081 0.4582173 0.6703081 0.4582173 0.6674046 0.4569186 0.6684028 0.46241 0.3587166 0.6009801 0.3539382 0.5835086 0.3553028 0.5848176 0.3587166 0.6009801 0.3615676 0.6044523 0.3566507 0.5837863 0.6684028 0.46241 0.6639861 0.457346 0.6668201 0.4585815 0.6635105 0.4442802 0.6654977 0.4435656 0.6703081 0.4582173 0.6668201 0.4585815 0.6579692 0.444453 0.6635105 0.4442802 0.3688076 0.5494112 0.3668303 0.527284 0.3521493 0.5265235 0.3854905 0.5303762 0.3889643 0.527839 0.3668303 0.527284 0.3688076 0.5494112 0.3684388 0.5541134 0.3763691 0.5280295 0.3889643 0.527839 0.3854905 0.5303762 0.4106318 0.5190616 0.4239785 0.5358713 0.406322 0.5421172 0.3814677 0.5197062 0.4438383 0.5792222 0.4244068 0.5809535 0.406322 0.5421172 0.4861564 0.5401329 0.4859673 0.5866677 0.4438383 0.5792222 0.4239785 0.5358713 0.4106318 0.5190616 0.4485558 0.5093655 0.3677673 0.5965883 0.36694 0.5790522 0.3618041 0.5819234 0.3677673 0.5965883 0.3680292 0.6004943 0.3673831 0.5810877 0.3652838 0.6021084 0.3664576 0.6110402 0.3680292 0.6004943 0.3659847 0.5988716 0.3636848 0.6040107 0.359313 0.5842366 0.3659847 0.5988716 0.363959 0.5821227 0.3673831 0.5810877 0.3680292 0.6004943 0.3664576 0.6110402 0.3636848 0.6040107 0.4393815 0.7756156 0.4369763 0.7803557 0.4482737 0.7627659 0.4393815 0.7756156 0.4480507 0.7623591 0.4467375 0.7665203 0.4363643 0.7832271 0.4304269 0.7953837 0.4369763 0.7803557 0.2803921 0.2040534 0.2829924 0.1983798 0.2771265 0.2323552 0.2803921 0.2040534 0.288066 0.1876527 0.2962469 0.167995 0.2803921 0.2040534 0.2758152 0.229434 0.283087 0.2179847 0.4468941 0.7876515 0.4566318 0.7718173 0.4559957 0.7698977 0.4468941 0.7876515 0.4447475 0.7952297 0.4549013 0.7763308 0.4442837 0.7901086 0.4398742 0.8053096 0.4447475 0.7952297 0.5685769 0.3715244 0.5859477 0.3899269 0.5996612 0.3483064 0.544813 0.4190441 0.5799233 0.4399828 0.5859477 0.3899269 0.5685769 0.3715244 0.5801224 0.3155034 0.5358163 0.3441333 0.5904161 0.4074852 0.5701867 0.463043 0.536607 0.4615014 0.5904161 0.4074852 0.5836104 0.3546498 0.6263315 0.3360164 0.5464211 0.4136776 0.5407599 0.3628612 0.5836104 0.3546498 0.4861564 0.5401329 0.4485558 0.5093655 0.4801395 0.4882963 0.517557 0.5030285 0.5540573 0.5098695 0.5384925 0.5531123 0.5384925 0.5531123 0.5308778 0.5967931 0.4859673 0.5866677 0.6397004 0.3570598 0.6588597 0.3224415 0.6264618 0.3281379 0.6202935 0.3668544 0.6248958 0.3940551 0.6331641 0.388616 0.6202935 0.3668544 0.6264618 0.3281379 0.5996612 0.3483064 0.6278772 0.3818064 0.6319513 0.3996215 0.6248958 0.3940551 0.6076267 0.3769054 0.6214789 0.3923617 0.6278772 0.3818064 0.4251102 0.5835558 0.4490966 0.591782 0.4436528 0.5459448 0.3739654 0.5032313 0.3814677 0.5197062 0.406322 0.5421172 0.406322 0.5421172 0.4244068 0.5809535 0.4251102 0.5835558 0.6489613 0.3740068 0.6603741 0.3479574 0.6805697 0.3324311 0.6299145 0.3901115 0.630712 0.3715112 0.6603741 0.3479574 0.6489613 0.3740068 0.6278772 0.3818064 0.6214789 0.3923617 0.6654178 0.3624374 0.6540015 0.392465 0.6455444 0.3965702 0.6455444 0.3965702 0.6319513 0.3996215 0.6278772 0.3818064 0.4902024 0.2264775 0.51197 0.211666 0.5241683 0.2510404 0.4902024 0.2264775 0.4606476 0.2196757 0.4796563 0.1882193 0.4875361 0.2630637 0.4498663 0.2683216 0.4606476 0.2196757 0.3822011 0.1272301 0.3556604 0.1362224 0.3564011 0.1600003 0.3997436 0.1442192 0.4421658 0.1312748 0.4024469 0.1120625 0.3822011 0.1272301 0.4024469 0.1120625 0.3704825 0.1144919 0.5135233 0.08927005 0.4665679 0.08333331 0.5004131 0.08527868 0.5004131 0.08527868 0.4681932 0.08767002 0.5261575 0.1111055 0.5560524 0.1064744 0.5762345 0.1084158 0.5262402 0.0882982 0.4665679 0.08333331 0.4232406 0.08720529 0.4681932 0.08767002 0.4665679 0.08333331 0.4409098 0.09539651 0.3977731 0.09843307 0.4232406 0.08720529 0.3977731 0.09843307 0.3639836 0.1090109 0.4232406 0.08720529 0.3941988 0.09749525 0.4348675 0.09697121 0.4348675 0.09697121 0.4024469 0.1120625 0.4421658 0.1312748 0.4870724 0.1206248 0.5261575 0.1111055 0.4681932 0.08767002 0.3941988 0.09749525 0.3704825 0.1144919 0.4024469 0.1120625 0.4870724 0.1206248 0.4421658 0.1312748 0.4835096 0.1734549 0.5351065 0.1680328 0.5804597 0.1556829 0.5261575 0.1111055 0.5804597 0.1556829 0.5351065 0.1680328 0.5783128 0.2190725 0.6219291 0.2052564 0.6483311 0.2003611 0.6134811 0.1480209 0.5804597 0.1556829 0.6134811 0.1480209 0.5560524 0.1064744 0.6483311 0.2003611 0.6623426 0.2031221 0.6326805 0.1514006 0.6134811 0.1480209 0.6326805 0.1514006 0.5762345 0.1084158 0.6326805 0.1514006 0.6623426 0.2031221 0.6582811 0.2113636 0.6292858 0.1560807 0.5731697 0.1103145 0.5762345 0.1084158 0.5731697 0.1103145 0.6292858 0.1560807 0.6125199 0.1665906 0.5613914 0.1239718 0.4986348 0.10185 0.5135233 0.08927005 0.5731697 0.1103145 0.5135233 0.08927005 0.5262402 0.0882982 0.4986348 0.10185 0.5613914 0.1239718 0.5337257 0.142053 0.4754502 0.1232109 0.4180506 0.1201678 0.4409098 0.09539651 0.4986348 0.10185 0.4409098 0.09539651 0.4665679 0.08333331 0.4180506 0.1201678 0.4754502 0.1232109 0.4507437 0.1510566 0.3956587 0.1524369 0.3480592 0.1545633 0.3716269 0.1229871 0.3716269 0.1229871 0.3977731 0.09843307 0.4409098 0.09539651 0.3716269 0.1229871 0.3480592 0.1545633 0.3124014 0.160618 0.3352927 0.1316941 0.3639836 0.1090109 0.3977731 0.09843307 0.3352927 0.1316941 0.3124014 0.160618 0.2962469 0.167995 0.3153387 0.1436334 0.3402752 0.1257319 0.3639836 0.1090109 0.3402752 0.1257319 0.3153387 0.1436334 0.3044759 0.1670118 0.326958 0.1504097 0.3556604 0.1362224 0.3704825 0.1144919 0.3402752 0.1257319 0.3704825 0.1144919 0.3941988 0.09749525 0.326958 0.1504097 0.3044759 0.1670118 0.2999126 0.2003613 0.3235029 0.1801187 0.3564011 0.1600003 0.3556604 0.1362224 0.3235029 0.1801187 0.2999126 0.2003613 0.3049079 0.2337276 0.3378859 0.2098139 0.3812705 0.1903824 0.3564011 0.1600003 0.3812705 0.1903824 0.3378859 0.2098139 0.3540757 0.2542378 0.4006146 0.2363596 0.4568536 0.2243722 0.4311759 0.1793707 0.3812705 0.1903824 0.4311759 0.1793707 0.3997436 0.1442192 0.4568536 0.2243722 0.5175661 0.2240375 0.4835096 0.1734549 0.4311759 0.1793707 0.4835096 0.1734549 0.4421658 0.1312748 0.5175661 0.2240375 0.4568536 0.2243722 0.4756986 0.2821633 0.5175661 0.2240375 0.5290035 0.2811324 0.5776738 0.2639451 0.5175661 0.2240375 0.5783128 0.2190725 0.5351065 0.1680328 0.5290035 0.2811324 0.5358163 0.3441333 0.5801224 0.3155034 0.5776738 0.2639451 0.5801224 0.3155034 0.6237621 0.287845 0.6171607 0.2474808 0.6219291 0.2052564 0.5783128 0.2190725 0.6171607 0.2474808 0.6237621 0.287845 0.6614291 0.2829577 0.654768 0.2418568 0.6483311 0.2003611 0.6219291 0.2052564 0.654768 0.2418568 0.6614291 0.2829577 0.6813934 0.2885708 0.6710341 0.2465073 0.6623426 0.2031221 0.6483311 0.2003611 0.6710341 0.2465073 0.6813934 0.2885708 0.6823856 0.298448 0.67317 0.260931 0.6582811 0.2113636 0.6623426 0.2031221 0.67317 0.260931 0.6823856 0.298448 0.6607583 0.3160539 0.6528463 0.2781823 0.6416538 0.22075 0.6582811 0.2113636 0.6416538 0.22075 0.6528463 0.2781823 0.6148516 0.2926319 0.6105072 0.2324416 0.5811873 0.1786639 0.6125199 0.1665906 0.6416538 0.22075 0.6125199 0.1665906 0.6292858 0.1560807 0.5811873 0.1786639 0.6105072 0.2324416 0.5687116 0.2436615 0.5446143 0.1961596 0.5047881 0.1640193 0.5337257 0.142053 0.5811873 0.1786639 0.5337257 0.142053 0.5613914 0.1239718 0.5047881 0.1640193 0.5446143 0.1961596 0.51197 0.211666 0.4796563 0.1882193 0.4317811 0.1829932 0.4507437 0.1510566 0.5047881 0.1640193 0.4507437 0.1510566 0.4754502 0.1232109 0.4317811 0.1829932 0.4796563 0.1882193 0.4606476 0.2196757 0.4200191 0.2211128 0.3711751 0.2195684 0.3800598 0.1846928 0.4317811 0.1829932 0.3800598 0.1846928 0.3956587 0.1524369 0.3711751 0.2195684 0.3246406 0.2206164 0.3313878 0.1863718 0.3800598 0.1846928 0.3313878 0.1863718 0.3480592 0.1545633 0.3246406 0.2206164 0.2914296 0.2268438 0.2968537 0.1928471 0.3313878 0.1863718 0.2968537 0.1928471 0.3124014 0.160618 0.2914296 0.2268438 0.2771265 0.2323552 0.2829924 0.1983798 0.2968537 0.1928471 0.2829924 0.1983798 0.2962469 0.167995 0.2914296 0.2268438 0.3246406 0.2206164 0.3255831 0.2569183 0.2939843 0.2644938 0.2793418 0.2712708 0.2771265 0.2323552 0.2793418 0.2712708 0.2939843 0.2644938 0.3089308 0.3041658 0.2968326 0.3077531 0.292272 0.3038181 0.2768937 0.2664753 0.2793418 0.2712708 0.2768937 0.2664753 0.2758152 0.229434 0.292272 0.3038181 0.297803 0.2929168 0.2831358 0.2544269 0.2768937 0.2664753 0.2831358 0.2544269 0.283087 0.2179847 0.2831358 0.2544269 0.297803 0.2929168 0.3177427 0.2742494 0.2831358 0.2544269 0.3049079 0.2337276 0.2999126 0.2003613 0.297803 0.2929168 0.3166686 0.3365538 0.3364526 0.3257188 0.3177427 0.2742494 0.3364526 0.3257188 0.371067 0.3106133 0.3540757 0.2542378 0.3378859 0.2098139 0.3049079 0.2337276 0.3364526 0.3257188 0.3532182 0.3792685 0.3858522 0.3738419 0.371067 0.3106133 0.3858522 0.3738419 0.4400658 0.3604274 0.4186979 0.2922901 0.4006146 0.2363596 0.3540757 0.2542378 0.4400658 0.3604274 0.4910408 0.3545491 0.4756986 0.2821633 0.4186979 0.2922901 0.4756986 0.2821633 0.4568536 0.2243722 0.4910408 0.3545491 0.4400658 0.3604274 0.4527305 0.4394748 0.4910408 0.3545491 0.4974348 0.4340633 0.544813 0.4190441 0.4910408 0.3545491 0.5358163 0.3441333 0.5290035 0.2811324 0.4527305 0.4394748 0.4506213 0.5002623 0.4976323 0.5011709 0.4974348 0.4340633 0.4976323 0.5011709 0.541371 0.4992163 0.4976323 0.5011709 0.4883785 0.5518707 0.5296301 0.5532652 0.541371 0.4992163 0.5296301 0.5532652 0.5587641 0.5520635 0.541371 0.4992163 0.5694114 0.5003825 0.5799233 0.4399828 0.5587641 0.5520635 0.5747885 0.5522539 0.584694 0.5052387 0.5694114 0.5003825 0.584694 0.5052387 0.5940384 0.4550899 0.584694 0.5052387 0.5886184 0.5101438 0.5980789 0.4640968 0.5940384 0.4550899 0.5980789 0.4640968 0.6097149 0.4222128 0.6044534 0.409224 0.5859477 0.3899269 0.5799233 0.4399828 0.6044534 0.409224 0.6097149 0.4222128 0.6214789 0.3923617 0.6076267 0.3769054 0.5996612 0.3483064 0.5859477 0.3899269 0.5980789 0.4640968 0.5913145 0.4667377 0.608106 0.4227097 0.6097149 0.4222128 0.608106 0.4227097 0.6299145 0.3901115 0.608106 0.4227097 0.5913145 0.4667377 0.5701867 0.463043 0.608106 0.4227097 0.5904161 0.4074852 0.630712 0.3715112 0.5913145 0.4667377 0.5980789 0.4640968 0.5886184 0.5101438 0.5781788 0.5119597 0.5540573 0.5098695 0.5701867 0.463043 0.5781788 0.5119597 0.5886184 0.5101438 0.5782202 0.554336 0.5671015 0.5557674 0.5384925 0.5531123 0.5540573 0.5098695 0.5671015 0.5557674 0.5782202 0.554336 0.5654664 0.594357 0.5558267 0.5961809 0.5308778 0.5967931 0.5384925 0.5531123 0.5558267 0.5961809 0.5654664 0.594357 0.543781 0.6322712 0.5346063 0.6330284 0.5103201 0.6330341 0.5308778 0.5967931 0.5103201 0.6330341 0.5346063 0.6330284 0.5146979 0.6690506 0.4981135 0.6702878 0.4777991 0.6703712 0.4790603 0.6296629 0.5103201 0.6330341 0.4790603 0.6296629 0.4859673 0.5866677 0.4777991 0.6703712 0.4606075 0.6704024 0.4516771 0.6276057 0.4516771 0.6276057 0.4438383 0.5792222 0.4859673 0.5866677 0.4606075 0.6704024 0.4521822 0.6708143 0.438787 0.6293736 0.4516771 0.6276057 0.438787 0.6293736 0.4244068 0.5809535 0.4521822 0.6708143 0.453441 0.671348 0.4415654 0.6317301 0.438787 0.6293736 0.4415654 0.6317301 0.4251102 0.5835558 0.453441 0.671348 0.4631403 0.6712695 0.4570193 0.6345515 0.4415654 0.6317301 0.4570193 0.6345515 0.4490966 0.591782 0.4631403 0.6712695 0.4779075 0.6706437 0.4792403 0.6357338 0.4570193 0.6345515 0.4792403 0.6357338 0.4820119 0.5955967 0.4820119 0.5955967 0.4792403 0.6357338 0.502967 0.6354388 0.5148457 0.5964031 0.5296301 0.5532652 0.4883785 0.5518707 0.4820119 0.5955967 0.4883785 0.5518707 0.4436528 0.5459448 0.5148457 0.5964031 0.502967 0.6354388 0.524218 0.6340616 0.5433634 0.5954612 0.5587641 0.5520635 0.5296301 0.5532652 0.5433634 0.5954612 0.524218 0.6340616 0.5390659 0.632686 0.5620157 0.5939466 0.5747885 0.5522539 0.5587641 0.5520635 0.5620157 0.5939466 0.5390659 0.632686 0.543781 0.6322712 0.5620157 0.5939466 0.5654664 0.594357 0.5782202 0.554336 0.524218 0.6340616 0.5095457 0.6678991 0.5198485 0.6671651 0.5390659 0.632686 0.5198485 0.6671651 0.5222705 0.6676406 0.5198485 0.6671651 0.5045182 0.6961677 0.5060342 0.6973602 0.5222705 0.6676406 0.5060342 0.6973602 0.501178 0.6995446 0.5146979 0.6690506 0.5346063 0.6330284 0.543781 0.6322712 0.5060342 0.6973602 0.48965 0.7239986 0.4864036 0.726644 0.4864036 0.726644 0.4801157 0.7286947 0.4907734 0.7015783 0.501178 0.6995446 0.4907734 0.7015783 0.4981135 0.6702878 0.4801157 0.7286947 0.4727632 0.7290742 0.4781754 0.7025728 0.4907734 0.7015783 0.4781754 0.7025728 0.4777991 0.6703712 0.4727632 0.7290742 0.4665934 0.7280486 0.4673591 0.7025774 0.4781754 0.7025728 0.4673591 0.7025774 0.4606075 0.6704024 0.4665934 0.7280486 0.4631884 0.7264319 0.4614741 0.7021358 0.4673591 0.7025774 0.4614741 0.7021358 0.4521822 0.6708143 0.4631884 0.7264319 0.4630962 0.7248356 0.461544 0.7014188 0.4614741 0.7021358 0.461544 0.7014188 0.453441 0.671348 0.4630962 0.7248356 0.4660935 0.7235343 0.4670388 0.7003977 0.461544 0.7014188 0.4670388 0.7003977 0.4631403 0.6712695 0.4660935 0.7235343 0.4715636 0.7224161 0.4763713 0.6990093 0.4670388 0.7003977 0.4763713 0.6990093 0.4779075 0.6706437 0.4763713 0.6990093 0.4715636 0.7224161 0.4783196 0.7215577 0.487385 0.6974602 0.49448 0.6693167 0.4779075 0.6706437 0.49448 0.6693167 0.487385 0.6974602 0.4976041 0.696305 0.5095457 0.6678991 0.524218 0.6340616 0.502967 0.6354388 0.49448 0.6693167 0.502967 0.6354388 0.4792403 0.6357338 0.487385 0.6974602 0.4783196 0.7215577 0.4847072 0.7212948 0.4976041 0.696305 0.4847072 0.7212948 0.4889376 0.7220637 0.5045182 0.6961677 0.5198485 0.6671651 0.5095457 0.6678991 0.4847072 0.7212948 0.4697127 0.7450395 0.4721887 0.7466014 0.4889376 0.7220637 0.4721887 0.7466014 0.472418 0.7490899 0.48965 0.7239986 0.5060342 0.6973602 0.5045182 0.6961677 0.472418 0.7490899 0.4721887 0.7466014 0.4559957 0.7698977 0.4566318 0.7718173 0.4549013 0.7763308 0.4700914 0.7524105 0.472418 0.7490899 0.4700914 0.7524105 0.4864036 0.726644 0.4549013 0.7763308 0.4522576 0.7792767 0.4661336 0.7545304 0.4700914 0.7524105 0.4661336 0.7545304 0.4801157 0.7286947 0.4522576 0.7792767 0.4489218 0.777683 0.4617562 0.7537893 0.4661336 0.7545304 0.4617562 0.7537893 0.4727632 0.7290742 0.4617562 0.7537893 0.4489218 0.777683 0.4466974 0.7724992 0.4617562 0.7537893 0.4585376 0.750852 0.4665934 0.7280486 0.4585376 0.750852 0.4466974 0.7724992 0.4467375 0.7665203 0.4585376 0.750852 0.4572847 0.7473739 0.4631884 0.7264319 0.4572847 0.7473739 0.4467375 0.7665203 0.4480507 0.7623591 0.4572847 0.7473739 0.457762 0.7447417 0.4630962 0.7248356 0.4480507 0.7623591 0.4482737 0.7627659 0.4593228 0.7437767 0.457762 0.7447417 0.4593228 0.7437767 0.4660935 0.7235343 0.4482737 0.7627659 0.4491264 0.7647365 0.4621505 0.7437447 0.4621505 0.7437447 0.4715636 0.7224161 0.4660935 0.7235343 0.4621505 0.7437447 0.4491264 0.7647365 0.4511864 0.7668805 0.465933 0.7441971 0.4783196 0.7215577 0.4715636 0.7224161 0.465933 0.7441971 0.4511864 0.7668805 0.4538936 0.7684534 0.4697127 0.7450395 0.4847072 0.7212948 0.4783196 0.7215577 0.4511864 0.7668805 0.4378461 0.7894274 0.4411108 0.7907193 0.4538936 0.7684534 0.4411108 0.7907193 0.4442837 0.7901086 0.4559957 0.7698977 0.4721887 0.7466014 0.4697127 0.7450395 0.4411108 0.7907193 0.4378461 0.7894274 0.4312312 0.8091449 0.4411108 0.7907193 0.4357087 0.8093518 0.4398742 0.8053096 0.4357087 0.8093518 0.4312312 0.8091449 0.4322671 0.820658 0.4357087 0.8093518 0.436567 0.8210592 0.4393767 0.8146876 0.436567 0.8210592 0.4355036 0.822845 0.4361433 0.8152828 0.4393767 0.8146876 0.4361433 0.8152828 0.4394983 0.7993782 0.4430686 0.8006128 0.4447475 0.7952297 0.4398742 0.8053096 0.4430686 0.8006128 0.4394983 0.7993782 0.4489218 0.777683 0.4522576 0.7792767 0.4549013 0.7763308 0.4447475 0.7952297 0.4394983 0.7993782 0.4361433 0.8152828 0.4309359 0.807884 0.4361688 0.7923575 0.4466974 0.7724992 0.4489218 0.777683 0.4361688 0.7923575 0.4309359 0.807884 0.4304269 0.7953837 0.4363643 0.7832271 0.4467375 0.7665203 0.4466974 0.7724992 0.4361433 0.8152828 0.4355036 0.822845 0.4304901 0.8178824 0.4309359 0.807884 0.4304901 0.8178824 0.4289237 0.804291 0.4304901 0.8178824 0.4322671 0.820658 0.4312312 0.8091449 0.4289237 0.804291 0.4312312 0.8091449 0.4378461 0.7894274 0.4361803 0.7855437 0.4369763 0.7803557 0.4304269 0.7953837 0.4361803 0.7855437 0.4378461 0.7894274 0.4511864 0.7668805 0.4491264 0.7647365 0.4482737 0.7627659 0.4369763 0.7803557 0.5886184 0.5101438 0.584694 0.5052387 0.5747885 0.5522539 0.4883785 0.5518707 0.4976323 0.5011709 0.4506213 0.5002623 0.4007871 0.4941191 0.4017364 0.5316681 0.4436528 0.5459448 0.4506213 0.5002623 0.4527305 0.4394748 0.4101263 0.4474684 0.3663098 0.4327126 0.3681198 0.4741957 0.4007871 0.4941191 0.4101263 0.4474684 0.4527305 0.4394748 0.4400658 0.3604274 0.3858522 0.3738419 0.3532182 0.3792685 0.3663098 0.4327126 0.3472526 0.4588422 0.3542546 0.4855272 0.3739654 0.5032313 0.3739654 0.5032313 0.4017364 0.5316681 0.4007871 0.4941191 0.3681198 0.4741957 0.3663098 0.4327126 0.3414804 0.4248149 0.3314649 0.4177685 0.3366028 0.4473602 0.3472526 0.4588422 0.3414804 0.4248149 0.3663098 0.4327126 0.3532182 0.3792685 0.3414804 0.4248149 0.3320367 0.3816959 0.3245917 0.3820077 0.3312253 0.3794834 0.335005 0.4106345 0.3314649 0.4177685 0.3320367 0.3816959 0.3166686 0.3365538 0.3106295 0.3429762 0.3106295 0.3429762 0.3172166 0.3447881 0.3312253 0.3794834 0.3172166 0.3447881 0.3361856 0.3427089 0.3536621 0.375399 0.3172166 0.3447881 0.3106295 0.3429762 0.292272 0.3038181 0.2968326 0.3077531 0.3089308 0.3041658 0.3361856 0.3427089 0.3536621 0.375399 0.3997499 0.3739446 0.3819341 0.4052735 0.3536621 0.375399 0.3513196 0.40531 0.335005 0.4106345 0.3536621 0.375399 0.3361856 0.3427089 0.368808 0.3421811 0.368808 0.3421811 0.4043709 0.3491578 0.4269837 0.387114 0.368808 0.3421811 0.3361856 0.3427089 0.3089308 0.3041658 0.368808 0.3421811 0.3375505 0.296733 0.3755978 0.2990996 0.4108281 0.3041029 0.4336726 0.3569378 0.4043709 0.3491578 0.3755978 0.2990996 0.3375505 0.296733 0.3255831 0.2569183 0.3688724 0.255811 0.4094723 0.26094 0.4108281 0.3041029 0.4094723 0.26094 0.4498663 0.2683216 0.4444153 0.3074876 0.4094723 0.26094 0.3688724 0.255811 0.3711751 0.2195684 0.4200191 0.2211128 0.4606476 0.2196757 0.4498663 0.2683216 0.4791131 0.3073756 0.5011454 0.3651404 0.4660462 0.3624252 0.4444153 0.3074876 0.4660462 0.3624252 0.4336726 0.3569378 0.4498663 0.2683216 0.4875361 0.2630637 0.4791131 0.3073756 0.5011454 0.3651404 0.5093593 0.4139402 0.4763236 0.4086794 0.4660462 0.3624252 0.4763236 0.4086794 0.4482781 0.3992955 0.4482781 0.3992955 0.4763236 0.4086794 0.4670885 0.4453232 0.4377014 0.4315419 0.4191489 0.417647 0.4269837 0.387114 0.4269837 0.387114 0.4043709 0.3491578 0.4336726 0.3569378 0.4191489 0.417647 0.4377014 0.4315419 0.4029921 0.4510937 0.3829152 0.4378786 0.3621653 0.4324102 0.3819341 0.4052735 0.4191489 0.417647 0.3819341 0.4052735 0.3997499 0.3739446 0.3829152 0.4378786 0.3674284 0.4644951 0.3519291 0.4613205 0.3621653 0.4324102 0.3519291 0.4613205 0.3414316 0.4624534 0.3451449 0.433351 0.3513196 0.40531 0.3819341 0.4052735 0.3451449 0.433351 0.3414316 0.4624534 0.3377949 0.4669075 0.336234 0.4387667 0.335005 0.4106345 0.3513196 0.40531 0.336234 0.4387667 0.3377949 0.4669075 0.3420022 0.4742485 0.3366028 0.4473602 0.3314649 0.4177685 0.335005 0.4106345 0.3377949 0.4669075 0.3389639 0.4956537 0.3461408 0.500351 0.3420022 0.4742485 0.3461408 0.500351 0.3606004 0.5074334 0.3542546 0.4855272 0.3472526 0.4588422 0.3366028 0.4473602 0.3461408 0.500351 0.3521493 0.5265235 0.3668303 0.527284 0.3606004 0.5074334 0.3668303 0.527284 0.3889643 0.527839 0.3814677 0.5197062 0.3739654 0.5032313 0.3542546 0.4855272 0.3389639 0.4956537 0.3437013 0.5252421 0.3521493 0.5265235 0.3437013 0.5252421 0.3413966 0.5238056 0.3474199 0.5557745 0.3503242 0.5558063 0.3576607 0.5542763 0.3521493 0.5265235 0.3437013 0.5252421 0.3389639 0.4956537 0.3390402 0.4924951 0.345623 0.4912719 0.3449602 0.5230301 0.3413966 0.5238056 0.3389639 0.4956537 0.3377949 0.4669075 0.3414316 0.4624534 0.3390402 0.4924951 0.3414316 0.4624534 0.3519291 0.4613205 0.3532742 0.5233765 0.3550235 0.5556876 0.3493566 0.5558924 0.3449602 0.5230301 0.3493566 0.5558924 0.3474199 0.5557745 0.3449602 0.5230301 0.345623 0.4912719 0.3573862 0.4927167 0.3730372 0.4974175 0.3645439 0.5251364 0.3532742 0.5233765 0.3573862 0.4927167 0.345623 0.4912719 0.3519291 0.4613205 0.3674284 0.4644951 0.3866608 0.4724661 0.3730372 0.4974175 0.3866608 0.4724661 0.4130339 0.4852982 0.3916374 0.5058034 0.3866608 0.4724661 0.3674284 0.4644951 0.3829152 0.4378786 0.4029921 0.4510937 0.4419293 0.471625 0.4130339 0.4852982 0.4419293 0.471625 0.4801395 0.4882963 0.4485558 0.5093655 0.4419293 0.471625 0.4029921 0.4510937 0.4377014 0.4315419 0.4670885 0.4453232 0.5013 0.4555562 0.4801395 0.4882963 0.536607 0.4615014 0.517557 0.5030285 0.4801395 0.4882963 0.4670885 0.4453232 0.4763236 0.4086794 0.5093593 0.4139402 0.5013 0.4555562 0.5093593 0.4139402 0.5464211 0.4136776 0.3916374 0.5058034 0.4106318 0.5190616 0.3854905 0.5303762 0.3763691 0.5280295 0.3645439 0.5251364 0.3730372 0.4974175 0.4130339 0.4852982 0.4485558 0.5093655 0.4106318 0.5190616 0.3645439 0.5251364 0.3763691 0.5280295 0.3684388 0.5541134 0.3645439 0.5251364 0.3623508 0.5551416 0.3550235 0.5556876 0.3623508 0.5551416 0.3684388 0.5541134 0.3673831 0.5810877 0.363959 0.5821227 0.359313 0.5842366 0.3550235 0.5556876 0.3550235 0.5556876 0.359313 0.5842366 0.3553028 0.5848176 0.3493566 0.5558924 0.3553028 0.5848176 0.3539382 0.5835086 0.3503242 0.5558063 0.3474199 0.5557745 0.3539382 0.5835086 0.3503242 0.5558063 0.3566507 0.5837863 0.3618041 0.5819234 0.5093593 0.4139402 0.5011454 0.3651404 0.5407599 0.3628612 0.5011454 0.3651404 0.4791131 0.3073756 0.5253834 0.3073683 0.5713497 0.3028646 0.5836104 0.3546498 0.5407599 0.3628612 0.5253834 0.3073683 0.4791131 0.3073756 0.4875361 0.2630637 0.5253834 0.3073683 0.5241683 0.2510404 0.5687116 0.2436615 0.6148516 0.2926319 0.6263315 0.3360164 0.5836104 0.3546498 0.5713497 0.3028646 0.5687116 0.2436615 0.6105072 0.2324416 0.3688724 0.255811 0.3255831 0.2569183 0.3246406 0.2206164 0.3375505 0.296733 0.3089308 0.3041658 0.2939843 0.2644938 0.3166686 0.3365538 0.297803 0.2929168 0.292272 0.3038181 0.3532182 0.3792685 0.3364526 0.3257188 0.3166686 0.3365538 0.5446143 0.1961596 0.5687116 0.2436615 0.5241683 0.2510404 0.6528463 0.2781823 0.6607583 0.3160539 0.6263315 0.3360164 0.6823856 0.298448 0.6805697 0.3324311 0.6603741 0.3479574 0.6607583 0.3160539 0.6603741 0.3479574 0.630712 0.3715112 0.6813934 0.2885708 0.6819962 0.326004 0.6805697 0.3324311 0.6588597 0.3224415 0.6397004 0.3570598 0.6593787 0.3573471 0.6819962 0.326004 0.6593787 0.3573471 0.6654178 0.3624374 0.6819962 0.326004 0.6813934 0.2885708 0.6614291 0.2829577 0.6397004 0.3570598 0.6331641 0.388616 0.6470894 0.3888022 0.6593787 0.3573471 0.6470894 0.3888022 0.6540015 0.392465 0.6470894 0.3888022 0.6331641 0.388616 0.6406429 0.4178774 0.6503354 0.418262 0.6567286 0.4207327 0.6540015 0.392465 0.6567286 0.4207327 0.6503354 0.418262 0.6608811 0.4418042 0.6654977 0.4435656 0.6635105 0.4442802 0.652689 0.422688 0.6567286 0.4207327 0.652689 0.422688 0.6455444 0.3965702 0.652689 0.422688 0.6635105 0.4442802 0.6579692 0.444453 0.6435894 0.4232043 0.6319513 0.3996215 0.6455444 0.3965702 0.6435894 0.4232043 0.6579692 0.444453 0.6534921 0.4427742 0.6372077 0.4206043 0.6248958 0.3940551 0.6319513 0.3996215 0.6372077 0.4206043 0.6534921 0.4427742 0.6546039 0.4409148 0.6406429 0.4178774 0.6331641 0.388616 0.6248958 0.3940551 0.6534921 0.4427742 0.6639861 0.457346 0.6630408 0.4542186 0.6630408 0.4542186 0.6674046 0.4569186 0.6608811 0.4418042 0.6546039 0.4409148 0.6608811 0.4418042 0.6503354 0.418262 0.6579692 0.444453 0.6668201 0.4585815 0.6639861 0.457346 0.6674046 0.4569186 0.6703081 0.4582173 0.6654977 0.4435656 0.6237621 0.287845 0.6264618 0.3281379 0.6588597 0.3224415 0.5801224 0.3155034 0.5996612 0.3483064 0.6264618 0.3281379 0.3044759 0.1670118 0.288066 0.1876527 0.283087 0.2179847 0.3153387 0.1436334 0.2962469 0.167995 0.288066 0.1876527 0.517557 0.5030285 0.536607 0.4615014 0.5701867 0.463043 0.3636848 0.6040107 0.3606215 0.6053885 0.3553028 0.5848176 0.3684388 0.5541134 0.3688076 0.5494112 0.36694 0.5790522 0.3566507 0.5837863 0.3615676 0.6044523 0.3652838 0.6021084 0.36694 0.5790522 0.3688076 0.5494112 0.3576607 0.5542763 0.4355036 0.822845 0.436567 0.8210592 0.4322671 0.820658 0.6674046 0.4569186 0.6630408 0.4542186 0.6639861 0.457346</float_array>
          <technique_common>
            <accessor source="#fire3_Group20972-mesh-map-0-array" count="2484" stride="2">
              <param name="S" type="float"/>
              <param name="T" type="float"/>
            </accessor>
          </technique_common>
        </source>
        <vertices id="fire3_Group20972-mesh-vertices">
          <input semantic="POSITION" source="#fire3_Group20972-mesh-positions"/>
        </vertices>
        <triangles material="fire3_lambert1-material" count="828">
          <input semantic="VERTEX" source="#fire3_Group20972-mesh-vertices" offset="0"/>
          <input semantic="NORMAL" source="#fire3_Group20972-mesh-normals" offset="1"/>
          <input semantic="TEXCOORD" source="#fire3_Group20972-mesh-map-0" offset="2" set="0"/>
          <p>21 0 0 23 1 1 0 2 2 23 3 3 24 4 4 0 5 5 24 6 6 21 7 7 0 8 8 26 9 9 27 10 10 1 11 11 27 12 12 3 13 13 1 14 14 2 15 15 34 16 16 24 17 17 2 18 18 35 19 19 33 20 20 3 21 21 26 22 22 1 23 23 38 24 24 27 25 25 4 26 26 26 27 27 38 28 28 4 29 29 5 30 30 42 31 31 43 32 32 44 33 33 41 34 34 5 35 35 5 36 36 47 37 37 44 38 38 45 39 39 48 40 40 6 41 41 6 42 42 50 43 43 45 44 44 51 45 45 49 46 46 6 47 47 14 48 48 51 49 49 6 50 50 6 51 51 54 52 52 14 53 53 7 54 54 56 55 55 22 56 56 7 57 57 58 58 58 55 59 59 22 60 60 57 61 61 7 62 62 8 63 63 59 64 64 60 65 65 8 66 66 58 67 67 57 68 68 57 69 69 25 70 70 8 71 71 9 72 72 62 73 73 63 74 74 9 75 75 64 76 76 65 77 77 65 78 78 61 79 79 9 80 80 10 81 81 68 82 82 69 83 83 10 84 84 71 85 85 67 86 86 10 87 87 72 88 88 70 89 89 11 90 90 74 91 91 75 92 92 11 93 93 77 94 94 73 95 95 75 96 96 76 97 97 11 98 98 12 99 99 80 100 100 81 101 101 83 102 102 79 103 103 12 104 104 12 105 105 82 106 106 83 107 107 13 108 108 86 109 109 87 110 110 13 111 111 89 112 112 90 113 113 87 114 114 88 115 115 13 116 116 14 117 117 92 118 118 93 119 119 93 120 120 95 121 121 14 122 122 95 123 123 53 124 124 14 125 125 97 126 126 99 127 127 15 128 128 15 129 129 101 130 130 97 131 131 15 132 132 80 133 133 102 134 134 103 135 135 100 136 136 15 137 137 102 138 138 103 139 139 15 140 140 106 141 141 108 142 142 16 143 143 109 144 144 49 145 145 16 146 146 49 147 147 106 148 148 16 149 149 17 150 150 111 151 151 112 152 152 113 153 153 110 154 154 17 155 155 17 156 156 105 157 157 113 158 158 112 159 159 115 160 160 17 161 161 115 162 162 103 163 163 17 164 164 18 165 165 117 166 166 118 167 167 18 168 168 120 169 169 116 170 170 118 171 171 119 172 172 18 173 173 19 174 174 123 175 175 124 176 176 124 177 177 126 178 178 19 179 179 19 180 180 127 181 181 122 182 182 128 183 183 130 184 184 20 185 185 130 186 186 132 187 187 133 188 188 133 189 189 20 190 190 130 191 191 129 192 192 131 193 193 130 194 194 129 195 195 137 196 196 135 197 197 135 198 198 138 199 199 139 200 200 135 201 201 140 202 202 131 203 203 140 204 204 125 205 205 141 206 206 141 207 207 131 208 208 140 209 209 139 210 210 126 211 211 140 212 212 141 213 213 142 214 214 143 215 215 143 216 216 132 217 217 141 218 218 144 219 219 145 220 220 146 221 221 146 222 222 148 223 223 144 224 224 144 225 225 133 226 226 132 227 227 147 228 228 150 229 229 148 230 230 148 231 231 134 232 232 133 233 233 150 234 234 151 235 235 152 236 236 152 237 237 134 238 238 150 239 239 153 240 240 154 241 241 155 242 242 155 243 243 128 244 244 153 245 245 153 246 246 20 247 247 134 248 248 156 249 249 157 250 250 158 251 251 158 252 252 136 253 253 156 254 254 156 255 255 129 256 256 128 257 257 159 258 258 160 259 259 161 260 260 161 261 261 163 262 262 159 263 263 163 264 264 136 265 265 159 266 266 163 267 267 164 268 268 165 269 269 165 270 270 137 271 271 163 272 272 165 273 273 71 274 274 166 275 275 166 276 276 138 277 277 165 278 278 167 279 279 168 280 280 169 281 281 169 282 282 127 283 283 167 284 284 167 285 285 139 286 286 138 287 287 169 288 288 170 289 289 171 290 290 171 291 291 122 292 292 169 293 293 171 294 294 172 295 295 173 296 296 173 297 297 123 298 298 171 299 299 174 300 300 175 301 301 176 302 302 176 303 303 178 304 304 174 305 305 174 306 306 124 307 307 123 308 308 177 309 309 142 310 310 178 311 311 178 312 312 125 313 313 124 314 314 179 315 315 180 316 316 181 317 317 179 318 318 182 319 319 145 320 320 179 321 321 143 322 322 142 323 323 181 324 324 81 325 325 182 326 326 182 327 327 183 328 328 184 329 329 184 330 330 145 331 331 182 332 332 184 333 333 185 334 334 186 335 335 186 336 336 146 337 337 184 338 338 186 339 339 187 340 340 188 341 341 188 342 342 147 343 343 186 344 344 188 345 345 189 346 346 190 347 347 190 348 348 149 349 349 188 350 350 190 351 351 191 352 352 192 353 353 192 354 354 151 355 355 190 356 356 193 357 357 194 358 358 195 359 359 195 360 360 154 361 361 193 362 362 193 363 363 152 364 364 151 365 365 196 366 366 197 367 367 198 368 368 198 369 369 157 370 370 196 371 371 196 372 372 155 373 373 154 374 374 199 375 375 116 376 376 120 377 377 120 378 378 160 379 379 199 380 380 199 381 381 158 382 382 157 383 383 200 384 384 119 385 385 201 386 386 201 387 387 203 388 388 200 389 389 200 390 390 161 391 391 160 392 392 202 393 393 205 394 394 203 395 395 203 396 396 162 397 397 161 398 398 204 399 399 207 400 400 205 401 401 205 402 402 164 403 403 162 404 404 206 405 405 67 406 406 207 407 407 207 408 408 71 409 409 164 410 410 206 411 411 208 412 412 209 413 413 209 414 414 68 415 415 206 416 416 210 417 417 211 418 418 212 419 419 212 420 420 214 421 421 210 422 422 210 423 423 69 424 424 68 425 425 213 426 426 216 427 427 214 428 428 214 429 429 72 430 430 69 431 431 216 432 432 217 433 433 172 434 434 216 435 435 170 436 436 72 437 437 215 438 438 219 439 439 217 440 440 217 441 441 220 442 442 175 443 443 175 444 444 172 445 445 217 446 446 219 447 447 222 448 448 220 449 449 220 450 450 223 451 451 224 452 452 224 453 453 175 454 454 220 455 455 223 456 456 180 457 457 224 458 458 224 459 459 177 460 460 176 461 461 225 462 462 226 463 463 227 464 464 225 465 465 83 466 466 82 467 467 225 468 468 181 317 469 180 316 470 226 469 471 229 470 472 227 471 473 227 472 474 230 473 475 83 474 476 229 475 477 232 476 478 230 477 479 230 478 480 233 479 481 234 480 482 230 481 483 84 482 484 83 483 485 233 484 486 236 485 487 234 486 488 234 487 489 237 488 490 84 489 491 236 490 492 239 491 493 237 492 494 237 493 495 240 494 496 241 495 497 241 496 498 84 497 499 237 498 500 241 499 501 105 500 502 102 501 503 102 502 504 79 503 505 241 504 506 239 505 507 243 506 508 240 507 509 240 508 510 113 509 511 105 510 512 243 511 513 85 512 514 13 513 515 243 514 516 90 515 517 113 516 518 242 517 519 238 518 520 244 519 521 244 520 522 85 521 523 242 522 524 244 523 525 245 524 526 246 525 527 246 526 528 94 527 529 244 528 530 246 529 531 247 530 532 248 531 533 248 532 534 95 533 535 246 534 536 248 535 537 249 536 538 250 537 539 250 538 540 96 539 541 248 540 542 251 541 543 252 542 544 253 543 545 253 544 546 255 545 547 251 546 548 251 547 549 53 548 550 96 549 551 254 550 552 257 551 553 255 552 554 257 553 555 53 554 556 255 555 557 256 556 558 259 557 559 257 558 560 257 559 561 52 560 562 51 561 563 258 562 564 261 563 565 259 564 566 259 565 567 106 566 568 52 567 569 260 568 570 263 569 571 261 570 572 261 571 573 107 572 574 106 573 575 262 574 576 265 575 577 263 576 578 263 577 579 266 578 580 107 579 581 266 580 582 267 581 583 268 582 584 268 583 585 231 584 586 266 585 587 266 586 588 108 587 589 107 588 590 268 589 591 269 590 592 270 591 593 270 592 594 232 593 595 268 594 596 270 595 597 271 596 598 272 597 599 272 598 600 233 599 601 270 600 602 272 601 603 249 602 604 247 603 605 272 604 606 245 605 607 235 606 608 269 607 609 274 608 610 271 609 611 271 610 612 275 611 613 249 612 614 274 613 615 277 614 616 275 615 617 275 616 618 278 617 619 252 618 620 252 619 621 249 620 622 275 621 623 277 622 624 280 623 625 278 624 626 280 625 627 282 626 628 278 627 629 278 628 630 253 629 631 252 630 632 281 631 633 284 632 634 282 633 635 282 634 636 254 635 637 253 636 638 283 637 639 286 638 640 284 639 641 284 640 642 256 641 643 254 642 644 285 643 645 288 644 646 286 645 647 286 646 648 258 647 649 256 648 650 287 649 651 290 650 652 288 651 653 288 652 654 260 653 655 258 654 656 289 655 657 292 656 658 290 657 659 290 658 660 262 659 661 260 660 662 291 661 663 294 662 664 292 663 665 292 664 666 264 665 667 262 666 668 294 667 669 295 668 670 296 669 671 296 670 672 264 671 673 294 672 674 297 673 675 298 674 676 273 675 677 273 676 678 267 677 679 297 678 680 297 679 681 265 680 682 264 681 683 296 682 684 299 683 685 298 684 686 298 685 687 300 686 688 276 687 689 276 688 690 273 689 691 298 690 692 299 691 693 302 692 694 300 693 695 300 694 696 303 695 697 279 696 698 279 697 699 276 698 700 300 699 701 303 700 702 74 701 703 73 702 704 73 703 705 304 704 706 303 705 707 303 706 708 280 707 709 279 708 710 77 709 711 306 710 712 304 711 713 304 712 714 281 713 715 280 714 716 305 715 717 308 716 718 306 717 719 306 718 720 283 719 721 281 720 722 308 721 723 309 722 724 310 723 725 308 724 726 285 725 727 283 726 728 310 727 729 64 728 730 311 729 731 310 730 732 287 731 733 285 732 734 311 733 735 63 734 736 312 735 737 311 736 738 289 737 739 287 738 740 63 739 741 313 740 742 312 741 743 312 742 744 291 743 745 289 744 746 62 745 747 315 746 748 313 747 749 315 748 750 291 749 751 313 750 752 315 751 753 316 752 754 317 753 755 317 754 756 293 755 757 315 756 758 317 757 759 318 758 760 301 759 761 301 760 762 295 761 763 317 762 764 316 763 765 320 764 766 318 765 767 318 766 768 75 767 769 74 768 770 74 769 771 301 770 772 318 771 773 320 772 774 321 773 775 322 774 776 320 775 777 78 776 778 75 777 779 322 778 780 31 779 781 30 780 782 322 781 783 323 782 784 78 783 785 30 784 786 324 785 787 323 786 788 323 787 789 325 788 790 326 789 791 326 790 792 78 791 793 323 792 794 326 793 795 307 794 796 305 795 797 305 796 798 76 797 799 326 798 800 325 799 801 327 800 802 328 801 803 328 802 804 307 803 805 325 804 806 328 805 807 66 806 808 65 807 809 65 808 810 309 809 811 328 810 812 324 811 813 32 812 814 327 813 815 327 814 816 329 815 817 66 816 818 32 817 819 321 818 820 329 819 821 329 820 822 319 821 823 330 822 824 330 823 825 66 824 826 329 825 827 330 826 828 316 827 829 314 828 830 314 829 831 61 830 832 330 831 833 238 832 834 235 833 835 245 834 836 231 835 837 228 836 838 108 837 839 331 838 840 108 839 841 228 840 842 228 841 843 332 842 844 331 843 845 333 844 846 331 845 847 332 846 848 332 847 849 223 848 850 222 849 851 222 850 852 333 851 853 332 852 854 335 853 855 109 854 856 334 855 857 109 856 858 331 857 859 334 858 860 334 859 861 337 860 862 335 861 863 338 862 864 335 863 865 337 864 866 337 865 867 221 866 868 340 867 869 337 868 870 341 869 871 338 870 872 342 871 873 338 872 874 341 873 875 340 874 876 344 875 877 341 876 878 344 877 879 342 878 880 341 879 881 345 880 882 347 881 883 342 882 884 345 883 885 213 884 886 212 885 887 212 886 888 346 887 889 345 888 890 347 889 891 349 890 892 350 891 893 347 892 894 343 893 895 342 894 896 347 895 897 351 896 898 348 897 899 351 898 900 353 899 901 348 900 902 351 901 903 211 902 904 354 903 905 351 904 906 355 905 907 352 906 908 356 907 909 352 908 910 355 909 911 355 910 912 208 911 913 358 912 914 358 913 915 356 914 916 355 915 917 359 916 918 360 917 919 356 918 920 359 919 921 202 920 922 201 921 923 201 922 924 121 923 925 359 924 926 361 925 927 363 926 928 360 927 929 360 928 930 357 929 931 356 930 932 121 931 933 361 932 934 360 933 935 362 934 936 365 935 937 363 936 938 363 937 939 366 938 940 357 939 941 366 940 942 367 941 943 368 942 944 368 943 945 353 944 946 366 945 947 353 946 948 357 947 949 366 948 950 369 949 951 370 950 952 371 951 953 371 952 954 349 953 955 369 954 956 369 955 957 348 956 958 353 957 959 371 958 960 374 959 961 372 960 962 372 961 963 375 962 964 376 963 965 376 964 966 349 965 967 372 966 968 376 967 969 377 968 970 378 969 971 378 970 972 350 971 973 376 972 974 378 973 975 379 974 976 339 975 977 339 976 978 343 977 979 378 978 980 377 979 981 381 980 982 379 981 983 379 982 984 382 983 985 336 984 986 336 985 987 339 986 988 379 987 989 381 988 990 41 989 991 382 990 992 382 991 993 45 992 994 50 993 995 50 994 996 336 995 997 382 996 998 380 997 999 42 998 1000 381 999 1001 383 1000 1002 385 1001 1003 386 1002 1004 386 1003 1005 42 1004 1006 383 1005 1007 383 1006 1008 387 1007 1009 384 1008 1010 388 1009 1011 384 1010 1012 387 1011 1013 380 1012 1014 375 1013 1015 387 1014 1016 387 1015 1017 374 1016 1018 388 1017 1019 390 1018 1020 392 1019 1021 389 1020 1022 389 1021 1023 385 1022 1024 384 1023 1025 389 1024 1026 393 1025 1027 390 1026 1028 394 1027 1029 390 1028 1030 393 1029 1031 393 1030 1032 374 1031 1033 373 1032 1034 373 1033 1035 394 1034 1036 393 1035 1037 396 1036 1038 398 1037 1039 394 1038 1040 396 1039 1041 371 1040 1042 370 1041 1043 370 1042 1044 397 1043 1045 396 1044 1046 399 1045 1047 54 1046 1048 397 1047 1049 399 1048 1050 368 1049 1051 367 1050 1052 367 1051 1053 92 1052 1054 399 1053 1055 86 1054 1056 92 1055 1057 400 1056 1058 367 1057 1059 364 1058 1060 400 1059 1061 400 1060 1062 87 1061 1063 86 1062 1064 398 1063 1065 44 1064 1066 47 1065 1067 47 1066 1068 394 1067 1069 398 1068 1070 397 1069 1071 48 1070 1072 398 1071 1073 395 1072 1074 46 1073 1075 401 1074 1076 395 1075 1077 391 1076 1078 390 1077 1079 401 1078 1080 58 1079 1081 60 1080 1082 60 1081 1083 391 1082 1084 401 1083 1085 391 1084 1086 34 1085 1087 392 1086 1088 392 1087 1089 33 1088 1090 385 1089 1091 386 1090 1092 33 1091 1093 35 1092 1094 386 1093 1095 56 1094 1096 43 1095 1097 364 1096 1098 91 1097 1099 87 1098 1100 362 1099 1101 402 1100 1102 91 1101 1103 403 1102 1104 91 1103 1105 402 1104 1106 402 1100 1107 118 1105 1108 117 1106 1109 402 1107 1110 197 1108 1111 403 1109 1112 194 1110 1113 88 1111 1114 403 1112 1115 403 1113 1116 195 1114 1117 194 1115 1118 358 1116 1119 204 1117 1120 202 1118 1121 354 1119 1122 209 1120 1123 208 1121 1124 218 1122 1125 213 1123 1126 344 1124 1127 221 1125 1128 218 1126 1129 340 1127 1130 198 1128 1131 117 1129 1132 116 1130 1133 192 1131 1134 89 1132 1135 194 1133 1136 189 1134 1137 110 1135 1138 191 1136 1139 191 1137 1140 90 1138 1141 89 1139 1142 187 1140 1143 111 1141 1144 189 1142 1145 98 1143 1146 405 1144 1147 404 1145 1148 404 1146 1149 112 1147 1150 111 1148 1151 404 1149 1152 185 1150 1153 98 1151 1154 97 1152 1155 406 1153 1156 405 1154 1157 405 1155 1158 114 1156 1159 112 1157 1160 406 1158 1161 407 1159 1162 408 1160 1163 408 1161 1164 114 1162 1165 406 1163 1166 409 1164 1167 410 1165 1168 39 1166 1169 39 1167 1170 411 1168 1171 409 1169 1172 409 1170 1173 115 1171 1174 114 1172 1175 411 1173 1176 40 1174 1177 412 1175 1178 412 1176 1179 115 1177 1180 411 1178 1181 412 1179 1182 413 1180 1183 414 1181 1184 414 1182 1185 104 1183 1186 412 1184 1187 414 1185 1188 415 1186 1189 407 1187 1190 407 1188 1191 100 1189 1192 414 1190 1193 413 1191 1194 36 1192 1195 415 1193 1196 36 1194 1197 410 1195 1198 415 1196 1199 415 1197 1200 408 1198 1201 407 1199 1202 40 1200 1203 37 1201 1204 413 1202 1205 28 1203 1206 39 1204 1207 410 1205 1208 183 1206 1209 98 1207 1210 185 1208 1211 81 1209 1212 99 1210 1213 183 1211 1214 168 1212 1215 72 1213 1216 170 1214 1217 166 1215 1218 70 1216 1219 168 1217 1220 93 1218 1221 85 1219 1222 94 1220 1223 25 1221 1224 34 1085 1225 59 1222 1226 46 1223 1227 55 1224 1228 58 1225 1229 35 1226 1230 22 1227 1231 56 1228 1232 55 1229 1233 43 1230 1234 56 1231 1235 29 1232 1236 31 1233 1237 32 1234 1238 28 1235 1239 37 1236 1240 3 1237 1241 21 0 1242 22 1238 1243 23 1 1244 23 3 1245 2 1239 1246 24 4 1247 24 6 1248 25 1240 1249 21 7 1250 26 9 1251 4 1241 1252 27 10 1253 27 12 1254 28 1242 1255 3 13 1256 2 15 1257 33 1243 1258 34 16 1259 2 18 1260 23 1244 1261 35 19 1262 3 21 1263 37 1245 1264 26 22 1265 38 24 1266 39 1246 1267 27 25 1268 26 27 1269 40 1247 1270 38 28 1271 5 30 1272 41 1248 1273 42 31 1274 44 33 1275 45 1249 1276 41 34 1277 5 36 1278 46 1250 1279 47 37 1280 45 39 1281 44 1251 1282 48 40 1283 6 42 1284 49 1252 1285 50 43 1286 51 45 1287 52 1253 1288 49 46 1289 14 48 1290 53 1254 1291 51 49 1292 6 51 1293 48 1255 1294 54 52 1295 7 54 1296 55 1256 1297 56 55 1298 7 57 1299 57 1257 1300 58 58 1301 22 60 1302 21 1258 1303 57 61 1304 8 63 1305 25 1259 1306 59 64 1307 8 66 1308 60 1260 1309 58 67 1310 57 69 1311 21 1261 1312 25 70 1313 9 72 1314 61 1262 1315 62 73 1316 9 75 1317 63 1263 1318 64 76 1319 65 78 1320 66 1264 1321 61 79 1322 10 81 1323 67 1265 1324 68 82 1325 10 84 1326 70 1266 1327 71 85 1328 10 87 1329 69 1267 1330 72 88 1331 11 90 1332 73 1268 1333 74 91 1334 11 93 1335 76 1269 1336 77 94 1337 75 96 1338 78 1270 1339 76 97 1340 12 99 1341 79 1271 1342 80 100 1343 83 102 1344 84 1272 1345 79 103 1346 12 105 1347 81 1273 1348 82 106 1349 13 108 1350 85 1274 1351 86 109 1352 13 111 1353 88 1275 1354 89 112 1355 87 114 1356 91 1276 1357 88 115 1358 14 117 1359 54 1277 1360 92 118 1361 93 120 1362 94 1278 1363 95 121 1364 95 123 1365 96 1279 1366 53 124 1367 97 126 1368 98 1280 1369 99 127 1370 15 129 1371 100 1281 1372 101 130 1373 15 132 1374 99 1282 1375 80 133 1376 103 135 1377 104 1283 1378 100 136 1379 102 138 1380 105 1284 1381 103 139 1382 106 141 1383 107 1285 1384 108 142 1385 109 144 1386 50 1286 1387 49 145 1388 49 147 1389 52 1287 1390 106 148 1391 17 150 1392 110 1288 1393 111 151 1394 113 153 1395 90 1289 1396 110 154 1397 17 156 1398 103 1290 1399 105 157 1400 112 159 1401 114 1291 1402 115 160 1403 115 162 1404 104 1292 1405 103 163 1406 18 165 1407 116 1293 1408 117 166 1409 18 168 1410 119 1294 1411 120 169 1412 118 171 1413 121 1295 1414 119 172 1415 19 174 1416 122 1296 1417 123 175 1418 124 177 1419 125 1297 1420 126 178 1421 19 180 1422 126 1298 1423 127 181 1424 128 183 1425 129 1299 1426 130 184 1427 130 186 1428 131 1300 1429 132 187 1430 133 189 1431 134 1301 1432 20 190 1433 129 192 1434 135 1302 1435 131 193 1436 129 195 1437 136 1303 1438 137 196 1439 135 198 1440 137 1304 1441 138 199 1442 135 201 1443 139 1305 1444 140 202 1445 140 204 1446 126 1306 1447 125 205 1448 141 207 1449 132 1307 1450 131 208 1451 139 210 1452 127 1308 1453 126 211 1454 141 213 1455 125 1309 1456 142 214 1457 143 216 1458 144 1310 1459 132 217 1460 144 219 1461 143 1311 1462 145 220 1463 146 222 1464 147 1312 1465 148 223 1466 144 225 1467 148 1313 1468 133 226 1469 147 228 1470 149 1314 1471 150 229 1472 148 231 1473 150 1315 1474 134 232 1475 150 234 1476 149 1316 1477 151 235 1478 152 237 1479 153 1317 1480 134 238 1481 153 240 1482 152 1318 1483 154 241 1484 155 243 1485 156 1319 1486 128 244 1487 153 246 1488 128 1320 1489 20 247 1490 156 249 1491 155 1321 1492 157 250 1493 158 252 1494 159 1322 1495 136 253 1496 156 255 1497 136 1323 1498 129 256 1499 159 258 1500 158 1324 1501 160 259 1502 161 261 1503 162 1325 1504 163 262 1505 163 264 1506 137 1326 1507 136 265 1508 163 267 1509 162 1327 1510 164 268 1511 165 270 1512 138 1328 1513 137 271 1514 165 273 1515 164 1329 1516 71 274 1517 166 276 1518 167 1330 1519 138 277 1520 167 279 1521 166 1331 1522 168 280 1523 169 282 1524 122 1332 1525 127 283 1526 167 285 1527 127 1333 1528 139 286 1529 169 288 1530 168 1334 1531 170 289 1532 171 291 1533 123 1335 1534 122 292 1535 171 294 1536 170 1336 1537 172 295 1538 173 297 1539 174 1337 1540 123 298 1541 174 300 1542 173 1338 1543 175 301 1544 176 303 1545 177 1339 1546 178 304 1547 174 306 1548 178 1340 1549 124 307 1550 177 309 1551 179 1341 1552 142 310 1553 178 312 1554 142 1342 1555 125 313 1556 179 315 1557 177 1343 1558 180 316 1559 179 318 1560 181 1344 1561 182 319 1562 179 321 1563 145 1345 1564 143 322 1565 181 324 1566 82 1346 1567 81 325 1568 182 327 1569 81 1347 1570 183 328 1571 184 330 1572 146 1348 1573 145 331 1574 184 333 1575 183 1349 1576 185 334 1577 186 336 1578 147 1350 1579 146 337 1580 186 339 1581 185 1351 1582 187 340 1583 188 342 1584 149 1352 1585 147 343 1586 188 345 1587 187 1353 1588 189 346 1589 190 348 1590 151 1354 1591 149 349 1592 190 351 1593 189 1355 1594 191 352 1595 192 354 1596 193 1356 1597 151 355 1598 193 357 1599 192 1357 1600 194 358 1601 195 360 1602 196 1358 1603 154 361 1604 193 363 1605 154 1359 1606 152 364 1607 196 366 1608 195 1360 1609 197 367 1610 198 369 1611 199 1361 1612 157 370 1613 196 372 1614 157 1362 1615 155 373 1616 199 375 1617 198 1363 1618 116 376 1619 120 378 1620 200 1364 1621 160 379 1622 199 381 1623 160 1365 1624 158 382 1625 200 384 1626 120 1366 1627 119 385 1628 201 387 1629 202 1367 1630 203 388 1631 200 390 1632 203 1368 1633 161 391 1634 202 393 1635 204 1369 1636 205 394 1637 203 396 1638 205 1370 1639 162 397 1640 204 399 1641 206 1371 1642 207 400 1643 205 402 1644 207 1372 1645 164 403 1646 206 405 1647 68 1373 1648 67 406 1649 207 408 1650 67 1374 1651 71 409 1652 206 411 1653 204 1375 1654 208 412 1655 209 414 1656 210 1376 1657 68 415 1658 210 417 1659 209 1377 1660 211 418 1661 212 420 1662 213 1378 1663 214 421 1664 210 423 1665 214 1379 1666 69 424 1667 213 426 1668 215 1380 1669 216 427 1670 214 429 1671 216 1381 1672 72 430 1673 216 432 1674 215 1382 1675 217 433 1676 216 435 1677 172 1383 1678 170 436 1679 215 438 1680 218 1384 1681 219 439 1682 217 441 1683 219 1385 1684 220 442 1685 175 444 1686 173 1386 1687 172 445 1688 219 447 1689 221 1387 1690 222 448 1691 220 450 1692 222 1388 1693 223 451 1694 224 453 1695 176 1389 1696 175 454 1697 223 456 1698 225 1390 1699 180 457 1700 224 459 1701 180 1391 1702 177 460 1703 225 462 1704 223 1392 1705 226 463 1706 225 465 1707 227 1393 1708 83 466 1709 225 468 1710 82 1394 1711 181 317 1712 226 469 1713 228 1395 1714 229 470 1715 227 472 1716 229 1396 1717 230 473 1718 229 475 1719 231 1397 1720 232 476 1721 230 478 1722 232 1398 1723 233 479 1724 230 481 1725 234 1399 1726 84 482 1727 233 484 1728 235 1400 1729 236 485 1730 234 487 1731 236 1401 1732 237 488 1733 236 490 1734 238 1402 1735 239 491 1736 237 493 1737 239 1403 1738 240 494 1739 241 496 1740 79 1404 1741 84 497 1742 241 499 1743 240 1405 1744 105 500 1745 102 502 1746 80 1406 1747 79 503 1748 239 505 1749 242 1407 1750 243 506 1751 240 508 1752 243 1408 1753 113 509 1754 243 511 1755 242 1409 1756 85 512 1757 243 514 1758 13 1410 1759 90 515 1760 242 517 1761 239 1411 1762 238 518 1763 244 520 1764 94 1412 1765 85 521 1766 244 523 1767 238 1413 1768 245 524 1769 246 526 1770 95 1414 1771 94 527 1772 246 529 1773 245 1415 1774 247 530 1775 248 532 1776 96 1416 1777 95 533 1778 248 535 1779 247 1417 1780 249 536 1781 250 538 1782 251 1418 1783 96 539 1784 251 541 1785 250 1419 1786 252 542 1787 253 544 1788 254 1420 1789 255 545 1790 251 547 1791 255 1421 1792 53 548 1793 254 550 1794 256 1422 1795 257 551 1796 257 553 1797 51 1423 1798 53 554 1799 256 556 1800 258 1424 1801 259 557 1802 257 559 1803 259 1425 1804 52 560 1805 258 562 1806 260 1426 1807 261 563 1808 259 565 1809 261 1427 1810 106 566 1811 260 568 1812 262 1428 1813 263 569 1814 261 571 1815 263 1429 1816 107 572 1817 262 574 1818 264 1430 1819 265 575 1820 263 577 1821 265 1431 1822 266 578 1823 266 580 1824 265 1432 1825 267 581 1826 268 583 1827 232 1433 1828 231 584 1829 266 586 1830 231 1434 1831 108 587 1832 268 589 1833 267 1435 1834 269 590 1835 270 592 1836 233 1436 1837 232 593 1838 270 595 1839 269 1437 1840 271 596 1841 272 598 1842 235 1438 1843 233 599 1844 272 601 1845 271 1439 1846 249 602 1847 272 604 1848 247 1440 1849 245 605 1850 269 607 1851 273 1441 1852 274 608 1853 271 610 1854 274 1442 1855 275 611 1856 274 613 1857 276 1443 1858 277 614 1859 275 616 1860 277 1444 1861 278 617 1862 252 619 1863 250 1445 1864 249 620 1865 277 622 1866 279 1446 1867 280 623 1868 280 625 1869 281 1447 1870 282 626 1871 278 628 1872 282 1448 1873 253 629 1874 281 631 1875 283 1449 1876 284 632 1877 282 634 1878 284 1450 1879 254 635 1880 283 637 1881 285 1451 1882 286 638 1883 284 640 1884 286 1452 1885 256 641 1886 285 643 1887 287 1453 1888 288 644 1889 286 646 1890 288 1454 1891 258 647 1892 287 649 1893 289 1455 1894 290 650 1895 288 652 1896 290 1456 1897 260 653 1898 289 655 1899 291 1457 1900 292 656 1901 290 658 1902 292 1458 1903 262 659 1904 291 661 1905 293 1459 1906 294 662 1907 292 664 1908 294 1460 1909 264 665 1910 294 667 1911 293 1461 1912 295 668 1913 296 670 1914 297 1462 1915 264 671 1916 297 673 1917 296 1463 1918 298 674 1919 273 676 1920 269 1464 1921 267 677 1922 297 679 1923 267 1465 1924 265 680 1925 296 682 1926 295 1466 1927 299 683 1928 298 685 1929 299 1467 1930 300 686 1931 276 688 1932 274 1468 1933 273 689 1934 299 691 1935 301 1469 1936 302 692 1937 300 694 1938 302 1470 1939 303 695 1940 279 697 1941 277 1471 1942 276 698 1943 303 700 1944 302 1472 1945 74 701 1946 73 703 1947 77 1473 1948 304 704 1949 303 706 1950 304 1474 1951 280 707 1952 77 709 1953 305 1475 1954 306 710 1955 304 712 1956 306 1476 1957 281 713 1958 305 715 1959 307 1477 1960 308 716 1961 306 718 1962 308 1478 1963 283 719 1964 308 721 1965 307 1479 1966 309 722 1967 308 724 1968 310 1480 1969 285 725 1970 310 727 1971 309 1481 1972 64 728 1973 310 730 1974 311 1482 1975 287 731 1976 311 733 1977 64 1483 1978 63 734 1979 311 736 1980 312 1484 1981 289 737 1982 63 739 1983 62 1485 1984 313 740 1985 312 742 1986 313 1486 1987 291 743 1988 62 745 1989 314 1487 1990 315 746 1991 315 748 1992 293 1488 1993 291 749 1994 315 751 1995 314 1489 1996 316 752 1997 317 754 1998 295 1490 1999 293 755 2000 317 757 2001 316 1491 2002 318 758 2003 301 760 2004 299 1492 2005 295 761 2006 316 763 2007 319 1493 2008 320 764 2009 318 766 2010 320 1494 2011 75 767 2012 74 769 2013 302 1495 2014 301 770 2015 320 772 2016 319 1496 2017 321 773 2018 320 775 2019 322 1497 2020 78 776 2021 322 778 2022 321 1498 2023 31 779 2024 322 781 2025 30 1499 2026 323 782 2027 30 784 2028 29 1500 2029 324 785 2030 323 787 2031 324 1501 2032 325 788 2033 326 790 2034 76 1502 2035 78 791 2036 326 793 2037 325 1503 2038 307 794 2039 305 796 2040 77 1504 2041 76 797 2042 325 799 2043 324 1505 2044 327 800 2045 328 802 2046 309 1506 2047 307 803 2048 328 805 2049 327 1507 2050 66 806 2051 65 808 2052 64 1508 2053 309 809 2054 324 811 2055 29 1509 2056 32 812 2057 327 814 2058 32 1510 2059 329 815 2060 32 817 2061 31 1511 2062 321 818 2063 329 820 2064 321 1512 2065 319 821 2066 330 823 2067 61 1513 2068 66 824 2069 330 826 2070 319 1514 2071 316 827 2072 314 829 2073 62 1515 2074 61 830 2075 238 832 2076 236 1516 2077 235 833 2078 231 835 2079 229 1517 2080 228 836 2081 331 838 2082 16 1518 2083 108 839 2084 228 841 2085 226 1519 2086 332 842 2087 333 844 2088 334 1520 2089 331 845 2090 332 847 2091 226 1521 2092 223 848 2093 222 850 2094 221 1522 2095 333 851 2096 335 853 2097 336 1523 2098 109 854 2099 109 856 2100 16 1524 2101 331 857 2102 334 859 2103 333 1525 2104 337 860 2105 338 862 2106 339 1526 2107 335 863 2108 337 865 2109 333 1527 2110 221 866 2111 337 868 2112 340 1528 2113 341 869 2114 342 871 2115 343 1529 2116 338 872 2117 340 874 2118 218 1530 2119 344 875 2120 344 877 2121 345 1531 2122 342 878 2123 345 880 2124 346 1532 2125 347 881 2126 345 883 2127 344 1533 2128 213 884 2129 212 886 2130 211 1534 2131 346 887 2132 347 889 2133 348 1535 2134 349 890 2135 347 892 2136 350 1536 2137 343 893 2138 347 895 2139 346 1537 2140 351 896 2141 351 898 2142 352 1538 2143 353 899 2144 351 901 2145 346 1539 2146 211 902 2147 351 904 2148 354 1540 2149 355 905 2150 356 907 2151 357 1541 2152 352 908 2153 355 910 2154 354 1542 2155 208 911 2156 358 913 2157 359 1543 2158 356 914 2159 359 916 2160 121 1544 2161 360 917 2162 359 919 2163 358 1545 2164 202 920 2165 201 922 2166 119 1546 2167 121 923 2168 361 925 2169 362 1547 2170 363 926 2171 360 928 2172 363 1548 2173 357 929 2174 121 931 2175 118 1549 2176 361 932 2177 362 934 2178 364 1550 2179 365 935 2180 363 937 2181 365 1551 2182 366 938 2183 366 940 2184 365 1552 2185 367 941 2186 368 943 2187 369 1553 2188 353 944 2189 353 946 2190 352 1554 2191 357 947 2192 369 949 2193 368 1555 2194 370 950 2195 371 952 2196 372 1556 2197 349 953 2198 369 955 2199 349 1557 2200 348 956 2201 371 958 2202 373 1558 2203 374 959 2204 372 961 2205 374 1559 2206 375 962 2207 376 964 2208 350 1560 2209 349 965 2210 376 967 2211 375 1561 2212 377 968 2213 378 970 2214 343 1562 2215 350 971 2216 378 973 2217 377 1563 2218 379 974 2219 339 976 2220 338 1564 2221 343 977 2222 377 979 2223 380 1565 2224 381 980 2225 379 982 2226 381 1566 2227 382 983 2228 336 985 2229 335 1567 2230 339 986 2231 381 988 2232 42 1568 2233 41 989 2234 382 991 2235 41 1569 2236 45 992 2237 50 994 2238 109 1570 2239 336 995 2240 380 997 2241 383 1571 2242 42 998 2243 383 1000 2244 384 1572 2245 385 1001 2246 386 1003 2247 43 1573 2248 42 1004 2249 383 1006 2250 380 1574 2251 387 1007 2252 388 1009 2253 389 1575 2254 384 1010 2255 380 1012 2256 377 1576 2257 375 1013 2258 387 1015 2259 375 1577 2260 374 1016 2261 390 1018 2262 391 1578 2263 392 1019 2264 389 1021 2265 392 1579 2266 385 1022 2267 389 1024 2268 388 1580 2269 393 1025 2270 394 1027 2271 395 1581 2272 390 1028 2273 393 1030 2274 388 1582 2275 374 1031 2276 373 1033 2277 396 1583 2278 394 1034 2279 396 1036 2280 397 1584 2281 398 1037 2282 396 1039 2283 373 1585 2284 371 1040 2285 370 1042 2286 399 1586 2287 397 1043 2288 399 1045 2289 92 1587 2290 54 1046 2291 399 1048 2292 370 1588 2293 368 1049 2294 367 1051 2295 400 1589 2296 92 1052 2297 86 1054 2298 93 1590 2299 92 1055 2300 367 1057 2301 365 1591 2302 364 1058 2303 400 1060 2304 364 1592 2305 87 1061 2306 398 1063 2307 48 1593 2308 44 1064 2309 47 1066 2310 395 1594 2311 394 1067 2312 397 1069 2313 54 1595 2314 48 1070 2315 395 1072 2316 47 1596 2317 46 1073 2318 395 1075 2319 401 1597 2320 391 1076 2321 401 1078 2322 46 1598 2323 58 1079 2324 60 1081 2325 59 1599 2326 391 1082 2327 391 1084 2328 59 1222 2329 34 1085 2330 392 1087 2331 34 1600 2332 33 1088 2333 386 1090 2334 385 1601 2335 33 1091 2336 386 1093 2337 35 1602 2338 56 1094 2339 364 1096 2340 362 1603 2341 91 1097 2342 362 1099 2343 361 1604 2344 402 1100 2345 403 1102 2346 88 1605 2347 91 1103 2348 402 1100 2349 361 1604 2350 118 1105 2351 402 1107 2352 117 1606 2353 197 1108 2354 194 1110 2355 89 1607 2356 88 1111 2357 403 1113 2358 197 1608 2359 195 1114 2360 358 1116 2361 208 1609 2362 204 1117 2363 354 1119 2364 211 1610 2365 209 1120 2366 218 1122 2367 215 1611 2368 213 1123 2369 221 1125 2370 219 1612 2371 218 1126 2372 198 1128 2373 197 1613 2374 117 1129 2375 192 1131 2376 191 1614 2377 89 1132 2378 189 1134 2379 111 1615 2380 110 1135 2381 191 1137 2382 110 1616 2383 90 1138 2384 187 1140 2385 404 1617 2386 111 1141 2387 98 1143 2388 97 1618 2389 405 1144 2390 404 1146 2391 405 1619 2392 112 1147 2393 404 1149 2394 187 1620 2395 185 1150 2396 97 1152 2397 101 1621 2398 406 1153 2399 405 1155 2400 406 1622 2401 114 1156 2402 406 1158 2403 101 1623 2404 407 1159 2405 408 1161 2406 409 1624 2407 114 1162 2408 409 1164 2409 408 1625 2410 410 1165 2411 39 1167 2412 38 1626 2413 411 1168 2414 409 1170 2415 411 1627 2416 115 1171 2417 411 1173 2418 38 1628 2419 40 1174 2420 412 1176 2421 104 1629 2422 115 1177 2423 412 1179 2424 40 1630 2425 413 1180 2426 414 1182 2427 100 1631 2428 104 1183 2429 414 1185 2430 413 1632 2431 415 1186 2432 407 1188 2433 101 1633 2434 100 1189 2435 413 1191 2436 37 1634 2437 36 1192 2438 36 1194 2439 28 1635 2440 410 1195 2441 415 1197 2442 410 1636 2443 408 1198 2444 40 1200 2445 26 1637 2446 37 1201 2447 28 1203 2448 27 1638 2449 39 1204 2450 183 1206 2451 99 1639 2452 98 1207 2453 81 1209 2454 80 1640 2455 99 1210 2456 168 1212 2457 70 1641 2458 72 1213 2459 166 1215 2460 71 1642 2461 70 1216 2462 93 1218 2463 86 1643 2464 85 1219 2465 25 1221 2466 24 1644 2467 34 1085 2468 46 1223 2469 5 1645 2470 55 1224 2471 35 1226 2472 23 1646 2473 22 1227 2474 55 1229 2475 5 1647 2476 43 1230 2477 29 1232 2478 30 1648 2479 31 1233 2480 28 1235 2481 36 1649 2482 37 1236 2483</p>
        </triangles>
      </mesh>
    </geometry>
  </library_geometries>
  <library_animations>
    <animation id="action_container-fire3_Group20972" name="fire3:Group20972"/>
  </library_animations>
  <library_visual_scenes>
    <visual_scene id="Scene" name="Scene">
      <node id="fire3_Group20972" name="fire3:Group20972" type="NODE">
        <matrix sid="transform">1 0 0 0.02813671 0 1 0 -0.0170297 0 0 1 0.001693048 0 0 0 1</matrix>
        <instance_geometry url="#fire3_Group20972-mesh" name="fire3:Group20972">
          <bind_material>
            <technique_common>
              <instance_material symbol="fire3_lambert1-material" target="#fire3_lambert1-material">
                <bind_vertex_input semantic="map1" input_semantic="TEXCOORD" input_set="0"/>
              </instance_material>
            </technique_common>
          </bind_material>
        </instance_geometry>
      </node>
    </visual_scene>
  </library_visual_scenes>
  <scene>
    <instance_visual_scene url="#Scene"/>
  </scene>
</COLLADA>